<?xml version="1.0" encoding="utf-8"?>
<COLLADA xmlns="http://www.collada.org/2005/11/COLLADASchema" version="1.4.1" xmlns:xsi="http://www.w3.org/2001/XMLSchema-instance">
  <asset>
    <contributor>
      <author>Blender User</author>
      <authoring_tool>Blender 3.3.21 commit date:2024-07-15, commit time:08:57, hash:e016c21db151</authoring_tool>
    </contributor>
    <created>2025-02-14T11:37:20</created>
    <modified>2025-02-14T11:37:20</modified>
    <unit name="meter" meter="1"/>
    <up_axis>Z_UP</up_axis>
  </asset>
  <library_effects/>
  <library_images/>
  <library_geometries>
    <geometry id="BOX_PAD1_0_simple_004-mesh" name="BOX PAD1.0_simple.004">
      <mesh>
        <source id="BOX_PAD1_0_simple_004-mesh-positions">
          <float_array id="BOX_PAD1_0_simple_004-mesh-positions-array" count="14376">-461.0943 -72.00025 20.2472 -461.0943 -72.00025 -31.75281 482.9057 -72.00025 -31.75281 482.9057 -72.00025 20.2472 492.5307 -98.00025 20.2472 486.9057 -98.00025 20.2472 486.9057 -98.00025 12.2472 492.5307 -98.00025 6.2472 492.5307 -98.00025 -5.7528 498.1822 -98.00025 0.9433136 506.6557 -98.00025 6.2472 503.4212 -98.00025 2.1222 503.5502 -98.00025 1.845734 503.2463 -98.00025 6.122322 503.0306 -98.00025 2.587776 503.2463 -98.00025 2.372078 498.1557 -98.00025 1.2472 498.1822 -98.00025 1.551086 498.2612 -98.00025 1.845734 503.5502 -98.00025 0.6486664 503.4212 -98.00025 0.3722 506.6557 -98.00025 -5.7528 503.2463 -98.00025 0.122322 498.3901 -98.00025 2.1222 498.5651 -98.00025 2.372078 498.7808 -98.00025 2.587776 503.6291 -98.00025 1.551086 503.6557 -98.00025 1.2472 503.6291 -98.00025 0.9433136 503.0306 -98.00025 -0.09337615 502.7807 -98.00025 -0.2683487 502.5042 -98.00025 -0.3972626 499.0307 -98.00025 2.762741 498.5651 -98.00025 6.122322 499.3071 -98.00025 2.891663 498.7808 -98.00025 5.906624 499.0307 -98.00025 5.731651 499.6018 -98.00025 -0.4762116 499.3071 -98.00025 -0.3972626 499.0307 -98.00025 -0.2683487 498.7808 -98.00025 -0.09337615 498.5651 -98.00025 0.122322 498.3901 -98.00025 0.3722 498.2612 -98.00025 0.6486664 502.2096 -98.00025 2.970612 502.5042 -98.00025 2.891663 502.7807 -98.00025 5.731651 503.0306 -98.00025 5.906624 502.7807 -98.00025 2.762741 502.2096 -98.00025 -0.4762116 501.9057 -98.00025 -0.5028 499.9057 -98.00025 -0.5028 502.5042 -98.00025 5.602737 502.2096 -98.00025 5.523788 501.9057 -98.00025 2.9972 501.9057 -98.00025 5.4972 499.9057 -98.00025 2.9972 499.9057 -98.00025 5.4972 499.6018 -98.00025 2.970612 499.6018 -98.00025 5.523788 499.3071 -98.00025 5.602737 498.3901 -98.00025 6.3722 498.2612 -98.00025 6.648666 498.2612 -98.00025 7.845734 498.3901 -98.00025 8.1222 492.5307 -98.00025 9.2472 503.2463 -98.00025 8.372078 503.4212 -98.00025 8.1222 506.6557 -98.00025 9.2472 503.6291 -98.00025 6.943314 503.5502 -98.00025 6.648666 503.4212 -98.00025 6.3722 498.1822 -98.00025 6.943314 498.1557 -98.00025 7.2472 498.1822 -98.00025 7.551086 498.5651 -98.00025 8.372078 498.7808 -98.00025 8.587777 499.0307 -98.00025 8.762742 503.5502 -98.00025 7.845734 503.6291 -98.00025 7.551086 503.6557 -98.00025 7.2472 502.5042 -98.00025 8.891663 502.7807 -98.00025 8.762742 503.0306 -98.00025 8.587777 499.9057 -98.00025 8.9972 501.9057 -98.00025 8.9972 502.2096 -98.00025 8.970612 499.3071 -98.00025 8.891663 499.6018 -98.00025 8.970612 499.3071 -98.00025 -20.39726 499.0307 -98.00025 -20.26834 492.5307 -98.00025 -20.75281 498.7808 -98.00025 -20.09338 498.5651 -98.00025 -19.87769 498.3901 -98.00025 -19.62781 498.2612 -98.00025 -19.35133 498.1822 -98.00025 -19.05669 492.5307 -98.00025 -17.75279 506.6557 -98.00025 -17.75279 503.4212 -98.00025 -17.87781 503.5502 -98.00025 -18.15427 502.2096 -98.00025 -20.47621 506.6557 -98.00025 -20.75281 502.5042 -98.00025 -20.39726 502.7807 -98.00025 -20.26834 501.9057 -98.00025 -20.50281 499.9057 -98.00025 -20.50281 499.6018 -98.00025 -20.47621 498.1557 -98.00025 -18.75281 498.1822 -98.00025 -18.44891 498.2612 -98.00025 -18.15427 503.5502 -98.00025 -19.35133 503.4212 -98.00025 -19.62781 503.2463 -98.00025 -19.87769 503.0306 -98.00025 -20.09338 503.6291 -98.00025 -18.44891 503.6557 -98.00025 -18.75281 503.6291 -98.00025 -19.05669 506.6557 -98.00025 -15.75279 503.0306 -98.00025 -17.41222 503.2463 -98.00025 -17.62793 498.3901 -98.00025 -17.87781 498.5651 -98.00025 -17.62793 492.5307 -98.00025 -15.75279 502.2096 -98.00025 -17.02939 502.5042 -98.00025 -17.10834 502.7807 -98.00025 -17.23726 498.7808 -98.00025 -17.41222 499.0307 -98.00025 -17.23726 499.3071 -98.00025 -17.10834 499.6018 -98.00025 -17.02939 499.9057 -98.00025 -17.00281 501.9057 -98.00025 -17.00281 519.3072 -98.00025 -20.39726 519.0307 -98.00025 -20.26834 515.1557 -98.00025 -20.75281 522.2096 -98.00025 -20.47621 524.9057 -98.00025 -20.75281 522.5042 -98.00025 -20.39726 522.7807 -98.00025 -20.26834 518.1823 -98.00025 -19.05669 518.2612 -98.00025 -19.35133 518.3901 -98.00025 -19.62781 523.4213 -98.00025 -17.87781 523.5502 -98.00025 -18.15427 524.9057 -98.00025 -17.75279 518.7808 -98.00025 -20.09338 518.5651 -98.00025 -19.87769 518.1557 -98.00025 -18.75281 515.1557 -98.00025 -17.75279 518.1823 -98.00025 -18.44891 518.2612 -98.00025 -18.15427 521.9057 -98.00025 -20.50281 519.9057 -98.00025 -20.50281 519.6018 -98.00025 -20.47621 523.5502 -98.00025 -19.35133 523.4213 -98.00025 -19.62781 523.6291 -98.00025 -18.44891 523.6557 -98.00025 -18.75281 523.6291 -98.00025 -19.05669 523.2463 -98.00025 -19.87769 523.0306 -98.00025 -20.09338 524.9057 -98.00025 -15.75279 523.0306 -98.00025 -17.41222 523.2463 -98.00025 -17.62793 515.1557 -98.00025 -15.75279 519.0307 -98.00025 -17.23726 519.3072 -98.00025 -17.10834 518.3901 -98.00025 -17.87781 518.5651 -98.00025 -17.62793 518.7808 -98.00025 -17.41222 522.2096 -98.00025 -17.02939 522.5042 -98.00025 -17.10834 522.7807 -98.00025 -17.23726 519.6018 -98.00025 -17.02939 519.9057 -98.00025 -17.00281 521.9057 -98.00025 -17.00281 510.6886 -98.00025 -18.52179 510.9057 -98.00025 -18.50281 511.1227 -98.00025 -18.52179 511.3332 -98.00025 -18.57819 510.1022 -98.00025 -18.79524 510.2807 -98.00025 -18.67027 510.4781 -98.00025 -18.57819 512.1557 -98.00025 -19.75281 512.1367 -98.00025 -19.96986 510.1022 -98.00025 -20.71036 509.9481 -98.00025 -20.55629 509.8232 -98.00025 -20.37779 509.7311 -98.00025 -20.18033 509.7311 -98.00025 -19.32527 509.8232 -98.00025 -19.12781 509.9481 -98.00025 -18.94933 511.5307 -98.00025 -18.67027 511.7091 -98.00025 -18.79524 511.8633 -98.00025 -18.94933 512.1367 -98.00025 -19.53574 509.6747 -98.00025 -19.96986 509.6557 -98.00025 -19.75281 509.6747 -98.00025 -19.53574 511.9882 -98.00025 -19.12781 512.0803 -98.00025 -19.32527 512.0803 -98.00025 -20.18033 511.9882 -98.00025 -20.37779 511.8633 -98.00025 -20.55629 509.6747 -98.00025 -27.53574 509.7311 -98.00025 -27.32527 510.4781 -98.00025 -26.57819 510.2807 -98.00025 -26.67027 510.1022 -98.00025 -26.79524 509.6557 -98.00025 -27.75281 509.8232 -98.00025 -27.12781 509.9481 -98.00025 -26.94931 511.5307 -98.00025 -20.83533 511.3332 -98.00025 -20.92741 515.1557 -98.00025 -31.75281 510.6886 -98.00025 -28.98381 510.4781 -98.00025 -28.92741 506.6557 -98.00025 -31.75281 509.9481 -98.00025 -28.55629 509.8232 -98.00025 -28.37781 509.7311 -98.00025 -28.18033 509.6747 -98.00025 -27.96986 510.2807 -98.00025 -28.83533 510.1022 -98.00025 -28.71036 510.2807 -98.00025 -20.83533 510.4781 -98.00025 -20.92741 510.6886 -98.00025 -26.52179 510.6886 -98.00025 -20.98381 511.7091 -98.00025 -20.71036 511.3332 -98.00025 -26.57819 511.1227 -98.00025 -20.98381 510.9057 -98.00025 -21.00281 510.9057 -98.00025 -26.50281 511.1227 -98.00025 -26.52179 511.1227 -98.00025 -28.98381 510.9057 -98.00025 -29.00281 511.5307 -98.00025 -26.67027 511.7091 -98.00025 -26.79524 511.8633 -98.00025 -26.94931 511.7091 -98.00025 -28.71036 511.5307 -98.00025 -28.83533 511.3332 -98.00025 -28.92741 512.1557 -98.00025 -27.75281 512.1367 -98.00025 -27.96986 512.0803 -98.00025 -28.18033 511.9882 -98.00025 -27.12781 512.0803 -98.00025 -27.32527 512.1367 -98.00025 -27.53574 511.9882 -98.00025 -28.37781 511.8633 -98.00025 -28.55629 511.8633 -98.00025 9.050683 511.9882 -98.00025 8.8722 515.1557 -98.00025 9.2472 515.1557 -98.00025 6.2472 512.1557 -98.00025 8.2472 512.0803 -98.00025 8.674721 512.1367 -98.00025 8.464257 509.8232 -98.00025 7.6222 509.9481 -98.00025 7.443718 510.1022 -98.00025 7.289642 509.6747 -98.00025 8.464257 509.7311 -98.00025 8.674721 509.8232 -98.00025 8.8722 512.1367 -98.00025 8.030137 512.0803 -98.00025 7.819672 511.9882 -98.00025 7.6222 511.8633 -98.00025 7.443718 511.7091 -98.00025 7.289642 511.5307 -98.00025 7.164665 511.3332 -98.00025 7.072586 511.1227 -98.00025 7.01619 510.9057 -98.00025 6.9972 510.6886 -98.00025 7.01619 510.4781 -98.00025 7.072586 510.2807 -98.00025 7.164665 509.7311 -98.00025 7.819672 509.6747 -98.00025 8.030137 509.6557 -98.00025 8.2472 509.9481 -98.00025 9.050683 510.1022 -98.00025 9.204758 506.6557 -98.00025 12.2472 510.2807 -98.00025 9.329728 510.4781 -98.00025 9.421814 511.1227 -98.00025 9.478211 515.1557 -98.00025 12.2472 510.9057 -98.00025 9.4972 510.6886 -98.00025 9.478211 511.3332 -98.00025 9.421814 511.5307 -98.00025 9.329728 511.7091 -98.00025 9.204758 518.5651 -98.00025 6.122322 518.3901 -98.00025 6.3722 519.3072 -98.00025 2.891663 518.2612 -98.00025 1.845734 518.3901 -98.00025 2.1222 518.1823 -98.00025 1.551086 515.1557 -98.00025 -5.7528 519.3072 -98.00025 -0.3972626 519.0307 -98.00025 -0.2683487 518.3901 -98.00025 0.3722 518.2612 -98.00025 0.6486664 518.1823 -98.00025 0.9433136 518.1557 -98.00025 1.2472 518.5651 -98.00025 2.372078 518.7808 -98.00025 2.587776 519.0307 -98.00025 2.762741 519.6018 -98.00025 5.523788 519.3072 -98.00025 5.602737 519.6018 -98.00025 2.970612 519.0307 -98.00025 5.731651 518.7808 -98.00025 5.906624 519.6018 -98.00025 -0.4762116 518.7808 -98.00025 -0.09337615 518.5651 -98.00025 0.122322 522.5042 -98.00025 2.891663 522.7807 -98.00025 2.762741 522.2096 -98.00025 5.523788 523.0306 -98.00025 2.587776 522.5042 -98.00025 5.602737 523.2463 -98.00025 2.372078 523.4213 -98.00025 2.1222 523.0306 -98.00025 5.906624 522.7807 -98.00025 5.731651 521.9057 -98.00025 5.4972 521.9057 -98.00025 2.9972 522.2096 -98.00025 2.970612 519.9057 -98.00025 2.9972 519.9057 -98.00025 5.4972 523.5502 -98.00025 1.845734 523.6291 -98.00025 1.551086 524.9057 -98.00025 -5.7528 523.6557 -98.00025 1.2472 523.6291 -98.00025 0.9433136 523.5502 -98.00025 0.6486664 523.4213 -98.00025 0.3722 523.2463 -98.00025 0.122322 523.0306 -98.00025 -0.09337615 522.7807 -98.00025 -0.2683487 522.5042 -98.00025 -0.3972626 522.2096 -98.00025 -0.4762116 521.9057 -98.00025 -0.5028 519.9057 -98.00025 -0.5028 518.2612 -98.00025 6.648666 518.2612 -98.00025 7.845734 518.3901 -98.00025 8.1222 522.5042 -98.00025 8.891663 522.7807 -98.00025 8.762742 524.9057 -98.00025 9.2472 518.1823 -98.00025 6.943314 518.1557 -98.00025 7.2472 518.1823 -98.00025 7.551086 523.6291 -98.00025 6.943314 523.5502 -98.00025 6.648666 524.9057 -98.00025 6.2472 523.4213 -98.00025 6.3722 523.2463 -98.00025 6.122322 519.0307 -98.00025 8.762742 519.3072 -98.00025 8.891663 519.6018 -98.00025 8.970612 519.9057 -98.00025 8.9972 521.9057 -98.00025 8.9972 522.2096 -98.00025 8.970612 523.0306 -98.00025 8.587777 523.2463 -98.00025 8.372078 523.4213 -98.00025 8.1222 518.5651 -98.00025 8.372078 518.7808 -98.00025 8.587777 523.5502 -98.00025 7.845734 523.6291 -98.00025 7.551086 523.6557 -98.00025 7.2472 509.9481 -98.00025 15.44372 509.8232 -98.00025 15.6222 509.7311 -98.00025 15.81967 509.7311 -98.00025 16.67472 509.8232 -98.00025 16.8722 506.6557 -98.00025 20.2472 509.9481 -98.00025 17.05068 512.1557 -98.00025 16.2472 512.1367 -98.00025 16.46426 515.1557 -98.00025 20.2472 512.0803 -98.00025 16.67472 509.6747 -98.00025 16.03014 509.6557 -98.00025 16.2472 509.6747 -98.00025 16.46426 512.1367 -98.00025 16.03014 512.0803 -98.00025 15.81967 511.9882 -98.00025 15.6222 511.8633 -98.00025 15.44372 511.7091 -98.00025 15.28964 511.5307 -98.00025 15.16466 510.6886 -98.00025 15.01619 510.4781 -98.00025 15.07259 511.3332 -98.00025 17.42181 511.5307 -98.00025 17.32973 511.7091 -98.00025 17.20476 510.2807 -98.00025 15.16466 510.1022 -98.00025 15.28964 510.1022 -98.00025 17.20476 510.2807 -98.00025 17.32973 510.4781 -98.00025 17.42181 510.6886 -98.00025 17.47821 510.9057 -98.00025 17.4972 511.1227 -98.00025 17.47821 511.8633 -98.00025 17.05068 511.9882 -98.00025 16.8722 511.3332 -98.00025 15.07259 511.1227 -98.00025 15.01619 510.9057 -98.00025 14.9972 524.9057 -98.00025 12.2472 524.9057 -98.00025 20.2472 492.5307 -98.00025 12.2472 519.3072 -98.00025 -14.39726 519.0307 -98.00025 -14.26834 518.7808 -98.00025 -11.41222 519.0307 -98.00025 -11.23726 519.3072 -98.00025 -11.10834 522.7807 -98.00025 -11.23726 522.5042 -98.00025 -11.10834 522.2096 -98.00025 -11.02939 522.2096 -98.00025 -14.47621 522.5042 -98.00025 -14.39726 522.7807 -98.00025 -14.26834 518.3901 -98.00025 -13.62781 518.2612 -98.00025 -13.35133 519.6018 -98.00025 -11.02939 519.9057 -98.00025 -11.00281 521.9057 -98.00025 -11.00281 518.7808 -98.00025 -14.09338 518.5651 -98.00025 -13.87769 518.1823 -98.00025 -13.05669 518.1557 -98.00025 -12.75281 518.1823 -98.00025 -12.44891 518.2612 -98.00025 -12.15427 518.3901 -98.00025 -11.87781 518.5651 -98.00025 -11.62793 521.9057 -98.00025 -14.50281 519.9057 -98.00025 -14.50281 519.6018 -98.00025 -14.47621 523.0306 -98.00025 -11.41222 523.2463 -98.00025 -11.62793 523.4213 -98.00025 -11.87781 523.4213 -98.00025 -13.62781 523.5502 -98.00025 -13.35133 523.6291 -98.00025 -13.05669 523.2463 -98.00025 -13.87769 523.0306 -98.00025 -14.09338 523.5502 -98.00025 -12.15427 523.6291 -98.00025 -12.44891 523.6557 -98.00025 -12.75281 502.7807 -98.00025 -11.23726 502.5042 -98.00025 -11.10834 502.2096 -98.00025 -11.02939 498.2612 -98.00025 -12.15427 498.3901 -98.00025 -11.87781 499.0307 -98.00025 -11.23726 499.3071 -98.00025 -11.10834 499.3071 -98.00025 -14.39726 499.0307 -98.00025 -14.26834 498.7808 -98.00025 -14.09338 498.5651 -98.00025 -13.87769 498.3901 -98.00025 -13.62781 498.2612 -98.00025 -13.35133 498.5651 -98.00025 -11.62793 498.7808 -98.00025 -11.41222 503.0306 -98.00025 -11.41222 503.2463 -98.00025 -11.62793 503.4212 -98.00025 -11.87781 498.1822 -98.00025 -13.05669 498.1557 -98.00025 -12.75281 498.1822 -98.00025 -12.44891 499.6018 -98.00025 -11.02939 499.9057 -98.00025 -11.00281 501.9057 -98.00025 -11.00281 503.2463 -98.00025 -13.87769 503.0306 -98.00025 -14.09338 502.7807 -98.00025 -14.26834 502.5042 -98.00025 -14.39726 502.2096 -98.00025 -14.47621 501.9057 -98.00025 -14.50281 499.9057 -98.00025 -14.50281 499.6018 -98.00025 -14.47621 503.5502 -98.00025 -12.15427 503.6291 -98.00025 -12.44891 503.6557 -98.00025 -12.75281 503.6291 -98.00025 -13.05669 503.5502 -98.00025 -13.35133 503.4212 -98.00025 -13.62781 524.9057 -98.00025 -31.75281 492.5307 -98.00025 -31.75281 486.9057 -98.00025 9.2472 486.9057 -98.00025 6.2472 486.9057 -98.00025 -5.7528 486.9057 -98.00025 -15.75279 486.9057 -98.00025 -17.75279 486.9057 -98.00025 -20.75281 486.9057 -98.00025 -31.75281 512.1367 -95.00025 16.03014 512.1557 -95.00025 16.2472 515.1557 -95.00025 12.2472 524.9057 -95.00025 -20.75281 524.9057 -95.00025 -31.75281 515.1557 -95.00025 -31.75281 512.1367 -95.00025 -27.96986 512.1557 -95.00025 -27.75281 509.9481 -95.00025 -20.55629 510.1022 -95.00025 -20.71036 506.6557 -95.00025 -20.75281 518.2612 -95.00025 6.648666 518.3901 -95.00025 6.3722 515.1557 -95.00025 6.2472 518.2612 -95.00025 7.845734 518.1823 -95.00025 7.551086 515.1557 -95.00025 9.2472 523.5502 -95.00025 7.845734 523.4213 -95.00025 8.1222 524.9057 -95.00025 9.2472 524.9057 -95.00025 6.2472 523.4213 -95.00025 6.3722 523.5502 -95.00025 6.648666 518.1557 -95.00025 7.2472 518.1823 -95.00025 6.943314 523.2463 -95.00025 8.372078 523.0306 -95.00025 8.587777 522.7807 -95.00025 8.762742 519.9057 -95.00025 8.9972 519.6018 -95.00025 8.970612 522.5042 -95.00025 8.891663 522.2096 -95.00025 8.970612 521.9057 -95.00025 8.9972 519.3072 -95.00025 8.891663 519.0307 -95.00025 8.762742 518.7808 -95.00025 8.587777 523.6291 -95.00025 6.943314 523.6557 -95.00025 7.2472 523.6291 -95.00025 7.551086 518.5651 -95.00025 8.372078 518.3901 -95.00025 8.1222 522.5042 -95.00025 -0.3972626 522.7807 -95.00025 -0.2683487 524.9057 -95.00025 -5.7528 518.5651 -95.00025 0.122322 515.1557 -95.00025 -5.7528 518.3901 -95.00025 0.3722 518.2612 -95.00025 0.6486664 518.7808 -95.00025 -0.09337615 519.0307 -95.00025 -0.2683487 519.3072 -95.00025 -0.3972626 522.2096 -95.00025 -0.4762116 523.6557 -95.00025 1.2472 523.6291 -95.00025 1.551086 523.4213 -95.00025 0.3722 523.5502 -95.00025 0.6486664 523.6291 -95.00025 0.9433136 523.4213 -95.00025 2.1222 523.2463 -95.00025 2.372078 523.0306 -95.00025 5.906624 523.0306 -95.00025 2.587776 519.0307 -95.00025 5.731651 519.6018 -95.00025 2.970612 518.7808 -95.00025 5.906624 519.3072 -95.00025 2.891663 518.5651 -95.00025 6.122322 518.7808 -95.00025 2.587776 518.5651 -95.00025 2.372078 518.3901 -95.00025 2.1222 518.2612 -95.00025 1.845734 523.0306 -95.00025 -0.09337615 523.2463 -95.00025 0.122322 523.2463 -95.00025 6.122322 523.5502 -95.00025 1.845734 522.7807 -95.00025 2.762741 522.5042 -95.00025 2.891663 522.7807 -95.00025 5.731651 522.2096 -95.00025 2.970612 522.5042 -95.00025 5.602737 519.3072 -95.00025 5.602737 519.6018 -95.00025 5.523788 519.9057 -95.00025 2.9972 519.9057 -95.00025 5.4972 521.9057 -95.00025 2.9972 521.9057 -95.00025 5.4972 522.2096 -95.00025 5.523788 519.0307 -95.00025 2.762741 518.1823 -95.00025 1.551086 518.1557 -95.00025 1.2472 518.1823 -95.00025 0.9433136 519.6018 -95.00025 -0.4762116 519.9057 -95.00025 -0.5028 521.9057 -95.00025 -0.5028 518.3901 -95.00025 -17.87781 518.2612 -95.00025 -18.15427 515.1557 -95.00025 -17.75279 518.2612 -95.00025 -19.35133 518.3901 -95.00025 -19.62781 515.1557 -95.00025 -20.75281 518.5651 -95.00025 -19.87769 519.3072 -95.00025 -20.39726 519.6018 -95.00025 -20.47621 519.9057 -95.00025 -20.50281 521.9057 -95.00025 -20.50281 522.2096 -95.00025 -20.47621 522.5042 -95.00025 -20.39726 522.7807 -95.00025 -20.26834 518.1823 -95.00025 -18.44891 518.1557 -95.00025 -18.75281 518.1823 -95.00025 -19.05669 518.7808 -95.00025 -20.09338 519.0307 -95.00025 -20.26834 523.6291 -95.00025 -18.44891 523.5502 -95.00025 -18.15427 524.9057 -95.00025 -17.75279 523.0306 -95.00025 -20.09338 523.2463 -95.00025 -19.87769 523.4213 -95.00025 -19.62781 523.5502 -95.00025 -19.35133 523.6291 -95.00025 -19.05669 523.6557 -95.00025 -18.75281 523.4213 -95.00025 -17.87781 523.2463 -95.00025 -17.62793 524.9057 -95.00025 -15.75279 523.0306 -95.00025 -17.41222 522.7807 -95.00025 -17.23726 522.5042 -95.00025 -17.10834 522.2096 -95.00025 -17.02939 519.3072 -95.00025 -17.10834 519.0307 -95.00025 -17.23726 515.1557 -95.00025 -15.75279 518.7808 -95.00025 -17.41222 518.5651 -95.00025 -17.62793 521.9057 -95.00025 -17.00281 519.9057 -95.00025 -17.00281 519.6018 -95.00025 -17.02939 506.6557 -95.00025 -17.75279 503.2463 -95.00025 -17.62793 506.6557 -95.00025 -15.75279 503.0306 -95.00025 -17.41222 502.7807 -95.00025 -17.23726 502.5042 -95.00025 -17.10834 502.2096 -95.00025 -17.02939 501.9057 -95.00025 -17.00281 499.9057 -95.00025 -17.00281 492.5307 -95.00025 -15.75279 499.6018 -95.00025 -17.02939 499.3071 -95.00025 -17.10834 499.0307 -95.00025 -17.23726 498.7808 -95.00025 -17.41222 492.5307 -95.00025 -17.75279 498.5651 -95.00025 -17.62793 498.3901 -95.00025 -17.87781 492.5307 -95.00025 -20.75281 498.5651 -95.00025 -19.87769 498.7808 -95.00025 -20.09338 499.0307 -95.00025 -20.26834 499.3071 -95.00025 -20.39726 499.6018 -95.00025 -20.47621 498.1557 -95.00025 -18.75281 498.1822 -95.00025 -19.05669 498.2612 -95.00025 -19.35133 498.3901 -95.00025 -19.62781 499.9057 -95.00025 -20.50281 501.9057 -95.00025 -20.50281 502.2096 -95.00025 -20.47621 502.5042 -95.00025 -20.39726 502.7807 -95.00025 -20.26834 498.2612 -95.00025 -18.15427 498.1822 -95.00025 -18.44891 503.6291 -95.00025 -18.44891 503.5502 -95.00025 -18.15427 503.4212 -95.00025 -17.87781 503.0306 -95.00025 -20.09338 503.2463 -95.00025 -19.87769 503.4212 -95.00025 -19.62781 503.5502 -95.00025 -19.35133 503.6291 -95.00025 -19.05669 503.6557 -95.00025 -18.75281 510.9057 -95.00025 -18.50281 510.6886 -95.00025 -18.52179 510.4781 -95.00025 -18.57819 510.2807 -95.00025 -18.67027 511.9882 -95.00025 -20.37779 512.0803 -95.00025 -20.18033 510.1022 -95.00025 -18.79524 509.9481 -95.00025 -18.94933 509.8232 -95.00025 -19.12781 509.6747 -95.00025 -19.96986 509.7311 -95.00025 -20.18033 509.8232 -95.00025 -20.37779 511.7091 -95.00025 -18.79524 511.5307 -95.00025 -18.67027 511.3332 -95.00025 -18.57819 511.1227 -95.00025 -18.52179 512.1367 -95.00025 -19.96986 512.1557 -95.00025 -19.75281 512.1367 -95.00025 -19.53574 512.0803 -95.00025 -19.32527 509.7311 -95.00025 -19.32527 509.6747 -95.00025 -19.53574 509.6557 -95.00025 -19.75281 511.9882 -95.00025 -19.12781 511.8633 -95.00025 -18.94933 511.5307 -95.00025 -20.83533 511.7091 -95.00025 -20.71036 511.8633 -95.00025 -20.55629 510.2807 -95.00025 -20.83533 510.4781 -95.00025 -20.92741 510.4781 -95.00025 -26.57819 510.6886 -95.00025 -20.98381 510.6886 -95.00025 -26.52179 510.2807 -95.00025 -26.67027 509.9481 -95.00025 -28.55629 510.1022 -95.00025 -28.71036 506.6557 -95.00025 -31.75281 510.2807 -95.00025 -28.83533 510.4781 -95.00025 -28.92741 511.8633 -95.00025 -26.94931 511.7091 -95.00025 -26.79524 511.3332 -95.00025 -20.92741 510.6886 -95.00025 -28.98381 510.9057 -95.00025 -29.00281 511.1227 -95.00025 -28.98381 511.3332 -95.00025 -28.92741 511.5307 -95.00025 -26.67027 511.3332 -95.00025 -26.57819 511.1227 -95.00025 -26.52179 510.9057 -95.00025 -26.50281 510.9057 -95.00025 -21.00281 511.1227 -95.00025 -20.98381 510.1022 -95.00025 -26.79524 509.9481 -95.00025 -26.94931 509.8232 -95.00025 -27.12781 509.6747 -95.00025 -27.96986 509.7311 -95.00025 -28.18033 509.8232 -95.00025 -28.37781 511.5307 -95.00025 -28.83533 511.7091 -95.00025 -28.71036 511.8633 -95.00025 -28.55629 509.7311 -95.00025 -27.32527 509.6747 -95.00025 -27.53574 509.6557 -95.00025 -27.75281 511.9882 -95.00025 -28.37781 512.0803 -95.00025 -28.18033 512.1367 -95.00025 -27.53574 512.0803 -95.00025 -27.32527 511.9882 -95.00025 -27.12781 509.7311 -95.00025 7.819672 509.8232 -95.00025 7.6222 506.6557 -95.00025 6.2472 509.9481 -95.00025 7.443718 510.1022 -95.00025 7.289642 512.1367 -95.00025 8.030137 512.1557 -95.00025 8.2472 512.1367 -95.00025 8.464257 512.0803 -95.00025 8.674721 511.9882 -95.00025 8.8722 510.1022 -95.00025 9.204758 509.9481 -95.00025 9.050683 506.6557 -95.00025 9.2472 509.8232 -95.00025 8.8722 509.7311 -95.00025 8.674721 510.2807 -95.00025 7.164665 510.4781 -95.00025 7.072586 510.6886 -95.00025 7.01619 509.6747 -95.00025 8.464257 509.6557 -95.00025 8.2472 509.6747 -95.00025 8.030137 510.9057 -95.00025 6.9972 511.1227 -95.00025 7.01619 511.3332 -95.00025 7.072586 511.5307 -95.00025 7.164665 511.7091 -95.00025 7.289642 511.8633 -95.00025 7.443718 511.9882 -95.00025 7.6222 512.0803 -95.00025 7.819672 510.2807 -95.00025 9.329728 506.6557 -95.00025 12.2472 510.4781 -95.00025 9.421814 511.8633 -95.00025 9.050683 511.7091 -95.00025 9.204758 511.5307 -95.00025 9.329728 511.3332 -95.00025 9.421814 511.1227 -95.00025 9.478211 510.9057 -95.00025 9.4972 510.6886 -95.00025 9.478211 503.5502 -95.00025 1.845734 503.4212 -95.00025 2.1222 503.6291 -95.00025 1.551086 503.2463 -95.00025 2.372078 503.0306 -95.00025 2.587776 503.0306 -95.00025 5.906624 502.5042 -95.00025 -0.3972626 502.7807 -95.00025 -0.2683487 506.6557 -95.00025 -5.7528 502.7807 -95.00025 2.762741 502.5042 -95.00025 2.891663 502.7807 -95.00025 5.731651 502.2096 -95.00025 2.970612 502.5042 -95.00025 5.602737 498.1822 -95.00025 0.9433136 498.2612 -95.00025 0.6486664 492.5307 -95.00025 -5.7528 498.3901 -95.00025 0.3722 498.5651 -95.00025 0.122322 498.7808 -95.00025 -0.09337615 499.0307 -95.00025 -0.2683487 499.3071 -95.00025 -0.3972626 502.2096 -95.00025 -0.4762116 503.0306 -95.00025 -0.09337615 503.2463 -95.00025 0.122322 503.4212 -95.00025 0.3722 503.5502 -95.00025 0.6486664 503.6291 -95.00025 0.9433136 503.6557 -95.00025 1.2472 499.0307 -95.00025 5.731651 499.6018 -95.00025 2.970612 498.7808 -95.00025 5.906624 499.3071 -95.00025 2.891663 498.5651 -95.00025 6.122322 499.0307 -95.00025 2.762741 498.7808 -95.00025 2.587776 498.5651 -95.00025 2.372078 498.3901 -95.00025 2.1222 498.2612 -95.00025 1.845734 498.1822 -95.00025 1.551086 498.1557 -95.00025 1.2472 499.3071 -95.00025 5.602737 499.6018 -95.00025 5.523788 499.9057 -95.00025 2.9972 499.9057 -95.00025 5.4972 501.9057 -95.00025 2.9972 501.9057 -95.00025 5.4972 502.2096 -95.00025 5.523788 499.6018 -95.00025 -0.4762116 499.9057 -95.00025 -0.5028 501.9057 -95.00025 -0.5028 503.2463 -95.00025 6.122322 503.4212 -95.00025 6.3722 503.5502 -95.00025 6.648666 503.5502 -95.00025 7.845734 503.4212 -95.00025 8.1222 498.3901 -95.00025 6.3722 492.5307 -95.00025 6.2472 498.2612 -95.00025 6.648666 498.1822 -95.00025 6.943314 503.6291 -95.00025 6.943314 503.6557 -95.00025 7.2472 503.6291 -95.00025 7.551086 503.2463 -95.00025 8.372078 503.0306 -95.00025 8.587777 502.7807 -95.00025 8.762742 499.9057 -95.00025 8.9972 499.6018 -95.00025 8.970612 492.5307 -95.00025 9.2472 499.3071 -95.00025 8.891663 499.0307 -95.00025 8.762742 498.7808 -95.00025 8.587777 498.5651 -95.00025 8.372078 498.3901 -95.00025 8.1222 498.2612 -95.00025 7.845734 498.1822 -95.00025 7.551086 498.1557 -95.00025 7.2472 502.5042 -95.00025 8.891663 502.2096 -95.00025 8.970612 501.9057 -95.00025 8.9972 492.5307 -95.00025 -31.75281 523.6291 -95.00025 -12.44891 523.6557 -95.00025 -12.75281 523.5502 -95.00025 -12.15427 523.4213 -95.00025 -11.87781 523.2463 -95.00025 -11.62793 523.0306 -95.00025 -11.41222 522.7807 -95.00025 -11.23726 522.5042 -95.00025 -11.10834 522.7807 -95.00025 -14.26834 522.5042 -95.00025 -14.39726 522.2096 -95.00025 -14.47621 519.0307 -95.00025 -11.23726 519.3072 -95.00025 -11.10834 519.6018 -95.00025 -11.02939 518.1823 -95.00025 -13.05669 518.2612 -95.00025 -13.35133 518.3901 -95.00025 -13.62781 518.5651 -95.00025 -13.87769 522.2096 -95.00025 -11.02939 521.9057 -95.00025 -11.00281 519.9057 -95.00025 -11.00281 518.7808 -95.00025 -14.09338 519.0307 -95.00025 -14.26834 519.3072 -95.00025 -14.39726 519.6018 -95.00025 -14.47621 519.9057 -95.00025 -14.50281 521.9057 -95.00025 -14.50281 523.0306 -95.00025 -14.09338 523.2463 -95.00025 -13.87769 523.4213 -95.00025 -13.62781 518.7808 -95.00025 -11.41222 518.5651 -95.00025 -11.62793 518.3901 -95.00025 -11.87781 523.5502 -95.00025 -13.35133 523.6291 -95.00025 -13.05669 518.2612 -95.00025 -12.15427 518.1823 -95.00025 -12.44891 518.1557 -95.00025 -12.75281 503.6557 -95.00025 -12.75281 503.6291 -95.00025 -12.44891 503.5502 -95.00025 -12.15427 503.4212 -95.00025 -11.87781 503.2463 -95.00025 -11.62793 503.0306 -95.00025 -11.41222 502.7807 -95.00025 -11.23726 502.5042 -95.00025 -11.10834 502.7807 -95.00025 -14.26834 502.5042 -95.00025 -14.39726 502.2096 -95.00025 -14.47621 498.5651 -95.00025 -13.87769 498.7808 -95.00025 -14.09338 499.0307 -95.00025 -14.26834 499.3071 -95.00025 -14.39726 499.0307 -95.00025 -11.23726 499.3071 -95.00025 -11.10834 499.6018 -95.00025 -11.02939 499.6018 -95.00025 -14.47621 499.9057 -95.00025 -14.50281 501.9057 -95.00025 -14.50281 503.0306 -95.00025 -14.09338 503.2463 -95.00025 -13.87769 503.4212 -95.00025 -13.62781 498.1822 -95.00025 -13.05669 498.2612 -95.00025 -13.35133 498.3901 -95.00025 -13.62781 503.5502 -95.00025 -13.35133 503.6291 -95.00025 -13.05669 502.2096 -95.00025 -11.02939 501.9057 -95.00025 -11.00281 499.9057 -95.00025 -11.00281 498.7808 -95.00025 -11.41222 498.5651 -95.00025 -11.62793 498.3901 -95.00025 -11.87781 498.2612 -95.00025 -12.15427 498.1822 -95.00025 -12.44891 498.1557 -95.00025 -12.75281 524.9057 -95.00025 12.2472 524.9057 -95.00025 20.2472 515.1557 -95.00025 20.2472 512.1367 -95.00025 16.46426 509.9481 -95.00025 17.05068 509.8232 -95.00025 16.8722 506.6557 -95.00025 20.2472 509.7311 -95.00025 16.67472 509.7311 -95.00025 15.81967 509.8232 -95.00025 15.6222 509.9481 -95.00025 15.44372 512.0803 -95.00025 16.67472 511.9882 -95.00025 16.8722 511.8633 -95.00025 17.05068 511.7091 -95.00025 17.20476 511.5307 -95.00025 17.32973 511.3332 -95.00025 17.42181 509.6747 -95.00025 16.46426 509.6557 -95.00025 16.2472 509.6747 -95.00025 16.03014 511.3332 -95.00025 15.07259 511.5307 -95.00025 15.16466 511.7091 -95.00025 15.28964 511.8633 -95.00025 15.44372 511.9882 -95.00025 15.6222 512.0803 -95.00025 15.81967 510.1022 -95.00025 15.28964 510.2807 -95.00025 15.16466 510.4781 -95.00025 15.07259 510.4781 -95.00025 17.42181 510.2807 -95.00025 17.32973 510.1022 -95.00025 17.20476 510.6886 -95.00025 15.01619 510.9057 -95.00025 14.9972 511.1227 -95.00025 15.01619 511.1227 -95.00025 17.47821 510.9057 -95.00025 17.4972 510.6886 -95.00025 17.47821 492.5307 -95.00025 12.2472 492.5307 -95.00025 20.2472 486.9057 -95.00025 -31.75281 486.9057 -95.00025 -20.75281 486.9057 -95.00025 -17.75279 486.9057 -95.00025 -15.75279 486.9057 -95.00025 -5.7528 486.9057 -95.00025 6.2472 486.9057 -95.00025 9.2472 486.9057 -95.00025 12.2472 486.9057 -95.00025 20.2472 528.9057 -94.00025 20.2472 528.9057 -9.000245 20.2472 525.9057 -94.00025 20.2472 525.9057 -9.000245 20.2472 525.9057 -94.00025 -31.75281 525.9057 -9.000245 -31.75281 528.9057 -9.000245 -31.75281 528.9057 -94.00025 -31.75281 528.9209 -8.8266 -31.75281 525.9665 -8.305665 -31.75281 528.966 -8.658234 -31.75281 526.1469 -7.632172 -31.75281 529.0397 -8.500245 -31.75281 526.4416 -7.000244 -31.75281 529.1397 -8.357468 -31.75281 526.8416 -6.429092 -31.75281 529.263 -8.234192 -31.75281 527.3345 -5.936066 -31.75281 529.4057 -8.134217 -31.75281 527.9057 -5.536148 -31.75281 529.5637 -8.060563 -31.75281 528.5376 -5.241486 -31.75281 529.7321 -8.015442 -31.75281 529.2111 -5.06102 -31.75281 529.9057 -8.000245 -31.75281 529.9057 -5.000244 -31.75281 529.9057 -8.000245 20.2472 529.9057 -5.000244 20.2472 529.7321 -8.015442 20.2472 529.2111 -5.06102 20.2472 529.5637 -8.060563 20.2472 528.5376 -5.241486 20.2472 529.4057 -8.134217 20.2472 527.9057 -5.536148 20.2472 529.263 -8.234192 20.2472 527.3345 -5.936066 20.2472 529.1397 -8.357468 20.2472 526.8416 -6.429092 20.2472 529.0397 -8.500245 20.2472 526.4416 -7.000244 20.2472 528.966 -8.658234 20.2472 526.1469 -7.632172 20.2472 528.9209 -8.8266 20.2472 525.9665 -8.305665 20.2472 529.9057 -5.000244 -14.75281 529.9057 -5.000244 17.0722 529.9057 -5.000244 3.2472 529.9057 -8.000245 -14.75281 529.9057 -8.000245 3.2472 529.9057 -8.000245 17.0722 545.9057 -8.000245 20.2472 545.9057 -5.000244 20.2472 540.9057 -8.000245 20.2472 540.9057 -5.000244 20.2472 532.0807 -8.000245 20.2472 532.0807 -5.000244 20.2472 532.0807 -8.000245 -31.75281 532.0807 -5.000244 -31.75281 540.9057 -8.000245 -31.75281 540.9057 -5.000244 -31.75281 545.9057 -8.000245 -31.75281 545.9057 -5.000244 -31.75281 537.5307 -5.000244 -6.039322 537.5557 -5.000244 -5.7528 540.9057 -5.000244 -14.75281 537.5307 -5.000244 -24.03932 537.5557 -5.000244 -23.75281 546.1922 -5.000244 -25.37773 546.47 -5.000244 -25.3033 548.4057 -5.000244 -31.08293 547.4562 -5.000244 -24.31714 547.5307 -5.000244 -24.03932 550.9057 -5.000244 -26.75279 546.47 -5.000244 -22.20232 546.1922 -5.000244 -22.12787 545.9057 -5.000244 -14.75281 549.1196 -5.000244 -30.58302 546.7307 -5.000244 -25.18175 549.7359 -5.000244 -29.96674 550.2359 -5.000244 -29.25281 546.9663 -5.000244 -25.01677 550.6042 -5.000244 -28.46291 547.1697 -5.000244 -24.8134 550.8297 -5.000244 -27.62105 547.3347 -5.000244 -22.9278 547.1697 -5.000244 -22.6922 550.9057 -5.000244 -14.75281 546.9663 -5.000244 -22.48883 546.7307 -5.000244 -22.32385 547.3347 -5.000244 -24.57781 547.5557 -5.000244 -23.75281 547.5307 -5.000244 -23.46628 547.4562 -5.000244 -23.18846 547.5557 -5.000244 12.2472 547.5307 -5.000244 12.53372 550.9057 -5.000244 15.2472 546.47 -5.000244 10.69671 546.7307 -5.000244 10.81826 550.9057 -5.000244 3.2472 546.9663 -5.000244 10.98322 547.1697 -5.000244 11.1866 547.3347 -5.000244 11.4222 547.4562 -5.000244 11.68287 547.5307 -5.000244 11.96068 546.1922 -5.000244 10.62227 545.9057 -5.000244 3.2472 545.9057 -5.000244 10.5972 546.9663 -5.000244 13.51117 550.6042 -5.000244 16.9573 547.1697 -5.000244 13.3078 550.8297 -5.000244 16.11544 547.3347 -5.000244 13.0722 547.4562 -5.000244 12.81153 546.7307 -5.000244 13.67614 546.47 -5.000244 13.79769 545.9057 -5.000244 17.0722 546.1922 -5.000244 13.87213 545.9057 -5.000244 13.8972 549.1196 -5.000244 19.07742 549.7359 -5.000244 18.46114 550.2359 -5.000244 17.7472 546.7739 -5.000244 20.17123 547.6158 -5.000244 19.94566 548.4057 -5.000244 19.57732 545.9057 -5.000244 -7.402801 546.1922 -5.000244 -7.377731 546.47 -5.000244 -7.303291 547.5307 -5.000244 -6.039322 547.5557 -5.000244 -5.7528 547.5307 -5.000244 -5.466286 547.4562 -5.000244 -5.188469 546.7307 -5.000244 -7.18174 546.9663 -5.000244 -7.016777 547.1697 -5.000244 -6.8134 547.3347 -5.000244 -4.927803 547.1697 -5.000244 -4.6922 546.9663 -5.000244 -4.488831 547.3347 -5.000244 -6.577797 547.4562 -5.000244 -6.317131 546.1922 -5.000244 -4.127869 546.47 -5.000244 -4.202309 546.7307 -5.000244 -4.32386 545.0807 -5.000244 -4.32386 544.8451 -5.000244 -4.488831 540.9057 -5.000244 3.2472 545.9057 -5.000244 -4.102798 545.6192 -5.000244 -4.127869 545.3414 -5.000244 -4.202309 544.6417 -5.000244 -4.6922 544.4768 -5.000244 -4.927803 544.3552 -5.000244 -5.188469 544.3552 -5.000244 -6.317131 544.4768 -5.000244 -6.577797 544.6417 -5.000244 -6.8134 544.8451 -5.000244 -7.016777 545.0807 -5.000244 -7.18174 545.3414 -5.000244 -7.303291 545.6192 -5.000244 -7.377731 544.2808 -5.000244 -5.466286 544.2557 -5.000244 -5.7528 544.2808 -5.000244 -6.039322 545.9057 -5.000244 -22.1028 545.6192 -5.000244 -22.12787 545.3414 -5.000244 -22.20232 545.0807 -5.000244 -22.32385 545.3414 -5.000244 -25.3033 544.4768 -5.000244 -22.9278 544.3552 -5.000244 -23.18846 547.6158 -5.000244 -31.45126 546.7739 -5.000244 -31.67683 545.9057 -5.000244 -25.4028 545.6192 -5.000244 -25.37773 544.8451 -5.000244 -22.48883 544.6417 -5.000244 -22.6922 544.6417 -5.000244 -24.8134 544.4768 -5.000244 -24.57781 544.3552 -5.000244 -24.31714 544.8451 -5.000244 -25.01677 545.0807 -5.000244 -25.18175 544.2808 -5.000244 -23.46628 544.2557 -5.000244 -23.75281 544.2808 -5.000244 -24.03932 544.8451 -5.000244 13.51117 544.6417 -5.000244 13.3078 540.9057 -5.000244 17.0722 544.4768 -5.000244 13.0722 544.3552 -5.000244 12.81153 544.2808 -5.000244 12.53372 544.2557 -5.000244 12.2472 544.2808 -5.000244 11.96068 544.3552 -5.000244 11.68287 544.4768 -5.000244 11.4222 544.6417 -5.000244 11.1866 544.8451 -5.000244 10.98322 545.6192 -5.000244 13.87213 545.3414 -5.000244 13.79769 545.0807 -5.000244 13.67614 545.0807 -5.000244 10.81826 545.3414 -5.000244 10.69671 545.6192 -5.000244 10.62227 537.4562 -5.000244 -23.18846 537.3347 -5.000244 -22.9278 535.6192 -5.000244 -22.12787 535.3414 -5.000244 -22.20232 532.0807 -5.000244 -14.75281 535.0807 -5.000244 -22.32385 534.8451 -5.000244 -22.48883 537.5307 -5.000244 -23.46628 537.1697 -5.000244 -22.6922 536.9663 -5.000244 -22.48883 536.7307 -5.000244 -22.32385 536.47 -5.000244 -22.20232 536.1922 -5.000244 -22.12787 535.9057 -5.000244 -22.1028 534.4768 -5.000244 -24.57781 534.6417 -5.000244 -24.8134 534.6417 -5.000244 -22.6922 534.4768 -5.000244 -22.9278 534.3552 -5.000244 -23.18846 534.3552 -5.000244 -24.31714 534.8451 -5.000244 -25.01677 535.0807 -5.000244 -25.18175 535.3414 -5.000244 -25.3033 535.6192 -5.000244 -25.37773 535.9057 -5.000244 -25.4028 536.1922 -5.000244 -25.37773 536.47 -5.000244 -25.3033 536.7307 -5.000244 -25.18175 536.9663 -5.000244 -25.01677 537.1697 -5.000244 -24.8134 537.3347 -5.000244 -24.57781 537.4562 -5.000244 -24.31714 534.2808 -5.000244 -23.46628 534.2557 -5.000244 -23.75281 534.2808 -5.000244 -24.03932 536.1922 -5.000244 -4.127869 532.0807 -5.000244 3.2472 535.9057 -5.000244 -4.102798 535.6192 -5.000244 -4.127869 536.1922 -5.000244 -7.377731 536.47 -5.000244 -7.303291 536.9663 -5.000244 -4.488831 536.7307 -5.000244 -4.32386 536.47 -5.000244 -4.202309 535.9057 -5.000244 -7.402801 535.6192 -5.000244 -7.377731 537.5307 -5.000244 -5.466286 537.4562 -5.000244 -5.188469 537.3347 -5.000244 -4.927803 537.1697 -5.000244 -4.6922 536.7307 -5.000244 -7.18174 536.9663 -5.000244 -7.016777 537.1697 -5.000244 -6.8134 535.3414 -5.000244 -4.202309 535.0807 -5.000244 -4.32386 534.8451 -5.000244 -4.488831 534.6417 -5.000244 -4.6922 534.4768 -5.000244 -4.927803 534.3552 -5.000244 -5.188469 534.2808 -5.000244 -5.466286 534.2557 -5.000244 -5.7528 534.2808 -5.000244 -6.039322 534.3552 -5.000244 -6.317131 534.4768 -5.000244 -6.577797 534.6417 -5.000244 -6.8134 534.8451 -5.000244 -7.016777 535.0807 -5.000244 -7.18174 535.3414 -5.000244 -7.303291 537.3347 -5.000244 -6.577797 537.4562 -5.000244 -6.317131 537.3347 -5.000244 13.0722 537.4562 -5.000244 12.81153 537.5307 -5.000244 12.53372 537.1697 -5.000244 13.3078 536.9663 -5.000244 13.51117 536.7307 -5.000244 13.67614 535.9057 -5.000244 13.8972 532.0807 -5.000244 17.0722 536.1922 -5.000244 13.87213 536.47 -5.000244 13.79769 536.47 -5.000244 10.69671 536.7307 -5.000244 10.81826 535.6192 -5.000244 13.87213 535.3414 -5.000244 13.79769 535.0807 -5.000244 13.67614 534.4768 -5.000244 13.0722 534.3552 -5.000244 12.81153 534.6417 -5.000244 11.1866 534.4768 -5.000244 11.4222 534.3552 -5.000244 11.68287 534.8451 -5.000244 10.98322 535.0807 -5.000244 10.81826 535.3414 -5.000244 10.69671 534.8451 -5.000244 13.51117 534.6417 -5.000244 13.3078 535.6192 -5.000244 10.62227 535.9057 -5.000244 10.5972 536.1922 -5.000244 10.62227 536.9663 -5.000244 10.98322 537.1697 -5.000244 11.1866 537.3347 -5.000244 11.4222 534.2808 -5.000244 12.53372 534.2557 -5.000244 12.2472 534.2808 -5.000244 11.96068 537.4562 -5.000244 11.68287 537.5307 -5.000244 11.96068 537.5557 -5.000244 12.2472 545.6192 -8.000245 13.87213 545.9057 -8.000245 13.8972 545.9057 -8.000245 17.0722 546.47 -8.000245 -22.20232 550.9057 -8.000245 -14.75281 546.1922 -8.000245 -22.12787 545.9057 -8.000245 -14.75281 545.9057 -8.000245 -22.1028 545.6192 -8.000245 -22.12787 547.5557 -8.000245 -23.75281 547.5307 -8.000245 -24.03932 550.9057 -8.000245 -26.75279 546.7307 -8.000245 -22.32385 546.9663 -8.000245 -22.48883 547.1697 -8.000245 -22.6922 547.3347 -8.000245 -22.9278 547.4562 -8.000245 -23.18846 547.5307 -8.000245 -23.46628 546.47 -8.000245 -25.3033 549.1196 -8.000245 -30.58302 546.7307 -8.000245 -25.18175 549.7359 -8.000245 -29.96674 546.9663 -8.000245 -25.01677 547.4562 -8.000245 -24.31714 547.3347 -8.000245 -24.57781 550.8297 -8.000245 -27.62105 547.1697 -8.000245 -24.8134 550.6042 -8.000245 -28.46291 550.2359 -8.000245 -29.25281 549.7359 -8.000245 18.46114 550.2359 -8.000245 17.7472 550.6042 -8.000245 16.9573 549.1196 -8.000245 19.07742 548.4057 -8.000245 19.57732 547.6158 -8.000245 19.94566 547.4562 -8.000245 12.81153 547.5307 -8.000245 12.53372 550.9057 -8.000245 15.2472 546.1922 -8.000245 13.87213 546.47 -8.000245 13.79769 547.4562 -8.000245 11.68287 550.9057 -8.000245 3.2472 547.5307 -8.000245 11.96068 547.5557 -8.000245 12.2472 547.3347 -8.000245 11.4222 547.1697 -8.000245 11.1866 546.9663 -8.000245 10.98322 546.7307 -8.000245 13.67614 546.9663 -8.000245 13.51117 550.8297 -8.000245 16.11544 547.1697 -8.000245 13.3078 547.3347 -8.000245 13.0722 546.7307 -8.000245 10.81826 546.47 -8.000245 10.69671 545.9057 -8.000245 3.2472 546.1922 -8.000245 10.62227 545.9057 -8.000245 -4.102798 546.1922 -8.000245 -4.127869 547.4562 -8.000245 -5.188469 547.5307 -8.000245 -5.466286 547.5557 -8.000245 -5.7528 547.5307 -8.000245 -6.039322 547.4562 -8.000245 -6.317131 546.7307 -8.000245 -4.32386 546.9663 -8.000245 -4.488831 547.3347 -8.000245 -6.577797 547.1697 -8.000245 -6.8134 546.9663 -8.000245 -7.016777 546.47 -8.000245 -4.202309 547.1697 -8.000245 -4.6922 547.3347 -8.000245 -4.927803 546.7307 -8.000245 -7.18174 546.47 -8.000245 -7.303291 546.1922 -8.000245 -7.377731 545.9057 -8.000245 -7.402801 545.6192 -8.000245 -7.377731 545.3414 -8.000245 -7.303291 540.9057 -8.000245 -14.75281 545.0807 -8.000245 -7.18174 544.8451 -8.000245 -7.016777 544.3552 -8.000245 -5.188469 544.4768 -8.000245 -4.927803 540.9057 -8.000245 3.2472 544.6417 -8.000245 -4.6922 544.8451 -8.000245 -4.488831 545.0807 -8.000245 -4.32386 545.3414 -8.000245 -4.202309 545.6192 -8.000245 -4.127869 544.6417 -8.000245 -6.8134 544.4768 -8.000245 -6.577797 544.3552 -8.000245 -6.317131 544.2808 -8.000245 -6.039322 544.2557 -8.000245 -5.7528 544.2808 -8.000245 -5.466286 545.3414 -8.000245 -25.3033 545.6192 -8.000245 -25.37773 545.9057 -8.000245 -25.4028 546.7739 -8.000245 -31.67683 546.1922 -8.000245 -25.37773 547.6158 -8.000245 -31.45126 548.4057 -8.000245 -31.08293 544.4768 -8.000245 -22.9278 544.6417 -8.000245 -22.6922 545.3414 -8.000245 -22.20232 545.0807 -8.000245 -25.18175 544.8451 -8.000245 -25.01677 544.6417 -8.000245 -24.8134 544.4768 -8.000245 -24.57781 544.3552 -8.000245 -24.31714 544.2808 -8.000245 -24.03932 544.2557 -8.000245 -23.75281 544.2808 -8.000245 -23.46628 544.3552 -8.000245 -23.18846 544.8451 -8.000245 -22.48883 545.0807 -8.000245 -22.32385 545.0807 -8.000245 10.81826 544.8451 -8.000245 10.98322 544.6417 -8.000245 11.1866 544.4768 -8.000245 11.4222 544.3552 -8.000245 11.68287 544.2808 -8.000245 11.96068 540.9057 -8.000245 17.0722 544.2557 -8.000245 12.2472 544.2808 -8.000245 12.53372 544.3552 -8.000245 12.81153 544.4768 -8.000245 13.0722 544.6417 -8.000245 13.3078 544.8451 -8.000245 13.51117 545.0807 -8.000245 13.67614 545.3414 -8.000245 13.79769 545.9057 -8.000245 10.5972 545.6192 -8.000245 10.62227 545.3414 -8.000245 10.69671 532.0807 -8.000245 17.0722 546.7739 -8.000245 20.17123 537.4562 -8.000245 11.68287 537.3347 -8.000245 11.4222 537.1697 -8.000245 11.1866 536.9663 -8.000245 10.98322 536.7307 -8.000245 13.67614 536.9663 -8.000245 13.51117 536.7307 -8.000245 10.81826 536.47 -8.000245 10.69671 536.1922 -8.000245 10.62227 532.0807 -8.000245 3.2472 535.3414 -8.000245 10.69671 535.0807 -8.000245 10.81826 534.2808 -8.000245 12.53372 534.3552 -8.000245 12.81153 534.4768 -8.000245 13.0722 534.6417 -8.000245 13.3078 534.8451 -8.000245 13.51117 535.0807 -8.000245 13.67614 535.3414 -8.000245 13.79769 536.47 -8.000245 13.79769 537.4562 -8.000245 12.81153 537.5307 -8.000245 12.53372 537.5557 -8.000245 12.2472 537.5307 -8.000245 11.96068 535.9057 -8.000245 10.5972 535.6192 -8.000245 10.62227 534.8451 -8.000245 10.98322 534.6417 -8.000245 11.1866 534.4768 -8.000245 11.4222 534.3552 -8.000245 11.68287 534.2808 -8.000245 11.96068 534.2557 -8.000245 12.2472 537.1697 -8.000245 13.3078 537.3347 -8.000245 13.0722 535.6192 -8.000245 13.87213 535.9057 -8.000245 13.8972 536.1922 -8.000245 13.87213 535.6192 -8.000245 -4.127869 535.9057 -8.000245 -4.102798 536.1922 -8.000245 -4.127869 537.4562 -8.000245 -6.317131 537.3347 -8.000245 -6.577797 537.1697 -8.000245 -6.8134 536.9663 -8.000245 -7.016777 536.1922 -8.000245 -7.377731 532.0807 -8.000245 -14.75281 535.9057 -8.000245 -7.402801 535.6192 -8.000245 -7.377731 534.8451 -8.000245 -4.488831 535.0807 -8.000245 -4.32386 535.3414 -8.000245 -4.202309 536.7307 -8.000245 -7.18174 536.47 -8.000245 -7.303291 535.3414 -8.000245 -7.303291 535.0807 -8.000245 -7.18174 534.8451 -8.000245 -7.016777 534.3552 -8.000245 -5.188469 534.4768 -8.000245 -4.927803 534.6417 -8.000245 -4.6922 536.47 -8.000245 -4.202309 536.7307 -8.000245 -4.32386 536.9663 -8.000245 -4.488831 534.6417 -8.000245 -6.8134 534.4768 -8.000245 -6.577797 534.3552 -8.000245 -6.317131 534.2808 -8.000245 -6.039322 534.2557 -8.000245 -5.7528 534.2808 -8.000245 -5.466286 537.1697 -8.000245 -4.6922 537.3347 -8.000245 -4.927803 537.4562 -8.000245 -5.188469 537.5307 -8.000245 -5.466286 537.5557 -8.000245 -5.7528 537.5307 -8.000245 -6.039322 534.6417 -8.000245 -22.6922 534.8451 -8.000245 -22.48883 535.0807 -8.000245 -22.32385 535.3414 -8.000245 -22.20232 535.3414 -8.000245 -25.3033 535.0807 -8.000245 -25.18175 535.6192 -8.000245 -25.37773 534.2808 -8.000245 -23.46628 534.2557 -8.000245 -23.75281 534.3552 -8.000245 -23.18846 534.4768 -8.000245 -22.9278 535.6192 -8.000245 -22.12787 535.9057 -8.000245 -22.1028 536.1922 -8.000245 -22.12787 536.47 -8.000245 -22.20232 534.8451 -8.000245 -25.01677 534.6417 -8.000245 -24.8134 534.4768 -8.000245 -24.57781 534.3552 -8.000245 -24.31714 534.2808 -8.000245 -24.03932 536.7307 -8.000245 -22.32385 536.9663 -8.000245 -22.48883 537.1697 -8.000245 -22.6922 537.3347 -8.000245 -22.9278 537.4562 -8.000245 -23.18846 537.5307 -8.000245 -23.46628 537.5557 -8.000245 -23.75281 537.5307 -8.000245 -24.03932 537.4562 -8.000245 -24.31714 537.3347 -8.000245 -24.57781 537.1697 -8.000245 -24.8134 536.9663 -8.000245 -25.01677 536.7307 -8.000245 -25.18175 536.47 -8.000245 -25.3033 536.1922 -8.000245 -25.37773 535.9057 -8.000245 -25.4028 525.8905 -94.17389 -31.75281 528.8449 -94.69484 -31.75281 525.8454 -94.34227 -31.75281 528.6645 -95.36833 -31.75281 525.7717 -94.50025 -31.75281 528.3698 -96.00025 -31.75281 525.6718 -94.64304 -31.75281 527.9699 -96.5714 -31.75281 525.5485 -94.7663 -31.75281 527.4769 -97.06443 -31.75281 525.4057 -94.86627 -31.75281 526.9057 -97.46436 -31.75281 525.2478 -94.93994 -31.75281 526.2738 -97.75902 -31.75281 525.0794 -94.98506 -31.75281 525.6003 -97.93949 -31.75281 525.0794 -94.98506 20.2472 525.6003 -97.93949 20.2472 525.2478 -94.93994 20.2472 526.2738 -97.75902 20.2472 525.4057 -94.86627 20.2472 526.9057 -97.46436 20.2472 525.5485 -94.7663 20.2472 527.4769 -97.06443 20.2472 525.6718 -94.64304 20.2472 527.9699 -96.5714 20.2472 525.7717 -94.50025 20.2472 528.3698 -96.00025 20.2472 525.8454 -94.34227 20.2472 528.6645 -95.36833 20.2472 525.8905 -94.17389 20.2472 528.8449 -94.69484 20.2472 486.7492 -94.98793 -31.75281 486.2799 -97.95101 -31.75281 486.5967 -94.95131 -31.75281 485.6696 -97.80448 -31.75281 486.4517 -94.89125 -31.75281 485.0897 -97.56427 -31.75281 486.3179 -94.80927 -31.75281 484.5545 -97.23632 -31.75281 486.1985 -94.70735 -31.75281 484.0773 -96.82868 -31.75281 486.0967 -94.58803 -31.75281 483.6696 -96.3514 -31.75281 486.0146 -94.45424 -31.75281 483.3417 -95.81621 -31.75281 485.9546 -94.30927 -31.75281 483.1014 -95.23632 -31.75281 485.9179 -94.15668 -31.75281 482.9549 -94.62599 -31.75281 485.9057 -94.00025 -31.75281 482.9057 -94.00025 -31.75281 485.9057 -94.00025 20.2472 482.9057 -94.00025 20.2472 485.9179 -94.15668 20.2472 482.9549 -94.62599 20.2472 485.9546 -94.30927 20.2472 483.1014 -95.23632 20.2472 486.0146 -94.45424 20.2472 483.3417 -95.81621 20.2472 486.0967 -94.58803 20.2472 483.6696 -96.3514 20.2472 486.1985 -94.70735 20.2472 484.0773 -96.82868 20.2472 486.3179 -94.80927 20.2472 484.5545 -97.23632 20.2472 486.4517 -94.89125 20.2472 485.0897 -97.56427 20.2472 486.5967 -94.95131 20.2472 485.6696 -97.80448 20.2472 486.7492 -94.98793 20.2472 486.2799 -97.95101 20.2472 485.9057 -72.00025 20.2472 485.9057 -72.00025 -31.75281 482.9057 -74.06835 -26.38814 482.9057 -74.10025 -26.75279 482.9057 -74.06835 -27.11746 482.9057 -73.9736 -27.47104 482.9057 -73.8189 -27.8028 482.9057 -73.60894 13.89735 482.9057 -73.3501 13.6385 482.9057 -70.39156 -25.40295 482.9057 -73.60894 16.59705 482.9057 -73.8189 16.2972 482.9057 -73.60894 -28.10266 482.9057 -73.3501 -28.3615 482.9057 -73.05025 -28.57146 482.9057 -72.71849 -28.72615 482.9057 -72.36492 -28.82089 482.9057 -72.00025 -28.8528 482.9057 -71.13201 -31.67683 482.9057 -71.63559 -28.82089 482.9057 -70.29015 -31.45126 482.9057 -71.282 -28.72615 482.9057 -69.50025 -31.08293 482.9057 -70.95024 -28.57146 482.9057 -68.7863 -30.58302 482.9057 -70.65039 -28.3615 482.9057 -68.17003 -29.96674 482.9057 -70.39156 -28.10266 482.9057 -67.67012 -29.25281 482.9057 -70.1816 -27.8028 482.9057 -67.30179 -28.46291 482.9057 -70.02689 -27.47104 482.9057 -67.07621 -27.62105 482.9057 -69.93215 -27.11746 482.9057 -67.00025 -26.75279 482.9057 -69.90026 -26.75279 482.9057 -69.93215 -26.38814 482.9057 -73.8189 14.1972 482.9057 -73.05025 13.42854 482.9057 -72.71849 13.27384 482.9057 -72.36492 13.1791 482.9057 -70.65039 -25.1441 482.9057 -70.95024 -24.93414 482.9057 -74.06835 14.88254 482.9057 -71.282 -24.77945 482.9057 -74.10025 15.2472 482.9057 -71.63559 -24.68471 482.9057 -72.00025 -24.6528 482.9057 -73.9736 14.52895 482.9057 -70.95024 13.42854 482.9057 -70.65039 13.6385 482.9057 -70.39156 13.89735 482.9057 -67.00025 15.2472 482.9057 -70.1816 14.1972 482.9057 -70.02689 14.52895 482.9057 -73.9736 15.96544 482.9057 -74.06835 15.61186 482.9057 -73.3501 -25.1441 482.9057 -73.60894 -25.40295 482.9057 -73.8189 -25.70281 482.9057 -73.9736 -26.03456 482.9057 -72.36492 -24.68471 482.9057 -72.71849 -24.77945 482.9057 -73.05025 -24.93414 482.9057 -70.02689 -26.03456 482.9057 -70.1816 -25.70281 482.9057 -72.36492 17.31529 482.9057 -72.71849 17.22055 482.9057 -73.05025 17.06585 482.9057 -73.3501 16.8559 482.9057 -72.00025 13.1472 482.9057 -71.63559 13.1791 482.9057 -71.282 13.27384 482.9057 -69.93215 14.88254 482.9057 -69.90026 15.2472 482.9057 -67.07621 16.11544 482.9057 -69.93215 15.61186 482.9057 -67.30179 16.9573 482.9057 -70.02689 15.96544 482.9057 -67.67012 17.7472 482.9057 -70.1816 16.2972 482.9057 -68.17003 18.46114 482.9057 -70.39156 16.59705 482.9057 -68.7863 19.07742 482.9057 -70.65039 16.8559 482.9057 -69.50025 19.57732 482.9057 -70.95024 17.06585 482.9057 -70.29015 19.94566 482.9057 -71.282 17.22055 482.9057 -71.13201 20.17123 482.9057 -71.63559 17.31529 482.9057 -72.00025 17.3472 485.9057 -74.06835 14.88254 485.9057 -74.10025 15.2472 485.9057 -73.9736 -26.03456 485.9057 -73.8189 -25.70281 485.9057 -69.93215 14.88254 485.9057 -73.60894 -25.40295 485.9057 -73.3501 -25.1441 485.9057 -71.63559 -24.68471 485.9057 -71.282 -24.77945 485.9057 -67.00025 15.2472 485.9057 -70.95024 -24.93414 485.9057 -73.60894 -28.10266 485.9057 -73.8189 -27.8028 485.9057 -73.9736 -27.47104 485.9057 -70.39156 13.89735 485.9057 -70.65039 13.6385 485.9057 -74.06835 -26.38814 485.9057 -73.05025 -24.93414 485.9057 -72.71849 -24.77945 485.9057 -69.90026 15.2472 485.9057 -72.36492 -24.68471 485.9057 -72.00025 -24.6528 485.9057 -70.1816 14.1972 485.9057 -72.36492 13.1791 485.9057 -72.71849 13.27384 485.9057 -73.05025 13.42854 485.9057 -73.3501 13.6385 485.9057 -72.36492 -28.82089 485.9057 -72.71849 -28.72615 485.9057 -73.05025 -28.57146 485.9057 -73.3501 -28.3615 485.9057 -70.02689 14.52895 485.9057 -70.95024 13.42854 485.9057 -71.282 13.27384 485.9057 -71.63559 13.1791 485.9057 -72.00025 13.1472 485.9057 -74.10025 -26.75279 485.9057 -74.06835 -27.11746 485.9057 -73.60894 13.89735 485.9057 -73.8189 14.1972 485.9057 -73.9736 14.52895 485.9057 -74.06835 15.61186 485.9057 -73.9736 15.96544 485.9057 -73.8189 16.2972 485.9057 -70.65039 -25.1441 485.9057 -70.39156 -25.40295 485.9057 -67.00025 -26.75279 485.9057 -70.1816 -25.70281 485.9057 -70.02689 -26.03456 485.9057 -69.93215 -26.38814 485.9057 -69.90026 -26.75279 485.9057 -67.07621 -27.62105 485.9057 -69.93215 -27.11746 485.9057 -67.30179 -28.46291 485.9057 -70.02689 -27.47104 485.9057 -67.67012 -29.25281 485.9057 -70.1816 -27.8028 485.9057 -68.17003 -29.96674 485.9057 -70.39156 -28.10266 485.9057 -68.7863 -30.58302 485.9057 -70.65039 -28.3615 485.9057 -69.50025 -31.08293 485.9057 -70.95024 -28.57146 485.9057 -70.29015 -31.45126 485.9057 -71.282 -28.72615 485.9057 -71.13201 -31.67683 485.9057 -71.63559 -28.82089 485.9057 -72.00025 -28.8528 485.9057 -73.60894 16.59705 485.9057 -73.3501 16.8559 485.9057 -73.05025 17.06585 485.9057 -72.71849 17.22055 485.9057 -69.93215 15.61186 485.9057 -67.07621 16.11544 485.9057 -70.02689 15.96544 485.9057 -67.30179 16.9573 485.9057 -70.1816 16.2972 485.9057 -67.67012 17.7472 485.9057 -70.39156 16.59705 485.9057 -68.17003 18.46114 485.9057 -70.65039 16.8559 485.9057 -68.7863 19.07742 485.9057 -70.95024 17.06585 485.9057 -69.50025 19.57732 485.9057 -71.282 17.22055 485.9057 -70.29015 19.94566 485.9057 -71.63559 17.31529 485.9057 -71.13201 20.17123 485.9057 -72.00025 17.3472 485.9057 -72.36492 17.31529 -470.7193 -98.00025 -31.75281 -465.0943 -98.00025 -31.75281 -465.0943 -98.00025 -23.75281 -470.7193 -98.00025 -17.75281 -470.7193 -98.00025 -5.7528 -476.3709 -98.00025 -12.44891 -484.8443 -98.00025 -17.75281 -481.6099 -98.00025 -13.62781 -481.7388 -98.00025 -13.35133 -481.4349 -98.00025 -17.62793 -481.2192 -98.00025 -14.09338 -481.4349 -98.00025 -13.87769 -476.3443 -98.00025 -12.75281 -476.3709 -98.00025 -13.05669 -476.4499 -98.00025 -13.35133 -481.7388 -98.00025 -12.15427 -481.6099 -98.00025 -11.87781 -484.8443 -98.00025 -5.7528 -481.4349 -98.00025 -11.62793 -476.5788 -98.00025 -13.62781 -476.7538 -98.00025 -13.87769 -476.9695 -98.00025 -14.09338 -481.8178 -98.00025 -13.05669 -481.8443 -98.00025 -12.75281 -481.8178 -98.00025 -12.44891 -481.2192 -98.00025 -11.41222 -480.9693 -98.00025 -11.23726 -480.6929 -98.00025 -11.10834 -477.2193 -98.00025 -14.26834 -476.7538 -98.00025 -17.62793 -477.4958 -98.00025 -14.39726 -476.9695 -98.00025 -17.41222 -477.2193 -98.00025 -17.23726 -477.7904 -98.00025 -11.02939 -477.4958 -98.00025 -11.10834 -477.2193 -98.00025 -11.23726 -476.9695 -98.00025 -11.41222 -476.7538 -98.00025 -11.62793 -476.5788 -98.00025 -11.87781 -476.4499 -98.00025 -12.15427 -480.3982 -98.00025 -14.47621 -480.6929 -98.00025 -14.39726 -480.9693 -98.00025 -17.23726 -481.2192 -98.00025 -17.41222 -480.9693 -98.00025 -14.26834 -480.3982 -98.00025 -11.02939 -480.0943 -98.00025 -11.00281 -478.0943 -98.00025 -11.00281 -480.6929 -98.00025 -17.10834 -480.3982 -98.00025 -17.02939 -480.0943 -98.00025 -14.50281 -480.0943 -98.00025 -17.00281 -478.0943 -98.00025 -14.50281 -478.0943 -98.00025 -17.00281 -477.7904 -98.00025 -14.47621 -477.7904 -98.00025 -17.02939 -477.4958 -98.00025 -17.10834 -476.5788 -98.00025 -17.87781 -476.4499 -98.00025 -18.15427 -476.4499 -98.00025 -19.35133 -476.5788 -98.00025 -19.62781 -470.7193 -98.00025 -20.75281 -481.4349 -98.00025 -19.87769 -481.6099 -98.00025 -19.62781 -484.8443 -98.00025 -20.75281 -481.8178 -98.00025 -18.44891 -481.7388 -98.00025 -18.15427 -481.6099 -98.00025 -17.87781 -476.3709 -98.00025 -18.44891 -476.3443 -98.00025 -18.75281 -476.3709 -98.00025 -19.05669 -476.7538 -98.00025 -19.87769 -476.9695 -98.00025 -20.09338 -477.2193 -98.00025 -20.26834 -481.7388 -98.00025 -19.35133 -481.8178 -98.00025 -19.05669 -481.8443 -98.00025 -18.75281 -480.6929 -98.00025 -20.39726 -480.9693 -98.00025 -20.26834 -481.2192 -98.00025 -20.09338 -478.0943 -98.00025 -20.50281 -480.0943 -98.00025 -20.50281 -480.3982 -98.00025 -20.47621 -477.4958 -98.00025 -20.39726 -477.7904 -98.00025 -20.47621 -477.4958 -98.00025 8.891663 -477.2193 -98.00025 8.762742 -470.7193 -98.00025 9.2472 -476.9695 -98.00025 8.587777 -476.7538 -98.00025 8.372078 -476.5788 -98.00025 8.1222 -476.4499 -98.00025 7.845734 -476.3709 -98.00025 7.551086 -470.7193 -98.00025 6.2472 -484.8443 -98.00025 6.2472 -481.6099 -98.00025 6.3722 -481.7388 -98.00025 6.648666 -480.3982 -98.00025 8.970612 -484.8443 -98.00025 9.2472 -480.6929 -98.00025 8.891663 -480.9693 -98.00025 8.762742 -480.0943 -98.00025 8.9972 -478.0943 -98.00025 8.9972 -477.7904 -98.00025 8.970612 -476.3443 -98.00025 7.2472 -476.3709 -98.00025 6.943314 -476.4499 -98.00025 6.648666 -481.7388 -98.00025 7.845734 -481.6099 -98.00025 8.1222 -481.4349 -98.00025 8.372078 -481.2192 -98.00025 8.587777 -481.8178 -98.00025 6.943314 -481.8443 -98.00025 7.2472 -481.8178 -98.00025 7.551086 -484.8443 -98.00025 4.2472 -481.2192 -98.00025 5.906624 -481.4349 -98.00025 6.122322 -476.5788 -98.00025 6.3722 -476.7538 -98.00025 6.122322 -470.7193 -98.00025 4.2472 -480.3982 -98.00025 5.523781 -480.6929 -98.00025 5.602737 -480.9693 -98.00025 5.731651 -476.9695 -98.00025 5.906624 -477.2193 -98.00025 5.731651 -477.4958 -98.00025 5.602737 -477.7904 -98.00025 5.523781 -478.0943 -98.00025 5.4972 -480.0943 -98.00025 5.4972 -497.4958 -98.00025 8.891663 -497.2193 -98.00025 8.762742 -493.3443 -98.00025 9.2472 -500.3982 -98.00025 8.970612 -503.0943 -98.00025 9.2472 -500.6929 -98.00025 8.891663 -500.9693 -98.00025 8.762742 -496.3709 -98.00025 7.551086 -496.4499 -98.00025 7.845734 -496.5788 -98.00025 8.1222 -501.6099 -98.00025 6.3722 -501.7388 -98.00025 6.648666 -503.0943 -98.00025 6.2472 -496.9695 -98.00025 8.587777 -496.7538 -98.00025 8.372078 -496.3443 -98.00025 7.2472 -493.3443 -98.00025 6.2472 -496.3709 -98.00025 6.943314 -496.4499 -98.00025 6.648666 -500.0943 -98.00025 8.9972 -498.0943 -98.00025 8.9972 -497.7904 -98.00025 8.970612 -501.7388 -98.00025 7.845734 -501.6099 -98.00025 8.1222 -501.8178 -98.00025 6.943314 -501.8443 -98.00025 7.2472 -501.8178 -98.00025 7.551086 -501.4349 -98.00025 8.372078 -501.2192 -98.00025 8.587777 -503.0943 -98.00025 4.2472 -501.2192 -98.00025 5.906624 -501.4349 -98.00025 6.122322 -493.3443 -98.00025 4.2472 -497.2193 -98.00025 5.731651 -497.4958 -98.00025 5.602737 -496.5788 -98.00025 6.3722 -496.7538 -98.00025 6.122322 -496.9695 -98.00025 5.906624 -500.3982 -98.00025 5.523781 -500.6929 -98.00025 5.602737 -500.9693 -98.00025 5.731651 -497.7904 -98.00025 5.523781 -498.0943 -98.00025 5.4972 -500.0943 -98.00025 5.4972 -488.8773 -98.00025 7.01619 -489.0943 -98.00025 6.9972 -489.3114 -98.00025 7.01619 -489.5219 -98.00025 7.072586 -488.2908 -98.00025 7.289642 -488.4693 -98.00025 7.164665 -488.6668 -98.00025 7.072586 -490.3443 -98.00025 8.2472 -490.3254 -98.00025 8.464257 -488.2908 -98.00025 9.204758 -488.1368 -98.00025 9.050683 -488.0118 -98.00025 8.8722 -487.9197 -98.00025 8.674721 -487.9197 -98.00025 7.819672 -488.0118 -98.00025 7.6222 -488.1368 -98.00025 7.443718 -489.7193 -98.00025 7.164665 -489.8978 -98.00025 7.289642 -490.0519 -98.00025 7.443718 -490.3254 -98.00025 8.030144 -487.8633 -98.00025 8.464257 -487.8443 -98.00025 8.2472 -487.8633 -98.00025 8.030144 -490.1769 -98.00025 7.6222 -490.269 -98.00025 7.819672 -490.269 -98.00025 8.674721 -490.1769 -98.00025 8.8722 -490.0519 -98.00025 9.050683 -487.8633 -98.00025 16.03014 -487.9197 -98.00025 15.81967 -488.6668 -98.00025 15.07258 -488.4693 -98.00025 15.16466 -488.2908 -98.00025 15.28964 -487.8443 -98.00025 16.2472 -488.0118 -98.00025 15.6222 -488.1368 -98.00025 15.44371 -489.7193 -98.00025 9.329728 -489.5219 -98.00025 9.421814 -493.3443 -98.00025 20.2472 -488.8773 -98.00025 17.47821 -488.6668 -98.00025 17.42181 -484.8443 -98.00025 20.2472 -488.1368 -98.00025 17.05068 -488.0118 -98.00025 16.8722 -487.9197 -98.00025 16.67473 -487.8633 -98.00025 16.46426 -488.4693 -98.00025 17.32974 -488.2908 -98.00025 17.20476 -488.4693 -98.00025 9.329728 -488.6668 -98.00025 9.421814 -488.8773 -98.00025 15.01619 -488.8773 -98.00025 9.478211 -489.8978 -98.00025 9.204758 -489.5219 -98.00025 15.07258 -489.3114 -98.00025 9.478211 -489.0943 -98.00025 9.4972 -489.0943 -98.00025 14.9972 -489.3114 -98.00025 15.01619 -489.3114 -98.00025 17.47821 -489.0943 -98.00025 17.4972 -489.7193 -98.00025 15.16466 -489.8978 -98.00025 15.28964 -490.0519 -98.00025 15.44371 -489.8978 -98.00025 17.20476 -489.7193 -98.00025 17.32974 -489.5219 -98.00025 17.42181 -490.3443 -98.00025 16.2472 -490.3254 -98.00025 16.46426 -490.269 -98.00025 16.67473 -490.1769 -98.00025 15.6222 -490.269 -98.00025 15.81967 -490.3254 -98.00025 16.03014 -490.1769 -98.00025 16.8722 -490.0519 -98.00025 17.05068 -490.0519 -98.00025 -20.55629 -490.1769 -98.00025 -20.37781 -493.3443 -98.00025 -20.75281 -493.3443 -98.00025 -17.75281 -490.3443 -98.00025 -19.75281 -490.269 -98.00025 -20.18033 -490.3254 -98.00025 -19.96986 -488.0118 -98.00025 -19.12781 -488.1368 -98.00025 -18.94931 -488.2908 -98.00025 -18.79524 -487.8633 -98.00025 -19.96986 -487.9197 -98.00025 -20.18033 -488.0118 -98.00025 -20.37781 -490.3254 -98.00025 -19.53574 -490.269 -98.00025 -19.32527 -490.1769 -98.00025 -19.12781 -490.0519 -98.00025 -18.94931 -489.8978 -98.00025 -18.79524 -489.7193 -98.00025 -18.67027 -489.5219 -98.00025 -18.57819 -489.3114 -98.00025 -18.52179 -489.0943 -98.00025 -18.50281 -488.8773 -98.00025 -18.52179 -488.6668 -98.00025 -18.57819 -488.4693 -98.00025 -18.67027 -487.9197 -98.00025 -19.32527 -487.8633 -98.00025 -19.53574 -487.8443 -98.00025 -19.75281 -488.1368 -98.00025 -20.55629 -488.2908 -98.00025 -20.71036 -484.8443 -98.00025 -23.75281 -488.4693 -98.00025 -20.83533 -488.6668 -98.00025 -20.92741 -489.3114 -98.00025 -20.98381 -493.3443 -98.00025 -23.75281 -489.0943 -98.00025 -21.00281 -488.8773 -98.00025 -20.98381 -489.5219 -98.00025 -20.92741 -489.7193 -98.00025 -20.83533 -489.8978 -98.00025 -20.71036 -496.7538 -98.00025 -17.62793 -496.5788 -98.00025 -17.87781 -497.4958 -98.00025 -14.39726 -496.4499 -98.00025 -13.35133 -496.5788 -98.00025 -13.62781 -496.3709 -98.00025 -13.05669 -493.3443 -98.00025 -5.7528 -497.4958 -98.00025 -11.10834 -497.2193 -98.00025 -11.23726 -496.5788 -98.00025 -11.87781 -496.4499 -98.00025 -12.15427 -496.3709 -98.00025 -12.44891 -496.3443 -98.00025 -12.75281 -496.7538 -98.00025 -13.87769 -496.9695 -98.00025 -14.09338 -497.2193 -98.00025 -14.26834 -497.7904 -98.00025 -17.02939 -497.4958 -98.00025 -17.10834 -497.7904 -98.00025 -14.47621 -497.2193 -98.00025 -17.23726 -496.9695 -98.00025 -17.41222 -497.7904 -98.00025 -11.02939 -496.9695 -98.00025 -11.41222 -496.7538 -98.00025 -11.62793 -500.6929 -98.00025 -14.39726 -500.9693 -98.00025 -14.26834 -500.3982 -98.00025 -17.02939 -501.2192 -98.00025 -14.09338 -500.6929 -98.00025 -17.10834 -501.4349 -98.00025 -13.87769 -501.6099 -98.00025 -13.62781 -501.2192 -98.00025 -17.41222 -500.9693 -98.00025 -17.23726 -500.0943 -98.00025 -17.00281 -500.0943 -98.00025 -14.50281 -500.3982 -98.00025 -14.47621 -498.0943 -98.00025 -14.50281 -498.0943 -98.00025 -17.00281 -501.7388 -98.00025 -13.35133 -501.8178 -98.00025 -13.05669 -503.0943 -98.00025 -5.7528 -501.8443 -98.00025 -12.75281 -501.8178 -98.00025 -12.44891 -501.7388 -98.00025 -12.15427 -501.6099 -98.00025 -11.87781 -501.4349 -98.00025 -11.62793 -501.2192 -98.00025 -11.41222 -500.9693 -98.00025 -11.23726 -500.6929 -98.00025 -11.10834 -500.3982 -98.00025 -11.02939 -500.0943 -98.00025 -11.00281 -498.0943 -98.00025 -11.00281 -496.4499 -98.00025 -18.15427 -496.4499 -98.00025 -19.35133 -496.5788 -98.00025 -19.62781 -500.6929 -98.00025 -20.39726 -500.9693 -98.00025 -20.26834 -503.0943 -98.00025 -20.75281 -496.3709 -98.00025 -18.44891 -496.3443 -98.00025 -18.75281 -496.3709 -98.00025 -19.05669 -501.8178 -98.00025 -18.44891 -501.7388 -98.00025 -18.15427 -503.0943 -98.00025 -17.75281 -501.6099 -98.00025 -17.87781 -501.4349 -98.00025 -17.62793 -497.2193 -98.00025 -20.26834 -497.4958 -98.00025 -20.39726 -497.7904 -98.00025 -20.47621 -498.0943 -98.00025 -20.50281 -500.0943 -98.00025 -20.50281 -500.3982 -98.00025 -20.47621 -501.2192 -98.00025 -20.09338 -501.4349 -98.00025 -19.87769 -501.6099 -98.00025 -19.62781 -496.7538 -98.00025 -19.87769 -496.9695 -98.00025 -20.09338 -501.7388 -98.00025 -19.35133 -501.8178 -98.00025 -19.05669 -501.8443 -98.00025 -18.75281 -488.1368 -98.00025 -26.94931 -488.0118 -98.00025 -27.12781 -487.9197 -98.00025 -27.32527 -487.9197 -98.00025 -28.18033 -488.0118 -98.00025 -28.37781 -484.8443 -98.00025 -31.75281 -488.1368 -98.00025 -28.55629 -490.3443 -98.00025 -27.75281 -490.3254 -98.00025 -27.96986 -493.3443 -98.00025 -31.75281 -490.269 -98.00025 -28.18033 -487.8633 -98.00025 -27.53574 -487.8443 -98.00025 -27.75281 -487.8633 -98.00025 -27.96986 -490.3254 -98.00025 -27.53574 -490.269 -98.00025 -27.32527 -490.1769 -98.00025 -27.12781 -490.0519 -98.00025 -26.94931 -489.8978 -98.00025 -26.79524 -489.7193 -98.00025 -26.67027 -488.8773 -98.00025 -26.52179 -488.6668 -98.00025 -26.57819 -489.5219 -98.00025 -28.92741 -489.7193 -98.00025 -28.83533 -489.8978 -98.00025 -28.71036 -488.4693 -98.00025 -26.67027 -488.2908 -98.00025 -26.79524 -488.2908 -98.00025 -28.71036 -488.4693 -98.00025 -28.83533 -488.6668 -98.00025 -28.92741 -488.8773 -98.00025 -28.98381 -489.0943 -98.00025 -29.00281 -489.3114 -98.00025 -28.98381 -490.0519 -98.00025 -28.55629 -490.1769 -98.00025 -28.37781 -489.5219 -98.00025 -26.57819 -489.3114 -98.00025 -26.52179 -489.0943 -98.00025 -26.50281 -503.0943 -98.00025 -23.75281 -503.0943 -98.00025 -31.75281 -470.7193 -98.00025 -23.75281 -497.4958 -98.00025 2.891663 -497.2193 -98.00025 2.762741 -496.9695 -98.00025 -0.09338378 -497.2193 -98.00025 -0.2683487 -497.4958 -98.00025 -0.3972626 -500.9693 -98.00025 -0.2683487 -500.6929 -98.00025 -0.3972626 -500.3982 -98.00025 -0.4762116 -500.3982 -98.00025 2.970612 -500.6929 -98.00025 2.891663 -500.9693 -98.00025 2.762741 -496.5788 -98.00025 2.1222 -496.4499 -98.00025 1.845734 -497.7904 -98.00025 -0.4762116 -498.0943 -98.00025 -0.5028 -500.0943 -98.00025 -0.5028 -496.9695 -98.00025 2.587776 -496.7538 -98.00025 2.372078 -496.3709 -98.00025 1.551079 -496.3443 -98.00025 1.2472 -496.3709 -98.00025 0.9433136 -496.4499 -98.00025 0.6486664 -496.5788 -98.00025 0.3722 -496.7538 -98.00025 0.122322 -500.0943 -98.00025 2.9972 -498.0943 -98.00025 2.9972 -497.7904 -98.00025 2.970612 -501.2192 -98.00025 -0.09338378 -501.4349 -98.00025 0.122322 -501.6099 -98.00025 0.3722 -501.6099 -98.00025 2.1222 -501.7388 -98.00025 1.845734 -501.8178 -98.00025 1.551079 -501.4349 -98.00025 2.372078 -501.2192 -98.00025 2.587776 -501.7388 -98.00025 0.6486664 -501.8178 -98.00025 0.9433136 -501.8443 -98.00025 1.2472 -480.9693 -98.00025 -0.2683487 -480.6929 -98.00025 -0.3972626 -480.3982 -98.00025 -0.4762116 -476.4499 -98.00025 0.6486664 -476.5788 -98.00025 0.3722 -477.2193 -98.00025 -0.2683487 -477.4958 -98.00025 -0.3972626 -477.4958 -98.00025 2.891663 -477.2193 -98.00025 2.762741 -476.9695 -98.00025 2.587776 -476.7538 -98.00025 2.372078 -476.5788 -98.00025 2.1222 -476.4499 -98.00025 1.845734 -476.7538 -98.00025 0.122322 -476.9695 -98.00025 -0.09338378 -481.2192 -98.00025 -0.09338378 -481.4349 -98.00025 0.122322 -481.6099 -98.00025 0.3722 -476.3709 -98.00025 1.551079 -476.3443 -98.00025 1.2472 -476.3709 -98.00025 0.9433136 -477.7904 -98.00025 -0.4762116 -478.0943 -98.00025 -0.5028 -480.0943 -98.00025 -0.5028 -481.4349 -98.00025 2.372078 -481.2192 -98.00025 2.587776 -480.9693 -98.00025 2.762741 -480.6929 -98.00025 2.891663 -480.3982 -98.00025 2.970612 -480.0943 -98.00025 2.9972 -478.0943 -98.00025 2.9972 -477.7904 -98.00025 2.970612 -481.7388 -98.00025 0.6486664 -481.8178 -98.00025 0.9433136 -481.8443 -98.00025 1.2472 -481.8178 -98.00025 1.551079 -481.7388 -98.00025 1.845734 -481.6099 -98.00025 2.1222 -503.0943 -98.00025 20.2472 -470.7193 -98.00025 20.2472 -465.0943 -98.00025 -20.75281 -465.0943 -98.00025 -17.75281 -465.0943 -98.00025 -5.7528 -465.0943 -98.00025 4.2472 -465.0943 -98.00025 6.2472 -465.0943 -98.00025 9.2472 -465.0943 -98.00025 20.2472 -490.3254 -95.00025 -27.53574 -490.3443 -95.00025 -27.75281 -493.3443 -95.00025 -23.75281 -503.0943 -95.00025 9.2472 -503.0943 -95.00025 20.2472 -493.3443 -95.00025 20.2472 -490.3254 -95.00025 16.46426 -490.3443 -95.00025 16.2472 -488.1368 -95.00025 9.050683 -488.2908 -95.00025 9.204758 -484.8443 -95.00025 9.2472 -496.4499 -95.00025 -18.15427 -496.5788 -95.00025 -17.87781 -493.3443 -95.00025 -17.75281 -496.4499 -95.00025 -19.35133 -496.3709 -95.00025 -19.05669 -493.3443 -95.00025 -20.75281 -501.7388 -95.00025 -19.35133 -501.6099 -95.00025 -19.62781 -503.0943 -95.00025 -20.75281 -503.0943 -95.00025 -17.75281 -501.6099 -95.00025 -17.87781 -501.7388 -95.00025 -18.15427 -496.3443 -95.00025 -18.75281 -496.3709 -95.00025 -18.44891 -501.4349 -95.00025 -19.87769 -501.2192 -95.00025 -20.09338 -500.9693 -95.00025 -20.26834 -498.0943 -95.00025 -20.50281 -497.7904 -95.00025 -20.47621 -500.6929 -95.00025 -20.39726 -500.3982 -95.00025 -20.47621 -500.0943 -95.00025 -20.50281 -497.4958 -95.00025 -20.39726 -497.2193 -95.00025 -20.26834 -496.9695 -95.00025 -20.09338 -501.8178 -95.00025 -18.44891 -501.8443 -95.00025 -18.75281 -501.8178 -95.00025 -19.05669 -496.7538 -95.00025 -19.87769 -496.5788 -95.00025 -19.62781 -500.6929 -95.00025 -11.10834 -500.9693 -95.00025 -11.23726 -503.0943 -95.00025 -5.7528 -496.7538 -95.00025 -11.62793 -493.3443 -95.00025 -5.7528 -496.5788 -95.00025 -11.87781 -496.4499 -95.00025 -12.15427 -496.9695 -95.00025 -11.41222 -497.2193 -95.00025 -11.23726 -497.4958 -95.00025 -11.10834 -500.3982 -95.00025 -11.02939 -501.8443 -95.00025 -12.75281 -501.8178 -95.00025 -13.05669 -501.6099 -95.00025 -11.87781 -501.7388 -95.00025 -12.15427 -501.8178 -95.00025 -12.44891 -501.6099 -95.00025 -13.62781 -501.4349 -95.00025 -13.87769 -501.2192 -95.00025 -17.41222 -501.2192 -95.00025 -14.09338 -497.2193 -95.00025 -17.23726 -497.7904 -95.00025 -14.47621 -496.9695 -95.00025 -17.41222 -497.4958 -95.00025 -14.39726 -496.7538 -95.00025 -17.62793 -496.9695 -95.00025 -14.09338 -496.7538 -95.00025 -13.87769 -496.5788 -95.00025 -13.62781 -496.4499 -95.00025 -13.35133 -501.2192 -95.00025 -11.41222 -501.4349 -95.00025 -11.62793 -501.4349 -95.00025 -17.62793 -501.7388 -95.00025 -13.35133 -500.9693 -95.00025 -14.26834 -500.6929 -95.00025 -14.39726 -500.9693 -95.00025 -17.23726 -500.3982 -95.00025 -14.47621 -500.6929 -95.00025 -17.10834 -497.4958 -95.00025 -17.10834 -497.7904 -95.00025 -17.02939 -498.0943 -95.00025 -14.50281 -498.0943 -95.00025 -17.00281 -500.0943 -95.00025 -14.50281 -500.0943 -95.00025 -17.00281 -500.3982 -95.00025 -17.02939 -497.2193 -95.00025 -14.26834 -496.3709 -95.00025 -13.05669 -496.3443 -95.00025 -12.75281 -496.3709 -95.00025 -12.44891 -497.7904 -95.00025 -11.02939 -498.0943 -95.00025 -11.00281 -500.0943 -95.00025 -11.00281 -496.5788 -95.00025 6.3722 -496.4499 -95.00025 6.648666 -493.3443 -95.00025 6.2472 -496.4499 -95.00025 7.845734 -496.5788 -95.00025 8.1222 -493.3443 -95.00025 9.2472 -496.7538 -95.00025 8.372078 -497.4958 -95.00025 8.891663 -497.7904 -95.00025 8.970612 -498.0943 -95.00025 8.9972 -500.0943 -95.00025 8.9972 -500.3982 -95.00025 8.970612 -500.6929 -95.00025 8.891663 -500.9693 -95.00025 8.762742 -496.3709 -95.00025 6.943314 -496.3443 -95.00025 7.2472 -496.3709 -95.00025 7.551086 -496.9695 -95.00025 8.587777 -497.2193 -95.00025 8.762742 -501.8178 -95.00025 6.943314 -501.7388 -95.00025 6.648666 -503.0943 -95.00025 6.2472 -501.2192 -95.00025 8.587777 -501.4349 -95.00025 8.372078 -501.6099 -95.00025 8.1222 -501.7388 -95.00025 7.845734 -501.8178 -95.00025 7.551086 -501.8443 -95.00025 7.2472 -501.6099 -95.00025 6.3722 -501.4349 -95.00025 6.122322 -503.0943 -95.00025 4.2472 -501.2192 -95.00025 5.906624 -500.9693 -95.00025 5.731651 -500.6929 -95.00025 5.602737 -500.3982 -95.00025 5.523781 -497.4958 -95.00025 5.602737 -497.2193 -95.00025 5.731651 -493.3443 -95.00025 4.2472 -496.9695 -95.00025 5.906624 -496.7538 -95.00025 6.122322 -500.0943 -95.00025 5.4972 -498.0943 -95.00025 5.4972 -497.7904 -95.00025 5.523781 -484.8443 -95.00025 6.2472 -481.4349 -95.00025 6.122322 -484.8443 -95.00025 4.2472 -481.2192 -95.00025 5.906624 -480.9693 -95.00025 5.731651 -480.6929 -95.00025 5.602737 -480.3982 -95.00025 5.523781 -480.0943 -95.00025 5.4972 -478.0943 -95.00025 5.4972 -470.7193 -95.00025 4.2472 -477.7904 -95.00025 5.523781 -477.4958 -95.00025 5.602737 -477.2193 -95.00025 5.731651 -476.9695 -95.00025 5.906624 -470.7193 -95.00025 6.2472 -476.7538 -95.00025 6.122322 -476.5788 -95.00025 6.3722 -470.7193 -95.00025 9.2472 -476.7538 -95.00025 8.372078 -476.9695 -95.00025 8.587777 -477.2193 -95.00025 8.762742 -477.4958 -95.00025 8.891663 -477.7904 -95.00025 8.970612 -476.3443 -95.00025 7.2472 -476.3709 -95.00025 7.551086 -476.4499 -95.00025 7.845734 -476.5788 -95.00025 8.1222 -478.0943 -95.00025 8.9972 -480.0943 -95.00025 8.9972 -480.3982 -95.00025 8.970612 -480.6929 -95.00025 8.891663 -480.9693 -95.00025 8.762742 -476.4499 -95.00025 6.648666 -476.3709 -95.00025 6.943314 -481.8178 -95.00025 6.943314 -481.7388 -95.00025 6.648666 -481.6099 -95.00025 6.3722 -481.2192 -95.00025 8.587777 -481.4349 -95.00025 8.372078 -481.6099 -95.00025 8.1222 -481.7388 -95.00025 7.845734 -481.8178 -95.00025 7.551086 -481.8443 -95.00025 7.2472 -489.0943 -95.00025 6.9972 -488.8773 -95.00025 7.01619 -488.6668 -95.00025 7.072586 -488.4693 -95.00025 7.164665 -490.1769 -95.00025 8.8722 -490.269 -95.00025 8.674721 -488.2908 -95.00025 7.289642 -488.1368 -95.00025 7.443718 -488.0118 -95.00025 7.6222 -487.8633 -95.00025 8.464257 -487.9197 -95.00025 8.674721 -488.0118 -95.00025 8.8722 -489.8978 -95.00025 7.289642 -489.7193 -95.00025 7.164665 -489.5219 -95.00025 7.072586 -489.3114 -95.00025 7.01619 -490.3254 -95.00025 8.464257 -490.3443 -95.00025 8.2472 -490.3254 -95.00025 8.030144 -490.269 -95.00025 7.819672 -487.9197 -95.00025 7.819672 -487.8633 -95.00025 8.030144 -487.8443 -95.00025 8.2472 -490.1769 -95.00025 7.6222 -490.0519 -95.00025 7.443718 -489.7193 -95.00025 9.329728 -489.8978 -95.00025 9.204758 -490.0519 -95.00025 9.050683 -488.4693 -95.00025 9.329728 -488.6668 -95.00025 9.421814 -488.6668 -95.00025 15.07258 -488.8773 -95.00025 9.478211 -488.8773 -95.00025 15.01619 -488.4693 -95.00025 15.16466 -488.1368 -95.00025 17.05068 -488.2908 -95.00025 17.20476 -484.8443 -95.00025 20.2472 -488.4693 -95.00025 17.32974 -488.6668 -95.00025 17.42181 -490.0519 -95.00025 15.44371 -489.8978 -95.00025 15.28964 -489.5219 -95.00025 9.421814 -488.8773 -95.00025 17.47821 -489.0943 -95.00025 17.4972 -489.3114 -95.00025 17.47821 -489.5219 -95.00025 17.42181 -489.7193 -95.00025 15.16466 -489.5219 -95.00025 15.07258 -489.3114 -95.00025 15.01619 -489.0943 -95.00025 14.9972 -489.0943 -95.00025 9.4972 -489.3114 -95.00025 9.478211 -488.2908 -95.00025 15.28964 -488.1368 -95.00025 15.44371 -488.0118 -95.00025 15.6222 -487.8633 -95.00025 16.46426 -487.9197 -95.00025 16.67473 -488.0118 -95.00025 16.8722 -489.7193 -95.00025 17.32974 -489.8978 -95.00025 17.20476 -490.0519 -95.00025 17.05068 -487.9197 -95.00025 15.81967 -487.8633 -95.00025 16.03014 -487.8443 -95.00025 16.2472 -490.1769 -95.00025 16.8722 -490.269 -95.00025 16.67473 -490.3254 -95.00025 16.03014 -490.269 -95.00025 15.81967 -490.1769 -95.00025 15.6222 -487.9197 -95.00025 -19.32527 -488.0118 -95.00025 -19.12781 -484.8443 -95.00025 -17.75281 -488.1368 -95.00025 -18.94931 -488.2908 -95.00025 -18.79524 -490.3254 -95.00025 -19.53574 -490.3443 -95.00025 -19.75281 -490.3254 -95.00025 -19.96986 -490.269 -95.00025 -20.18033 -490.1769 -95.00025 -20.37781 -488.2908 -95.00025 -20.71036 -488.1368 -95.00025 -20.55629 -484.8443 -95.00025 -20.75281 -488.0118 -95.00025 -20.37781 -487.9197 -95.00025 -20.18033 -488.4693 -95.00025 -18.67027 -488.6668 -95.00025 -18.57819 -488.8773 -95.00025 -18.52179 -487.8633 -95.00025 -19.96986 -487.8443 -95.00025 -19.75281 -487.8633 -95.00025 -19.53574 -489.0943 -95.00025 -18.50281 -489.3114 -95.00025 -18.52179 -489.5219 -95.00025 -18.57819 -489.7193 -95.00025 -18.67027 -489.8978 -95.00025 -18.79524 -490.0519 -95.00025 -18.94931 -490.1769 -95.00025 -19.12781 -490.269 -95.00025 -19.32527 -488.4693 -95.00025 -20.83533 -484.8443 -95.00025 -23.75281 -488.6668 -95.00025 -20.92741 -490.0519 -95.00025 -20.55629 -489.8978 -95.00025 -20.71036 -489.7193 -95.00025 -20.83533 -489.5219 -95.00025 -20.92741 -489.3114 -95.00025 -20.98381 -489.0943 -95.00025 -21.00281 -488.8773 -95.00025 -20.98381 -481.7388 -95.00025 -13.35133 -481.6099 -95.00025 -13.62781 -481.8178 -95.00025 -13.05669 -481.4349 -95.00025 -13.87769 -481.2192 -95.00025 -14.09338 -481.2192 -95.00025 -17.41222 -480.6929 -95.00025 -11.10834 -480.9693 -95.00025 -11.23726 -484.8443 -95.00025 -5.7528 -480.9693 -95.00025 -14.26834 -480.6929 -95.00025 -14.39726 -480.9693 -95.00025 -17.23726 -480.3982 -95.00025 -14.47621 -480.6929 -95.00025 -17.10834 -476.3709 -95.00025 -12.44891 -476.4499 -95.00025 -12.15427 -470.7193 -95.00025 -5.7528 -476.5788 -95.00025 -11.87781 -476.7538 -95.00025 -11.62793 -476.9695 -95.00025 -11.41222 -477.2193 -95.00025 -11.23726 -477.4958 -95.00025 -11.10834 -480.3982 -95.00025 -11.02939 -481.2192 -95.00025 -11.41222 -481.4349 -95.00025 -11.62793 -481.6099 -95.00025 -11.87781 -481.7388 -95.00025 -12.15427 -481.8178 -95.00025 -12.44891 -481.8443 -95.00025 -12.75281 -477.2193 -95.00025 -17.23726 -477.7904 -95.00025 -14.47621 -476.9695 -95.00025 -17.41222 -477.4958 -95.00025 -14.39726 -476.7538 -95.00025 -17.62793 -477.2193 -95.00025 -14.26834 -476.9695 -95.00025 -14.09338 -476.7538 -95.00025 -13.87769 -476.5788 -95.00025 -13.62781 -476.4499 -95.00025 -13.35133 -476.3709 -95.00025 -13.05669 -476.3443 -95.00025 -12.75281 -477.4958 -95.00025 -17.10834 -477.7904 -95.00025 -17.02939 -478.0943 -95.00025 -14.50281 -478.0943 -95.00025 -17.00281 -480.0943 -95.00025 -14.50281 -480.0943 -95.00025 -17.00281 -480.3982 -95.00025 -17.02939 -477.7904 -95.00025 -11.02939 -478.0943 -95.00025 -11.00281 -480.0943 -95.00025 -11.00281 -481.4349 -95.00025 -17.62793 -481.6099 -95.00025 -17.87781 -481.7388 -95.00025 -18.15427 -481.7388 -95.00025 -19.35133 -481.6099 -95.00025 -19.62781 -476.5788 -95.00025 -17.87781 -470.7193 -95.00025 -17.75281 -476.4499 -95.00025 -18.15427 -476.3709 -95.00025 -18.44891 -481.8178 -95.00025 -18.44891 -481.8443 -95.00025 -18.75281 -481.8178 -95.00025 -19.05669 -481.4349 -95.00025 -19.87769 -481.2192 -95.00025 -20.09338 -480.9693 -95.00025 -20.26834 -478.0943 -95.00025 -20.50281 -477.7904 -95.00025 -20.47621 -470.7193 -95.00025 -20.75281 -477.4958 -95.00025 -20.39726 -477.2193 -95.00025 -20.26834 -476.9695 -95.00025 -20.09338 -476.7538 -95.00025 -19.87769 -476.5788 -95.00025 -19.62781 -476.4499 -95.00025 -19.35133 -476.3709 -95.00025 -19.05669 -476.3443 -95.00025 -18.75281 -480.6929 -95.00025 -20.39726 -480.3982 -95.00025 -20.47621 -480.0943 -95.00025 -20.50281 -470.7193 -95.00025 20.2472 -501.8178 -95.00025 0.9433136 -501.8443 -95.00025 1.2472 -501.7388 -95.00025 0.6486664 -501.6099 -95.00025 0.3722 -501.4349 -95.00025 0.122322 -501.2192 -95.00025 -0.09338378 -500.9693 -95.00025 -0.2683487 -500.6929 -95.00025 -0.3972626 -500.9693 -95.00025 2.762741 -500.6929 -95.00025 2.891663 -500.3982 -95.00025 2.970612 -497.2193 -95.00025 -0.2683487 -497.4958 -95.00025 -0.3972626 -497.7904 -95.00025 -0.4762116 -496.3709 -95.00025 1.551079 -496.4499 -95.00025 1.845734 -496.5788 -95.00025 2.1222 -496.7538 -95.00025 2.372078 -500.3982 -95.00025 -0.4762116 -500.0943 -95.00025 -0.5028 -498.0943 -95.00025 -0.5028 -496.9695 -95.00025 2.587776 -497.2193 -95.00025 2.762741 -497.4958 -95.00025 2.891663 -497.7904 -95.00025 2.970612 -498.0943 -95.00025 2.9972 -500.0943 -95.00025 2.9972 -501.2192 -95.00025 2.587776 -501.4349 -95.00025 2.372078 -501.6099 -95.00025 2.1222 -496.9695 -95.00025 -0.09338378 -496.7538 -95.00025 0.122322 -496.5788 -95.00025 0.3722 -501.7388 -95.00025 1.845734 -501.8178 -95.00025 1.551079 -496.4499 -95.00025 0.6486664 -496.3709 -95.00025 0.9433136 -496.3443 -95.00025 1.2472 -481.8443 -95.00025 1.2472 -481.8178 -95.00025 0.9433136 -481.7388 -95.00025 0.6486664 -481.6099 -95.00025 0.3722 -481.4349 -95.00025 0.122322 -481.2192 -95.00025 -0.09338378 -480.9693 -95.00025 -0.2683487 -480.6929 -95.00025 -0.3972626 -480.9693 -95.00025 2.762741 -480.6929 -95.00025 2.891663 -480.3982 -95.00025 2.970612 -476.7538 -95.00025 2.372078 -476.9695 -95.00025 2.587776 -477.2193 -95.00025 2.762741 -477.4958 -95.00025 2.891663 -477.2193 -95.00025 -0.2683487 -477.4958 -95.00025 -0.3972626 -477.7904 -95.00025 -0.4762116 -477.7904 -95.00025 2.970612 -478.0943 -95.00025 2.9972 -480.0943 -95.00025 2.9972 -481.2192 -95.00025 2.587776 -481.4349 -95.00025 2.372078 -481.6099 -95.00025 2.1222 -476.3709 -95.00025 1.551079 -476.4499 -95.00025 1.845734 -476.5788 -95.00025 2.1222 -481.7388 -95.00025 1.845734 -481.8178 -95.00025 1.551079 -480.3982 -95.00025 -0.4762116 -480.0943 -95.00025 -0.5028 -478.0943 -95.00025 -0.5028 -476.9695 -95.00025 -0.09338378 -476.7538 -95.00025 0.122322 -476.5788 -95.00025 0.3722 -476.4499 -95.00025 0.6486664 -476.3709 -95.00025 0.9433136 -476.3443 -95.00025 1.2472 -503.0943 -95.00025 -23.75281 -503.0943 -95.00025 -31.75281 -493.3443 -95.00025 -31.75281 -490.3254 -95.00025 -27.96986 -488.1368 -95.00025 -28.55629 -488.0118 -95.00025 -28.37781 -484.8443 -95.00025 -31.75281 -487.9197 -95.00025 -28.18033 -487.9197 -95.00025 -27.32527 -488.0118 -95.00025 -27.12781 -488.1368 -95.00025 -26.94931 -490.269 -95.00025 -28.18033 -490.1769 -95.00025 -28.37781 -490.0519 -95.00025 -28.55629 -489.8978 -95.00025 -28.71036 -489.7193 -95.00025 -28.83533 -489.5219 -95.00025 -28.92741 -487.8633 -95.00025 -27.96986 -487.8443 -95.00025 -27.75281 -487.8633 -95.00025 -27.53574 -489.5219 -95.00025 -26.57819 -489.7193 -95.00025 -26.67027 -489.8978 -95.00025 -26.79524 -490.0519 -95.00025 -26.94931 -490.1769 -95.00025 -27.12781 -490.269 -95.00025 -27.32527 -488.2908 -95.00025 -26.79524 -488.4693 -95.00025 -26.67027 -488.6668 -95.00025 -26.57819 -488.6668 -95.00025 -28.92741 -488.4693 -95.00025 -28.83533 -488.2908 -95.00025 -28.71036 -488.8773 -95.00025 -26.52179 -489.0943 -95.00025 -26.50281 -489.3114 -95.00025 -26.52179 -489.3114 -95.00025 -28.98381 -489.0943 -95.00025 -29.00281 -488.8773 -95.00025 -28.98381 -470.7193 -95.00025 -23.75281 -470.7193 -95.00025 -31.75281 -465.0943 -95.00025 20.2472 -465.0943 -95.00025 9.2472 -465.0943 -95.00025 6.2472 -465.0943 -95.00025 4.2472 -465.0943 -95.00025 -5.7528 -465.0943 -95.00025 -17.75281 -465.0943 -95.00025 -20.75281 -465.0943 -95.00025 -23.75281 -465.0943 -95.00025 -31.75281 -507.0943 -94.00025 -31.75281 -507.0943 -9.000245 -31.75281 -504.0943 -94.00025 -31.75281 -504.0943 -9.000245 -31.75281 -504.0943 -94.00025 20.2472 -504.0943 -9.000245 20.2472 -507.0943 -9.000245 20.2472 -507.0943 -94.00025 20.2472 -507.1095 -8.8266 20.2472 -504.1551 -8.305665 20.2472 -507.1546 -8.658234 20.2472 -504.3356 -7.632172 20.2472 -507.2283 -8.500245 20.2472 -504.6302 -7.000244 20.2472 -507.3283 -8.357468 20.2472 -505.0302 -6.429092 20.2472 -507.4515 -8.234192 20.2472 -505.5232 -5.936066 20.2472 -507.5943 -8.134217 20.2472 -506.0943 -5.536148 20.2472 -507.7523 -8.060563 20.2472 -506.7263 -5.241486 20.2472 -507.9207 -8.015442 20.2472 -507.3998 -5.06102 20.2472 -508.0943 -8.000245 20.2472 -508.0943 -5.000244 20.2472 -508.0943 -8.000245 -31.75281 -508.0943 -5.000244 -31.75281 -507.9207 -8.015442 -31.75281 -507.3998 -5.06102 -31.75281 -507.7523 -8.060563 -31.75281 -506.7263 -5.241486 -31.75281 -507.5943 -8.134217 -31.75281 -506.0943 -5.536148 -31.75281 -507.4515 -8.234192 -31.75281 -505.5232 -5.936066 -31.75281 -507.3283 -8.357468 -31.75281 -505.0302 -6.429092 -31.75281 -507.2283 -8.500245 -31.75281 -504.6302 -7.000244 -31.75281 -507.1546 -8.658234 -31.75281 -504.3356 -7.632172 -31.75281 -507.1095 -8.8266 -31.75281 -504.1551 -8.305665 -31.75281 -508.0943 -5.000244 3.2472 -508.0943 -5.000244 -28.57781 -508.0943 -5.000244 -14.75281 -508.0943 -8.000245 3.2472 -508.0943 -8.000245 -14.75281 -508.0943 -8.000245 -28.57781 -524.0943 -8.000245 -31.75281 -524.0943 -5.000244 -31.75281 -519.0943 -8.000245 -31.75281 -519.0943 -5.000244 -31.75281 -510.2693 -8.000245 -31.75281 -510.2693 -5.000244 -31.75281 -510.2693 -8.000245 20.2472 -510.2693 -5.000244 20.2472 -519.0943 -8.000245 20.2472 -519.0943 -5.000244 20.2472 -524.0943 -8.000245 20.2472 -524.0943 -5.000244 20.2472 -515.7192 -5.000244 -5.466278 -515.7443 -5.000244 -5.7528 -519.0943 -5.000244 3.2472 -515.7192 -5.000244 12.53372 -515.7443 -5.000244 12.2472 -524.3808 -5.000244 13.87213 -524.6586 -5.000244 13.79769 -526.5943 -5.000244 19.57732 -525.6448 -5.000244 12.81153 -525.7192 -5.000244 12.53372 -529.0943 -5.000244 15.2472 -524.6586 -5.000244 10.69671 -524.3808 -5.000244 10.62226 -524.0943 -5.000244 3.2472 -527.3082 -5.000244 19.07742 -524.9193 -5.000244 13.67614 -527.9245 -5.000244 18.46114 -528.4244 -5.000244 17.7472 -525.1549 -5.000244 13.51117 -528.7928 -5.000244 16.9573 -525.3583 -5.000244 13.3078 -529.0183 -5.000244 16.11544 -525.5233 -5.000244 11.4222 -525.3583 -5.000244 11.1866 -529.0943 -5.000244 3.2472 -525.1549 -5.000244 10.98322 -524.9193 -5.000244 10.81825 -525.5233 -5.000244 13.0722 -525.7443 -5.000244 12.2472 -525.7192 -5.000244 11.96068 -525.6448 -5.000244 11.68287 -525.7443 -5.000244 -23.75281 -525.7192 -5.000244 -24.03932 -529.0943 -5.000244 -26.75281 -524.6586 -5.000244 -22.2023 -524.9193 -5.000244 -22.32385 -529.0943 -5.000244 -14.75281 -525.1549 -5.000244 -22.48883 -525.3583 -5.000244 -22.6922 -525.5233 -5.000244 -22.9278 -525.6448 -5.000244 -23.18846 -525.7192 -5.000244 -23.46628 -524.3808 -5.000244 -22.12787 -524.0943 -5.000244 -14.75281 -524.0943 -5.000244 -22.1028 -525.1549 -5.000244 -25.01677 -528.7928 -5.000244 -28.46291 -525.3583 -5.000244 -24.8134 -529.0183 -5.000244 -27.62105 -525.5233 -5.000244 -24.57781 -525.6448 -5.000244 -24.31714 -524.9193 -5.000244 -25.18175 -524.6586 -5.000244 -25.3033 -524.0943 -5.000244 -28.57781 -524.3808 -5.000244 -25.37773 -524.0943 -5.000244 -25.4028 -527.3082 -5.000244 -30.58302 -527.9245 -5.000244 -29.96674 -528.4244 -5.000244 -29.25281 -524.9625 -5.000244 -31.67683 -525.8044 -5.000244 -31.45126 -526.5943 -5.000244 -31.08293 -524.0943 -5.000244 -4.102798 -524.3808 -5.000244 -4.127869 -524.6586 -5.000244 -4.202309 -525.7192 -5.000244 -5.466278 -525.7443 -5.000244 -5.7528 -525.7192 -5.000244 -6.039322 -525.6448 -5.000244 -6.317131 -524.9193 -5.000244 -4.32386 -525.1549 -5.000244 -4.488831 -525.3583 -5.000244 -4.6922 -525.5233 -5.000244 -6.577805 -525.3583 -5.000244 -6.8134 -525.1549 -5.000244 -7.016777 -525.5233 -5.000244 -4.927803 -525.6448 -5.000244 -5.188469 -524.3808 -5.000244 -7.377731 -524.6586 -5.000244 -7.303291 -524.9193 -5.000244 -7.181747 -523.2693 -5.000244 -7.181747 -523.0337 -5.000244 -7.016777 -519.0943 -5.000244 -14.75281 -524.0943 -5.000244 -7.402801 -523.8078 -5.000244 -7.377731 -523.53 -5.000244 -7.303291 -522.8303 -5.000244 -6.8134 -522.6654 -5.000244 -6.577805 -522.5438 -5.000244 -6.317131 -522.5438 -5.000244 -5.188469 -522.6654 -5.000244 -4.927803 -522.8303 -5.000244 -4.6922 -523.0337 -5.000244 -4.488831 -523.2693 -5.000244 -4.32386 -523.53 -5.000244 -4.202309 -523.8078 -5.000244 -4.127869 -522.4694 -5.000244 -6.039322 -522.4443 -5.000244 -5.7528 -522.4694 -5.000244 -5.466278 -524.0943 -5.000244 10.5972 -523.8078 -5.000244 10.62226 -523.53 -5.000244 10.69671 -523.2693 -5.000244 10.81825 -523.53 -5.000244 13.79769 -522.6654 -5.000244 11.4222 -522.5438 -5.000244 11.68287 -525.8044 -5.000244 19.94566 -524.9625 -5.000244 20.17123 -524.0943 -5.000244 13.8972 -523.8078 -5.000244 13.87213 -523.0337 -5.000244 10.98322 -522.8303 -5.000244 11.1866 -522.8303 -5.000244 13.3078 -522.6654 -5.000244 13.0722 -522.5438 -5.000244 12.81153 -523.0337 -5.000244 13.51117 -523.2693 -5.000244 13.67614 -522.4694 -5.000244 11.96068 -522.4443 -5.000244 12.2472 -522.4694 -5.000244 12.53372 -523.0337 -5.000244 -25.01677 -522.8303 -5.000244 -24.8134 -519.0943 -5.000244 -28.57781 -522.6654 -5.000244 -24.57781 -522.5438 -5.000244 -24.31714 -522.4694 -5.000244 -24.03932 -522.4443 -5.000244 -23.75281 -522.4694 -5.000244 -23.46628 -522.5438 -5.000244 -23.18846 -522.6654 -5.000244 -22.9278 -522.8303 -5.000244 -22.6922 -523.0337 -5.000244 -22.48883 -523.8078 -5.000244 -25.37773 -523.53 -5.000244 -25.3033 -523.2693 -5.000244 -25.18175 -523.2693 -5.000244 -22.32385 -523.53 -5.000244 -22.2023 -523.8078 -5.000244 -22.12787 -515.6448 -5.000244 11.68287 -515.5233 -5.000244 11.4222 -513.8078 -5.000244 10.62226 -513.53 -5.000244 10.69671 -510.2693 -5.000244 3.2472 -513.2693 -5.000244 10.81825 -513.0337 -5.000244 10.98322 -515.7192 -5.000244 11.96068 -515.3583 -5.000244 11.1866 -515.1549 -5.000244 10.98322 -514.9193 -5.000244 10.81825 -514.6586 -5.000244 10.69671 -514.3808 -5.000244 10.62226 -514.0943 -5.000244 10.5972 -512.6654 -5.000244 13.0722 -512.8303 -5.000244 13.3078 -512.8303 -5.000244 11.1866 -512.6654 -5.000244 11.4222 -512.5438 -5.000244 11.68287 -512.5438 -5.000244 12.81153 -513.0337 -5.000244 13.51117 -513.2693 -5.000244 13.67614 -513.53 -5.000244 13.79769 -513.8078 -5.000244 13.87213 -514.0943 -5.000244 13.8972 -514.3808 -5.000244 13.87213 -514.6586 -5.000244 13.79769 -514.9193 -5.000244 13.67614 -515.1549 -5.000244 13.51117 -515.3583 -5.000244 13.3078 -515.5233 -5.000244 13.0722 -515.6448 -5.000244 12.81153 -512.4694 -5.000244 11.96068 -512.4443 -5.000244 12.2472 -512.4694 -5.000244 12.53372 -514.3808 -5.000244 -7.377731 -510.2693 -5.000244 -14.75281 -514.0943 -5.000244 -7.402801 -513.8078 -5.000244 -7.377731 -514.3808 -5.000244 -4.127869 -514.6586 -5.000244 -4.202309 -515.1549 -5.000244 -7.016777 -514.9193 -5.000244 -7.181747 -514.6586 -5.000244 -7.303291 -514.0943 -5.000244 -4.102798 -513.8078 -5.000244 -4.127869 -515.7192 -5.000244 -6.039322 -515.6448 -5.000244 -6.317131 -515.5233 -5.000244 -6.577805 -515.3583 -5.000244 -6.8134 -514.9193 -5.000244 -4.32386 -515.1549 -5.000244 -4.488831 -515.3583 -5.000244 -4.6922 -513.53 -5.000244 -7.303291 -513.2693 -5.000244 -7.181747 -513.0337 -5.000244 -7.016777 -512.8303 -5.000244 -6.8134 -512.6654 -5.000244 -6.577805 -512.5438 -5.000244 -6.317131 -512.4694 -5.000244 -6.039322 -512.4443 -5.000244 -5.7528 -512.4694 -5.000244 -5.466278 -512.5438 -5.000244 -5.188469 -512.6654 -5.000244 -4.927803 -512.8303 -5.000244 -4.6922 -513.0337 -5.000244 -4.488831 -513.2693 -5.000244 -4.32386 -513.53 -5.000244 -4.202309 -515.5233 -5.000244 -4.927803 -515.6448 -5.000244 -5.188469 -515.5233 -5.000244 -24.57781 -515.6448 -5.000244 -24.31714 -515.7192 -5.000244 -24.03932 -515.3583 -5.000244 -24.8134 -515.1549 -5.000244 -25.01677 -514.9193 -5.000244 -25.18175 -514.0943 -5.000244 -25.4028 -510.2693 -5.000244 -28.57781 -514.3808 -5.000244 -25.37773 -514.6586 -5.000244 -25.3033 -514.6586 -5.000244 -22.2023 -514.9193 -5.000244 -22.32385 -513.8078 -5.000244 -25.37773 -513.53 -5.000244 -25.3033 -513.2693 -5.000244 -25.18175 -512.6654 -5.000244 -24.57781 -512.5438 -5.000244 -24.31714 -512.8303 -5.000244 -22.6922 -512.6654 -5.000244 -22.9278 -512.5438 -5.000244 -23.18846 -513.0337 -5.000244 -22.48883 -513.2693 -5.000244 -22.32385 -513.53 -5.000244 -22.2023 -513.0337 -5.000244 -25.01677 -512.8303 -5.000244 -24.8134 -513.8078 -5.000244 -22.12787 -514.0943 -5.000244 -22.1028 -514.3808 -5.000244 -22.12787 -515.1549 -5.000244 -22.48883 -515.3583 -5.000244 -22.6922 -515.5233 -5.000244 -22.9278 -512.4694 -5.000244 -24.03932 -512.4443 -5.000244 -23.75281 -512.4694 -5.000244 -23.46628 -515.6448 -5.000244 -23.18846 -515.7192 -5.000244 -23.46628 -515.7443 -5.000244 -23.75281 -523.8078 -8.000245 -25.37773 -524.0943 -8.000245 -25.4028 -524.0943 -8.000245 -28.57781 -524.6586 -8.000245 10.69671 -529.0943 -8.000245 3.2472 -524.3808 -8.000245 10.62226 -524.0943 -8.000245 3.2472 -524.0943 -8.000245 10.5972 -523.8078 -8.000245 10.62226 -525.7443 -8.000245 12.2472 -525.7192 -8.000245 12.53372 -529.0943 -8.000245 15.2472 -524.9193 -8.000245 10.81825 -525.1549 -8.000245 10.98322 -525.3583 -8.000245 11.1866 -525.5233 -8.000245 11.4222 -525.6448 -8.000245 11.68287 -525.7192 -8.000245 11.96068 -524.6586 -8.000245 13.79769 -527.3082 -8.000245 19.07742 -524.9193 -8.000245 13.67614 -527.9245 -8.000245 18.46114 -525.1549 -8.000245 13.51117 -525.6448 -8.000245 12.81153 -525.5233 -8.000245 13.0722 -529.0183 -8.000245 16.11544 -525.3583 -8.000245 13.3078 -528.7928 -8.000245 16.9573 -528.4244 -8.000245 17.7472 -527.9245 -8.000245 -29.96674 -528.4244 -8.000245 -29.25281 -528.7928 -8.000245 -28.46291 -527.3082 -8.000245 -30.58302 -526.5943 -8.000245 -31.08293 -525.8044 -8.000245 -31.45126 -525.6448 -8.000245 -24.31714 -525.7192 -8.000245 -24.03932 -529.0943 -8.000245 -26.75281 -524.3808 -8.000245 -25.37773 -524.6586 -8.000245 -25.3033 -525.6448 -8.000245 -23.18846 -529.0943 -8.000245 -14.75281 -525.7192 -8.000245 -23.46628 -525.7443 -8.000245 -23.75281 -525.5233 -8.000245 -22.9278 -525.3583 -8.000245 -22.6922 -525.1549 -8.000245 -22.48883 -524.9193 -8.000245 -25.18175 -525.1549 -8.000245 -25.01677 -529.0183 -8.000245 -27.62105 -525.3583 -8.000245 -24.8134 -525.5233 -8.000245 -24.57781 -524.9193 -8.000245 -22.32385 -524.6586 -8.000245 -22.2023 -524.0943 -8.000245 -14.75281 -524.3808 -8.000245 -22.12787 -524.0943 -8.000245 -7.402801 -524.3808 -8.000245 -7.377731 -525.6448 -8.000245 -6.317131 -525.7192 -8.000245 -6.039322 -525.7443 -8.000245 -5.7528 -525.7192 -8.000245 -5.466278 -525.6448 -8.000245 -5.188469 -524.9193 -8.000245 -7.181747 -525.1549 -8.000245 -7.016777 -525.5233 -8.000245 -4.927803 -525.3583 -8.000245 -4.6922 -525.1549 -8.000245 -4.488831 -524.6586 -8.000245 -7.303291 -525.3583 -8.000245 -6.8134 -525.5233 -8.000245 -6.577805 -524.9193 -8.000245 -4.32386 -524.6586 -8.000245 -4.202309 -524.3808 -8.000245 -4.127869 -524.0943 -8.000245 -4.102798 -523.8078 -8.000245 -4.127869 -523.53 -8.000245 -4.202309 -519.0943 -8.000245 3.2472 -523.2693 -8.000245 -4.32386 -523.0337 -8.000245 -4.488831 -522.5438 -8.000245 -6.317131 -522.6654 -8.000245 -6.577805 -519.0943 -8.000245 -14.75281 -522.8303 -8.000245 -6.8134 -523.0337 -8.000245 -7.016777 -523.2693 -8.000245 -7.181747 -523.53 -8.000245 -7.303291 -523.8078 -8.000245 -7.377731 -522.8303 -8.000245 -4.6922 -522.6654 -8.000245 -4.927803 -522.5438 -8.000245 -5.188469 -522.4694 -8.000245 -5.466278 -522.4443 -8.000245 -5.7528 -522.4694 -8.000245 -6.039322 -523.53 -8.000245 13.79769 -523.8078 -8.000245 13.87213 -524.0943 -8.000245 13.8972 -524.9625 -8.000245 20.17123 -524.3808 -8.000245 13.87213 -525.8044 -8.000245 19.94566 -526.5943 -8.000245 19.57732 -522.6654 -8.000245 11.4222 -522.8303 -8.000245 11.1866 -523.53 -8.000245 10.69671 -523.2693 -8.000245 13.67614 -523.0337 -8.000245 13.51117 -522.8303 -8.000245 13.3078 -522.6654 -8.000245 13.0722 -522.5438 -8.000245 12.81153 -522.4694 -8.000245 12.53372 -522.4443 -8.000245 12.2472 -522.4694 -8.000245 11.96068 -522.5438 -8.000245 11.68287 -523.0337 -8.000245 10.98322 -523.2693 -8.000245 10.81825 -523.2693 -8.000245 -22.32385 -523.0337 -8.000245 -22.48883 -522.8303 -8.000245 -22.6922 -522.6654 -8.000245 -22.9278 -522.5438 -8.000245 -23.18846 -522.4694 -8.000245 -23.46628 -519.0943 -8.000245 -28.57781 -522.4443 -8.000245 -23.75281 -522.4694 -8.000245 -24.03932 -522.5438 -8.000245 -24.31714 -522.6654 -8.000245 -24.57781 -522.8303 -8.000245 -24.8134 -523.0337 -8.000245 -25.01677 -523.2693 -8.000245 -25.18175 -523.53 -8.000245 -25.3033 -524.0943 -8.000245 -22.1028 -523.8078 -8.000245 -22.12787 -523.53 -8.000245 -22.2023 -510.2693 -8.000245 -28.57781 -524.9625 -8.000245 -31.67683 -515.6448 -8.000245 -23.18846 -515.5233 -8.000245 -22.9278 -515.3583 -8.000245 -22.6922 -515.1549 -8.000245 -22.48883 -514.9193 -8.000245 -25.18175 -515.1549 -8.000245 -25.01677 -514.9193 -8.000245 -22.32385 -514.6586 -8.000245 -22.2023 -514.3808 -8.000245 -22.12787 -510.2693 -8.000245 -14.75281 -513.53 -8.000245 -22.2023 -513.2693 -8.000245 -22.32385 -512.4694 -8.000245 -24.03932 -512.5438 -8.000245 -24.31714 -512.6654 -8.000245 -24.57781 -512.8303 -8.000245 -24.8134 -513.0337 -8.000245 -25.01677 -513.2693 -8.000245 -25.18175 -513.53 -8.000245 -25.3033 -514.6586 -8.000245 -25.3033 -515.6448 -8.000245 -24.31714 -515.7192 -8.000245 -24.03932 -515.7443 -8.000245 -23.75281 -515.7192 -8.000245 -23.46628 -514.0943 -8.000245 -22.1028 -513.8078 -8.000245 -22.12787 -513.0337 -8.000245 -22.48883 -512.8303 -8.000245 -22.6922 -512.6654 -8.000245 -22.9278 -512.5438 -8.000245 -23.18846 -512.4694 -8.000245 -23.46628 -512.4443 -8.000245 -23.75281 -515.3583 -8.000245 -24.8134 -515.5233 -8.000245 -24.57781 -513.8078 -8.000245 -25.37773 -514.0943 -8.000245 -25.4028 -514.3808 -8.000245 -25.37773 -513.8078 -8.000245 -7.377731 -514.0943 -8.000245 -7.402801 -514.3808 -8.000245 -7.377731 -515.6448 -8.000245 -5.188469 -515.5233 -8.000245 -4.927803 -515.3583 -8.000245 -4.6922 -515.1549 -8.000245 -4.488831 -514.3808 -8.000245 -4.127869 -510.2693 -8.000245 3.2472 -514.0943 -8.000245 -4.102798 -513.8078 -8.000245 -4.127869 -513.0337 -8.000245 -7.016777 -513.2693 -8.000245 -7.181747 -513.53 -8.000245 -7.303291 -514.9193 -8.000245 -4.32386 -514.6586 -8.000245 -4.202309 -513.53 -8.000245 -4.202309 -513.2693 -8.000245 -4.32386 -513.0337 -8.000245 -4.488831 -512.5438 -8.000245 -6.317131 -512.6654 -8.000245 -6.577805 -512.8303 -8.000245 -6.8134 -514.6586 -8.000245 -7.303291 -514.9193 -8.000245 -7.181747 -515.1549 -8.000245 -7.016777 -512.8303 -8.000245 -4.6922 -512.6654 -8.000245 -4.927803 -512.5438 -8.000245 -5.188469 -512.4694 -8.000245 -5.466278 -512.4443 -8.000245 -5.7528 -512.4694 -8.000245 -6.039322 -515.3583 -8.000245 -6.8134 -515.5233 -8.000245 -6.577805 -515.6448 -8.000245 -6.317131 -515.7192 -8.000245 -6.039322 -515.7443 -8.000245 -5.7528 -515.7192 -8.000245 -5.466278 -512.8303 -8.000245 11.1866 -513.0337 -8.000245 10.98322 -513.2693 -8.000245 10.81825 -513.53 -8.000245 10.69671 -513.53 -8.000245 13.79769 -513.2693 -8.000245 13.67614 -513.8078 -8.000245 13.87213 -512.4694 -8.000245 11.96068 -512.4443 -8.000245 12.2472 -512.5438 -8.000245 11.68287 -512.6654 -8.000245 11.4222 -513.8078 -8.000245 10.62226 -514.0943 -8.000245 10.5972 -514.3808 -8.000245 10.62226 -514.6586 -8.000245 10.69671 -513.0337 -8.000245 13.51117 -512.8303 -8.000245 13.3078 -512.6654 -8.000245 13.0722 -512.5438 -8.000245 12.81153 -512.4694 -8.000245 12.53372 -514.9193 -8.000245 10.81825 -515.1549 -8.000245 10.98322 -515.3583 -8.000245 11.1866 -515.5233 -8.000245 11.4222 -515.6448 -8.000245 11.68287 -515.7192 -8.000245 11.96068 -515.7443 -8.000245 12.2472 -515.7192 -8.000245 12.53372 -515.6448 -8.000245 12.81153 -515.5233 -8.000245 13.0722 -515.3583 -8.000245 13.3078 -515.1549 -8.000245 13.51117 -514.9193 -8.000245 13.67614 -514.6586 -8.000245 13.79769 -514.3808 -8.000245 13.87213 -514.0943 -8.000245 13.8972 -504.0791 -94.17389 20.2472 -507.0336 -94.69484 20.2472 -504.034 -94.34227 20.2472 -506.8531 -95.36833 20.2472 -503.9604 -94.50025 20.2472 -506.5585 -96.00025 20.2472 -503.8604 -94.64304 20.2472 -506.1585 -96.5714 20.2472 -503.7371 -94.7663 20.2472 -505.6655 -97.06443 20.2472 -503.5943 -94.86627 20.2472 -505.0943 -97.46436 20.2472 -503.4364 -94.93994 20.2472 -504.4624 -97.75902 20.2472 -503.268 -94.98506 20.2472 -503.7889 -97.93949 20.2472 -503.268 -94.98506 -31.75281 -503.7889 -97.93949 -31.75281 -503.4364 -94.93994 -31.75281 -504.4624 -97.75902 -31.75281 -503.5943 -94.86627 -31.75281 -505.0943 -97.46436 -31.75281 -503.7371 -94.7663 -31.75281 -505.6655 -97.06443 -31.75281 -503.8604 -94.64304 -31.75281 -506.1585 -96.5714 -31.75281 -503.9604 -94.50025 -31.75281 -506.5585 -96.00025 -31.75281 -504.034 -94.34227 -31.75281 -506.8531 -95.36833 -31.75281 -504.0791 -94.17389 -31.75281 -507.0336 -94.69484 -31.75281 -464.9379 -94.98793 20.2472 -464.4686 -97.95101 20.2472 -464.7853 -94.95131 20.2472 -463.8583 -97.80448 20.2472 -464.6404 -94.89125 20.2472 -463.2784 -97.56427 20.2472 -464.5065 -94.80927 20.2472 -462.7432 -97.23632 20.2472 -464.3872 -94.70735 20.2472 -462.2659 -96.82868 20.2472 -464.2853 -94.58803 20.2472 -461.8583 -96.3514 20.2472 -464.2033 -94.45424 20.2472 -461.5303 -95.81621 20.2472 -464.1433 -94.30927 20.2472 -461.2901 -95.23632 20.2472 -464.1066 -94.15668 20.2472 -461.1436 -94.62599 20.2472 -464.0943 -94.00025 20.2472 -461.0943 -94.00025 20.2472 -464.0943 -94.00025 -31.75281 -461.0943 -94.00025 -31.75281 -464.1066 -94.15668 -31.75281 -461.1436 -94.62599 -31.75281 -464.1433 -94.30927 -31.75281 -461.2901 -95.23632 -31.75281 -464.2033 -94.45424 -31.75281 -461.5303 -95.81621 -31.75281 -464.2853 -94.58803 -31.75281 -461.8583 -96.3514 -31.75281 -464.3872 -94.70735 -31.75281 -462.2659 -96.82868 -31.75281 -464.5065 -94.80927 -31.75281 -462.7432 -97.23632 -31.75281 -464.6404 -94.89125 -31.75281 -463.2784 -97.56427 -31.75281 -464.7853 -94.95131 -31.75281 -463.8583 -97.80448 -31.75281 -464.9379 -94.98793 -31.75281 -464.4686 -97.95101 -31.75281 -464.0943 -72.00025 -31.75281 -464.0943 -72.00025 20.2472 -461.0943 -74.06835 14.88254 -461.0943 -74.10025 15.2472 -461.0943 -74.06835 15.61186 -461.0943 -73.9736 15.96544 -461.0943 -73.8189 16.2972 -461.0943 -73.60894 -25.40295 -461.0943 -73.3501 -25.1441 -461.0943 -70.39156 13.89735 -461.0943 -73.60894 -28.10266 -461.0943 -73.8189 -27.8028 -461.0943 -73.60894 16.59705 -461.0943 -73.3501 16.8559 -461.0943 -73.05025 17.06585 -461.0943 -72.71849 17.22056 -461.0943 -72.36492 17.31529 -461.0943 -72.00025 17.3472 -461.0943 -71.13201 20.17123 -461.0943 -71.63559 17.31529 -461.0943 -70.29015 19.94566 -461.0943 -71.282 17.22056 -461.0943 -69.50025 19.57732 -461.0943 -70.95024 17.06585 -461.0943 -68.7863 19.07742 -461.0943 -70.65039 16.8559 -461.0943 -68.17003 18.46114 -461.0943 -70.39156 16.59705 -461.0943 -67.67012 17.7472 -461.0943 -70.1816 16.2972 -461.0943 -67.30179 16.9573 -461.0943 -70.02689 15.96544 -461.0943 -67.07621 16.11544 -461.0943 -69.93215 15.61186 -461.0943 -67.00025 15.2472 -461.0943 -69.90026 15.2472 -461.0943 -69.93215 14.88254 -461.0943 -73.8189 -25.70281 -461.0943 -73.05025 -24.93414 -461.0943 -72.71849 -24.77945 -461.0943 -72.36492 -24.68471 -461.0943 -70.65039 13.6385 -461.0943 -70.95024 13.42854 -461.0943 -74.06835 -26.38814 -461.0943 -71.282 13.27384 -461.0943 -74.10025 -26.75281 -461.0943 -71.63559 13.1791 -461.0943 -72.00025 13.1472 -461.0943 -73.9736 -26.03456 -461.0943 -70.95024 -24.93414 -461.0943 -70.65039 -25.1441 -461.0943 -70.39156 -25.40295 -461.0943 -67.00025 -26.75281 -461.0943 -70.1816 -25.70281 -461.0943 -70.02689 -26.03456 -461.0943 -73.9736 -27.47104 -461.0943 -74.06835 -27.11746 -461.0943 -73.3501 13.6385 -461.0943 -73.60894 13.89735 -461.0943 -73.8189 14.1972 -461.0943 -73.9736 14.52896 -461.0943 -72.36492 13.1791 -461.0943 -72.71849 13.27384 -461.0943 -73.05025 13.42854 -461.0943 -70.02689 14.52896 -461.0943 -70.1816 14.1972 -461.0943 -72.36492 -28.82089 -461.0943 -72.71849 -28.72615 -461.0943 -73.05025 -28.57146 -461.0943 -73.3501 -28.3615 -461.0943 -72.00025 -24.6528 -461.0943 -71.63559 -24.68471 -461.0943 -71.282 -24.77945 -461.0943 -69.93215 -26.38814 -461.0943 -69.90026 -26.75281 -461.0943 -67.07621 -27.62105 -461.0943 -69.93215 -27.11746 -461.0943 -67.30179 -28.46291 -461.0943 -70.02689 -27.47104 -461.0943 -67.67012 -29.25281 -461.0943 -70.1816 -27.8028 -461.0943 -68.17003 -29.96674 -461.0943 -70.39156 -28.10266 -461.0943 -68.7863 -30.58302 -461.0943 -70.65039 -28.3615 -461.0943 -69.50025 -31.08293 -461.0943 -70.95024 -28.57146 -461.0943 -70.29015 -31.45126 -461.0943 -71.282 -28.72615 -461.0943 -71.13201 -31.67683 -461.0943 -71.63559 -28.82089 -461.0943 -72.00025 -28.8528 -464.0943 -74.06835 -26.38814 -464.0943 -74.10025 -26.75281 -464.0943 -73.9736 14.52896 -464.0943 -73.8189 14.1972 -464.0943 -69.93215 -26.38814 -464.0943 -73.60894 13.89735 -464.0943 -73.3501 13.6385 -464.0943 -71.63559 13.1791 -464.0943 -71.282 13.27384 -464.0943 -67.00025 -26.75281 -464.0943 -70.95024 13.42854 -464.0943 -73.60894 16.59705 -464.0943 -73.8189 16.2972 -464.0943 -73.9736 15.96544 -464.0943 -70.39156 -25.40295 -464.0943 -70.65039 -25.1441 -464.0943 -74.06835 14.88254 -464.0943 -73.05025 13.42854 -464.0943 -72.71849 13.27384 -464.0943 -69.90026 -26.75281 -464.0943 -72.36492 13.1791 -464.0943 -72.00025 13.1472 -464.0943 -70.1816 -25.70281 -464.0943 -72.36492 -24.68471 -464.0943 -72.71849 -24.77945 -464.0943 -73.05025 -24.93414 -464.0943 -73.3501 -25.1441 -464.0943 -72.36492 17.31529 -464.0943 -72.71849 17.22056 -464.0943 -73.05025 17.06585 -464.0943 -73.3501 16.8559 -464.0943 -70.02689 -26.03456 -464.0943 -70.95024 -24.93414 -464.0943 -71.282 -24.77945 -464.0943 -71.63559 -24.68471 -464.0943 -72.00025 -24.6528 -464.0943 -74.10025 15.2472 -464.0943 -74.06835 15.61186 -464.0943 -73.60894 -25.40295 -464.0943 -73.8189 -25.70281 -464.0943 -73.9736 -26.03456 -464.0943 -74.06835 -27.11746 -464.0943 -73.9736 -27.47104 -464.0943 -73.8189 -27.8028 -464.0943 -70.65039 13.6385 -464.0943 -70.39156 13.89735 -464.0943 -67.00025 15.2472 -464.0943 -70.1816 14.1972 -464.0943 -70.02689 14.52896 -464.0943 -69.93215 14.88254 -464.0943 -69.90026 15.2472 -464.0943 -67.07621 16.11544 -464.0943 -69.93215 15.61186 -464.0943 -67.30179 16.9573 -464.0943 -70.02689 15.96544 -464.0943 -67.67012 17.7472 -464.0943 -70.1816 16.2972 -464.0943 -68.17003 18.46114 -464.0943 -70.39156 16.59705 -464.0943 -68.7863 19.07742 -464.0943 -70.65039 16.8559 -464.0943 -69.50025 19.57732 -464.0943 -70.95024 17.06585 -464.0943 -70.29015 19.94566 -464.0943 -71.282 17.22056 -464.0943 -71.13201 20.17123 -464.0943 -71.63559 17.31529 -464.0943 -72.00025 17.3472 -464.0943 -73.60894 -28.10266 -464.0943 -73.3501 -28.3615 -464.0943 -73.05025 -28.57146 -464.0943 -72.71849 -28.72615 -464.0943 -69.93215 -27.11746 -464.0943 -67.07621 -27.62105 -464.0943 -70.02689 -27.47104 -464.0943 -67.30179 -28.46291 -464.0943 -70.1816 -27.8028 -464.0943 -67.67012 -29.25281 -464.0943 -70.39156 -28.10266 -464.0943 -68.17003 -29.96674 -464.0943 -70.65039 -28.3615 -464.0943 -68.7863 -30.58302 -464.0943 -70.95024 -28.57146 -464.0943 -69.50025 -31.08293 -464.0943 -71.282 -28.72615 -464.0943 -70.29015 -31.45126 -464.0943 -71.63559 -28.82089 -464.0943 -71.13201 -31.67683 -464.0943 -72.00025 -28.8528 -464.0943 -72.36492 -28.82089 -526.0943 4.999756 -31.75285 -526.6153 4.999756 -31.70728 -527.1204 4.999756 -31.57193 -513.3248 4.999756 5.132835 -512.9692 4.999756 5.298584 -504.0943 4.999756 3.247147 -512.648 4.999756 5.523544 -512.3707 4.999756 5.800873 -512.1458 4.999756 6.122147 -516.3101 4.999756 6.856438 -516.2087 4.999756 6.4776 -519.0944 4.999756 3.247147 -515.5406 4.999756 5.523544 -515.2194 4.999756 5.298584 -514.8638 4.999756 5.132835 -512.3707 4.999756 18.69341 -503.9424 4.999756 79.98363 -512.1458 4.999756 18.37214 -504.0943 4.999756 78.24715 -141.0943 4.999756 3.247147 -141.0943 4.999756 53.03989 -116.0943 4.999756 71.5151 -514.8638 4.999756 19.36145 -515.2194 4.999756 19.1957 -519.0944 4.999756 113.2471 -515.5406 4.999756 18.97074 -515.8179 4.999756 18.69341 -516.0429 4.999756 18.37214 -516.2087 4.999756 18.01669 -516.0429 4.999756 6.122147 -515.8179 4.999756 5.800873 -514.485 4.999756 5.031326 -514.0944 4.999756 4.997147 -513.7036 4.999756 5.031326 -511.98 4.999756 6.4776 -511.8786 4.999756 6.856438 -511.8443 4.999756 7.247147 -512.648 4.999756 18.97074 -512.9692 4.999756 19.1957 -513.3248 4.999756 19.36145 -511.8443 4.999756 17.24714 -511.8786 4.999756 17.63785 -511.98 4.999756 18.01669 -141.2462 4.999756 54.77637 -141.6974 4.999756 56.46009 -116.1399 4.999756 72.03604 -142.4341 4.999756 58.03989 -116.2752 4.999756 72.54116 -516.3101 4.999756 17.63785 -516.3443 4.999756 17.24714 -516.3443 4.999756 7.247147 -494.0943 4.999756 88.24715 -495.8308 4.999756 88.09523 -497.5145 4.999756 87.64408 -499.0943 4.999756 86.9074 -500.5222 4.999756 85.9076 -501.7548 4.999756 84.67502 -184.6802 4.999756 112.8452 -191.3344 4.999756 87.64408 -185.1542 4.999756 113.0662 -193.0181 4.999756 88.09523 -143.4339 4.999756 59.46776 -117.5943 4.999756 74.11318 -117.166 4.999756 73.81324 -116.7962 4.999756 73.44346 -116.4962 4.999756 73.01509 -144.6665 4.999756 60.70033 -146.0944 4.999756 61.70014 -189.7546 4.999756 86.9074 -194.7546 4.999756 88.24715 -186.1802 4.999756 113.2471 -185.6593 4.999756 113.2016 -502.7546 4.999756 83.24715 -503.4912 4.999756 81.66735 -513.7036 4.999756 19.46296 -514.0944 4.999756 19.49714 -514.485 4.999756 19.46296 -523.3247 4.999756 5.132835 -522.9692 4.999756 5.298584 -522.648 4.999756 5.523544 -522.3707 4.999756 5.800873 -522.1458 4.999756 6.122147 -521.9799 4.999756 6.4776 -521.8785 4.999756 6.856438 -522.3707 4.999756 18.69341 -522.1458 4.999756 18.37214 -521.9799 4.999756 18.01669 -521.8443 4.999756 7.247147 -521.8443 4.999756 17.24714 -521.8785 4.999756 17.63785 -529.0944 4.999756 110.2472 -525.2193 4.999756 19.1957 -525.5406 4.999756 18.97074 -526.3101 4.999756 6.856438 -526.2086 4.999756 6.4776 -529.0944 4.999756 3.247147 -525.5406 4.999756 5.523544 -525.2193 4.999756 5.298584 -524.8638 4.999756 5.132835 -526.6153 4.999756 113.2016 -526.0943 4.999756 113.2471 -528.6924 4.999756 111.7472 -525.8179 4.999756 18.69341 -526.0429 4.999756 18.37214 -526.2086 4.999756 18.01669 -526.0429 4.999756 6.122147 -525.8179 4.999756 5.800873 -524.485 4.999756 5.031326 -524.0944 4.999756 4.997147 -523.7036 4.999756 5.031326 -522.648 4.999756 18.97074 -522.9692 4.999756 19.1957 -523.3247 4.999756 19.36145 -528.9134 4.999756 111.2732 -524.0944 4.999756 19.49714 -523.7036 4.999756 19.46296 -524.485 4.999756 19.46296 -524.8638 4.999756 19.36145 -526.3101 4.999756 17.63785 -526.3443 4.999756 17.24714 -526.3443 4.999756 7.247147 -528.0227 4.999756 112.5453 -527.5944 4.999756 112.8452 -527.1204 4.999756 113.0662 -529.0487 4.999756 110.7681 -528.3925 4.999756 112.1755 -519.0944 4.999756 -31.37785 -522.9692 4.999756 -30.70142 -522.648 4.999756 -30.47646 -522.3707 4.999756 -30.19913 -522.1458 4.999756 -29.87785 -521.9799 4.999756 -29.5224 -521.8785 4.999756 -18.36215 -521.9799 4.999756 -17.98331 -519.0944 4.999756 -14.75285 -522.1458 4.999756 -17.62785 -522.3707 4.999756 -17.30658 -524.0944 4.999756 -31.00285 -523.7036 4.999756 -30.96867 -523.3247 4.999756 -30.86717 -526.3101 4.999756 -29.14357 -526.2086 4.999756 -29.5224 -528.6924 4.999756 -30.25285 -525.2193 4.999756 -30.70142 -524.8638 4.999756 -30.86717 -524.485 4.999756 -30.96867 -521.8785 4.999756 -29.14357 -521.8443 4.999756 -28.75285 -521.8443 4.999756 -18.75285 -522.648 4.999756 -17.02925 -522.9692 4.999756 -16.80431 -523.3247 4.999756 -16.63855 -524.8638 4.999756 -16.63855 -525.2193 4.999756 -16.80431 -529.0944 4.999756 -14.75285 -525.5406 4.999756 -17.02925 -525.8179 4.999756 -17.30658 -526.0429 4.999756 -17.62785 -526.2086 4.999756 -17.98331 -528.3925 4.999756 -30.68121 -526.0429 4.999756 -29.87785 -528.0227 4.999756 -31.051 -527.5944 4.999756 -31.35094 -525.8179 4.999756 -30.19913 -525.5406 4.999756 -30.47646 -528.9134 4.999756 -29.77892 -529.0487 4.999756 -29.2738 -526.3443 4.999756 -28.75285 -529.0944 4.999756 -28.75285 -526.3443 4.999756 -18.75285 -526.3101 4.999756 -18.36215 -523.7036 4.999756 -16.53703 -524.0944 4.999756 -16.50285 -524.485 4.999756 -16.53703 -519.0944 4.999756 -31.75285 -507.0943 4.999756 -31.75285 -506.0683 4.999756 -31.57193 -506.5734 4.999756 -31.70728 -513.3248 4.999756 -30.86717 -512.9692 4.999756 -30.70142 -512.648 4.999756 -30.47646 -512.3707 4.999756 -30.19913 -511.8786 4.999756 -18.36215 -511.98 4.999756 -17.98331 -504.0943 4.999756 -14.75285 -512.1458 4.999756 -17.62785 -512.3707 4.999756 -17.30658 -516.3101 4.999756 -29.14357 -516.2087 4.999756 -29.5224 -515.5406 4.999756 -30.47646 -515.2194 4.999756 -30.70142 -514.8638 4.999756 -30.86717 -512.1458 4.999756 -29.87785 -511.98 4.999756 -29.5224 -505.5943 4.999756 -31.35094 -511.8786 4.999756 -29.14357 -505.166 4.999756 -31.051 -504.7962 4.999756 -30.68121 -516.0429 4.999756 -29.87785 -515.8179 4.999756 -30.19913 -514.485 4.999756 -30.96867 -514.0944 4.999756 -31.00285 -513.7036 4.999756 -30.96867 -511.8443 4.999756 -18.75285 -504.0943 4.999756 -28.75285 -511.8443 4.999756 -28.75285 -512.648 4.999756 -17.02925 -512.9692 4.999756 -16.80431 -513.3248 4.999756 -16.63855 -514.8638 4.999756 -16.63855 -515.2194 4.999756 -16.80431 -515.5406 4.999756 -17.02925 -515.8179 4.999756 -17.30658 -516.0429 4.999756 -17.62785 -516.2087 4.999756 -17.98331 -504.1399 4.999756 -29.2738 -504.2752 4.999756 -29.77892 -504.4963 4.999756 -30.25285 -516.3101 4.999756 -18.36215 -516.3443 4.999756 -18.75285 -516.3443 4.999756 -28.75285 -513.7036 4.999756 -16.53703 -514.0944 4.999756 -16.50285 -514.485 4.999756 -16.53703 -513.3248 4.999756 -12.86717 -512.9692 4.999756 -12.70142 -512.648 4.999756 -12.47646 -512.3707 4.999756 -12.19913 -512.1458 4.999756 -11.87785 -511.98 4.999756 -11.5224 -515.5406 4.999756 -12.47646 -515.2194 4.999756 -12.70142 -514.8638 4.999756 -12.86717 -511.8786 4.999756 -0.3621521 -511.98 4.999756 0.01668548 -512.1458 4.999756 0.3721466 -512.3707 4.999756 0.6934128 -516.3101 4.999756 -11.14357 -516.2087 4.999756 -11.5224 -514.485 4.999756 -12.96867 -514.0944 4.999756 -13.00285 -513.7036 4.999756 -12.96867 -516.0429 4.999756 -11.87785 -515.8179 4.999756 -12.19913 -512.648 4.999756 0.9707413 -512.9692 4.999756 1.195702 -513.3248 4.999756 1.36145 -514.8638 4.999756 1.36145 -515.2194 4.999756 1.195702 -515.5406 4.999756 0.9707413 -515.8179 4.999756 0.6934128 -516.0429 4.999756 0.3721466 -516.2087 4.999756 0.01668548 -511.8786 4.999756 -11.14357 -511.8443 4.999756 -10.75285 -511.8443 4.999756 -0.752861 -516.3101 4.999756 -0.3621521 -516.3443 4.999756 -0.752861 -516.3443 4.999756 -10.75285 -513.7036 4.999756 1.462959 -514.0944 4.999756 1.497147 -514.485 4.999756 1.462959 -141.0943 4.999756 -14.75285 -111.0943 4.999756 -5.413109 -109.5145 4.999756 -6.14978 -116.0943 4.999756 3.247147 -115.9424 4.999756 1.510666 -115.4913 4.999756 -0.1730575 -114.7546 4.999756 -1.752861 -113.7548 4.999756 -3.180733 -112.5222 4.999756 -4.4133 -140.6924 4.999756 -30.25285 -140.9134 4.999756 -29.77892 10.90565 4.999756 -14.75285 -141.0488 4.999756 -29.2738 -141.0943 4.999756 -28.75285 -139.5943 4.999756 -31.35094 -140.0227 4.999756 -31.051 -140.3925 4.999756 -30.68121 544.7807 4.999756 -16.80431 544.4594 4.999756 -17.02925 540.9057 4.999756 -14.75285 547.8543 4.999756 -17.62785 549.5307 4.999756 -14.75285 548.02 4.999756 -17.98331 548.1215 4.999756 -18.36215 547.6293 4.999756 -17.30658 547.352 4.999756 -17.02925 547.0307 4.999756 -16.80431 545.9057 4.999756 -16.50285 545.515 4.999756 -16.53703 545.1362 4.999756 -16.63855 544.7807 4.999756 -30.70142 545.1362 4.999756 -30.86717 540.9057 4.999756 -31.37785 545.515 4.999756 -30.96867 546.6752 4.999756 -16.63855 546.2964 4.999756 -16.53703 544.1821 4.999756 -17.30658 543.9572 4.999756 -17.62785 543.7914 4.999756 -17.98331 543.6899 4.999756 -18.36215 543.6557 4.999756 -18.75285 543.6557 4.999756 -28.75285 548.4266 4.999756 -31.70728 547.9057 4.999756 -31.75285 548.9318 4.999756 -31.57193 545.9057 4.999756 -31.00285 543.6899 4.999756 -29.14357 543.7914 4.999756 -29.5224 543.9572 4.999756 -29.87785 546.2964 4.999756 -30.96867 546.6752 4.999756 -30.86717 547.0307 4.999756 -30.70142 544.1821 4.999756 -30.19913 544.4594 4.999756 -30.47646 547.352 4.999756 -30.47646 547.6293 4.999756 -30.19913 549.4057 4.999756 -31.35094 547.8543 4.999756 -29.87785 549.8341 4.999756 -31.051 548.02 4.999756 -29.5224 548.1215 4.999756 -29.14357 548.1557 4.999756 -28.75285 548.1557 4.999756 -18.75285 550.8601 4.999756 -29.2738 550.7248 4.999756 -29.77892 550.5038 4.999756 -30.25285 550.2039 4.999756 -30.68121 550.9057 4.999756 -28.75285 550.2039 4.999756 19.17551 550.5038 4.999756 18.74715 550.9057 4.999756 17.24714 550.7248 4.999756 18.2732 550.8601 4.999756 17.76809 546.6752 4.999756 19.36145 546.2964 4.999756 19.46296 547.9057 4.999756 20.24715 547.6293 4.999756 18.69341 547.352 4.999756 18.97074 548.4266 4.999756 20.20157 547.0307 4.999756 19.1957 544.7807 4.999756 5.298584 545.1362 4.999756 5.132835 540.9057 4.999756 3.247147 545.515 4.999756 5.031326 549.5307 4.999756 3.247147 545.9057 4.999756 4.997147 546.2964 4.999756 5.031326 546.6752 4.999756 5.132835 547.0307 4.999756 5.298584 547.352 4.999756 5.523544 547.6293 4.999756 5.800873 547.8543 4.999756 6.122147 548.02 4.999756 6.4776 540.9057 4.999756 20.24715 544.7807 4.999756 19.1957 544.4594 4.999756 18.97074 544.1821 4.999756 18.69341 543.9572 4.999756 18.37214 543.7914 4.999756 18.01669 545.9057 4.999756 19.49714 545.515 4.999756 19.46296 545.1362 4.999756 19.36145 543.9572 4.999756 6.122147 543.7914 4.999756 6.4776 543.6899 4.999756 6.856438 544.1821 4.999756 5.800873 544.4594 4.999756 5.523544 548.1215 4.999756 17.63785 548.02 4.999756 18.01669 549.8341 4.999756 19.54528 547.8543 4.999756 18.37214 549.4057 4.999756 19.84522 548.9318 4.999756 20.06622 548.1215 4.999756 6.856438 548.1557 4.999756 7.247147 548.1557 4.999756 17.24714 543.6899 4.999756 17.63785 543.6557 4.999756 17.24714 543.6557 4.999756 7.247147 525.9057 4.999756 3.247147 535.9057 4.999756 4.997147 536.2964 4.999756 5.031326 536.6752 4.999756 5.132835 537.0307 4.999756 5.298584 537.352 4.999756 5.523544 533.7914 4.999756 6.4776 533.9572 4.999756 6.122147 537.6293 4.999756 5.800873 537.8543 4.999756 6.122147 538.02 4.999756 6.4776 538.1215 4.999756 17.63785 538.02 4.999756 18.01669 537.8543 4.999756 18.37214 537.6293 4.999756 18.69341 537.352 4.999756 18.97074 537.0307 4.999756 19.1957 536.6752 4.999756 19.36145 535.515 4.999756 19.46296 528.9057 4.999756 20.24715 535.9057 4.999756 19.49714 536.2964 4.999756 19.46296 535.1362 4.999756 19.36145 534.7807 4.999756 19.1957 534.4594 4.999756 18.97074 534.1821 4.999756 5.800873 534.4594 4.999756 5.523544 534.7807 4.999756 5.298584 535.1362 4.999756 5.132835 535.515 4.999756 5.031326 534.1821 4.999756 18.69341 533.9572 4.999756 18.37214 528.3848 4.999756 20.20157 533.7914 4.999756 18.01669 538.1215 4.999756 6.856438 538.1557 4.999756 7.247147 538.1557 4.999756 17.24714 533.6899 4.999756 17.63785 526.3076 4.999756 18.74715 526.6076 4.999756 19.17551 526.9774 4.999756 19.54528 527.4057 4.999756 19.84522 527.8796 4.999756 20.06622 526.0866 4.999756 18.2732 533.6557 4.999756 17.24714 525.9513 4.999756 17.76809 525.9057 4.999756 17.24714 533.6557 4.999756 7.247147 533.6899 4.999756 6.856438 536.6752 4.999756 -12.86717 536.2964 4.999756 -12.96867 535.9057 4.999756 -13.00285 538.1215 4.999756 -0.3621521 538.02 4.999756 0.01668548 537.8543 4.999756 0.3721466 537.6293 4.999756 0.6934128 538.02 4.999756 -11.5224 537.8543 4.999756 -11.87785 537.6293 4.999756 -12.19913 537.352 4.999756 0.9707413 537.0307 4.999756 1.195702 536.6752 4.999756 1.36145 537.0307 4.999756 -12.70142 537.352 4.999756 -12.47646 536.2964 4.999756 1.462959 535.9057 4.999756 1.497147 535.515 4.999756 1.462959 535.1362 4.999756 1.36145 515.9057 4.999756 -6.752853 517.6422 4.999756 -6.600937 533.7914 4.999756 -11.5224 519.3259 4.999756 -6.14978 534.1821 4.999756 -12.19913 534.4594 4.999756 -12.47646 -107.8308 4.999756 -6.600937 -106.0943 4.999756 -6.752853 10.90565 4.999756 -6.752853 534.7807 4.999756 1.195702 534.4594 4.999756 0.9707413 534.1821 4.999756 0.6934128 533.9572 4.999756 -11.87785 534.7807 4.999756 -12.70142 535.1362 4.999756 -12.86717 535.515 4.999756 -12.96867 520.9057 4.999756 -5.413109 522.3336 4.999756 -4.4133 523.5662 4.999756 -3.180733 538.1215 4.999756 -11.14357 538.1557 4.999756 -10.75285 538.1557 4.999756 -0.752861 533.9572 4.999756 0.3721466 533.7914 4.999756 0.01668548 525.7538 4.999756 1.510666 533.6899 4.999756 -0.3621521 525.3026 4.999756 -0.1730575 533.6557 4.999756 -0.752861 524.566 4.999756 -1.752861 533.6557 4.999756 -10.75285 533.6899 4.999756 -11.14357 550.9057 4.999756 -14.75285 550.9057 4.999756 3.247147 545.9057 4.999756 -13.00285 546.2964 4.999756 -12.96867 547.352 4.999756 0.9707413 547.0307 4.999756 1.195702 546.6752 4.999756 1.36145 544.1821 4.999756 -12.19913 544.4594 4.999756 -12.47646 545.515 4.999756 -12.96867 546.6752 4.999756 -12.86717 547.0307 4.999756 -12.70142 547.352 4.999756 -12.47646 547.6293 4.999756 -12.19913 547.8543 4.999756 -11.87785 548.02 4.999756 -11.5224 545.515 4.999756 1.462959 545.9057 4.999756 1.497147 546.2964 4.999756 1.462959 544.7807 4.999756 -12.70142 545.1362 4.999756 -12.86717 548.1215 4.999756 -0.3621521 548.02 4.999756 0.01668548 545.1362 4.999756 1.36145 544.7807 4.999756 1.195702 544.4594 4.999756 0.9707413 544.1821 4.999756 0.6934128 543.9572 4.999756 0.3721466 543.7914 4.999756 0.01668548 543.6899 4.999756 -11.14357 543.7914 4.999756 -11.5224 543.9572 4.999756 -11.87785 547.8543 4.999756 0.3721466 547.6293 4.999756 0.6934128 548.1215 4.999756 -11.14357 548.1557 4.999756 -10.75285 548.1557 4.999756 -0.752861 543.6899 4.999756 -0.3621521 543.6557 4.999756 -0.752861 543.6557 4.999756 -10.75285 538.02 4.999756 -17.98331 537.8543 4.999756 -17.62785 533.6899 4.999756 -29.14357 533.7914 4.999756 -29.5224 10.90565 4.999756 -31.37785 533.9572 4.999756 -29.87785 534.1821 4.999756 -30.19913 533.7914 4.999756 -17.98331 533.6899 4.999756 -18.36215 534.4594 4.999756 -30.47646 534.7807 4.999756 -30.70142 535.1362 4.999756 -30.86717 536.6752 4.999756 -30.86717 537.0307 4.999756 -30.70142 537.8543 4.999756 -29.87785 538.02 4.999756 -29.5224 533.6557 4.999756 -18.75285 533.6557 4.999756 -28.75285 535.515 4.999756 -30.96867 535.9057 4.999756 -31.00285 536.2964 4.999756 -30.96867 538.1215 4.999756 -18.36215 537.6293 4.999756 -17.30658 537.352 4.999756 -17.02925 537.0307 4.999756 -16.80431 536.6752 4.999756 -16.63855 536.2964 4.999756 -16.53703 535.9057 4.999756 -16.50285 537.352 4.999756 -30.47646 537.6293 4.999756 -30.19913 534.4594 4.999756 -17.02925 534.1821 4.999756 -17.30658 533.9572 4.999756 -17.62785 535.515 4.999756 -16.53703 535.1362 4.999756 -16.63855 534.7807 4.999756 -16.80431 538.1215 4.999756 -29.14357 538.1557 4.999756 -28.75285 538.1557 4.999756 -18.75285 540.9057 4.999756 -31.75285 10.90565 4.999756 -31.75285 -138.0943 4.999756 -31.75285 -138.6153 4.999756 -31.70728 -139.1204 4.999756 -31.57193 -523.3247 4.999756 -12.86717 -522.9692 4.999756 -12.70142 -522.648 4.999756 -12.47646 -522.3707 4.999756 -12.19913 -522.1458 4.999756 -11.87785 -521.9799 4.999756 -11.5224 -525.5406 4.999756 -12.47646 -525.2193 4.999756 -12.70142 -524.8638 4.999756 -12.86717 -521.8785 4.999756 -0.3621521 -521.9799 4.999756 0.01668548 -522.1458 4.999756 0.3721466 -522.3707 4.999756 0.6934128 -526.3101 4.999756 -11.14357 -526.2086 4.999756 -11.5224 -526.0429 4.999756 -11.87785 -525.8179 4.999756 -12.19913 -524.485 4.999756 -12.96867 -524.0944 4.999756 -13.00285 -523.7036 4.999756 -12.96867 -522.648 4.999756 0.9707413 -522.9692 4.999756 1.195702 -523.3247 4.999756 1.36145 -524.8638 4.999756 1.36145 -525.2193 4.999756 1.195702 -525.5406 4.999756 0.9707413 -525.8179 4.999756 0.6934128 -526.0429 4.999756 0.3721466 -526.2086 4.999756 0.01668548 -521.8785 4.999756 -11.14357 -521.8443 4.999756 -10.75285 -521.8443 4.999756 -0.752861 -526.3101 4.999756 -0.3621521 -526.3443 4.999756 -0.752861 -526.3443 4.999756 -10.75285 -523.7036 4.999756 1.462959 -524.0944 4.999756 1.497147 -524.485 4.999756 1.462959 -117.5943 -5.000244 74.11318 -184.6802 -5.000244 112.8452 -116.0943 -5.000244 71.5151 -116.0943 -5.000244 3.247147 -106.0943 -5.000244 -6.752853 10.90565 -5.000244 -6.752853 515.9057 -5.000244 -6.752853 550.9057 -5.000244 -28.75285 550.9057 -5.000244 -14.75285 550.9057 -5.000244 3.247147 550.9057 -5.000244 17.24714 -138.0943 -5.000244 -31.75285 10.90565 -5.000244 -31.75285 540.9057 -5.000244 -31.75285 547.9057 -5.000244 -31.75285 -141.0943 -5.000244 -28.75285 -141.0943 -5.000244 -14.75285 -141.0943 -5.000244 3.247147 -141.0943 -5.000244 53.03989 -189.7546 -5.000244 86.9074 -146.0944 -5.000244 61.70014 -494.0943 -5.000244 88.24715 -194.7546 -5.000244 88.24715 -504.0943 -5.000244 -28.75285 -504.0943 -5.000244 -14.75285 -504.0943 -5.000244 3.247147 -504.0943 -5.000244 78.24715 -507.0943 -5.000244 -31.75285 -519.0944 -5.000244 -31.75285 -526.0943 -5.000244 -31.75285 -529.0944 -5.000244 110.2472 -529.0944 -5.000244 3.247147 -529.0944 -5.000244 -14.75285 -529.0944 -5.000244 -28.75285 -186.1802 -5.000244 113.2471 -519.0944 -5.000244 113.2471 -526.0943 -5.000244 113.2471 -506.5734 -5.000244 -31.70728 -506.0683 -5.000244 -31.57193 -140.0227 -5.000244 -31.051 -139.5943 -5.000244 -31.35094 10.90565 -5.000244 -31.37785 -107.8308 -5.000244 -6.600937 -109.5145 -5.000244 -6.14978 -111.0943 -5.000244 -5.413109 -112.5222 -5.000244 -4.4133 -113.7548 -5.000244 -3.180733 -114.7546 -5.000244 -1.752861 -115.4913 -5.000244 -0.1730575 536.6752 -5.000244 1.36145 537.0307 -5.000244 1.195702 540.9057 -5.000244 3.247147 535.1362 -5.000244 1.36145 535.515 -5.000244 1.462959 525.9057 -5.000244 3.247147 535.9057 -5.000244 1.497147 536.2964 -5.000244 1.462959 537.8543 -5.000244 0.3721466 538.02 -5.000244 0.01668548 534.1821 -5.000244 0.6934128 534.4594 -5.000244 0.9707413 534.7807 -5.000244 1.195702 537.352 -5.000244 0.9707413 537.6293 -5.000244 0.6934128 538.1215 -5.000244 -11.14357 538.02 -5.000244 -11.5224 540.9057 -5.000244 -14.75285 537.8543 -5.000244 -11.87785 522.3336 -5.000244 -4.4133 520.9057 -5.000244 -5.413109 533.7914 -5.000244 -11.5224 519.3259 -5.000244 -6.14978 537.6293 -5.000244 -12.19913 537.352 -5.000244 -12.47646 537.0307 -5.000244 -12.70142 517.6422 -5.000244 -6.600937 10.90565 -5.000244 -14.75285 536.6752 -5.000244 -12.86717 536.2964 -5.000244 -12.96867 535.9057 -5.000244 -13.00285 534.4594 -5.000244 -12.47646 534.1821 -5.000244 -12.19913 533.9572 -5.000244 -11.87785 525.7538 -5.000244 1.510666 533.7914 -5.000244 0.01668548 533.9572 -5.000244 0.3721466 535.515 -5.000244 -12.96867 535.1362 -5.000244 -12.86717 534.7807 -5.000244 -12.70142 538.1215 -5.000244 -0.3621521 538.1557 -5.000244 -0.752861 538.1557 -5.000244 -10.75285 523.5662 -5.000244 -3.180733 533.6899 -5.000244 -11.14357 524.566 -5.000244 -1.752861 533.6557 -5.000244 -10.75285 525.3026 -5.000244 -0.1730575 533.6557 -5.000244 -0.752861 533.6899 -5.000244 -0.3621521 536.6752 -5.000244 19.36145 537.0307 -5.000244 19.1957 540.9057 -5.000244 20.24715 534.4594 -5.000244 18.97074 534.7807 -5.000244 19.1957 528.9057 -5.000244 20.24715 535.1362 -5.000244 19.36145 535.515 -5.000244 19.46296 535.9057 -5.000244 19.49714 536.2964 -5.000244 19.46296 537.352 -5.000244 5.523544 537.0307 -5.000244 5.298584 536.6752 -5.000244 5.132835 534.7807 -5.000244 5.298584 534.4594 -5.000244 5.523544 537.8543 -5.000244 18.37214 538.02 -5.000244 18.01669 537.352 -5.000244 18.97074 537.6293 -5.000244 18.69341 538.1215 -5.000244 6.856438 538.02 -5.000244 6.4776 535.1362 -5.000244 5.132835 537.8543 -5.000244 6.122147 537.6293 -5.000244 5.800873 536.2964 -5.000244 5.031326 535.9057 -5.000244 4.997147 535.515 -5.000244 5.031326 534.1821 -5.000244 5.800873 533.9572 -5.000244 6.122147 533.7914 -5.000244 6.4776 533.7914 -5.000244 18.01669 533.9572 -5.000244 18.37214 534.1821 -5.000244 18.69341 538.1215 -5.000244 17.63785 538.1557 -5.000244 17.24714 538.1557 -5.000244 7.247147 533.6899 -5.000244 17.63785 526.9774 -5.000244 19.54528 526.6076 -5.000244 19.17551 526.3076 -5.000244 18.74715 526.0866 -5.000244 18.2732 533.6557 -5.000244 17.24714 528.3848 -5.000244 20.20157 527.8796 -5.000244 20.06622 527.4057 -5.000244 19.84522 533.6899 -5.000244 6.856438 533.6557 -5.000244 7.247147 525.9057 -5.000244 17.24714 525.9513 -5.000244 17.76809 547.9057 -5.000244 20.24715 545.9057 -5.000244 19.49714 546.2964 -5.000244 19.46296 544.7807 -5.000244 5.298584 544.4594 -5.000244 5.523544 543.6899 -5.000244 17.63785 543.7914 -5.000244 18.01669 543.9572 -5.000244 18.37214 544.1821 -5.000244 18.69341 545.515 -5.000244 19.46296 545.1362 -5.000244 19.36145 545.1362 -5.000244 5.132835 544.4594 -5.000244 18.97074 544.7807 -5.000244 19.1957 548.02 -5.000244 6.4776 547.8543 -5.000244 6.122147 549.5307 -5.000244 3.247147 547.6293 -5.000244 5.800873 546.6752 -5.000244 5.132835 546.2964 -5.000244 5.031326 545.9057 -5.000244 4.997147 545.515 -5.000244 5.031326 547.352 -5.000244 5.523544 547.0307 -5.000244 5.298584 544.1821 -5.000244 5.800873 543.9572 -5.000244 6.122147 543.7914 -5.000244 6.4776 546.6752 -5.000244 19.36145 547.0307 -5.000244 19.1957 548.4266 -5.000244 20.20157 547.352 -5.000244 18.97074 548.9318 -5.000244 20.06622 547.6293 -5.000244 18.69341 549.4057 -5.000244 19.84522 547.8543 -5.000244 18.37214 549.8341 -5.000244 19.54528 548.02 -5.000244 18.01669 548.1215 -5.000244 17.63785 548.1557 -5.000244 17.24714 548.1557 -5.000244 7.247147 548.1215 -5.000244 6.856438 543.6899 -5.000244 6.856438 543.6557 -5.000244 7.247147 543.6557 -5.000244 17.24714 550.8601 -5.000244 17.76809 550.7248 -5.000244 18.2732 550.5038 -5.000244 18.74715 550.2039 -5.000244 19.17551 550.5038 -5.000244 -30.25285 550.7248 -5.000244 -29.77892 550.8601 -5.000244 -29.2738 549.5307 -5.000244 -14.75285 549.8341 -5.000244 -31.051 550.2039 -5.000244 -30.68121 545.515 -5.000244 -16.53703 545.9057 -5.000244 -16.50285 546.2964 -5.000244 -16.53703 546.6752 -5.000244 -16.63855 547.0307 -5.000244 -16.80431 547.352 -5.000244 -17.02925 544.1821 -5.000244 -17.30658 544.4594 -5.000244 -17.02925 544.7807 -5.000244 -30.70142 544.4594 -5.000244 -30.47646 540.9057 -5.000244 -31.37785 544.7807 -5.000244 -16.80431 545.1362 -5.000244 -16.63855 547.6293 -5.000244 -17.30658 547.8543 -5.000244 -17.62785 548.02 -5.000244 -17.98331 543.6899 -5.000244 -18.36215 543.7914 -5.000244 -17.98331 543.9572 -5.000244 -17.62785 544.1821 -5.000244 -30.19913 543.9572 -5.000244 -29.87785 543.7914 -5.000244 -29.5224 548.1215 -5.000244 -18.36215 548.1557 -5.000244 -18.75285 548.1557 -5.000244 -28.75285 548.1215 -5.000244 -29.14357 545.9057 -5.000244 -31.00285 545.515 -5.000244 -30.96867 545.1362 -5.000244 -30.86717 543.6899 -5.000244 -29.14357 543.6557 -5.000244 -28.75285 543.6557 -5.000244 -18.75285 547.0307 -5.000244 -30.70142 546.6752 -5.000244 -30.86717 548.9318 -5.000244 -31.57193 546.2964 -5.000244 -30.96867 548.02 -5.000244 -29.5224 547.8543 -5.000244 -29.87785 549.4057 -5.000244 -31.35094 547.6293 -5.000244 -30.19913 547.352 -5.000244 -30.47646 548.4266 -5.000244 -31.70728 -141.0488 -5.000244 -29.2738 -140.9134 -5.000244 -29.77892 -140.6924 -5.000244 -30.25285 -140.3925 -5.000244 -30.68121 -512.1458 -5.000244 6.122147 -512.3707 -5.000244 5.800873 -512.9692 -5.000244 19.1957 -512.648 -5.000244 18.97074 -512.3707 -5.000244 18.69341 -512.1458 -5.000244 18.37214 -515.5406 -5.000244 18.97074 -515.2194 -5.000244 19.1957 -514.8638 -5.000244 19.36145 -514.485 -5.000244 19.46296 -503.9424 -5.000244 79.98363 -116.2752 -5.000244 72.54116 -116.4962 -5.000244 73.01509 -142.4341 -5.000244 58.03989 -511.8443 -5.000244 7.247147 -511.8786 -5.000244 6.856438 -511.98 -5.000244 6.4776 -512.648 -5.000244 5.523544 -512.9692 -5.000244 5.298584 -513.3248 -5.000244 5.132835 -514.8638 -5.000244 5.132835 -515.2194 -5.000244 5.298584 -519.0944 -5.000244 3.247147 -515.5406 -5.000244 5.523544 -515.8179 -5.000244 5.800873 -516.0429 -5.000244 6.122147 -516.2087 -5.000244 6.4776 -516.3101 -5.000244 6.856438 -516.2087 -5.000244 18.01669 -516.0429 -5.000244 18.37214 -515.8179 -5.000244 18.69341 -503.4912 -5.000244 81.66735 -502.7546 -5.000244 83.24715 -501.7548 -5.000244 84.67502 -115.9424 -5.000244 1.510666 -514.0944 -5.000244 19.49714 -513.7036 -5.000244 19.46296 -513.3248 -5.000244 19.36145 -116.1399 -5.000244 72.03604 -141.6974 -5.000244 56.46009 -141.2462 -5.000244 54.77637 -511.98 -5.000244 18.01669 -511.8786 -5.000244 17.63785 -511.8443 -5.000244 17.24714 -500.5222 -5.000244 85.9076 -499.0943 -5.000244 86.9074 -497.5145 -5.000244 87.64408 -516.3443 -5.000244 7.247147 -516.3443 -5.000244 17.24714 -516.3101 -5.000244 17.63785 -495.8308 -5.000244 88.09523 -116.7962 -5.000244 73.44346 -117.166 -5.000244 73.81324 -143.4339 -5.000244 59.46776 -144.6665 -5.000244 60.70033 -513.7036 -5.000244 5.031326 -514.0944 -5.000244 4.997147 -514.485 -5.000244 5.031326 -185.1542 -5.000244 113.0662 -193.0181 -5.000244 88.09523 -185.6593 -5.000244 113.2016 -191.3344 -5.000244 87.64408 -513.3248 -5.000244 1.36145 -512.9692 -5.000244 1.195702 -512.648 -5.000244 0.9707413 -511.8786 -5.000244 -11.14357 -511.98 -5.000244 -11.5224 -512.1458 -5.000244 -11.87785 -512.3707 -5.000244 -12.19913 -512.3707 -5.000244 0.6934128 -512.1458 -5.000244 0.3721466 -511.98 -5.000244 0.01668548 -512.648 -5.000244 -12.47646 -512.9692 -5.000244 -12.70142 -513.3248 -5.000244 -12.86717 -514.8638 -5.000244 -12.86717 -515.2194 -5.000244 -12.70142 -519.0944 -5.000244 -14.75285 -515.5406 -5.000244 -12.47646 -515.8179 -5.000244 -12.19913 -516.0429 -5.000244 -11.87785 -516.2087 -5.000244 -11.5224 -516.3101 -5.000244 -0.3621521 -516.2087 -5.000244 0.01668548 -515.5406 -5.000244 0.9707413 -515.2194 -5.000244 1.195702 -514.8638 -5.000244 1.36145 -516.0429 -5.000244 0.3721466 -515.8179 -5.000244 0.6934128 -514.485 -5.000244 1.462959 -514.0944 -5.000244 1.497147 -513.7036 -5.000244 1.462959 -511.8786 -5.000244 -0.3621521 -511.8443 -5.000244 -0.752861 -511.8443 -5.000244 -10.75285 -513.7036 -5.000244 -12.96867 -514.0944 -5.000244 -13.00285 -514.485 -5.000244 -12.96867 -516.3101 -5.000244 -11.14357 -516.3443 -5.000244 -10.75285 -516.3443 -5.000244 -0.752861 -513.3248 -5.000244 -16.63855 -512.9692 -5.000244 -16.80431 -512.648 -5.000244 -17.02925 -512.3707 -5.000244 -17.30658 -512.1458 -5.000244 -17.62785 -511.98 -5.000244 -17.98331 -504.2752 -5.000244 -29.77892 -511.8443 -5.000244 -28.75285 -511.8786 -5.000244 -29.14357 -511.8786 -5.000244 -18.36215 -511.8443 -5.000244 -18.75285 -504.1399 -5.000244 -29.2738 -519.0944 -5.000244 -31.37785 -515.2194 -5.000244 -30.70142 -515.5406 -5.000244 -30.47646 -515.8179 -5.000244 -30.19913 -516.0429 -5.000244 -29.87785 -516.2087 -5.000244 -29.5224 -516.3101 -5.000244 -18.36215 -516.2087 -5.000244 -17.98331 -515.5406 -5.000244 -17.02925 -515.2194 -5.000244 -16.80431 -514.8638 -5.000244 -16.63855 -505.166 -5.000244 -31.051 -504.7962 -5.000244 -30.68121 -504.4963 -5.000244 -30.25285 -511.98 -5.000244 -29.5224 -512.1458 -5.000244 -29.87785 -512.3707 -5.000244 -30.19913 -512.648 -5.000244 -30.47646 -516.0429 -5.000244 -17.62785 -515.8179 -5.000244 -17.30658 -514.485 -5.000244 -16.53703 -514.0944 -5.000244 -16.50285 -513.7036 -5.000244 -16.53703 -505.5943 -5.000244 -31.35094 -514.0944 -5.000244 -31.00285 -514.485 -5.000244 -30.96867 -514.8638 -5.000244 -30.86717 -512.9692 -5.000244 -30.70142 -513.3248 -5.000244 -30.86717 -513.7036 -5.000244 -30.96867 -516.3101 -5.000244 -29.14357 -516.3443 -5.000244 -28.75285 -516.3443 -5.000244 -18.75285 -527.1204 -5.000244 -31.57193 -526.6153 -5.000244 -31.70728 -523.3247 -5.000244 -16.63855 -522.9692 -5.000244 -16.80431 -522.648 -5.000244 -17.02925 -524.8638 -5.000244 -30.86717 -525.2193 -5.000244 -30.70142 -526.3101 -5.000244 -18.36215 -526.2086 -5.000244 -17.98331 -525.5406 -5.000244 -17.02925 -525.2193 -5.000244 -16.80431 -524.8638 -5.000244 -16.63855 -521.8785 -5.000244 -29.14357 -521.9799 -5.000244 -29.5224 -522.1458 -5.000244 -29.87785 -522.3707 -5.000244 -30.19913 -526.0429 -5.000244 -17.62785 -525.8179 -5.000244 -17.30658 -524.485 -5.000244 -16.53703 -524.0944 -5.000244 -16.50285 -523.7036 -5.000244 -16.53703 -522.3707 -5.000244 -17.30658 -522.1458 -5.000244 -17.62785 -521.9799 -5.000244 -17.98331 -522.648 -5.000244 -30.47646 -522.9692 -5.000244 -30.70142 -523.3247 -5.000244 -30.86717 -525.5406 -5.000244 -30.47646 -525.8179 -5.000244 -30.19913 -527.5944 -5.000244 -31.35094 -526.0429 -5.000244 -29.87785 -528.0227 -5.000244 -31.051 -528.3925 -5.000244 -30.68121 -526.2086 -5.000244 -29.5224 -528.6924 -5.000244 -30.25285 -528.9134 -5.000244 -29.77892 -526.3101 -5.000244 -29.14357 -529.0487 -5.000244 -29.2738 -526.3443 -5.000244 -28.75285 -526.3443 -5.000244 -18.75285 -521.8785 -5.000244 -18.36215 -521.8443 -5.000244 -18.75285 -521.8443 -5.000244 -28.75285 -523.7036 -5.000244 -30.96867 -524.0944 -5.000244 -31.00285 -524.485 -5.000244 -30.96867 -523.3247 -5.000244 19.36145 -522.9692 -5.000244 19.1957 -522.648 -5.000244 18.97074 -522.3707 -5.000244 18.69341 -522.1458 -5.000244 18.37214 -521.9799 -5.000244 18.01669 -521.8785 -5.000244 6.856438 -521.9799 -5.000244 6.4776 -522.1458 -5.000244 6.122147 -522.3707 -5.000244 5.800873 -524.0944 -5.000244 19.49714 -523.7036 -5.000244 19.46296 -522.648 -5.000244 5.523544 -522.9692 -5.000244 5.298584 -523.3247 -5.000244 5.132835 -524.8638 -5.000244 5.132835 -525.2193 -5.000244 5.298584 -525.5406 -5.000244 5.523544 -525.8179 -5.000244 5.800873 -526.0429 -5.000244 6.122147 -526.2086 -5.000244 6.4776 -526.3101 -5.000244 6.856438 -526.2086 -5.000244 18.01669 -526.0429 -5.000244 18.37214 -525.8179 -5.000244 18.69341 -525.5406 -5.000244 18.97074 -525.2193 -5.000244 19.1957 -524.8638 -5.000244 19.36145 -524.485 -5.000244 19.46296 -521.8785 -5.000244 17.63785 -521.8443 -5.000244 17.24714 -521.8443 -5.000244 7.247147 -528.6924 -5.000244 111.7472 -528.9134 -5.000244 111.2732 -529.0487 -5.000244 110.7681 -527.1204 -5.000244 113.0662 -527.5944 -5.000244 112.8452 -528.0227 -5.000244 112.5453 -526.3443 -5.000244 7.247147 -526.3443 -5.000244 17.24714 -526.3101 -5.000244 17.63785 -526.6153 -5.000244 113.2016 -528.3925 -5.000244 112.1755 -523.7036 -5.000244 5.031326 -524.0944 -5.000244 4.997147 -524.485 -5.000244 5.031326 -521.8785 -5.000244 -11.14357 -521.9799 -5.000244 -11.5224 -522.1458 -5.000244 -11.87785 -522.3707 -5.000244 -12.19913 -523.3247 -5.000244 1.36145 -522.9692 -5.000244 1.195702 -522.648 -5.000244 0.9707413 -522.3707 -5.000244 0.6934128 -522.1458 -5.000244 0.3721466 -521.9799 -5.000244 0.01668548 -521.8785 -5.000244 -0.3621521 -521.8443 -5.000244 -0.752861 -521.8443 -5.000244 -10.75285 -522.648 -5.000244 -12.47646 -522.9692 -5.000244 -12.70142 -523.3247 -5.000244 -12.86717 -524.8638 -5.000244 -12.86717 -525.2193 -5.000244 -12.70142 -525.5406 -5.000244 -12.47646 -525.8179 -5.000244 -12.19913 -526.0429 -5.000244 -11.87785 -526.2086 -5.000244 -11.5224 -526.3101 -5.000244 -0.3621521 -526.2086 -5.000244 0.01668548 -525.5406 -5.000244 0.9707413 -525.2193 -5.000244 1.195702 -524.8638 -5.000244 1.36145 -526.0429 -5.000244 0.3721466 -525.8179 -5.000244 0.6934128 -524.485 -5.000244 1.462959 -524.0944 -5.000244 1.497147 -523.7036 -5.000244 1.462959 -523.7036 -5.000244 -12.96867 -524.0944 -5.000244 -13.00285 -524.485 -5.000244 -12.96867 -526.3101 -5.000244 -11.14357 -526.3443 -5.000244 -10.75285 -526.3443 -5.000244 -0.752861 535.9057 -5.000244 -16.50285 536.2964 -5.000244 -16.53703 533.6899 -5.000244 -18.36215 533.7914 -5.000244 -17.98331 536.6752 -5.000244 -16.63855 537.0307 -5.000244 -16.80431 537.352 -5.000244 -17.02925 533.9572 -5.000244 -29.87785 533.7914 -5.000244 -29.5224 533.6899 -5.000244 -29.14357 533.9572 -5.000244 -17.62785 534.1821 -5.000244 -17.30658 534.4594 -5.000244 -17.02925 533.6557 -5.000244 -28.75285 533.6557 -5.000244 -18.75285 534.7807 -5.000244 -30.70142 534.4594 -5.000244 -30.47646 534.1821 -5.000244 -30.19913 534.7807 -5.000244 -16.80431 535.1362 -5.000244 -16.63855 535.515 -5.000244 -16.53703 537.6293 -5.000244 -17.30658 537.8543 -5.000244 -17.62785 538.02 -5.000244 -17.98331 538.1215 -5.000244 -29.14357 538.02 -5.000244 -29.5224 537.8543 -5.000244 -29.87785 537.6293 -5.000244 -30.19913 537.352 -5.000244 -30.47646 537.0307 -5.000244 -30.70142 536.6752 -5.000244 -30.86717 535.9057 -5.000244 -31.00285 535.515 -5.000244 -30.96867 535.1362 -5.000244 -30.86717 536.2964 -5.000244 -30.96867 538.1215 -5.000244 -18.36215 538.1557 -5.000244 -18.75285 538.1557 -5.000244 -28.75285 -139.1204 -5.000244 -31.57193 -138.6153 -5.000244 -31.70728 545.9057 -5.000244 1.497147 546.2964 -5.000244 1.462959 545.515 -5.000244 1.462959 545.1362 -5.000244 1.36145 546.6752 -5.000244 1.36145 547.0307 -5.000244 1.195702 547.352 -5.000244 0.9707413 548.1215 -5.000244 -11.14357 548.02 -5.000244 -11.5224 544.4594 -5.000244 -12.47646 544.7807 -5.000244 -12.70142 545.1362 -5.000244 -12.86717 543.6899 -5.000244 -0.3621521 543.7914 -5.000244 0.01668548 543.9572 -5.000244 0.3721466 544.1821 -5.000244 0.6934128 546.6752 -5.000244 -12.86717 547.0307 -5.000244 -12.70142 547.352 -5.000244 -12.47646 544.4594 -5.000244 0.9707413 544.7807 -5.000244 1.195702 547.8543 -5.000244 -11.87785 547.6293 -5.000244 -12.19913 544.1821 -5.000244 -12.19913 543.9572 -5.000244 -11.87785 543.7914 -5.000244 -11.5224 547.6293 -5.000244 0.6934128 547.8543 -5.000244 0.3721466 548.02 -5.000244 0.01668548 546.2964 -5.000244 -12.96867 545.9057 -5.000244 -13.00285 545.515 -5.000244 -12.96867 543.6899 -5.000244 -11.14357 543.6557 -5.000244 -10.75285 543.6557 -5.000244 -0.752861 548.1215 -5.000244 -0.3621521 548.1557 -5.000244 -0.752861 548.1557 -5.000244 -10.75285</float_array>
          <technique_common>
            <accessor source="#BOX_PAD1_0_simple_004-mesh-positions-array" count="4792" stride="3">
              <param name="X" type="float"/>
              <param name="Y" type="float"/>
              <param name="Z" type="float"/>
            </accessor>
          </technique_common>
        </source>
        <source id="BOX_PAD1_0_simple_004-mesh-normals">
          <float_array id="BOX_PAD1_0_simple_004-mesh-normals-array" count="10344">0 -1 0 0 -1 1.33744e-6 0 -1 -9.71185e-6 0 -1 1.4962e-5 0 -1 7.74234e-5 0 -1 -5.9268e-5 0 -1 1.87381e-5 0 -1 -1.21755e-5 0 -1 5.67344e-5 0 -1 -1.74491e-5 0 -1 -7.13873e-6 0 -1 1.23218e-5 0 -1 -1.17298e-5 0 -1 1.61121e-5 0 -1 -5.67618e-6 0 -1 -3.85826e-6 0 -1 5.76781e-6 0 -1 5.93934e-6 0 -1 -2.61258e-5 0 -1 -1.7387e-5 0 -1 -4.44271e-6 0 -1 3.20349e-5 0 -1 -1.55107e-5 0 -1 -1.64612e-6 0 -1 5.32287e-5 0 -1 5.53097e-6 0 -1 2.56705e-5 0 -1 -3.8473e-5 0 -1 6.91659e-5 0 -1 -2.09521e-6 0 -1 -2.7573e-5 0 -1 6.29043e-5 0 -1 -6.19567e-5 0 -1 2.12019e-5 0 -1 -1.02382e-5 0 -1 -2.23155e-5 0 -1 1.45474e-5 0 -1 -1.37222e-5 0 -1 -1.65106e-5 0 -1 1.32013e-4 0 -1 -8.8199e-5 0 -1 3.57769e-5 0 -1 -3.50518e-4 0 -1 1.02382e-5 0 -1 2.29665e-5 0 -1 -6.91611e-5 0 -1 -2.12019e-5 0 -1 2.09521e-6 0 -1 1.41113e-4 0 -1 -3.45686e-5 0 -1 3.50444e-4 0 -1 -3.57769e-5 0 -1 7.254e-5 0 -1 -6.29032e-5 0 -1 2.21761e-5 0 -1 1.65106e-5 0 -1 1.37209e-5 0 -1 -1.33429e-5 0 -1 2.23181e-5 0 -1 -2.15364e-5 0 -1 2.7573e-5 0 -1 7.46143e-5 0 -1 -2.56705e-5 0 -1 -8.3949e-5 0 -1 1.25763e-5 0 -1 9.16826e-6 0 -1 -1.65598e-4 0 -1 6.91362e-6 0 -1 5.27502e-5 0 -1 1.03681e-4 0 -1 1.65109e-5 0 -1 -2.27742e-5 0 -1 1.37213e-5 0 -1 -2.41748e-5 0 -1 -1.31998e-4 0 -1 8.8199e-5 0 -1 -3.53957e-5 0 -1 -5.86524e-6 0 -1 5.50564e-6 0 -1 1.49548e-5 0 -1 -2.79127e-5 0 -1 4.60957e-5 0 -1 -1.9422e-5 0 -1 1.25761e-5 0 -1 2.75735e-5 0 -1 -1.33862e-5 0 -1 -5.18135e-5 0 -1 1.67217e-5 0 -1 -8.39349e-5 0 -1 5.27647e-5 0 -1 5.81178e-5 0 -1 1.56789e-4 0 -1 -5.18495e-5 0 -1 1.07809e-4 0 -1 1.13549e-4 0 -1 -6.93561e-5 0 -1 8.11688e-5 0 -1 -6.89374e-5 0 -1 4.32975e-5 0 -1 -6.8945e-5 0 -1 1.47053e-5 0 -1 8.9815e-5 0 -1 -1.38753e-5 0 -1 1.3491e-5 0 -1 -4.53546e-5 0 -1 6.08643e-5 0 -1 -4.53481e-5 0 -1 8.9823e-5 0 -1 -6.93513e-5 0 -1 -5.9952e-5 0 -1 5.03423e-5 0 -1 -3.26095e-5 0 -1 -7.53239e-5 0 -1 -4.88934e-5 0 -1 3.93273e-5 0 -1 -2.7423e-5 0 -1 4.76903e-5 0 -1 2.9559e-5 0 -1 2.2516e-5 0 -1 -2.25412e-6 0 -1 2.93422e-5 0 -1 -5.18057e-5 0 -1 3.93223e-5 0 -1 -8.40377e-5 0 -1 1.61522e-5 0 -1 -6.51721e-5 0 -1 4.76968e-5 0 -1 9.24642e-5 0 -1 -4.91198e-5 0 -1 1.38762e-5 0 -1 8.82457e-5 0 -1 -8.9815e-5 0 -1 6.93513e-5 0 -1 4.53556e-5 0 -1 -6.08544e-5 0 -1 6.8945e-5 0 -1 -4.32927e-5 0 -1 -1.0778e-4 0 -1 6.2666e-5 0 -1 -1.56789e-4 0 -1 5.18595e-5 0 -1 -4.32895e-5 0 -1 -8.11557e-5 0 -1 4.53546e-5 0 -1 -1.47082e-5 0 -1 1.38753e-5 0 -1 -8.87053e-5 0 -1 2.7423e-5 0 -1 -2.9343e-5 0 -1 7.53239e-5 0 -1 7.53466e-5 0 -1 -2.93422e-5 0 -1 6.09247e-5 0 -1 -8.87028e-5 0 -1 -4.01413e-5 0 -1 -5.67709e-6 0 -1 1.61086e-5 0 -1 -1.65344e-5 0 -1 1.23229e-5 0 -1 -9.71081e-6 0 -1 5.53318e-6 0 -1 5.76874e-6 0 -1 3.20184e-5 0 -1 7.61905e-6 0 -1 -1.21789e-5 0 -1 -1.10659e-5 0 -1 1.29249e-5 0 -1 -8.20641e-6 0 -1 3.85719e-6 0 -1 -1.23148e-5 0 -1 4.21114e-6 0 -1 -1.58952e-6 0 -1 5.28955e-6 0 -1 -6.39245e-6 0 -1 3.45304e-5 0 -1 -1.59408e-5 0 -1 -1.55123e-5 0 -1 3.53162e-6 0 -1 -1.37217e-5 0 -1 1.33425e-5 0 -1 -2.23141e-5 0 -1 -4.47227e-6 0 -1 3.06136e-6 0 -1 -5.22646e-6 0 -1 -8.81928e-5 0 -1 1.32036e-4 0 -1 1.7148e-4 0 -1 -1.29597e-4 0 -1 2.79127e-5 0 -1 -1.34372e-5 0 -1 -1.65109e-5 0 -1 -1.49584e-5 0 -1 -6.74888e-6 0 -1 5.86524e-6 0 -1 -4.8891e-5 0 -1 6.5189e-5 0 -1 -7.19011e-5 0 -1 7.19217e-5 0 -1 -1.27883e-5 0 -1 1.27875e-5 0 -1 -3.93273e-5 0 -1 -4.88838e-5 0 -1 -2.74181e-5 0 -1 2.74183e-5 0 -1 -2.74168e-5 0 -1 4.76917e-5 0 -1 -6.10501e-5 0 -1 -2.25154e-5 0 -1 -2.25197e-5 0 -1 5.18057e-5 0 -1 4.88838e-5 0 -1 2.95599e-5 0 -1 2.25154e-5 0 -1 5.67679e-6 0 -1 -3.45304e-5 0 -1 5.18135e-5 0 -1 -1.63275e-6 0 -1 -3.20184e-5 0 -1 1.55133e-5 0 -1 1.5944e-5 0 -1 1.33858e-5 0 -1 -1.93989e-5 0 -1 -1.29856e-5 0 -1 1.17246e-5 0 -1 -1.61086e-5 0 -1 1.21757e-5 0 -1 -7.62009e-6 0 -1 -5.27653e-5 0 -1 5.2456e-5 0 -1 9.38861e-6 0 -1 -5.28955e-6 0 -1 2.59014e-5 0 -1 -2.00136e-5 0 -1 -8.43313e-6 0 -1 -7.94438e-6 0 -1 5.18689e-6 0 -1 -3.20349e-5 0 -1 5.06688e-5 0 -1 4.86116e-6 0 -1 2.0779e-5 0 -1 -3.32302e-5 0 -1 -5.93912e-6 0 -1 -7.61864e-6 0 -1 1.21755e-5 0 -1 6.10404e-5 0 -1 -5.76104e-5 0 -1 1.7387e-5 0 -1 -5.32377e-5 0 -1 1.64612e-6 0 -1 1.55077e-5 0 -1 -1.25763e-5 0 -1 -6.91381e-6 0 -1 1.65565e-4 0 -1 -2.4496e-5 0 -1 -1.61121e-5 0 -1 1.54765e-5 0 -1 -1.29848e-5 0 -1 -1.93964e-5 0 -1 6.26488e-5 0 -1 1.13543e-4 0 1 0 0 1 -1.13548e-4 0 1 4.47227e-6 0 1 1.37217e-5 0 1 -2.41748e-5 0 1 -2.79127e-5 0 1 1.29597e-4 0 1 -1.7148e-4 0 1 1.41113e-4 0 1 -1.80649e-5 0 1 -3.53907e-5 0 1 -5.86524e-6 0 1 5.50486e-6 0 1 1.49584e-5 0 1 -2.27742e-5 0 1 -1.83543e-6 0 1 5.67709e-6 0 1 -3.45304e-5 0 1 4.64808e-6 0 1 -8.43313e-6 0 1 -4.21114e-6 0 1 -8.20816e-6 0 1 4.01413e-5 0 1 -1.49623e-5 0 1 -1.33764e-6 0 1 9.38667e-6 0 1 -5.28955e-6 0 1 1.99898e-6 0 1 -5.02089e-6 0 1 4.23184e-6 0 1 -5.76994e-6 0 1 4.44188e-6 0 1 -5.53293e-6 0 1 -7.82252e-6 0 1 -1.23229e-5 0 1 1.17256e-5 0 1 -1.61086e-5 0 1 -3.20184e-5 0 1 1.55123e-5 0 1 1.59408e-5 0 1 2.27742e-5 0 1 -1.41113e-4 0 1 1.31998e-4 0 1 -1.29597e-4 0 1 2.80542e-5 0 1 -1.37213e-5 0 1 1.33437e-5 0 1 -2.23141e-5 0 1 1.8064e-5 0 1 2.79127e-5 0 1 -1.34372e-5 0 1 -1.49548e-5 0 1 -6.75004e-6 0 1 5.86524e-6 0 1 1.9422e-5 0 1 -2.00128e-5 0 1 -1.67217e-5 0 1 6.47626e-5 0 1 2.15359e-5 0 1 -2.75735e-5 0 1 -5.27647e-5 0 1 5.2456e-5 0 1 1.33846e-5 0 1 -1.25763e-5 0 1 5.24648e-5 0 1 -6.91362e-6 0 1 1.65598e-4 0 1 -2.44928e-5 0 1 1.19699e-5 0 1 2.56705e-5 0 1 -1.02382e-5 0 1 1.17747e-5 0 1 3.57769e-5 0 1 -6.19578e-5 0 1 3.56618e-5 0 1 -2.29665e-5 0 1 -8.8199e-5 0 1 1.80645e-5 0 1 -7.46143e-5 0 1 -2.21761e-5 0 1 6.29032e-5 0 1 -2.09521e-6 0 1 -2.7573e-5 0 1 -1.65106e-5 0 1 2.27749e-5 0 1 -2.23181e-5 0 1 1.45484e-5 0 1 -1.37209e-5 0 1 -1.07809e-4 0 1 5.18495e-5 0 1 9.24642e-5 0 1 6.89374e-5 0 1 -8.9815e-5 0 1 6.93561e-5 0 1 5.18472e-5 0 1 -1.07797e-4 0 1 -8.9823e-5 0 1 1.38762e-5 0 1 -1.34964e-5 0 1 4.53481e-5 0 1 -8.11688e-5 0 1 4.53546e-5 0 1 -1.47061e-5 0 1 1.38753e-5 0 1 -8.11557e-5 0 1 6.8945e-5 0 1 -8.87053e-5 0 1 -6.10501e-5 0 1 2.7423e-5 0 1 -2.9343e-5 0 1 7.53466e-5 0 1 -2.2516e-5 0 1 -2.6111e-6 0 1 -2.25192e-5 0 1 5.18057e-5 0 1 3.26095e-5 0 1 -7.19217e-5 0 1 4.88934e-5 0 1 2.74183e-5 0 1 -4.76968e-5 0 1 -5.03423e-5 0 1 3.27907e-5 0 1 -1.61582e-5 0 1 1.27875e-5 0 1 4.88838e-5 0 1 -3.93223e-5 0 1 8.40377e-5 0 1 8.11557e-5 0 1 -6.89465e-5 0 1 1.47053e-5 0 1 4.91198e-5 0 1 -6.93449e-5 0 1 1.13543e-4 0 1 -6.93513e-5 0 1 -5.18595e-5 0 1 1.07792e-4 0 1 8.9815e-5 0 1 -1.38753e-5 0 1 1.34928e-5 0 1 -4.53546e-5 0 1 1.0778e-4 0 1 4.32927e-5 0 1 -6.8945e-5 0 1 6.08544e-5 0 1 -4.53556e-5 0 1 8.87028e-5 0 1 -2.74183e-5 0 1 2.93422e-5 0 1 -7.53466e-5 0 1 2.25197e-5 0 1 2.6111e-6 0 1 2.25154e-5 0 1 -5.1793e-5 0 1 9.71185e-6 0 1 4.23126e-6 0 1 -5.76781e-6 0 1 4.4431e-6 0 1 -5.53097e-6 0 1 2.61258e-5 0 1 -1.50419e-5 0 1 4.86176e-6 0 1 -3.20349e-5 0 1 -7.61969e-6 0 1 1.21755e-5 0 1 -1.61121e-5 0 1 1.65324e-5 0 1 -1.23218e-5 0 1 -8.20392e-6 0 1 3.85826e-6 0 1 7.16714e-5 0 1 -5.76039e-5 0 1 -5.32287e-5 0 1 1.64612e-6 0 1 1.55107e-5 0 1 2.7573e-5 0 1 2.09521e-6 0 1 8.16353e-6 0 1 7.46143e-5 0 1 1.37222e-5 0 1 -1.33429e-5 0 1 2.23155e-5 0 1 1.65106e-5 0 1 4.48682e-4 0 1 -3.57769e-5 0 1 -1.17747e-5 0 1 1.02382e-5 0 1 2.29665e-5 0 1 -6.91659e-5 0 1 -2.12019e-5 0 1 6.48893e-5 0 1 -6.29043e-5 0 1 8.8199e-5 0 1 -1.32013e-4 0 1 3.45686e-5 0 1 -4.48581e-4 0 1 -1.58928e-6 0 1 5.28955e-6 0 1 -6.39125e-6 0 1 -1.03627e-4 0 1 3.20184e-5 0 1 1.63275e-6 0 1 1.93989e-5 0 1 3.45304e-5 0 1 -1.5944e-5 0 1 -1.55133e-5 0 1 1.25761e-5 0 1 -8.39349e-5 0 1 5.27653e-5 0 1 5.81103e-5 0 1 2.00136e-5 0 1 -1.02733e-5 0 1 7.62009e-6 0 1 -1.21757e-5 0 1 -1.29527e-5 0 1 -5.18689e-6 0 1 1.61086e-5 0 1 -1.54748e-5 0 1 1.29856e-5 0 1 -1.17282e-5 0 1 -1.13276e-6 0 1 -1.21755e-5 0 1 -5.67717e-6 0 1 9.16736e-6 0 1 -1.65565e-4 0 1 6.91381e-6 0 1 5.27567e-5 0 1 -1.33863e-5 0 1 1.93964e-5 0 1 3.32302e-5 0 1 -2.0779e-5 0 1 -2.07199e-5 0 1 1.29848e-5 0 1 3.20349e-5 0 1 -1.55077e-5 0 1 -1.64612e-6 0 1 5.32377e-5 0 1 5.93912e-6 0 1 1.50448e-5 0 1 -5.06586e-5 0 1 -1.7387e-5 0 1 6.69998e-5 0 1 -6.10404e-5 0 1 9.57387e-6 0 1 -9.57414e-6 0 1 -1.27937e-5 0 1 -4.88934e-5 0 1 6.5189e-5 0 1 7.19011e-5 0 1 -4.88838e-5 0 1 6.10501e-5 0 1 7.19217e-5 0 1 -1.27875e-5 0 1 1.27883e-5 0 1 -3.93273e-5 0 1 2.74181e-5 0 1 2.74168e-5 0 1 -2.93501e-5 0 1 -2.7423e-5 0 1 4.76917e-5 0 1 -2.25154e-5 0 1 -2.25197e-5 0 1 -3.45686e-5 0 0 1 0 0 -1 -1 0 0 1 0 0 1.83061e-6 0 -1 -1.46424e-5 0 -1 -9.15371e-7 0 -1 -2.74596e-6 0 -1 -9.15363e-7 0 -1 -4.57643e-7 0 -1 -1.02977e-6 0 -1 -2.28837e-6 0 1 2.05939e-6 0 1 -9.15364e-7 0 1 -1.83063e-6 0 1 -9.15302e-7 0 1 9.15313e-7 0 1 -0.0871759 0.996193 0 -0.9961849 0.08726882 0 -0.08716577 0.9961938 0 -0.0871672 0.9961937 0 -0.9961942 0.08716189 0 -0.9659342 0.2587882 0 -0.9659611 0.2586877 0 -0.9062948 0.4226464 0 -0.8190913 0.5736633 0 -0.8191419 0.5735909 0 -0.7072238 0.7069897 0 -0.7070623 0.7071514 0 -0.5735784 0.8191508 0 -0.5735783 0.8191508 0 -0.4225741 0.9063284 0 -0.4226567 0.9062899 0 -0.2587848 0.9659351 0 -0.2588387 0.9659206 0 -0.08716458 0.996194 0 -0.08717036 0.9961934 0 0.08720558 -0.9961903 0 0.08709222 -0.9962003 0 0.08715873 -0.9961944 0 0.08715468 -0.9961948 0 0.0872097 -0.99619 0 0.2587783 -0.9659367 0 0.258886 -0.9659079 0 0.4225614 -0.9063343 0 0.5739182 -0.8189128 0 0.573513 -0.8191965 0 0.7069016 -0.707312 0 0.7071169 -0.7070966 0 0.8191203 -0.5736218 0 0.8191204 -0.5736219 0 0.9062613 -0.4227181 0 0.9064264 -0.4223641 0 0.965985 -0.258598 0 0.9658773 -0.2590001 0 0.9962408 -0.08662724 0 0.9961285 -0.08791029 0 0 1 -3.74485e-7 0 1 8.42023e-7 0 1 -3.9734e-7 0 1 8.40596e-7 0 1 -2.17143e-6 0 1 9.20688e-7 0 1 -1.02708e-6 0 1 -1.92877e-7 0 1 9.60894e-7 0 1 3.9736e-7 0 1 1.79566e-6 0 1 -9.09652e-7 0 1 1.12724e-6 0 1 -1.11513e-6 0 1 -1.53729e-6 0 1 1.9287e-7 0 1 1.11545e-6 0 1 -2.58111e-6 0 1 9.09872e-7 0 1 1.58952e-6 0 1 8.98682e-7 0 1 -3.28508e-7 0 1 -3.19138e-6 0 1 -6.07126e-7 0 1 -1.20252e-7 0 1 1.64444e-7 0 1 4.70812e-7 0 1 0 0 1 8.94063e-7 0 1 6.78535e-7 0 1 -6.78779e-7 0 1 -1.98287e-6 0 1 -2.17764e-7 0 1 1.1157e-6 0 1 -1.12687e-6 0 1 1.53729e-6 0 1 -8.94044e-7 0 1 9.60622e-7 0 1 -2.17758e-7 0 1 -1.11531e-6 0 1 1.98388e-6 0 1 2.17758e-7 0 1 -9.60811e-7 0 1 0 0 1 -6.78517e-7 0 1 6.78797e-7 0 1 -1.1265e-6 0 1 -8.94035e-7 0 1 9.61018e-7 0 1 1.79186e-7 0 1 -2.17806e-7 0 1 2.11664e-6 0 1 2.13145e-7 0 1 -1.07362e-6 0 1 6.93362e-7 0 1 -1.18214e-6 0 1 -3.17672e-7 0 1 -1.51474e-6 0 1 -7.44415e-7 0 1 6.78238e-7 0 1 -1.12719e-6 0 1 1.98287e-6 0 1 2.17709e-7 0 1 1.71148e-6 0 1 -3.20273e-7 0 1 -9.60622e-7 0 1 -6.11658e-7 0 1 -2.09285e-7 0 1 -6.78762e-7 0 1 1.12676e-6 0 1 -1.9282e-7 0 1 -8.94009e-7 0 1 0 0 1 -1.30446e-6 0 1 5.41679e-7 0 1 -1.09052e-6 0 1 7.47441e-7 0 1 -1.4737e-7 0 1 2.33394e-7 0 1 6.88493e-7 0 1 -6.22632e-7 0 1 -6.13038e-7 0 1 1.01116e-6 0 1 -1.71741e-6 0 1 2.13194e-7 0 1 1.19071e-6 0 1 -1.18242e-6 0 1 -9.47914e-7 0 1 9.7678e-7 0 1 0 0 1 -1.30415e-6 0 1 8.94052e-7 0 1 9.60788e-7 0 1 -8.94052e-7 0 1 -6.78884e-7 0 1 -2.17747e-7 0 1 1.92875e-7 0 1 -6.11598e-7 0 1 -2.09272e-7 0 1 7.47304e-7 0 1 -1.47459e-7 0 1 -9.47574e-7 0 1 9.48289e-7 0 1 0 0 1 -7.47685e-7 0 1 6.11726e-7 0 1 -7.21657e-7 0 1 1.11489e-6 0 1 -2.69211e-6 0 1 -3.20299e-7 0 1 -4.68656e-6 0 1 2.70158e-7 0 1 -3.07639e-6 0 1 2.73835e-6 0 1 -9.60788e-7 0 1 1.44812e-6 0 1 -1.14431e-6 0 1 -2.14694e-7 0 1 -9.96492e-7 0 1 2.09305e-7 0 1 6.11598e-7 0 1 1.16798e-6 0 1 -5.41679e-7 0 1 -5.34286e-7 0 1 -1.08146e-6 0 1 0 0 1 9.59994e-7 0 1 -7.44121e-7 0 -1 1.92877e-7 0 -1 1.11513e-6 0 -1 -2.58122e-6 0 -1 9.09652e-7 0 -1 -1.79566e-6 0 -1 -3.59807e-7 0 -1 1.02708e-6 0 -1 -9.20634e-7 0 -1 8.56822e-7 0 -1 -6.2775e-7 0 -1 -5.49484e-7 0 -1 -1.98287e-6 0 -1 -2.17709e-7 0 -1 -2.87594e-6 0 -1 3.37652e-7 0 -1 -2.9001e-6 0 -1 3.9738e-7 0 -1 1.79529e-6 0 -1 9.60929e-7 0 -1 0 0 -1 2.35133e-7 0 -1 6.78779e-7 0 -1 -6.78535e-7 0 -1 1.12687e-6 0 -1 -1.98388e-6 0 -1 -2.17764e-7 0 -1 -7.94723e-7 0 -1 -9.60929e-7 0 -1 2.17764e-7 0 -1 9.6074e-7 0 -1 2.35146e-7 0 -1 9.60811e-7 0 -1 -1.9282e-7 0 -1 1.98287e-6 0 -1 2.17758e-7 0 -1 -9.60622e-7 0 -1 0 0 -1 -2.35127e-7 0 -1 -2.17758e-7 0 -1 -1.11588e-6 0 -1 -6.78797e-7 0 -1 6.78517e-7 0 -1 -1.12685e-6 0 -1 1.75486e-7 0 -1 -3.61357e-7 0 -1 3.74476e-7 0 -1 2.17806e-7 0 -1 -2.35124e-7 0 -1 -2.13145e-7 0 -1 -1.19055e-6 0 -1 1.18214e-6 0 -1 1.11531e-6 0 -1 1.92818e-7 0 -1 -9.61018e-7 0 -1 1.12719e-6 0 -1 -9.59365e-7 0 -1 7.44415e-7 0 -1 1.51474e-6 0 -1 3.17672e-7 0 -1 3.20273e-7 0 -1 0 0 -1 6.07327e-7 0 -1 -5.49451e-7 0 -1 7.94705e-7 0 -1 9.60622e-7 0 -1 9.60788e-7 0 -1 7.94713e-7 0 -1 -6.11598e-7 0 -1 4.01878e-6 0 -1 -1.50286e-6 0 -1 3.89326e-7 0 -1 3.68171e-7 0 -1 1.14431e-6 0 -1 7.44121e-7 0 -1 -6.78552e-7 0 -1 -1.89716e-6 0 -1 6.50015e-7 0 -1 8.24925e-7 0 -1 -2.49147e-7 0 -1 -1.60755e-6 0 -1 5.99191e-6 0 -1 -4.04548e-6 0 -1 3.17701e-7 0 -1 1.51447e-6 0 -1 -3.30968e-6 0 -1 -1.42314e-6 0 -1 2.72288e-7 0 -1 2.30379e-6 0 -1 -1.53832e-6 0 -1 -6.50015e-7 0 -1 0 0 -1 1.06857e-6 0 -1 -1.98186e-6 0 -1 -2.17844e-7 0 -1 0 0 -1 -1.18559e-6 0 -1 6.11598e-7 0 -1 -8.24925e-7 0 -1 1.6496e-6 0 -1 -6.11726e-7 0 -1 -2.0926e-7 0 -1 2.49101e-7 0 -1 -9.60788e-7 0 -1 1.92867e-7 0 -1 -2.49228e-7 0 -1 1.03159e-6 0 -1 -3.0281e-6 0 -1 3.54731e-6 0 -1 -3.54463e-6 0 -1 1.60837e-6 0 -1 2.17747e-7 0 -1 1.11545e-6 0 -1 6.78884e-7 0 -1 2.09285e-7 0 -1 6.11658e-7 0 -1 1.87485e-6 0 -1 -4.49511e-6 0 -1 3.0281e-6 0 -1 -1.03159e-6 0 -1 2.49147e-7 0 -1 -1.6496e-6 0 -1 0 0 -1 -7.94675e-7 0 -1 -2.72659e-7 0 -1 -1.70974e-6 0 -1 3.65388e-6 0 -1 1.9282e-7 0 -1 -1.12676e-6 0 -1 1.18242e-6 0 -1 -1.19071e-6 0 -1 -2.13194e-7 0 -1 8.98805e-7 0 -1 -1.35611e-7 0 -1 -1.38266e-6 0 -1 7.47159e-7 -1.83059e-6 0 -1 1.46439e-5 0 -1 9.15375e-7 0 -1 -9.15302e-7 0 -1 9.15365e-7 0 -1 4.57644e-7 0 -1 -2.63163e-6 0 -1 2.17397e-6 0 1 -2.0594e-6 0 1 9.15359e-7 0 1 1.8306e-6 0 1 -1.4643e-5 0 1 9.15308e-7 0 1 -9.15322e-7 0 1 9.15355e-7 0 1 -3.66097e-6 0 1 0.9961944 -0.08715999 0 0.0871452 -0.9961956 0 0.0871756 -0.996193 0 0.08711481 -0.9961983 0 0.08713507 -0.9961965 0 0.9961944 -0.08715999 0 0.9659342 -0.2587882 0 0.9659342 -0.2587882 0 0.9063321 -0.4225663 0 0.9062908 -0.4226548 0 0.8190913 -0.5736633 0 0.8191419 -0.5735909 0 0.7072238 -0.7069897 0 0.7070623 -0.7071514 0 0.573593 -0.8191404 0 0.5735424 -0.819176 0 0.4226154 -0.9063091 0 0.4226567 -0.9062899 0 0.2587848 -0.9659351 0 0.2588387 -0.9659206 0 0.08714759 -0.9961955 0 0.08713907 -0.9961962 0 0.0871756 -0.9961931 0 0.08713555 -0.9961965 0 0.08715349 -0.9961949 0 -0.08709901 0.9961997 0 -0.08701115 0.9962074 0 -0.08719301 0.9961915 0 -0.08701074 0.9962074 0 -0.08709162 0.9962003 0 -0.08707141 0.9962021 0 -0.08701068 0.9962075 0 -0.08712285 0.9961977 0 -0.2587783 0.9659367 0 -0.258886 0.9659079 0 -0.4226334 0.9063008 0 -0.4227985 0.9062237 0 -0.5737155 0.8190547 0 -0.573513 0.8191965 0 -0.7068578 0.7073557 0 -0.7070732 0.7071405 0 -0.8191491 0.5735807 0 -0.8191491 0.5735807 0 -0.9062457 0.4227516 0 -0.9064107 0.4223976 0 -0.9659909 0.2585762 0 -0.9658833 0.2589783 0 -0.9962408 0.08662724 0 -0.9961661 0.08748263 0 -3.04819e-6 0 -1 3.25129e-5 0 -1 -4.57207e-6 0 -1 3.25161e-5 0 -1 -5.08025e-6 0 -1 2.03217e-6 0 -1 -4.06421e-6 0 -1 1.01604e-6 0 -1 2.03204e-6 0 -1 -2.03215e-6 0 -1 -1.01604e-6 0 1 -1.01605e-6 0 1 1.62591e-5 0 1 -1.01606e-6 0 1 -1.01607e-6 0 1 1.01608e-6 0 1 -1.01605e-6 0 1 1.77802e-6 0 1 -5.71535e-7 0 1 -0.07845216 -0.996918 0 -0.07841938 -0.9969205 0 -0.07844179 -0.9969188 0 -0.07845544 -0.9969177 0 -0.07844942 -0.9969182 0 -0.07841902 -0.9969206 0 -0.07845956 -0.9969173 0 -0.0784471 -0.9969184 0 -0.2334419 -0.9723708 0 -0.2334419 -0.9723708 0 -0.3826698 -0.9238853 0 -0.3827121 -0.9238678 0 -0.5225136 -0.8526309 0 -0.5225137 -0.8526309 0 -0.6494243 -0.7604264 0 -0.7604321 -0.6494175 0 -0.7603731 -0.6494867 0 -0.8526318 -0.5225123 0 -0.8526851 -0.5224253 0 -0.9238604 -0.3827296 0 -0.9238604 -0.3827296 0 -0.9723847 -0.2333839 0 -0.9969135 -0.07850885 0 0.07847356 0.9969162 0 0.0784837 0.9969155 0 0.07846742 0.9969167 0 0.07840263 0.9969218 0 0.07849001 0.996915 0 0.2332915 0.9724069 0 0.2334001 0.9723809 0 0.3827112 0.9238681 0 0.3828806 0.923798 0 0.5222828 0.8527724 0 0.6495566 0.7603134 0 0.6493202 0.7605152 0 0.7605606 0.649267 0 0.8525119 0.5227079 0 0.8525118 0.5227079 0 0.9239451 0.3825253 0 0.9241142 0.3821164 0 0.9722242 0.2340517 0 0.972333 0.2335992 0 0.9969506 0.07803493 0 0.9969133 0.07851076 0 0.07832175 0.9969282 0 0.07844352 0.9969186 0 0.07847636 0.996916 0 -1 8.15255e-6 0 -1 -4.17688e-6 0 -1 -1.33053e-5 0 -1 4.90419e-6 0 -1 -8.32137e-5 0 -1 5.12611e-5 0 -1 1.08214e-4 0 -1 -9.69618e-5 0 -1 1.22648e-4 0 -1 -9.69623e-5 0 -1 1.94784e-4 0 -1 -4.32873e-5 0 -1 4.84807e-5 0 -1 5.77155e-5 0 -1 -2.88586e-5 0 -1 5.77134e-5 0 -1 2.88577e-5 0 -1 -6.06013e-6 0 -1 -1.212e-5 0 -1 -3.52377e-4 0 -1 1.63951e-4 0 -1 -8.78913e-5 0 -1 1.115e-4 0 -1 8.51612e-5 0 -1 -1.93333e-4 0 -1 -1.45514e-4 0 -1 4.28149e-5 0 -1 -7.09432e-5 0 -1 2.22826e-5 0 -1 4.16074e-5 0 -1 3.41746e-5 0 -1 8.15261e-6 0 -1 4.11491e-6 0 -1 8.3588e-5 0 -1 1.39585e-6 0 -1 -4.7689e-5 0 -1 9.33383e-6 0 -1 2.67234e-4 0 -1 -8.27923e-5 0 -1 1.36433e-4 0 -1 -1.3944e-4 0 -1 -3.41745e-5 0 -1 4.16066e-5 0 -1 1.02523e-4 0 -1 -1.99558e-5 0 -1 1.22601e-5 0 -1 4.69104e-5 0 -1 3.02424e-5 0 -1 -1.87083e-4 0 -1 1.33528e-4 0 -1 -3.04528e-5 0 -1 2.88579e-5 0 -1 5.77163e-5 0 -1 4.84812e-5 0 -1 -8.65724e-5 0 -1 8.65724e-5 0 -1 -7.21445e-5 0 -1 1.01004e-4 0 -1 -8.65734e-5 0 -1 -3.60711e-5 0 -1 1.22648e-4 0 -1 -1.22643e-4 0 0.9999997 -7.82901e-4 0 1 4.97847e-5 0 1 1.28827e-4 0 1 6.89528e-5 0 1 3.54799e-5 0 1 -3.75919e-5 0 1 -7.5532e-5 0 1 -6.2088e-5 0 1 7.42747e-5 0 1 2.1778e-4 0 1 -3.09692e-5 0 1 3.06088e-5 0 1 -2.43628e-4 0 1 1.7087e-5 0 1 1.14027e-5 0 1 -9.80838e-6 0 0.9999988 0.001595914 0 1 1.24686e-5 0 1 -2.87471e-4 0 1 4.43602e-5 0 1 6.26534e-5 0 1 4.6751e-5 0 1 -2.28516e-4 0 1 2.33269e-5 0 1 -4.65282e-7 0 1 -5.29882e-6 0 1 -4.66679e-6 0 1 8.15261e-6 0 1 -4.17682e-6 0 1 -1.07084e-4 0 1 -6.85619e-6 0 1 3.41745e-5 0 1 2.8857e-5 0 1 2.88573e-5 0 1 -5.77139e-5 0 1 5.77167e-5 0 1 -5.77159e-5 0 1 -1.44291e-5 0 1 -1.08213e-4 0 1 -9.37892e-5 0 1 9.37851e-5 0 1 -2.45203e-5 0 1 2.08033e-4 0 1 -8.5436e-5 0 1 2.42406e-5 0 1 -1.44291e-5 0 1 -5.77155e-5 0 1 2.42405e-5 0 1 -3.63607e-5 0 1 6.06014e-6 0 1 2.30866e-4 0 1 -1.81804e-5 0 1 -2.30856e-4 0 0.08713465 0 -0.9961966 0.2588394 0 -0.9659204 0.422598 0 -0.9063173 0.5735564 0 -0.8191661 0.7071318 0 -0.7070818 0.8191191 0 -0.5736235 0.9063186 0 -0.4225952 0.9659522 0 -0.2587211 0.9961879 0 -0.08723396 0.9961876 0 0.08723831 0.9659522 0 0.2587211 0.9063275 0 0.422576 0.8191191 0 0.5736235 0.7071068 0 0.7071068 0.5735564 0 0.8191661 0.422598 0 0.9063173 0.2588394 0 0.9659204 0.0871843 0 0.9961923 -0.0871843 0 0.9961923 -0.2588394 0 0.9659204 -0.422598 0 0.9063173 -0.5735564 0 0.8191661 -0.7071068 0 0.7071068 -0.8191191 0 0.5736235 -0.9063275 0 0.422576 -0.9659522 0 0.2587211 -0.9961876 0 0.08723831 -0.9961879 0 -0.08723396 -0.9659522 0 -0.2587211 -0.9063186 0 -0.4225952 -0.8191191 0 -0.5736235 -0.7071318 0 -0.7070818 -0.5735564 0 -0.8191661 -0.422598 0 -0.9063173 -0.2588394 0 -0.9659204 -0.08713465 0 -0.9961966 0.08715951 0 -0.9961944 0.5735731 0 -0.8191543 0.7071068 0 -0.7071068 0.9063231 0 -0.4225856 0.9961877 0 -0.0872361 0.9961877 0 0.0872361 0.9063231 0 0.4225856 0.5735899 0 0.8191426 0.4225775 0 0.906327 0.08715951 0 0.9961944 -0.08715951 0 0.9961944 -0.4225775 0 0.906327 -0.5735899 0 0.8191426 -0.9063231 0 0.4225856 -0.9961877 0 0.0872361 -0.9961877 0 -0.0872361 -0.9063231 0 -0.4225856 -0.7071068 0 -0.7071068 -0.5735731 0 -0.8191543 -0.08715951 0 -0.9961944 0.2587894 0 -0.9659339 0.4226746 0 -0.9062815 0.9659021 0 -0.2589078 0.996205 0 -0.08703756 0.996205 0 0.08703756 0.9659021 0 0.2589078 0.422654 0 0.9062912 0.2587894 0 0.9659339 -0.8192132 0 0.5734892 -0.9062465 0 0.4227499 -0.9062465 0 -0.4227499 -0.8192132 0 -0.5734892 0.9962053 0 -0.08703535 0.9962049 0 0.0870397 0.4226746 0 0.9062815 -0.9062509 0 0.4227403 -0.9062419 0 -0.4227595 0 -0.9961979 0.08712005 0 -0.9659304 0.2588023 0 -0.9659215 0.2588351 0 -0.9063045 0.4226253 0 -0.9062939 0.4226481 0 -0.8191432 0.5735892 0 -0.8191523 0.5735762 0 -0.7071138 0.7070999 0 -0.7071207 0.707093 0 -0.5735892 0.8191432 0 -0.5735762 0.8191523 0 -0.4226139 0.9063099 0 -0.4226253 0.9063045 0 -0.2588152 0.9659269 0 -0.2588083 0.9659287 0 -0.08714312 0.9961959 0 0.08714073 0.9961961 0 0.08713829 0.9961962 0 0.2588222 0.965925 0 0.4226139 0.9063099 0 0.4226253 0.9063045 0 0.5735762 0.8191523 0 0.5735892 0.8191432 0 0.7071277 0.707086 0 0.7071068 0.7071068 0 0.8191432 0.5735892 0 0.8191523 0.5735762 0 0.9062939 0.4226481 0 0.9063045 0.4226253 0 0.9659234 0.2588282 0 0.9659285 0.2588092 0 0.996193 0.08717519 0 0.9961954 0.08714765 0 0.9961954 -0.08714765 0 0.996193 -0.08717519 0 0.9659285 -0.2588092 0 0.9659215 -0.2588351 0 0.9063045 -0.4226253 0 0.9062939 -0.4226481 0 0.8191523 -0.5735762 0 0.7071138 -0.7070999 0 0.7071207 -0.707093 0 0.5735706 -0.8191563 0 0.5735668 -0.8191588 0 0.4226139 -0.9063099 0 0.4226253 -0.9063045 0 0.2588222 -0.965925 0 0.08715897 -0.9961945 0 0.08716142 -0.9961943 0 -0.0871638 -0.9961941 0 -0.2588083 -0.9659287 0 -0.2588152 -0.9659269 0 -0.4226139 -0.9063099 0 -0.4226253 -0.9063045 0 -0.5735575 -0.8191654 0 -0.5735799 -0.8191497 0 -0.7071277 -0.707086 0 -0.7071068 -0.7071068 0 -0.8191523 -0.5735762 0 -0.9062939 -0.4226481 0 -0.9063045 -0.4226253 0 -0.9659215 -0.2588351 0 -0.9659285 -0.2588092 0 -0.9961979 -0.08712005 0 -0.9961981 0.08711761 0 -0.9659285 0.2588092 0 -0.8191614 0.573563 0 -0.7070999 0.7071138 0 -0.7071138 0.7070999 0 -0.4226025 0.9063152 0 -0.0871638 0.9961941 0 0.08716142 0.9961943 0 0.08715897 0.9961945 0 0.4226025 0.9063152 0 0.7071138 0.7070999 0 0.7070999 0.7071138 0 0.8191614 0.573563 0 0.9659215 0.2588351 0 0.9961933 0.0871728 0 0.9961953 -0.08715003 0 0.9961929 -0.08717763 0 0.8191432 -0.5735892 0 0.7071346 -0.707079 0 0.5735892 -0.8191432 0 0.5735762 -0.8191523 0 0.4226025 -0.9063152 0 -0.4226025 -0.9063152 0 -0.5735762 -0.8191523 0 -0.5735892 -0.8191432 0 -0.7071346 -0.707079 0 -0.7071207 -0.707093 0 -0.8191432 -0.5735892 0 -0.9961977 -0.08712244 0 0.08716058 0.9961943 0 0.0871616 0.9961943 0 0.2588143 0.9659272 0 0.4226158 0.906309 0 0.4226299 0.9063025 0 0.5735736 0.8191541 0 0.5735712 0.8191557 0 0.7071185 0.7070952 0 0.7071068 0.7071068 0 0.8191541 0.5735736 0 0.8191464 0.5735846 0 0.9063069 0.4226203 0 0.9063113 0.4226107 0 0.9659227 0.2588306 0 0.9961949 0.08715391 0 0.996195 0.08715188 0 0.996195 -0.08715188 0 0.9961953 -0.08714985 0 0.9659227 -0.2588306 0 0.9063113 -0.4226107 0 0.9063069 -0.4226203 0 0.8191464 -0.5735846 0 0.7071185 -0.7070952 0 0.7071068 -0.7071068 0 0.5735791 -0.8191502 0 0.5735736 -0.8191541 0 0.4226203 -0.9063069 0 0.4226062 -0.9063134 0 0.2588143 -0.9659272 0 0.08717024 -0.9961935 0 0.08716922 -0.9961936 0.08716261 0 0.9961941 0.2588143 0 0.9659272 0.4226137 0 0.9063099 0.4226138 0 0.9063099 0.5735787 0 0.8191505 0.5735786 0 0.8191505 0.7071155 0 0.707098 0.7071155 0 0.7070981 0.8191328 0 0.5736039 0.9063035 0 0.4226276 0.9659402 0 0.2587652 0.996192 0 0.08718711 0.9961921 0 -0.08718562 0.9659402 0 -0.2587652 0.9063035 0 -0.4226276 0.81913 0 -0.5736081 0.7071155 0 -0.707098 0.7071155 0 -0.7070981 0.5735846 0 -0.8191464 0.5735844 0 -0.8191465 0.4226065 0 -0.9063133 0.4226066 0 -0.9063133 0.2588143 0 -0.9659272 0.08717125 0 -0.9961934 -0.9961893 0 0.08721792 -0.9659049 0 0.2588974 -0.9063471 0 0.422534 -0.819141 0 0.5735923 -0.7071201 0 0.7070935 -0.5735691 0 0.8191571 -0.4226009 0 0.906316 -0.2588033 0 0.9659301 -0.2588033 0 0.9659301 -0.08717221 0 0.9961934 -0.08717221 0 0.9961933 0.08717221 0 0.9961934 0.08717221 0 0.9961933 0.2588033 0 0.9659301 0.2588033 0 0.9659301 0.4226009 0 0.906316 0.5735691 0 0.8191571 0.7071201 0 0.7070935 0.819141 0 0.5735923 0.9063471 0 0.422534 0.9659049 0 0.2588974 0.9961893 0 0.08721792 0.9961891 0 -0.08722025 0.9659067 0 -0.2588908 0.9063471 0 -0.422534 0.819141 0 -0.5735923 0.573587 0 -0.8191447 0.4226009 0 -0.906316 0.2588033 0 -0.9659301 0.2588033 0 -0.9659301 0.08717221 0 -0.9961934 0.08717221 0 -0.9961933 -0.08717221 0 -0.9961934 -0.08717221 0 -0.9961933 -0.2588033 0 -0.9659301 -0.2588033 0 -0.9659301 -0.4226009 0 -0.906316 -0.573587 0 -0.8191447 -0.819141 0 -0.5735923 -0.9063471 0 -0.422534 -0.9659067 0 -0.2588908 -0.9961891 0 -0.08722025 -0.9961891 0 0.08722025 -0.9659067 0 0.2588908 -0.8191323 0 0.5736048 -0.5736048 0 0.8191323 -0.2587786 0 0.9659367 -0.2587785 0 0.9659367 0.2587786 0 0.9659367 0.2587785 0 0.9659367 0.5736048 0 0.8191323 0.8191323 0 0.5736048 0.9659067 0 0.2588908 0.9961891 0 0.08722025 0.9961895 0 -0.0872156 0.8191323 0 -0.5736048 0.5736048 0 -0.8191323 0.4225573 0 -0.9063363 0.2588281 0 -0.9659234 0.258828 0 -0.9659234 -0.2588281 0 -0.9659234 -0.258828 0 -0.9659234 -0.4225573 0 -0.9063363 -0.5736048 0 -0.8191323 -0.8191323 0 -0.5736048 -0.9961895 0 -0.0872156 -0.9063518 0 0.4225238 0.9063518 0 0.4225238 0.9961893 0 -0.08721792 0.9659049 0 -0.2588974 -0.9659049 0 -0.2588974 -0.9961893 0 -0.08721792 0.9961979 0 0.08711916 0.9659227 0 0.2588306 0.9062673 0 0.4227053 0.8192517 0 0.5734342 0.7071418 0 0.7070718 0.5734624 0 0.819232 0.4226745 0 0.9062815 0.2588481 0 0.9659181 0.08717042 0 0.9961934 -0.08719474 0 0.9961913 -0.2588481 0 0.9659181 -0.4225673 0 0.9063316 -0.573594 0 0.8191398 -0.7070018 0 0.7072119 -0.8192517 0 0.5734342 -0.9062136 0 0.4228203 -0.9659227 0 0.2588306 -0.9961979 0 0.08711916 -0.9961985 0 -0.08711308 -0.9659227 0 -0.2588306 -0.9062136 0 -0.4228203 -0.8192287 0 -0.5734671 -0.7070368 0 -0.7071768 -0.573594 0 -0.8191398 -0.4225673 0 -0.9063316 -0.2588481 0 -0.9659181 -0.08712524 0 -0.9961974 0.08710092 0 -0.9961995 0.2588481 0 -0.9659181 0.4226745 0 -0.9062815 0.5734624 0 -0.819232 0.7071768 0 -0.7070367 0.8192287 0 -0.5734671 0.9062673 0 -0.4227053 0.9659227 0 -0.2588306 0.9961985 0 -0.08711308 0.9062798 0 0.4226784 0.8192287 0 0.5734671 -0.8192287 0 0.5734671 -0.9062262 0 0.4227935 -0.8192517 0 -0.5734342 -0.7070018 0 -0.7072119 0.7071418 0 -0.7070718 0.8192517 0 -0.5734342 0.9961982 0 0.08711612 0.9062735 0 0.4226918 0.7071593 0 0.7070543 0.5734859 0 0.8192155 0.4226458 0 0.906295 0.08713567 0 0.9961965 -0.08715999 0 0.9961944 -0.4225386 0 0.9063451 -0.5736175 0 0.8191233 -0.7070193 0 0.7071943 -0.9062198 0 0.4228069 -0.9961982 0 0.08711612 -0.9961979 0 -0.08711916 -0.9062262 0 -0.4227935 -0.7070193 0 -0.7071943 -0.08715999 0 -0.9961944 0.08713567 0 -0.9961965 0.7071593 0 -0.7070543 0.9062798 0 -0.4226784 0.9961979 0 -0.08711916 0 -1 -1.33756e-6 0 -1 9.71091e-6 0 -1 -1.49578e-5 0 -1 -7.74234e-5 0 -1 5.92817e-5 0 -1 -1.87359e-5 0 -1 1.21728e-5 0 -1 -5.67279e-5 0 -1 1.74507e-5 0 -1 7.13924e-6 0 -1 -1.23272e-5 0 -1 1.17302e-5 0 -1 -1.61089e-5 0 -1 5.67752e-6 0 -1 3.85779e-6 0 -1 -5.76568e-6 0 -1 -5.9399e-6 0 -1 2.61212e-5 0 -1 1.73889e-5 0 -1 4.44271e-6 0 -1 1.55134e-5 0 -1 1.64611e-6 0 -1 -5.32335e-5 0 -1 -5.53097e-6 0 -1 -2.56708e-5 0 -1 3.8473e-5 0 -1 2.09528e-6 0 -1 -6.29021e-5 0 -1 6.19589e-5 0 -1 1.0238e-5 0 -1 2.23121e-5 0 -1 -1.45469e-5 0 -1 1.37217e-5 0 -1 1.65101e-5 0 -1 -1.31991e-4 0 -1 8.81928e-5 0 -1 -3.57765e-5 0 -1 3.50452e-4 0 -1 -1.0238e-5 0 -1 -2.29659e-5 0 -1 -1.41123e-4 0 -1 3.45686e-5 0 -1 -3.50528e-4 0 -1 3.57765e-5 0 -1 -7.254e-5 0 -1 -2.21757e-5 0 -1 -1.65101e-5 0 -1 1.33446e-5 0 -1 -2.23148e-5 0 -1 2.15383e-5 0 -1 -2.75735e-5 0 -1 -7.46116e-5 0 -1 2.56708e-5 0 -1 8.39208e-5 0 -1 -1.25779e-5 0 -1 -9.16798e-6 0 -1 1.65593e-4 0 -1 -6.91372e-6 0 -1 -5.27649e-5 0 -1 -1.0367e-4 0 -1 2.27725e-5 0 -1 2.41756e-5 0 -1 3.53907e-5 0 -1 5.86612e-6 0 -1 -5.50641e-6 0 -1 -1.49575e-5 0 -1 2.79104e-5 0 -1 -4.61021e-5 0 -1 1.94235e-5 0 -1 -1.25767e-5 0 -1 1.33863e-5 0 -1 5.18027e-5 0 -1 -1.67228e-5 0 -1 -5.27629e-5 0 -1 -5.81048e-5 0 -1 5.18611e-5 0 -1 -1.07781e-4 0 -1 -1.1354e-4 0 -1 -8.11425e-5 0 -1 -1.47071e-5 0 -1 1.38756e-5 0 -1 -1.34934e-5 0 -1 -6.08655e-5 0 -1 4.53565e-5 0 -1 5.99808e-5 0 -1 -5.03221e-5 0 -1 3.26234e-5 0 -1 4.88902e-5 0 -1 -3.93329e-5 0 -1 2.74217e-5 0 -1 -4.7691e-5 0 -1 -2.95456e-5 0 -1 -2.25156e-5 0 -1 2.25371e-6 0 -1 -2.9354e-5 0 -1 5.17927e-5 0 -1 8.3957e-5 0 -1 -1.61677e-5 0 -1 -4.76968e-5 0 -1 -9.24642e-5 0 -1 4.91187e-5 0 -1 -8.82457e-5 0 -1 6.08729e-5 0 -1 -6.89541e-5 0 -1 4.32879e-5 0 -1 1.07791e-4 0 -1 -6.26596e-5 0 -1 -5.18542e-5 0 -1 4.32895e-5 0 -1 8.11557e-5 0 -1 1.47061e-5 0 -1 -1.38756e-5 0 -1 8.87053e-5 0 -1 -2.74185e-5 0 -1 2.93425e-5 0 -1 -7.53466e-5 0 -1 2.9343e-5 0 -1 -6.09268e-5 0 -1 8.87078e-5 0 -1 4.01929e-5 0 -1 5.67786e-6 0 -1 1.65299e-5 0 -1 -1.23262e-5 0 -1 9.71185e-6 0 -1 -5.52951e-6 0 -1 -5.76661e-6 0 -1 -3.20266e-5 0 -1 -7.61957e-6 0 -1 1.21756e-5 0 -1 1.1058e-5 0 -1 -1.29313e-5 0 -1 8.20425e-6 0 -1 1.22935e-5 0 -1 -4.21727e-6 0 -1 1.58948e-6 0 -1 -5.28977e-6 0 -1 6.39343e-6 0 -1 -3.45209e-5 0 -1 1.59407e-5 0 -1 -3.53048e-6 0 -1 1.37222e-5 0 -1 -1.33446e-5 0 -1 2.23155e-5 0 -1 4.47163e-6 0 -1 -3.06144e-6 0 -1 5.22731e-6 0 -1 -1.31995e-4 0 -1 -1.71426e-4 0 -1 1.29594e-4 0 -1 -2.79104e-5 0 -1 1.34372e-5 0 -1 1.49575e-5 0 -1 6.74829e-6 0 -1 -5.86656e-6 0 -1 4.88966e-5 0 -1 -6.5189e-5 0 -1 1.27888e-5 0 -1 -1.27888e-5 0 -1 3.93216e-5 0 -1 4.88894e-5 0 -1 -4.77012e-5 0 -1 2.74161e-5 0 -1 2.74254e-5 0 -1 6.10501e-5 0 -1 2.25111e-5 0 -1 -5.17927e-5 0 -1 6.10352e-5 0 -1 -2.95515e-5 0 -1 -2.25121e-5 0 -1 -5.67863e-6 0 -1 3.45209e-5 0 -1 1.63275e-6 0 -1 3.20266e-5 0 -1 -1.55096e-5 0 -1 -1.5939e-5 0 -1 -1.33863e-5 0 -1 1.93966e-5 0 -1 1.2988e-5 0 -1 -1.17311e-5 0 -1 -1.21725e-5 0 -1 7.62056e-6 0 -1 5.27597e-5 0 -1 -5.2456e-5 0 -1 -9.38756e-6 0 -1 5.28798e-6 0 -1 -2.59121e-5 0 -1 2.00124e-5 0 -1 8.42602e-6 0 -1 7.93953e-6 0 -1 -5.18793e-6 0 -1 -5.06586e-5 0 -1 -4.86184e-6 0 -1 -2.07771e-5 0 -1 3.32356e-5 0 -1 5.93979e-6 0 -1 7.61916e-6 0 -1 -1.21728e-5 0 -1 -6.10372e-5 0 -1 5.76188e-5 0 -1 -1.73889e-5 0 -1 5.32344e-5 0 -1 -1.5509e-5 0 -1 1.2578e-5 0 -1 6.91372e-6 0 -1 -1.65566e-4 0 -1 2.44958e-5 0 -1 1.61089e-5 0 -1 -1.54748e-5 0 -1 1.29892e-5 0 -1 1.63305e-6 0 -1 1.93934e-5 0 -1 -6.26699e-5 0 -1 -1.1354e-4 0 1 1.13539e-4 0 1 -4.47163e-6 0 1 -1.37222e-5 0 1 2.41748e-5 0 1 2.79104e-5 0 1 -1.29594e-4 0 1 1.71426e-4 0 1 -1.41103e-4 0 1 1.80653e-5 0 1 3.53907e-5 0 1 5.86656e-6 0 1 -5.5068e-6 0 1 -1.49575e-5 0 1 2.27725e-5 0 1 1.83527e-6 0 1 -5.67786e-6 0 1 3.45209e-5 0 1 -4.64947e-6 0 1 8.42602e-6 0 1 4.21727e-6 0 1 8.20277e-6 0 1 -4.01929e-5 0 1 1.49598e-5 0 1 1.33733e-6 0 1 -9.38659e-6 0 1 5.28977e-6 0 1 -1.99898e-6 0 1 -7.13796e-6 0 1 5.01968e-6 0 1 -4.23241e-6 0 1 5.76781e-6 0 1 -4.44247e-6 0 1 5.52902e-6 0 1 7.82326e-6 0 1 1.23262e-5 0 1 -1.17285e-5 0 1 1.61121e-5 0 1 3.20266e-5 0 1 -1.59407e-5 0 1 -2.27725e-5 0 1 1.41123e-4 0 1 1.29594e-4 0 1 -2.80563e-5 0 1 -1.33446e-5 0 1 2.23128e-5 0 1 -1.80645e-5 0 1 -2.79104e-5 0 1 1.34372e-5 0 1 1.49575e-5 0 1 6.74771e-6 0 1 -5.86612e-6 0 1 -1.94235e-5 0 1 2.00124e-5 0 1 1.67228e-5 0 1 -6.47559e-5 0 1 -2.15383e-5 0 1 5.27629e-5 0 1 -5.24543e-5 0 1 -1.33874e-5 0 1 1.25779e-5 0 1 -5.24477e-5 0 1 6.91372e-6 0 1 -1.65593e-4 0 1 8.98098e-5 0 1 -1.19707e-5 0 1 1.54025e-5 0 1 1.0238e-5 0 1 5.10236e-5 0 1 -1.3118e-4 0 1 2.73259e-5 0 1 -1.0807e-6 0 1 -1.37795e-5 0 1 -1.80653e-5 0 1 -1.33054e-5 0 1 -2.77438e-5 0 1 2.75735e-5 0 1 1.65101e-5 0 1 -2.27735e-5 0 1 2.23148e-5 0 1 -1.45454e-5 0 1 1.07781e-4 0 1 -5.18611e-5 0 1 -9.24642e-5 0 1 1.07791e-4 0 1 1.34919e-5 0 1 -4.53565e-5 0 1 8.11425e-5 0 1 1.47089e-5 0 1 -1.38756e-5 0 1 -2.74217e-5 0 1 2.93467e-5 0 1 -7.53239e-5 0 1 2.25156e-5 0 1 2.25114e-5 0 1 -5.17927e-5 0 1 -3.26234e-5 0 1 -4.88902e-5 0 1 -2.74134e-5 0 1 4.76968e-5 0 1 5.03221e-5 0 1 -3.28025e-5 0 1 1.61617e-5 0 1 -1.27867e-5 0 1 -4.88974e-5 0 1 3.93273e-5 0 1 -8.3957e-5 0 1 -4.91187e-5 0 1 6.93513e-5 0 1 -1.13543e-4 0 1 5.18542e-5 0 1 -1.07798e-4 0 1 1.38756e-5 0 1 -1.3491e-5 0 1 -1.07791e-4 0 1 -4.32879e-5 0 1 6.89541e-5 0 1 -6.08729e-5 0 1 -8.87078e-5 0 1 7.53239e-5 0 1 -2.25111e-5 0 1 5.18059e-5 0 1 -9.71091e-6 0 1 -4.23298e-6 0 1 5.53097e-6 0 1 -7.9155e-7 0 1 -9.025e-6 0 1 2.10683e-5 0 1 7.61922e-6 0 1 -1.21728e-5 0 1 1.61089e-5 0 1 -1.65331e-5 0 1 1.23272e-5 0 1 -3.85779e-6 0 1 -3.16194e-5 0 1 2.54069e-5 0 1 -5.77634e-5 0 1 5.32335e-5 0 1 -1.64611e-6 0 1 -1.55134e-5 0 1 -2.09528e-6 0 1 -8.16353e-6 0 1 -1.37217e-5 0 1 1.33458e-5 0 1 -2.23121e-5 0 1 -1.65101e-5 0 1 1.3118e-4 0 1 -5.10236e-5 0 1 -1.0238e-5 0 1 1.37795e-5 0 1 -1.27211e-5 0 1 -2.86203e-5 0 1 2.77429e-5 0 1 -8.81928e-5 0 1 1.31991e-4 0 1 1.58993e-6 0 1 -5.28798e-6 0 1 6.39403e-6 0 1 1.03627e-4 0 1 -3.20266e-5 0 1 -1.63275e-6 0 1 -1.93966e-5 0 1 -3.45209e-5 0 1 1.5939e-5 0 1 1.55096e-5 0 1 8.39349e-5 0 1 -5.27597e-5 0 1 -5.80976e-5 0 1 -2.00124e-5 0 1 1.02707e-5 0 1 -7.62056e-6 0 1 1.21725e-5 0 1 1.2954e-5 0 1 5.18793e-6 0 1 1.54771e-5 0 1 -1.2988e-5 0 1 1.17298e-5 0 1 1.1329e-6 0 1 1.21728e-5 0 1 5.6775e-6 0 1 3.97252e-5 0 1 5.77634e-5 0 1 -1.30651e-4 0 1 1.65566e-4 0 1 -6.91372e-6 0 1 -5.27525e-5 0 1 1.33874e-5 0 1 -1.93934e-5 0 1 -1.00714e-6 0 1 -1.24662e-5 0 1 2.07154e-5 0 1 -1.29892e-5 0 1 1.5509e-5 0 1 -5.32344e-5 0 1 -5.93979e-6 0 1 9.025e-6 0 1 -1.04333e-5 0 1 -2.95507e-5 0 1 2.69204e-5 0 1 4.88966e-5 0 1 -6.5189e-5 0 1 -7.19011e-5 0 1 1.27888e-5 0 1 -1.27888e-5 0 1 3.93216e-5 0 1 -2.74161e-5 0 1 4.77012e-5 0 1 -4.88894e-5 0 1 -2.74254e-5 0 1 2.93425e-5 0 1 2.74185e-5 0 1 2.25121e-5 0 1 2.25148e-5 -9.15336e-7 0 1 9.15323e-7 0 1 1.46454e-5 0 1 -1.83071e-6 0 1 9.15325e-7 0 1 -2.05948e-6 0 1 1.46455e-5 0 1 -1.37302e-6 0 1 1.02977e-6 0 -1 4.57662e-7 0 -1 9.15329e-7 0 -1 2.92906e-5 0 -1 -4.57678e-6 0 -1 4.5766e-6 0 -1 1.83064e-6 0 -1 0.08716154 0.9961942 0 0.9961942 0.08716189 0 0.08716577 0.9961938 0 0.08715838 0.9961945 0 0.9961942 0.08716189 0 0.9659072 0.2588887 0 0.9659342 0.2587882 0 0.9062948 0.4226464 0 0.906336 0.4225579 0 0.8191419 0.5735909 0 0.819142 0.573591 0 0.7071161 0.7070975 0 0.5735277 0.8191863 0 0.573629 0.8191153 0 0.4226154 0.9063091 0 0.4225741 0.9063284 0 0.2588387 0.9659206 0 0.2588117 0.9659278 0 0.08716928 0.9961935 0 0.08717036 0.9961934 0 -0.08720558 -0.9961903 0 -0.08723288 -0.9961879 0 -0.08719718 -0.9961912 0 -0.0872119 -0.9961898 0 -0.08713489 -0.9961965 0 -0.258886 -0.9659079 0 -0.258886 -0.9659079 0 -0.4225614 -0.9063343 0 -0.4223965 -0.9064113 0 -0.5737156 -0.8190547 0 -0.573513 -0.8191965 0 -0.7069016 -0.707312 0 -0.7073324 -0.7068811 0 -0.8191204 -0.5736219 0 -0.8191203 -0.5736218 0 -0.9064264 -0.4223641 0 -0.9062613 -0.4227181 0 -0.9658773 -0.2590001 0 -0.965985 -0.258598 0 -0.9962036 -0.08705496 0 -0.9961661 -0.08748269 0 0 1 3.74449e-7 0 1 -8.42178e-7 0 1 3.9734e-7 0 1 -8.40596e-7 0 1 2.17111e-6 0 1 -9.20688e-7 0 1 1.02701e-6 0 1 1.9286e-7 0 1 -9.60785e-7 0 1 -3.97345e-7 0 1 -1.79547e-6 0 1 9.09747e-7 0 1 -1.12708e-6 0 1 1.11577e-6 0 1 1.53699e-6 0 1 -1.92875e-7 0 1 -1.1152e-6 0 1 2.58031e-6 0 1 -9.09966e-7 0 1 -1.58985e-6 0 1 -8.98638e-7 0 1 3.28514e-7 0 1 3.19203e-6 0 1 6.07504e-7 0 1 1.2025e-7 0 1 -1.64436e-7 0 1 -4.70812e-7 0 1 0 0 1 -8.94169e-7 0 1 -6.78046e-7 0 1 6.78605e-7 0 1 -1.9286e-7 0 1 2.17806e-7 0 1 -1.11577e-6 0 1 1.12708e-6 0 1 8.9412e-7 0 1 -9.60758e-7 0 1 1.11515e-6 0 1 -2.1779e-7 0 1 9.6069e-7 0 1 0 0 1 6.78727e-7 0 1 -6.78727e-7 0 1 1.12698e-6 0 1 8.94055e-7 0 1 1.11524e-6 0 1 -1.79202e-7 0 1 2.1779e-7 0 1 -2.11721e-6 0 1 -2.13164e-7 0 1 1.07371e-6 0 1 -6.92998e-7 0 1 1.18266e-6 0 1 3.17672e-7 0 1 1.5146e-6 0 1 7.44436e-7 0 1 -6.78622e-7 0 1 1.12685e-6 0 1 -1.98388e-6 0 1 -2.17709e-7 0 1 -1.7114e-6 0 1 3.20276e-7 0 1 9.60879e-7 0 1 6.1165e-7 0 1 2.09289e-7 0 1 6.78064e-7 0 1 -1.12741e-6 0 1 1.92852e-7 0 1 -1.53699e-6 0 1 8.94172e-7 0 1 0 0 1 1.30484e-6 0 1 -5.41417e-7 0 1 1.09113e-6 0 1 -7.47816e-7 0 1 1.47269e-7 0 1 -2.33399e-7 0 1 -6.88389e-7 0 1 6.22435e-7 0 1 6.13075e-7 0 1 -1.01123e-6 0 1 1.71779e-6 0 1 -2.1314e-7 0 1 -1.19079e-6 0 1 1.18237e-6 0 1 9.14055e-7 0 1 -9.4116e-7 0 1 0 0 1 1.30486e-6 0 1 -5.4141e-7 0 1 -8.94157e-7 0 1 -9.60891e-7 0 1 8.93975e-7 0 1 -1.92852e-7 0 1 -7.47822e-7 0 1 -9.14055e-7 0 1 0 0 1 7.47816e-7 0 1 -6.11644e-7 0 1 7.21721e-7 0 1 -1.11552e-6 0 1 1.12741e-6 0 1 2.69304e-6 0 1 3.2027e-7 0 1 4.68797e-6 0 1 -2.70158e-7 0 1 3.07639e-6 0 1 -2.73835e-6 0 1 9.6072e-7 0 1 -1.44811e-6 0 1 1.14425e-6 0 1 2.14576e-7 0 1 9.97001e-7 0 1 -2.09288e-7 0 1 -1.16854e-6 0 1 5.4141e-7 0 1 5.34315e-7 0 1 -8.94143e-7 0 1 1.04188e-6 0 1 -9.14022e-7 0 1 0 0 1 1.12745e-6 0 1 -9.59644e-7 0 1 7.44163e-7 0 -1 -1.9286e-7 0 -1 -1.11577e-6 0 -1 2.58134e-6 0 -1 -9.09747e-7 0 -1 1.79547e-6 0 -1 3.59795e-7 0 -1 -1.02701e-6 0 -1 9.20634e-7 0 -1 -8.56822e-7 0 -1 6.2775e-7 0 -1 5.49388e-7 0 -1 2.87647e-6 0 -1 -3.37655e-7 0 -1 2.89969e-6 0 -1 -3.9736e-7 0 -1 -1.79547e-6 0 -1 -9.60672e-7 0 -1 0 0 -1 -2.35144e-7 0 -1 -6.78605e-7 0 -1 6.78046e-7 0 -1 -1.12708e-6 0 -1 1.98388e-6 0 -1 2.17729e-7 0 -1 7.94655e-7 0 -1 9.60785e-7 0 -1 -2.17806e-7 0 -1 -1.11533e-6 0 -1 -2.35146e-7 0 -1 -9.6069e-7 0 -1 1.92871e-7 0 -1 9.60758e-7 0 -1 2.35151e-7 0 -1 2.1779e-7 0 -1 1.11524e-6 0 -1 6.78727e-7 0 -1 -6.78727e-7 0 -1 1.12698e-6 0 -1 -1.75476e-7 0 -1 3.61361e-7 0 -1 -3.74444e-7 0 -1 -2.1779e-7 0 -1 2.35187e-7 0 -1 2.13164e-7 0 -1 1.19079e-6 0 -1 -1.18266e-6 0 -1 -1.11524e-6 0 -1 -1.92871e-7 0 -1 2.17709e-7 0 -1 9.59574e-7 0 -1 -7.44436e-7 0 -1 -1.5146e-6 0 -1 -3.17672e-7 0 -1 -3.20276e-7 0 -1 0 0 -1 -6.07085e-7 0 -1 5.49542e-7 0 -1 -7.94673e-7 0 -1 -9.60879e-7 0 -1 -9.6072e-7 0 -1 -7.94794e-7 0 -1 6.11644e-7 0 -1 -4.02084e-6 0 -1 1.50203e-6 0 -1 -3.89515e-7 0 -1 -3.68219e-7 0 -1 -1.14425e-6 0 -1 -7.44163e-7 0 -1 6.78099e-7 0 -1 -1.12745e-6 0 -1 1.89808e-6 0 -1 -6.49692e-7 0 -1 -8.24835e-7 0 -1 2.49274e-7 0 -1 1.60712e-6 0 -1 -6.04903e-6 0 -1 4.08738e-6 0 -1 3.30968e-6 0 -1 1.42263e-6 0 -1 -2.72291e-7 0 -1 -2.30351e-6 0 -1 1.53832e-6 0 -1 6.49692e-7 0 -1 0 0 -1 -1.06863e-6 0 -1 2.17714e-7 0 -1 0 0 -1 1.18623e-6 0 -1 -6.1165e-7 0 -1 8.24824e-7 0 -1 -7.94806e-7 0 -1 2.09289e-7 0 -1 -2.49274e-7 0 -1 9.60891e-7 0 -1 -1.92852e-7 0 -1 2.49272e-7 0 -1 -1.03089e-6 0 -1 -3.58591e-6 0 -1 3.58591e-6 0 -1 -1.60841e-6 0 -1 -1.11556e-6 0 -1 -6.78064e-7 0 -1 6.78064e-7 0 -1 -1.12741e-6 0 -1 -2.09289e-7 0 -1 -1.87485e-6 0 -1 4.50029e-6 0 -1 1.03089e-6 0 -1 -2.49272e-7 0 -1 6.49701e-7 0 -1 -1.06861e-6 0 -1 7.94819e-7 0 -1 2.72809e-7 0 -1 1.70908e-6 0 -1 -3.69225e-6 0 -1 -1.11552e-6 0 -1 1.12741e-6 0 -1 -1.18237e-6 0 -1 2.1314e-7 0 -1 -8.98873e-7 0 -1 1.3561e-7 0 -1 1.38353e-6 0 -1 -7.46922e-7 9.15323e-7 0 1 9.1534e-7 0 1 -9.15318e-7 0 1 -1.46456e-5 0 1 1.83067e-6 0 1 2.05949e-6 0 1 -1.4646e-5 0 1 1.48744e-6 0 1 2.63165e-6 0 -1 -4.57664e-7 0 -1 -9.15322e-7 0 -1 9.15335e-7 0 -1 -9.15332e-7 0 -1 -1.83066e-6 0 -1 -0.9962037 -0.08705312 0 -0.0871452 -0.9961956 0 -0.08713507 -0.9961965 0 -0.08715534 -0.9961948 0 -0.08713513 -0.9961965 0 -0.9961944 -0.08715999 0 -0.9659072 -0.2588887 0 -0.9659342 -0.2587882 0 -0.9062908 -0.4226548 0 -0.9063321 -0.4225663 0 -0.8191419 -0.5735909 0 -0.819142 -0.573591 0 -0.7071161 -0.7070975 0 -0.7070623 -0.7071514 0 -0.573593 -0.8191406 0 -0.573593 -0.8191404 0 -0.4226567 -0.9062899 0 -0.4225741 -0.9063284 0 -0.2588387 -0.9659206 0 -0.2588117 -0.9659278 0 -0.08714759 -0.9961955 0 -0.08713912 -0.9961962 0 -0.08711481 -0.9961983 0 -0.08714246 -0.9961959 0 0.08709901 0.9961997 0 0.08709162 0.9962003 0 0.08710175 0.9961994 0 0.08709168 0.9962003 0 0.08717274 0.9961933 0 0.08710783 0.996199 0 0.08708542 0.9962009 0 0.258886 0.9659079 0 0.258886 0.9659079 0 0.4226334 0.9063008 0 0.573513 0.8191965 0 0.7070732 0.7071405 0 0.8191491 0.5735807 0 0.8191491 0.5735807 0 0.9064107 0.4223976 0 0.9062457 0.4227516 0 0.965991 0.2585762 0 0.9658832 0.2589783 0 0.9962036 0.08705496 0 0.9962036 0.08705496 0 5.71535e-7 0 1 -1.77803e-6 0 1 1.01609e-6 0 1 1.01605e-6 0 1 -3.04812e-6 0 1 1.6257e-5 0 1 -3.04819e-6 0 1 1.01604e-6 0 1 -4.06425e-6 0 -1 2.03216e-6 0 -1 -8.12849e-6 0 -1 -2.03211e-6 0 -1 -1.01604e-6 0 -1 4.06415e-6 0 -1 -2.0321e-6 0 -1 -3.04831e-6 0 -1 -3.55604e-6 0 -1 3.04819e-6 0 -1 0.07845216 -0.996918 0 0.07845956 -0.9969173 0 0.07845705 -0.9969176 0 0.0784555 -0.9969177 0 0.07843935 -0.996919 0 0.07841902 -0.9969206 0 0.07844942 -0.9969182 0 0.0784471 -0.9969184 0 0.2334419 -0.9723708 0 0.2334419 -0.9723708 0 0.3826698 -0.9238853 0 0.3827121 -0.9238678 0 0.5225137 -0.8526309 0 0.5225136 -0.8526309 0 0.6494243 -0.7604264 0 0.7603731 -0.6494867 0 0.7604321 -0.6494175 0 0.8526318 -0.5225123 0 0.8526851 -0.5224253 0 0.9238604 -0.3827296 0 0.9238604 -0.3827296 0 0.9723847 -0.2333839 0 0.9969135 -0.07850885 0 -0.07847356 0.9969162 0 -0.0784837 0.9969155 0 -0.07846748 0.9969167 0 -0.07848376 0.9969155 0 -0.07845252 0.996918 0 -0.2334001 0.9723809 0 -0.2334002 0.9723809 0 -0.3827112 0.9238681 0 -0.3828806 0.923798 0 -0.5222828 0.8527724 0 -0.522496 0.8526418 0 -0.6493202 0.7605152 0 -0.6495566 0.7603134 0 -0.7603241 0.6495438 0 -0.7605606 0.649267 0 -0.8527252 0.5223599 0 -0.8525119 0.5227079 0 -0.9237758 0.3829339 0 -0.9241142 0.3821164 0 -0.9722242 0.2340517 0 -0.9724417 0.2331466 0 -0.9969133 0.07851076 0 -0.078565 0.996909 0 -0.07847636 0.996916 0 1 -6.58387e-5 0 1 2.44578e-5 0 1 -4.17672e-6 0 1 -4.18252e-4 0 1 8.87003e-6 0 1 3.54818e-5 0 1 -1.22601e-5 0 1 1.45623e-4 0 1 -1.53786e-4 0 1 1.22643e-4 0 1 -1.22648e-4 0 1 9.69622e-5 0 1 -7.2143e-6 0 1 -9.69621e-5 0 1 1.29859e-4 0 1 -1.01004e-4 0 1 7.21447e-5 0 1 -2.88579e-5 0 1 -2.42405e-5 0 1 2.88571e-5 0 1 -1.21203e-5 0 1 5.36072e-4 0 1 3.52377e-4 0 1 -2.77737e-4 0 1 1.96763e-4 0 1 -3.46165e-4 0 1 2.63763e-5 0 1 -1.90651e-4 0 1 1.06017e-4 0 0.9999998 7.51816e-4 0 0.9999998 -6.29991e-4 0 1 -1.39209e-4 0 1 5.14214e-6 0 1 -4.16075e-5 0 1 -3.41745e-5 0 1 -8.15255e-6 0 1 -5.24854e-5 0 1 1.86113e-6 0 1 -5.29871e-6 0 1 -9.33376e-6 0 1 1.85348e-4 0 1 -4.94699e-6 0 1 -1.84141e-5 0 1 1.3944e-4 0 1 3.41737e-5 0 1 -4.16074e-5 0 1 -5.12611e-5 0 1 -4.90419e-6 0 1 -2.78883e-4 0 1 1.63848e-4 0 1 -1.81842e-4 0 1 -3.17402e-5 0 1 3.04535e-5 0 1 -2.88573e-5 0 1 2.88584e-5 0 1 -9.69615e-5 0 1 9.69619e-5 0 1 4.32872e-5 0 1 3.60711e-5 0 1 1.08218e-4 0 1 -1.08214e-4 0 -1 -1.90841e-4 0 -1 3.34948e-4 0 -1 -1.30244e-4 0 -1 -3.54818e-5 0 -1 2.08836e-5 0 -1 -1.64253e-4 0 -1 -5.65935e-5 0 -1 1.07066e-4 0 -0.9999999 -5.31037e-4 0 -1 -1.54848e-4 0 -1 1.87054e-4 0 -1 -1.53786e-4 0 -1 3.42099e-5 0 -0.9999988 -0.001595914 0 -0.9999997 9.22661e-4 0 -1 -1.77376e-4 0 -1 2.218e-4 0 -1 -2.26772e-4 0 -1 -1.12202e-4 0 -1 6.58387e-5 0 -1 -3.26105e-5 0 -1 -8.94197e-5 0 -1 -1.39585e-6 0 -1 6.88842e-5 0 -1 -4.66692e-5 0 -1 -8.15255e-6 0 -1 2.08844e-5 0 -1 6.42504e-5 0 -1 5.14214e-6 0 -1 8.32147e-5 0 -1 -3.41737e-5 0 -1 -2.88579e-5 0 -1 -2.88569e-5 0 -1 5.77159e-5 0 -1 5.77167e-5 0 -1 -9.69616e-5 0 -1 1.29859e-4 0 -1 5.04997e-5 0 -1 -7.93602e-5 0 -1 7.93569e-5 0 -1 -3.54799e-5 0 -1 2.49641e-4 0 -1 -1.53783e-4 0 -1 1.44292e-5 0 -1 -2.42407e-5 0 -1 2.42407e-5 0 -1 -1.15431e-4 0 -1 2.42404e-5 0 -1 3.63607e-5 0 -1 -3.03007e-5 0 -1 2.72705e-5 0 -0.08713465 0 0.9961966 -0.2588378 0 0.9659209 -0.4226157 0 0.9063091 -0.8191661 0 0.5735564 -0.9062847 0 0.4226678 -0.9659271 0 0.2588144 -0.9961963 0 0.08713686 -0.9961963 0 -0.08713686 -0.9659271 0 -0.2588144 -0.9062847 0 -0.4226678 -0.8191661 0 -0.5735564 -0.4226363 0 -0.9062995 -0.2588144 0 -0.9659271 0.2588144 0 -0.9659271 0.4226363 0 -0.9062995 0.8191661 0 -0.5735564 0.9062847 0 -0.4226678 0.9659271 0 -0.2588144 0.9961963 0 -0.08713686 0.9961963 0 0.08713686 0.9659271 0 0.2588144 0.9062847 0 0.4226678 0.8191661 0 0.5735564 0.4226157 0 0.9063091 0.2588378 0 0.9659209 0.08713465 0 0.9961966 -0.2588144 0 0.9659271 -0.4226363 0 0.9062995 -0.9062892 0 0.4226582 -0.9961962 0 0.08713901 -0.9961966 0 -0.08713465 -0.9062803 0 -0.4226773 0.9062803 0 -0.4226773 0.9961966 0 -0.08713465 0.9961962 0 0.08713901 0.9062892 0 0.4226582 0.4226363 0 0.9062995 0.2588144 0 0.9659271 0 -0.9961981 -0.08711761 0 0.9961957 -0.0871452 0 0.9961953 0.08715003 0 0.9961929 0.08717763 0 -0.9961977 0.08712244 0 -0.9063095 -0.4226146 0 -0.9062989 -0.4226375 0 -0.4226367 -0.9062992 0 -0.2587958 -0.9659321 0 -0.2587889 -0.9659339 0 0.2588028 -0.9659302 0 0.4226367 -0.9062992 0 0.9062989 -0.4226375 0 0.9063095 -0.4226146 0 0.9063095 0.4226146 0 0.9062989 0.4226375 0 -0.9062989 0.4226375 0 -0.9063095 0.4226146 0 0.906311 -0.4226113 0 0.9063156 0.4226018 0 0.5735658 0.8191596 0 0.4226203 0.9063069 -0.08717125 0 -0.9961934 -0.2588143 0 -0.9659272 -0.4226065 0 -0.9063133 -0.4226066 0 -0.9063133 -0.5735846 0 -0.8191464 -0.5735844 0 -0.8191465 -0.7071155 0 -0.707098 -0.7071155 0 -0.7070981 -0.81913 0 -0.5736081 -0.9063035 0 -0.4226276 -0.9659402 0 -0.2587652 -0.996192 0 -0.08718711 -0.996192 0 0.08718711 -0.9659402 0 0.2587652 -0.9063035 0 0.4226276 -0.8191328 0 0.5736039 -0.7071155 0 0.707098 -0.7071155 0 0.7070981 -0.5735787 0 0.8191505 -0.5735786 0 0.8191505 -0.4226137 0 0.9063099 -0.4226138 0 0.9063099 -0.2588143 0 0.9659272 -0.08716261 0 0.9961941 -0.573587 0 0.8191447 -0.4225791 0 0.9063261 0.4225791 0 0.9063261 0.573587 0 0.8191447 -0.9962077 0 -0.08700734 -0.9962077 0 0.08700734 -0.2588281 0 0.9659234 -0.258828 0 0.9659234 -0.08714592 0 0.9961956 -0.08714586 0 0.9961956 0.08714592 0 0.9961956 0.08714586 0 0.9961956 0.2588281 0 0.9659234 0.258828 0 0.9659234 0.2587786 0 -0.9659367 0.2587785 0 -0.9659367 -0.2587786 0 -0.9659367 -0.2587785 0 -0.9659367 -0.9962079 0 -0.08700501 -0.9962075 0 0.08700966 -0.9062798 0 -0.4226784 -0.8191629 0 -0.5735611 -0.7071593 0 -0.7070543 -0.5735282 0 -0.8191859 -0.422621 0 -0.9063066 -0.08714783 0 -0.9961954 0.08714783 0 -0.9961954 0.422621 0 -0.9063066 0.5735282 0 -0.8191859 0.8191629 0 -0.5735611 0.965925 0 0.2588219 0.8191629 0 0.5735611 0.5735517 0 0.8191695 0.4225922 0 0.90632 0.08714783 0 0.9961954 -0.08714783 0 0.9961954 -0.4225922 0 0.90632 -0.5735517 0 0.8191695 -0.7071593 0 0.7070543 -0.8191629 0 0.5735611 -0.9062735 0 0.4226918 -0.965925 0 0.2588219 -0.9961982 0 -0.08711612 -0.9062735 0 -0.4226918 -0.5735517 0 -0.8191695 -0.4225922 0 -0.90632 0.4225922 0 -0.90632 0.5735517 0 -0.8191695 0.9062735 0 -0.4226918 0.9961982 0 -0.08711612 0.8191744 0 0.5735446 0.422621 0 0.9063066 0.2588154 0 0.9659268 -0.2588154 0 0.9659268 -0.422621 0 0.9063066 -0.7071418 0 0.7070718 -0.8191744 0 0.5735446 -0.9062673 0 -0.4227053 -0.8191859 0 -0.5735282 -0.7071418 0 -0.7070718 -0.08711308 0 -0.9961985 0.08711308 0 -0.9961985 0.8191859 0 -0.5735282 0.5735282 0 0.8191859 0.08718258 0 0.9961925 -0.08718258 0 0.9961925 -0.5735282 0 0.8191859 -0.9062798 0 0.4226784 -0.5735731 0 0.8191543 -0.7071193 0 0.7070943 -0.9961962 0 -0.08713901 -0.9659288 0 -0.2588082 0.9659288 0 -0.2588082 0.9961962 0 -0.08713901 0.7071193 0 0.7070943 0.5735731 0 0.8191543 0 1 -1.00385e-5 0 1 1.90514e-6 0 1 -1.40092e-6 0 1 -1.39073e-6 0 1 4.38992e-7 0 1 0 0 1 1.40675e-7 0 1 0 0 1 0 0 1 7.32633e-7 0 1 -1.17971e-6 0 1 1.15516e-6 0 1 2.28536e-6 0 1 -1.15063e-6 0 1 4.61442e-7 0 1 1.54852e-7 0 1 -2.47593e-7 0 1 -5.72689e-7 0 1 4.19435e-7 0 1 -3.63478e-7 0 1 -1.3378e-7 0 1 1.28749e-7 0 1 0 0 1 -3.93696e-7 0 1 -2.5265e-7 0 1 0 0 1 0 0 1 0 0 1 -2.99343e-7 0 1 -1.37526e-6 0 1 0 0 1 0 0 1 0 0 1 0 0 1 0 0 1 0 0 1 1.77746e-7 0 1 1.74315e-7 0 1 1.39341e-7 0 1 -1.64759e-7 0 1 3.18982e-7 0 1 0 0 1 3.11559e-7 0 1 -1.1796e-6 0 1 1.17234e-6 0 1 5.34329e-7 0 1 0 0 1 0 0 1 0 0 1 -1.39062e-6 0 1 2.87647e-6 0 1 1.45063e-7 0 1 0 0 1 0 0 1 7.32605e-7 0 1 -1.17985e-6 0 1 -1.66782e-6 0 1 1.40594e-7 0 1 0 0 1 0 0 1 0 0 1 0 0 1 0 0 1 -3.93686e-7 0 1 0 0 1 -4.17977e-7 0 1 1.03067e-6 0 1 -2.1024e-6 0 1 -1.71722e-6 0 1 1.69065e-6 0 1 4.37908e-7 0 1 -3.08764e-6 0 1 9.0458e-7 0 1 6.25801e-7 0 1 -5.34329e-7 0 1 -7.32674e-7 0 1 -3.06219e-6 0 1 2.16072e-6 0 1 -4.09557e-7 0 1 3.93726e-7 0 1 2.3592e-6 0 1 -3.11575e-7 0 1 -1.3907e-6 0 1 -3.11497e-7 0 1 2.35956e-6 0 1 -7.32605e-7 0 1 -5.34506e-7 0 1 -1.10795e-6 0 1 -8.61926e-7 0 1 1.01606e-6 0 1 -6.74203e-7 0 1 -1.38796e-6 0 1 5.10554e-7 0 1 4.16054e-7 0 1 -1.66733e-6 0 1 5.24923e-6 0 1 -1.82191e-6 0 1 8.96109e-7 0 1 2.30135e-6 0 1 -1.39264e-6 0 1 1.40092e-6 0 1 -2.16076e-6 0 1 3.41865e-7 0 1 -1.67471e-6 0 1 2.69559e-6 0 1 -2.39354e-6 0 1 9.04601e-7 0 1 -1.54378e-6 0 1 -5.70216e-6 0 1 -2.54024e-6 0 1 1.25706e-6 0 1 8.66761e-7 0 1 -3.11528e-7 0 1 -7.32633e-7 0 1 -5.34527e-7 0 1 6.61933e-7 0 1 -2.54951e-6 0 1 1.7194e-6 0 1 -4.09306e-7 0 1 3.93676e-7 0 1 -4.09578e-7 0 1 -1.66742e-6 0 1 -1.25694e-6 0 1 2.54024e-6 0 1 1.39264e-6 0 1 -1.39065e-6 0 1 2.30152e-6 0 1 -1.39254e-6 0 1 1.15518e-6 0 1 1.25705e-6 0 1 8.66767e-7 0 1 -3.115e-7 0 1 -5.34465e-7 0 1 4.61407e-7 0 1 -4.61442e-7 0 1 3.93696e-7 0 1 -3.93646e-7 0 1 -1.66737e-6 0 1 2.32885e-7 0 1 0 0 1 1.34359e-7 0 1 1.67677e-7 0 1 -6.03029e-7 0 1 1.3919e-7 0 1 0 0 1 -1.62169e-6 0 1 1.5507e-6 0 1 -2.78527e-7 0 1 2.33623e-6 0 1 0 0 1 -3.4947e-7 0 1 -1.05975e-6 0 1 -3.90381e-7 0 1 -1.66778e-6 0 1 1.39051e-6 0 1 3.06226e-6 0 1 -7.32468e-7 0 1 -5.34486e-7 0 1 3.93716e-7 0 1 6.25844e-7 0 1 4.37853e-7 0 1 -1.34815e-6 0 1 -8.61768e-7 0 1 -1.19465e-6 0 1 1.94834e-6 0 1 0 0 1 7.0743e-7 0 1 -8.57857e-7 0 1 2.10353e-6 0 1 -1.69029e-6 0 1 1.66781e-6 0 1 3.9041e-7 0 1 -6.03173e-7 0 1 0 0 1 -3.94237e-7 0 1 2.8479e-6 0 1 -8.50035e-7 0 1 -5.97978e-7 0 1 -2.49359e-6 0 1 1.87727e-6 0 1 -1.1798e-6 0 1 3.11469e-7 0 1 1.19457e-6 0 1 8.61768e-7 0 1 -1.01633e-6 0 1 -5.48246e-7 0 1 1.05947e-6 0 1 -7.07494e-7 0 1 -1.94817e-6 0 1 4.05066e-7 0 1 -3.93716e-7 0 1 -1.39067e-6 0 1 3.11528e-7 0 1 -2.3592e-6 0 1 7.32509e-7 0 1 5.34454e-7 0 1 -5.97926e-7 0 1 -8.5009e-7 0 1 -3.94252e-7 0 1 1.87719e-6 0 1 1.41537e-6 0 1 -2.87354e-7 0 1 1.90531e-6 0 1 -1.25696e-6 0 1 1.15516e-6 0 1 2.01405e-6 0 1 -1.51568e-6 0 1 3.16072e-6 0 1 -3.65373e-7 0 1 -3.93736e-7 0 1 4.05171e-7 0 1 4.09317e-7 0 1 2.39344e-6 0 1 -1.51627e-6 0 1 1.04659e-6 0 1 -7.79438e-7 0 1 -2.03779e-6 0 1 2.07154e-6 0 1 4.52012e-7 0 1 -1.15071e-6 0 1 -7.3244e-7 0 1 2.35992e-6 0 1 -3.11478e-7 0 1 1.39079e-6 0 1 -1.17969e-6 0 1 -1.15507e-6 0 1 1.38722e-6 0 1 -1.22484e-7 0 1 3.34835e-6 0 1 4.96479e-7 0 1 0 0 1 1.25684e-6 0 1 -1.90531e-6 0 1 4.34251e-7 0 1 -7.9572e-7 0 1 -4.12016e-6 0 1 1.98218e-6 0 1 0 0 1 1.48324e-5 0 1 1.32411e-7 0 1 0 0 1 -3.93706e-7 0 1 3.93656e-7 0 1 -1.39259e-6 0 1 5.37884e-7 0 1 -1.19333e-6 0 1 -4.3567e-7 0 1 3.88318e-7 0 1 1.26036e-6 0 1 0 0 1 0 0 1 -5.25457e-7 0 1 -2.35956e-6 0 1 -1.39076e-6 0 1 1.66783e-6 0 1 -1.0599e-6 0 1 1.39053e-6 0 1 -3.11519e-7 0 1 5.34486e-7 0 1 7.32468e-7 0 1 6.03266e-7 0 1 -7.07558e-7 0 1 7.07494e-7 0 1 -3.93726e-7 0 1 4.34783e-7 0 1 -7.97182e-7 0 1 -8.72561e-7 0 1 3.35712e-6 0 1 -2.80686e-6 0 1 1.9933e-6 0 1 6.25858e-7 0 1 0 0 1 3.79554e-6 0 1 3.06219e-6 0 1 1.17969e-6 0 1 -3.11522e-7 0 1 -1.66775e-6 0 1 -1.5439e-6 0 1 9.04497e-7 0 1 -3.34835e-6 0 1 7.9572e-7 0 1 -4.34251e-7 0 1 -1.4835e-5 0 1 -1.98218e-6 0 1 2.79659e-6 0 1 3.93686e-7 0 1 3.38162e-6 0 1 7.32674e-7 0 1 -1.39057e-6 0 1 -5.3436e-7 0 1 -7.32742e-7 0 1 -1.6679e-6 0 1 -3.11559e-7 0 1 -3.11481e-7 0 1 -7.32619e-7 0 1 -5.34496e-7 0 1 3.93765e-7 0 1 -1.66741e-6 0.5000002 0 0.8660254 -0.5000004 0 -0.8660253 -0.5000002 0 -0.8660253 0 -1 2.70488e-6 0 -1 0 0 -1 -1.3919e-7 0 -1 -1.67677e-7 0 -1 1.66773e-6 0 -1 5.34506e-7 0 -1 2.54044e-6 0 -1 -1.25684e-6 0 -1 -8.66924e-7 0 -1 -1.17987e-6 0 -1 7.3244e-7 0 -1 -5.34454e-7 0 -1 3.48717e-7 0 -1 1.17969e-6 0 -1 -3.11528e-7 0 -1 -8.66998e-7 0 -1 -1.6679e-6 0 -1 7.9572e-7 0 -1 -4.34251e-7 0 -1 -5.37884e-7 0 -1 1.39259e-6 0 -1 -1.40076e-6 0 -1 -1.48324e-5 0 -1 -1.98218e-6 0 -1 -1.32376e-6 0 -1 -3.93656e-7 0 -1 3.93706e-7 0 -1 -1.26036e-6 0 -1 -4.40915e-7 0 -1 4.52012e-7 0 -1 1.19333e-6 0 -1 -1.41537e-6 0 -1 2.49362e-6 0 -1 1.39067e-6 0 -1 5.97926e-7 0 -1 -1.42395e-6 0 -1 8.5009e-7 0 -1 -7.32509e-7 0 -1 -1.15516e-6 0 -1 -2.54044e-6 0 -1 1.40072e-6 0 -1 -1.39263e-6 0 -1 -1.81107e-6 0 -1 1.51568e-6 0 -1 -1.00701e-6 0 -1 -4.05171e-7 0 -1 3.93736e-7 0 -1 -1.57073e-6 0 -1 1.71938e-6 0 -1 -2.54956e-6 0 -1 7.79438e-7 0 -1 -9.79022e-7 0 -1 1.51627e-6 0 -1 -4.52012e-7 0 -1 5.97978e-7 0 -1 8.50035e-7 0 -1 -2.8479e-6 0 -1 3.94237e-7 0 -1 -1.87727e-6 0 -1 6.03173e-7 0 -1 -1.66781e-6 0 -1 -3.9041e-7 0 -1 2.35956e-6 0 -1 -7.32468e-7 0 -1 -5.34486e-7 0 -1 1.62321e-6 0 -1 -7.48252e-7 0 -1 1.24324e-6 0 -1 -8.61768e-7 0 -1 -1.19457e-6 0 -1 7.07494e-7 0 -1 -1.05961e-6 0 -1 3.93716e-7 0 -1 -4.05066e-7 0 -1 5.25457e-7 0 -1 -2.10353e-6 0 -1 8.57857e-7 0 -1 3.90381e-7 0 -1 -2.35956e-6 0 -1 -1.39051e-6 0 -1 1.66778e-6 0 -1 -6.03173e-7 0 -1 0 0 -1 5.34486e-7 0 -1 7.32468e-7 0 -1 3.08764e-6 0 -1 -9.04518e-7 0 -1 -6.25844e-7 0 -1 1.05975e-6 0 -1 -7.0743e-7 0 -1 -1.94834e-6 0 -1 -3.06226e-6 0 -1 2.16072e-6 0 -1 4.09578e-7 0 -1 -3.93716e-7 0 -1 1.19465e-6 0 -1 8.61768e-7 0 -1 -1.01619e-6 0 -1 6.74131e-7 0 -1 0 0 -1 2.78527e-7 0 -1 1.5507e-6 0 -1 -3.02483e-6 0 -1 3.4947e-7 0 -1 2.35938e-6 0 -1 3.04204e-7 0 -1 -2.82125e-7 0 -1 0 0 -1 0 0 -1 1.15063e-6 0 -1 -1.39264e-6 0 -1 -2.54024e-6 0 -1 1.25694e-6 0 -1 8.66816e-7 0 -1 -3.115e-7 0 -1 1.17971e-6 0 -1 -1.17217e-6 0 -1 -5.34527e-7 0 -1 0 0 -1 0 0 -1 -1.39341e-7 0 -1 0 0 -1 0 0 -1 0 0 -1 -1.28749e-7 0 -1 1.3378e-7 0 -1 0 0 -1 5.96556e-7 0 -1 -4.19435e-7 0 -1 5.72689e-7 0 -1 0 0 -1 0 0 -1 0 0 -1 2.88742e-7 0 -1 -1.21205e-7 0 -1 0 0 -1 1.95591e-6 0 -1 -8.32649e-7 0 -1 -7.82035e-7 0 -1 -1.66737e-6 0 -1 5.6205e-7 0 -1 0 0 -1 0 0 -1 0 0 -1 0 0 -1 0 0 -1 -1.25705e-6 0 -1 2.30135e-6 0 -1 1.40092e-6 0 -1 2.54024e-6 0 -1 -1.40092e-6 0 -1 1.39254e-6 0 -1 8.66809e-7 0 -1 -7.32633e-7 0 -1 -1.39073e-6 0 -1 7.32605e-7 0 -1 -1.17971e-6 0 -1 1.15508e-6 0 -1 4.61442e-7 0 -1 -4.61407e-7 0 -1 -1.66748e-6 0 -1 3.93646e-7 0 -1 -3.93696e-7 0 -1 -1.25706e-6 0 -1 1.39264e-6 0 -1 2.06152e-6 0 -1 -4.37841e-7 0 -1 -9.04601e-7 0 -1 -1.39053e-6 0 -1 2.39354e-6 0 -1 4.09306e-7 0 -1 -1.7194e-6 0 -1 3.06481e-7 0 -1 -8.96109e-7 0 -1 7.32633e-7 0 -1 1.15506e-6 0 -1 9.79139e-7 0 -1 -1.51629e-6 0 -1 -3.06196e-6 0 -1 2.16076e-6 0 -1 -3.93697e-6 0 -1 5.70216e-6 0 -1 -3.93676e-7 0 -1 1.00385e-5 0 -1 3.11575e-7 0 -1 -1.39057e-6 0 -1 -6.25801e-7 0 -1 -9.0458e-7 0 -1 -1.17985e-6 0 -1 -1.66775e-6 0 -1 -2.3592e-6 0 -1 7.32674e-7 0 -1 5.34329e-7 0 -1 3.08749e-6 0 -1 -4.37908e-7 0 -1 -2.16072e-6 0 -1 1.34838e-6 0 -1 8.61926e-7 0 -1 1.10795e-6 0 -1 1.42486e-6 0 -1 4.43779e-7 0 -1 -3.93726e-7 0 -1 4.09557e-7 0 -1 4.79221e-7 0 -1 0 0 -1 -1.40594e-7 0 -1 0 0 -1 0 0 -1 -5.34329e-7 0 -1 -7.32674e-7 0 -1 0 0 -1 2.3592e-6 0 -1 -3.11559e-7 0 -1 -1.39074e-6 0 -1 -3.11481e-7 0 -1 1.17985e-6 0 -1 -5.34506e-7 0 -1 0 0 -1 0 0 -1 0 0 -1 0 0 -1 0 0 -1 3.93676e-7 0 -1 -1.03067e-6 0 -1 4.17977e-7 0 -1 0 0 -1 1.05113e-6 0 -1 3.43407e-6 0 -1 -1.66741e-6 0 -1 3.11559e-7 0 -1 7.32742e-7 0 -1 5.3436e-7 0 -1 -1.3907e-6 0 -1 -7.32605e-7 0 -1 -1.39062e-6 0 -1 7.32619e-7 0 -1 -1.66765e-6 0 -1 3.93686e-7 0 -1 -3.93765e-7 0 -1 -1.39068e-6 0 -1 3.11522e-7 0 -1 3.68691e-7 0 -1 -7.9572e-7 0 -1 0 0 -1 0 0 -1 0 0 -1 8.15293e-7 0 -1 1.98218e-6 0 -1 0 0 -1 1.4835e-5 0 -1 7.32509e-7 0 -1 5.34454e-7 0 -1 -6.25858e-7 0 -1 -9.04497e-7 0 -1 3.08779e-6 0 -1 -4.37847e-7 0 -1 2.16069e-6 0 -1 -4.21088e-5 0 -1 9.02953e-6 0 -1 -2.13842e-6 0 -1 -3.93686e-7 0 -1 -3.38162e-6 0 -1 3.90332e-7 0 -1 -1.05947e-6 0 -1 3.11519e-7 0 -1 -6.03266e-7 0 -1 0 0 -1 -1.66783e-6 0 -1 3.93726e-7 0 -1 1.06004e-6 0 -1 -7.07494e-7 0 -1 7.07558e-7 0 -1 2.59724e-6 -0.9961819 0 0.0873028 -0.9659697 0 0.2586554 -0.9062876 0 0.4226619 -0.8191314 0 0.573606 -0.7071652 0 0.7070484 -0.5736348 0 0.8191114 -0.4225394 0 0.9063447 -0.2588139 0 0.9659273 -0.0871399 0 0.9961961 0.0871669 0 0.9961937 0.2588139 0 0.9659273 0.4225394 0 0.9063447 0.5736348 0 0.8191114 0.7071652 0 0.7070484 0.8191314 0 0.573606 0.9062279 0 0.4227896 0.9659697 0 0.2586554 0.9961954 0 0.08714836 0.9961953 0 -0.08714866 0.9961954 0 -0.08714801 0.9659711 0 -0.2586506 0.9062237 0 -0.4227986 0.9062252 0 -0.4227956 0.8191314 0 -0.573606 0.7071652 0 -0.7070484 0.5736348 0 -0.8191114 0.4225426 0 -0.9063432 0.4225362 0 -0.9063462 0.2588102 0 -0.9659283 0.2588175 0 -0.9659262 0.0871669 0 -0.9961937 -0.0871399 0 -0.9961961 -0.2588175 0 -0.9659262 -0.2588102 0 -0.9659283 -0.4225362 0 -0.9063462 -0.4225426 0 -0.9063432 -0.5736348 0 -0.8191114 -0.7071652 0 -0.7070484 -0.8191314 0 -0.573606 -0.9062834 0 -0.4226708 -0.9659711 0 -0.2586506 -0.9961819 0 -0.08730244 -0.9961819 0 -0.0873031 -0.9961954 0 0.08714836 -0.9062279 0 0.4227896 -0.422599 0 0.9063168 -0.08712637 0 0.9961973 0.422599 0 0.9063168 0.5735616 0 0.8191626 0.9062876 0 0.4226619 0.9659308 0 0.2588006 0.9659321 0 -0.2587957 0.9062834 0 -0.4226708 0.5735616 0 -0.8191626 0.4226022 0 -0.9063153 0.4225959 0 -0.9063184 -0.08712637 0 -0.9961973 -0.4225959 0 -0.9063184 -0.4226022 0 -0.9063153 -0.9062252 0 -0.4227956 -0.9062237 0 -0.4227986 -0.9961954 0 -0.08714801 -0.9961953 0 -0.08714866 -0.996182 0 0.08730107 -0.9659684 0 0.2586603 -0.4225554 0 0.9063372 -0.2587957 0 0.9659321 0.2587957 0 0.9659321 0.4225554 0 0.9063372 0.9659684 0 0.2586603 0.9961955 0 0.08714663 0.9961954 0 -0.08714836 0.9659697 0 -0.2586554 0.9062314 0 -0.4227822 0.8191251 0 -0.5736151 0.4225394 0 -0.9063447 0.2588139 0 -0.9659273 0.08718627 0 -0.9961921 -0.08715921 0 -0.9961945 -0.2588139 0 -0.9659273 -0.4225394 0 -0.9063447 -0.8191251 0 -0.5736151 -0.906291 0 -0.4226544 -0.9659697 0 -0.2586554 -0.9961819 0 -0.0873028 -0.9961955 0 0.08714663 -0.422615 0 0.9063094 0.422615 0 0.9063094 0.9659296 0 0.2588055 0.9659308 0 -0.2588006 0.906291 0 -0.4226544 0.422599 0 -0.9063168 -0.08714568 0 -0.9961956 -0.422599 0 -0.9063168 -0.9062314 0 -0.4227822 -0.9961954 0 -0.08714836 -0.965968 0 0.2586622 -0.9659689 0 0.2586583 -0.9062889 0 0.4226588 -0.9062861 0 0.4226648 -0.8191289 0 0.5736097 -0.819134 0 0.5736023 -0.7071691 0 0.7070446 -0.7071613 0 0.7070524 -0.5736295 0 0.819115 -0.5736399 0 0.8191076 -0.4225618 0 0.9063342 -0.422549 0 0.9063402 0.422549 0 0.9063402 0.4225618 0 0.9063342 0.5736399 0 0.8191076 0.5736295 0 0.819115 0.7071613 0 0.7070524 0.7071691 0 0.7070446 0.819134 0 0.5736023 0.8191289 0 0.5736097 0.9062265 0 0.4227926 0.9062293 0 0.4227867 0.9659689 0 0.2586583 0.965968 0 0.2586622 0.9961953 0 -0.08715003 0.9062279 0 -0.4227896 0.5736086 0 -0.8191295 0.4225554 0 -0.9063372 0.258832 0 -0.9659224 -0.258832 0 -0.9659224 -0.4225554 0 -0.9063372 -0.5736086 0 -0.8191295 -0.9062876 0 -0.4226619 -0.9961817 0 -0.08730447 -0.9062293 0 0.4227867 -0.9062265 0 0.4227926 -0.4226214 0 0.9063065 -0.4226086 0 0.9063124 0.4226086 0 0.9063124 0.4226214 0 0.9063065 0.5735668 0 0.8191588 0.5735563 0 0.8191661 0.9062861 0 0.4226648 0.9062889 0 0.4226588 0.96593 0 0.2588035 0.965929 0 0.2588074 0.9062876 0 -0.4226619 0.5735355 0 -0.8191809 0.422615 0 -0.9063094 -0.422615 0 -0.9063094 -0.9062279 0 -0.4227896 -0.9961953 0 -0.08715003 -0.965929 0 0.2588074 -0.96593 0 0.2588035 -0.5735563 0 0.8191661 -0.5735668 0 0.8191588 -0.08715343 0 0.9961949 0.08715343 0 0.9961949 0.08715343 0 -0.9961949 -0.08715343 0 -0.9961949 -0.5735355 0 -0.8191809 -0.9659321 0 -0.2587957 -0.9659296 0 0.2588055 -0.5735616 0 0.8191626 0.08717274 0 -0.9961932 -0.08717274 0 -0.9961932 -0.5735616 0 -0.8191626 -0.9659308 0 -0.2588006 -0.9659308 0 0.2588006 0.9961981 0 -0.08711731 0.9659184 0 -0.2588469 0.9659188 0 -0.2588452 0.9063217 0 -0.4225885 0.906323 0 -0.4225859 0.819151 0 -0.573578 0.8191488 0 -0.5735813 0.7070998 0 -0.7071138 0.7070963 0 -0.7071173 0.5735681 0 -0.819158 0.5735634 0 -0.8191612 0.4226353 0 -0.9062999 0.4226238 0 -0.9063053 0.2588241 0 -0.9659245 0.2588175 0 -0.9659262 0.08715784 0 -0.9961946 0.08714389 0 -0.9961958 -0.08714693 0 -0.9961956 -0.08716082 0 -0.9961943 -0.2588175 0 -0.9659262 -0.2588241 0 -0.9659245 -0.4226037 0 -0.9063146 -0.4226152 0 -0.9063093 -0.5735763 0 -0.8191521 -0.7071051 0 -0.7071086 -0.7071015 0 -0.7071121 -0.8191528 0 -0.5735754 -0.8191552 0 -0.5735721 -0.9062995 0 -0.4226362 -0.9063007 0 -0.4226335 -0.965925 0 -0.2588225 -0.9961943 0 -0.08716076 -0.9961943 0 -0.08716136 0.08715349 0 0.9961949 0.2588225 0 0.965925 0.4226135 0 0.90631 0.5735734 0 0.8191542 0.8191514 0 0.5735775 0.9063119 0 0.4226097 0.9659275 0 0.2588132 0.9961943 0 0.08716106 -0.9961951 0 0.08715236 -0.9659231 0 0.2588295 -0.9063168 0 0.4225988 -0.8191493 0 0.5735805 -0.7070959 0 0.7071177 -0.5735816 0 0.8191485 -0.4226235 0 0.9063053 -0.2588137 0 0.9659273 -0.08715391 0 0.9961949 0.5735534 0 0.8191682 0.707101 0 0.7071127 0.8191559 0 0.5735709 0.8191714 0 0.5735489 0.9062927 0 0.4226508 0.906301 0 0.4226329 0.965946 0 0.2587438 0.9659476 0 0.2587381 0.9961907 0 0.08720314 0.9961908 0 0.08720111 0.08716547 0 0.9961939 0.08711916 0 0.9961979 0.2588393 0 0.9659204 0.4225772 0 0.906327 -0.9961819 0 0.08730244 -0.9659388 0 0.2587711 -0.9659418 0 0.2587594 -0.9063066 0 0.422621 -0.9062982 0 0.4226388 -0.8191706 0 0.5735501 -0.7070718 0 0.7071418 -0.7070484 0 0.7071651 -0.5736582 0 0.8190949 -0.422566 0 0.9063322 -0.258854 0 0.9659165 -0.08710902 0 0.9961988 -0.08715534 0 0.9961948 0.996182 0 -0.08730143 0.9961819 0 -0.08730244 0.9659395 0 -0.2587682 0.9063025 0 -0.4226299 0.8191667 0 -0.5735556 0.5735877 0 -0.8191442 0.5735955 0 -0.8191387 0.4225788 0 -0.9063263 0.4225884 0 -0.9063217 0.2588285 0 -0.9659234 0.08716547 0 -0.9961939 0.08715391 0 -0.9961949 -0.08715391 0 -0.9961949 -0.08716547 0 -0.9961939 -0.2588285 0 -0.9659234 -0.4225884 0 -0.9063217 -0.4225788 0 -0.9063263 -0.5736092 0 -0.8191291 -0.5736014 0 -0.8191346 -0.8191667 0 -0.5735556 -0.9062913 0 -0.4226539 -0.9659177 0 -0.2588499 -0.9659184 0 -0.2588469 -0.9962022 0 -0.08707082 -0.9962023 0 -0.0870698 0.9961921 0 -0.08718663 0.7070776 0 -0.707136 0.4226011 0 -0.9063158 0.4226107 0 -0.9063113 0.2588139 0 -0.9659273 0.08715969 0 0.9961944 0.2588139 0 0.9659273 0.4226203 0 0.9063069 0.4226155 0 0.9063092 0.5735916 0 0.8191415 0.7070689 0 0.7071447 0.7070718 0 0.7071418 0.8191648 0 0.5735583 0.9063045 0 0.4226254 0.9063056 0 0.4226232 0.9659399 0 0.2587667 0.9961921 0 0.08718609 -0.08715969 0 0.9961944 -0.2588139 0 0.9659273 -0.4226203 0 0.9063069 -0.4226155 0 0.9063092 -0.5735916 0 0.8191415 -0.7070689 0 0.7071447 -0.8191648 0 0.5735583 -0.9063045 0 0.4226254 -0.9063056 0 0.4226232 -0.9659399 0 0.2587667 -0.9961921 0 0.08718609 -0.08714377 0 -0.9961958 -0.08715534 0 -0.9961948 -0.2588431 0 -0.9659194 -0.422566 0 -0.9063322 -0.4225564 0 -0.9063367 -0.5736504 0 -0.8191003 -0.5736426 0 -0.8191059 -0.7070776 0 -0.707136 -0.9063025 0 -0.4226299 -0.9659395 0 -0.2587682 -0.996182 0 -0.08730143</float_array>
          <technique_common>
            <accessor source="#BOX_PAD1_0_simple_004-mesh-normals-array" count="3448" stride="3">
              <param name="X" type="float"/>
              <param name="Y" type="float"/>
              <param name="Z" type="float"/>
            </accessor>
          </technique_common>
        </source>
        <vertices id="BOX_PAD1_0_simple_004-mesh-vertices">
          <input semantic="POSITION" source="#BOX_PAD1_0_simple_004-mesh-positions"/>
        </vertices>
        <triangles count="9780">
          <input semantic="VERTEX" source="#BOX_PAD1_0_simple_004-mesh-vertices" offset="0"/>
          <input semantic="NORMAL" source="#BOX_PAD1_0_simple_004-mesh-normals" offset="1"/>
          <p>4 0 5 0 6 0 7 0 8 0 9 0 10 1 11 1 12 1 13 0 14 0 10 0 10 2 14 2 15 2 10 3 15 3 11 3 9 4 16 4 7 4 7 5 16 5 17 5 7 6 17 6 18 6 19 0 20 0 21 0 21 7 20 7 22 7 18 8 23 8 7 8 7 9 23 9 24 9 7 10 24 10 25 10 12 0 26 0 10 0 10 11 26 11 27 11 10 0 27 0 21 0 21 12 27 12 28 12 21 13 28 13 19 13 22 0 29 0 21 0 21 0 29 0 30 0 21 14 30 14 31 14 25 0 32 0 33 0 33 15 32 15 34 15 33 0 34 0 35 0 35 16 34 16 36 16 37 0 38 0 8 0 38 0 39 0 8 0 8 0 39 0 40 0 8 17 40 17 41 17 41 0 42 0 8 0 8 18 42 18 43 18 8 19 43 19 9 19 44 20 45 20 46 20 13 0 47 0 14 0 14 0 47 0 46 0 14 0 46 0 48 0 48 0 46 0 45 0 31 21 49 21 21 21 21 22 49 22 50 22 21 23 50 23 8 23 8 0 50 0 51 0 8 24 51 24 37 24 46 25 52 25 44 25 44 0 52 0 53 0 44 0 53 0 54 0 54 0 53 0 55 0 54 0 55 0 56 0 56 0 55 0 57 0 56 0 57 0 58 0 58 0 57 0 59 0 58 0 59 0 34 0 34 0 59 0 60 0 34 0 60 0 36 0 25 0 33 0 7 0 7 26 33 26 61 26 7 27 61 27 62 27 63 28 64 28 65 28 66 0 67 0 68 0 69 0 70 0 10 0 10 29 70 29 71 29 10 30 71 30 13 30 62 0 72 0 7 0 7 31 72 31 73 31 7 0 73 0 65 0 65 32 73 32 74 32 65 33 74 33 63 33 64 0 75 0 65 0 65 34 75 34 76 34 65 0 76 0 77 0 67 0 78 0 68 0 68 35 78 35 79 35 68 0 79 0 10 0 10 36 79 36 80 36 10 37 80 37 69 37 81 0 82 0 68 0 68 0 82 0 83 0 68 38 83 38 66 38 84 0 85 0 68 0 68 39 85 39 86 39 68 40 86 40 81 40 77 0 87 0 65 0 65 41 87 41 88 41 65 42 88 42 84 42 89 0 90 0 91 0 90 0 92 0 91 0 91 43 92 43 93 43 91 44 93 44 94 44 94 45 95 45 91 45 91 46 95 46 96 46 91 0 96 0 97 0 98 47 99 47 100 47 101 48 102 48 103 48 103 0 102 0 104 0 101 0 105 0 102 0 102 0 105 0 106 0 102 49 106 49 91 49 91 50 106 50 107 50 91 51 107 51 89 51 96 52 108 52 97 52 97 53 108 53 109 53 97 54 109 54 110 54 111 0 112 0 102 0 112 0 113 0 102 0 102 55 113 55 114 55 102 0 114 0 104 0 100 0 115 0 98 0 98 56 115 56 116 56 98 0 116 0 102 0 102 57 116 57 117 57 102 58 117 58 111 58 118 0 119 0 98 0 98 59 119 59 120 59 98 60 120 60 99 60 110 61 121 61 97 61 97 62 121 62 122 62 97 0 122 0 123 0 124 63 125 63 118 63 118 64 125 64 126 64 118 0 126 0 119 0 122 0 127 0 123 0 123 0 127 0 128 0 123 65 128 65 129 65 129 0 130 0 123 0 123 66 130 66 131 66 123 67 131 67 118 67 118 0 131 0 132 0 118 68 132 68 124 68 133 0 134 0 135 0 136 69 137 69 138 69 138 0 137 0 139 0 140 0 135 0 141 0 141 0 135 0 142 0 143 0 144 0 145 0 134 0 146 0 135 0 135 70 146 70 147 70 135 71 147 71 142 71 140 0 148 0 149 0 149 72 148 72 150 72 149 73 150 73 151 73 136 0 152 0 137 0 137 0 152 0 153 0 137 0 153 0 135 0 135 74 153 74 154 74 135 75 154 75 133 75 155 0 156 0 137 0 144 76 157 76 145 76 145 77 157 77 158 77 145 0 158 0 137 0 137 78 158 78 159 78 137 79 159 79 155 79 156 0 160 0 137 0 137 80 160 80 161 80 137 0 161 0 139 0 162 0 163 0 145 0 145 81 163 81 164 81 145 82 164 82 143 82 165 83 166 83 167 83 151 0 168 0 149 0 149 84 168 84 169 84 149 0 169 0 165 0 165 85 169 85 170 85 165 0 170 0 166 0 171 86 172 86 162 86 162 87 172 87 173 87 162 0 173 0 163 0 167 88 174 88 165 88 165 89 174 89 175 89 165 0 175 0 162 0 162 0 175 0 176 0 162 90 176 90 171 90 177 0 178 0 98 0 179 91 180 91 149 91 181 0 182 0 98 0 98 92 182 92 183 92 98 93 183 93 177 93 179 0 149 0 178 0 184 0 185 0 135 0 186 94 187 94 102 94 102 0 187 0 188 0 102 95 188 95 189 95 190 96 191 96 98 96 98 0 191 0 192 0 98 97 192 97 181 97 180 0 193 0 149 0 149 98 193 98 194 98 149 99 194 99 195 99 140 0 149 0 135 0 135 0 149 0 196 0 135 100 196 100 184 100 189 101 197 101 102 101 102 102 197 102 198 102 102 0 198 0 98 0 98 103 198 103 199 103 98 104 199 104 190 104 195 0 200 0 149 0 149 105 200 105 201 105 149 106 201 106 196 106 185 107 202 107 135 107 135 108 202 108 203 108 135 0 203 0 204 0 205 109 206 109 102 109 207 0 102 0 208 0 208 0 102 0 209 0 205 0 102 0 210 0 206 110 211 110 102 110 102 0 211 0 212 0 102 111 212 111 209 111 213 0 214 0 215 0 216 112 217 112 218 112 219 0 220 0 218 0 218 113 220 113 221 113 218 114 221 114 222 114 217 0 223 0 218 0 218 115 223 115 224 115 218 116 224 116 219 116 186 0 102 0 225 0 225 0 102 0 207 0 225 0 207 0 226 0 226 0 207 0 227 0 226 0 227 0 228 0 213 0 215 0 229 0 230 0 214 0 231 0 228 0 227 0 232 0 232 0 227 0 233 0 232 0 233 0 231 0 231 0 233 0 234 0 231 0 234 0 230 0 215 0 235 0 218 0 218 117 235 117 236 117 218 118 236 118 216 118 230 0 237 0 214 0 214 0 237 0 238 0 214 119 238 119 239 119 240 0 241 0 215 0 215 120 241 120 242 120 215 121 242 121 235 121 243 0 244 0 215 0 215 122 244 122 245 122 239 0 246 0 214 0 214 0 246 0 247 0 214 0 247 0 215 0 215 123 247 123 248 123 215 124 248 124 243 124 245 125 249 125 215 125 215 0 249 0 250 0 215 126 250 126 240 126 251 0 252 0 253 0 254 0 253 0 255 0 252 127 256 127 253 127 253 128 256 128 257 128 253 129 257 129 255 129 258 0 10 0 259 0 259 130 10 130 260 130 261 131 262 131 68 131 68 132 262 132 263 132 255 0 264 0 254 0 254 133 264 133 265 133 254 134 265 134 266 134 266 0 267 0 254 0 254 135 267 135 268 135 254 136 268 136 269 136 269 0 270 0 254 0 254 137 270 137 271 137 254 138 271 138 272 138 273 139 274 139 10 139 10 140 274 140 275 140 10 141 275 141 260 141 258 142 276 142 10 142 10 143 276 143 277 143 10 0 277 0 68 0 68 144 277 144 278 144 68 145 278 145 261 145 263 0 279 0 68 0 68 146 279 146 280 146 68 0 280 0 281 0 281 147 280 147 282 147 281 148 282 148 283 148 284 0 285 0 286 0 286 0 285 0 281 0 286 0 281 0 287 0 287 149 281 149 283 149 284 150 288 150 285 150 285 151 288 151 289 151 285 0 289 0 253 0 253 152 289 152 290 152 253 153 290 153 251 153 291 154 292 154 293 154 294 0 295 0 254 0 294 0 254 0 296 0 297 155 298 155 299 155 300 0 301 0 297 0 297 156 301 156 302 156 297 0 302 0 254 0 254 157 302 157 303 157 254 158 303 158 296 158 295 0 304 0 254 0 254 159 304 159 305 159 254 0 305 0 306 0 307 0 308 0 309 0 309 160 308 160 310 160 309 20 310 20 293 20 293 161 310 161 311 161 293 0 311 0 291 0 298 162 297 162 312 162 299 0 313 0 297 0 297 163 313 163 314 163 297 164 314 164 300 164 315 165 316 165 317 165 317 166 316 166 318 166 317 167 318 167 319 167 319 0 318 0 320 0 321 0 322 0 320 0 320 0 322 0 323 0 320 168 323 168 319 168 324 0 325 0 317 0 317 0 325 0 326 0 317 0 326 0 315 0 309 0 327 0 307 0 307 0 327 0 325 0 307 0 325 0 328 0 328 0 325 0 324 0 321 0 329 0 322 0 322 0 329 0 330 0 322 0 330 0 331 0 331 169 330 169 332 169 331 170 332 170 333 170 333 0 334 0 331 0 331 171 334 171 335 171 331 172 335 172 336 172 336 0 337 0 331 0 331 0 337 0 338 0 331 173 338 173 339 173 339 174 340 174 331 174 331 175 340 175 341 175 331 0 341 0 297 0 297 0 341 0 342 0 297 176 342 176 312 176 343 0 254 0 292 0 292 0 254 0 306 0 292 177 306 177 293 177 344 0 345 0 253 0 346 0 347 0 348 0 343 0 349 0 254 0 254 178 349 178 350 178 254 0 350 0 253 0 253 179 350 179 351 179 253 180 351 180 344 180 352 0 353 0 354 0 354 181 353 181 355 181 354 0 355 0 331 0 331 182 355 182 356 182 331 183 356 183 322 183 357 0 358 0 253 0 253 184 358 184 359 184 253 185 359 185 360 185 360 0 361 0 348 0 348 186 361 186 362 186 348 187 362 187 346 187 347 0 363 0 348 0 348 188 363 188 364 188 348 189 364 189 365 189 345 0 366 0 253 0 253 190 366 190 367 190 253 0 367 0 357 0 365 0 368 0 348 0 348 191 368 191 369 191 348 0 369 0 354 0 354 192 369 192 370 192 354 193 370 193 352 193 371 0 372 0 281 0 281 194 372 194 373 194 374 195 375 195 376 195 376 0 375 0 377 0 378 0 285 0 379 0 379 0 285 0 380 0 379 196 380 196 381 196 373 197 382 197 281 197 281 198 382 198 383 198 281 0 383 0 376 0 376 199 383 199 384 199 376 200 384 200 374 200 378 0 385 0 285 0 285 122 385 122 386 122 285 201 386 201 387 201 387 0 388 0 285 0 285 126 388 126 389 126 285 202 389 202 390 202 391 112 392 112 281 112 393 0 394 0 380 0 380 203 394 203 395 203 392 0 396 0 281 0 281 204 396 204 397 204 281 205 397 205 371 205 377 206 398 206 376 206 376 147 398 147 399 147 376 148 399 148 400 148 400 150 401 150 376 150 376 207 401 207 402 207 376 0 402 0 380 0 380 208 402 208 403 208 380 209 403 209 393 209 395 206 404 206 380 206 380 0 404 0 405 0 380 210 405 210 381 210 390 0 406 0 285 0 285 121 406 121 407 121 285 0 407 0 281 0 281 211 407 211 408 211 281 212 408 212 391 212 360 0 348 0 253 0 253 0 348 0 409 0 253 0 409 0 285 0 285 0 409 0 410 0 285 0 410 0 380 0 84 0 68 0 65 0 65 0 68 0 281 0 65 0 281 0 411 0 411 0 281 0 376 0 411 0 376 0 4 0 412 0 413 0 165 0 414 0 415 0 297 0 297 213 415 213 416 213 417 0 331 0 418 0 418 214 331 214 419 214 420 215 162 215 421 215 421 0 162 0 422 0 165 216 423 216 424 216 416 217 425 217 297 217 297 218 425 218 426 218 297 0 426 0 331 0 331 0 426 0 427 0 331 219 427 219 419 219 413 0 428 0 165 0 165 220 428 220 429 220 165 221 429 221 423 221 424 0 430 0 165 0 165 222 430 222 431 222 165 0 431 0 297 0 297 223 431 223 432 223 297 224 432 224 433 224 433 0 434 0 297 0 297 225 434 225 435 225 297 226 435 226 414 226 420 0 436 0 162 0 162 0 436 0 437 0 162 0 437 0 165 0 165 227 437 227 438 227 165 228 438 228 412 228 417 0 439 0 331 0 331 229 439 229 440 229 331 230 440 230 441 230 442 0 162 0 443 0 443 231 162 231 444 231 442 0 445 0 162 0 162 232 445 232 446 232 162 0 446 0 422 0 441 0 447 0 331 0 331 233 447 233 448 233 331 0 448 0 162 0 162 234 448 234 449 234 162 235 449 235 444 235 450 0 21 0 451 0 451 236 21 236 452 236 453 237 454 237 8 237 8 238 455 238 456 238 457 0 458 0 123 0 123 0 458 0 459 0 459 0 460 0 123 0 123 239 460 239 461 239 123 240 461 240 462 240 454 0 463 0 8 0 8 241 463 241 464 241 8 0 464 0 455 0 450 0 465 0 21 0 21 242 465 242 466 242 21 243 466 243 467 243 462 0 468 0 123 0 123 244 468 244 469 244 123 0 469 0 8 0 8 245 469 245 470 245 8 246 470 246 453 246 456 0 471 0 8 0 8 247 471 247 472 247 8 248 472 248 21 248 21 0 472 0 473 0 21 249 473 249 452 249 474 0 475 0 118 0 475 0 476 0 118 0 118 250 476 250 477 250 118 228 477 228 478 228 478 0 479 0 118 0 118 0 479 0 480 0 118 251 480 251 123 251 123 252 480 252 481 252 123 253 481 253 457 253 467 0 482 0 21 0 21 254 482 254 483 254 21 0 483 0 118 0 118 255 483 255 484 255 118 256 484 256 485 256 485 0 486 0 118 0 118 216 486 216 487 216 118 257 487 257 474 257 178 0 149 0 98 0 98 0 149 0 165 0 98 0 165 0 118 0 118 0 165 0 297 0 118 0 297 0 21 0 21 0 297 0 254 0 21 0 254 0 10 0 10 0 254 0 272 0 10 258 272 258 273 258 204 259 229 259 135 259 135 0 229 0 215 0 135 0 215 0 137 0 137 0 215 0 488 0 91 0 489 0 102 0 102 0 489 0 218 0 102 0 218 0 210 0 210 0 218 0 222 0 4 0 6 0 411 0 411 0 6 0 490 0 411 0 490 0 65 0 65 0 490 0 491 0 65 0 491 0 7 0 7 0 491 0 492 0 7 0 492 0 8 0 8 0 492 0 493 0 8 0 493 0 123 0 123 0 493 0 494 0 123 0 494 0 97 0 97 0 494 0 495 0 97 0 495 0 91 0 91 0 495 0 496 0 91 0 496 0 489 0 497 260 498 260 499 260 500 260 501 260 502 260 503 260 504 260 502 260 505 261 506 261 507 261 508 260 509 260 510 260 511 260 512 260 513 260 514 260 515 260 516 260 517 262 518 262 519 262 512 260 520 260 510 260 510 263 520 263 521 263 510 264 521 264 508 264 515 260 522 260 516 260 516 265 522 265 523 265 516 260 523 260 524 260 525 260 526 260 513 260 524 260 527 260 516 260 516 266 527 266 528 266 516 267 528 267 529 267 526 268 530 268 513 268 513 269 530 269 531 269 513 260 531 260 532 260 519 270 533 270 517 270 517 271 533 271 534 271 517 260 534 260 516 260 516 272 534 272 535 272 516 273 535 273 514 273 532 260 536 260 513 260 513 274 536 274 537 274 513 275 537 275 511 275 538 260 539 260 540 260 541 260 542 260 543 260 543 260 542 260 544 260 541 260 545 260 542 260 542 260 545 260 546 260 542 276 546 276 547 276 538 277 540 277 548 277 540 260 549 260 517 260 517 278 549 278 550 278 551 260 552 260 540 260 540 279 552 279 553 279 540 280 553 280 549 280 554 260 555 260 556 260 556 260 555 260 557 260 558 260 559 260 560 260 560 281 559 281 561 281 560 260 561 260 562 260 562 282 561 282 509 282 563 260 564 260 510 260 510 283 564 283 565 283 510 284 565 284 566 284 539 260 567 260 540 260 540 285 567 285 568 285 540 286 568 286 551 286 518 260 517 260 569 260 569 287 517 287 550 287 569 260 550 260 556 260 556 260 550 260 570 260 556 288 570 288 554 288 557 260 571 260 556 260 556 289 571 289 572 289 556 290 572 290 573 290 573 291 572 291 574 291 573 292 574 292 575 292 558 292 576 292 559 292 559 260 576 260 577 260 559 260 577 260 578 260 578 260 577 260 579 260 578 260 579 260 580 260 580 260 579 260 581 260 580 260 581 260 574 260 574 260 581 260 582 260 574 260 582 260 575 260 509 260 561 260 510 260 510 293 561 293 583 293 510 260 583 260 563 260 566 260 584 260 510 260 510 294 584 294 585 294 510 260 585 260 542 260 542 295 585 295 586 295 542 296 586 296 544 296 547 297 587 297 542 297 542 298 587 298 588 298 542 260 588 260 540 260 540 260 588 260 589 260 540 299 589 299 548 299 590 260 591 260 592 260 593 260 594 260 595 260 595 300 594 300 596 300 597 301 598 301 595 301 595 302 598 302 599 302 600 260 601 260 500 260 500 303 601 303 602 303 500 304 602 304 603 304 591 260 604 260 592 260 592 305 604 305 605 305 592 260 605 260 595 260 595 306 605 306 606 306 595 307 606 307 593 307 596 260 607 260 595 260 595 260 607 260 608 260 595 308 608 308 597 308 609 260 610 260 611 260 603 260 612 260 500 260 500 309 612 309 613 309 500 310 613 310 614 310 614 260 615 260 500 260 500 311 615 311 616 311 500 260 616 260 611 260 611 312 616 312 617 312 611 313 617 313 609 313 610 260 618 260 611 260 611 314 618 314 619 314 611 260 619 260 620 260 620 315 619 315 621 315 621 260 622 260 620 260 620 316 622 316 623 316 620 317 623 317 624 317 625 260 626 260 627 260 627 260 626 260 628 260 627 260 628 260 592 260 592 318 628 318 629 318 592 319 629 319 590 319 624 260 630 260 620 260 620 260 630 260 631 260 620 260 631 260 627 260 627 320 631 320 632 320 627 321 632 321 625 321 633 260 634 260 635 260 635 322 634 322 636 322 636 260 637 260 635 260 635 323 637 323 638 323 635 324 638 324 639 324 639 260 640 260 635 260 635 260 640 260 641 260 635 325 641 325 642 325 642 326 641 326 643 326 642 327 643 327 644 327 644 260 645 260 642 260 642 260 645 260 646 260 642 260 646 260 647 260 647 328 646 328 648 328 647 329 648 329 649 329 650 330 651 330 652 330 652 260 653 260 650 260 650 331 653 331 654 331 650 332 654 332 655 332 647 260 656 260 650 260 650 333 656 333 657 333 657 260 658 260 650 260 650 334 658 334 659 334 650 335 659 335 651 335 660 260 661 260 507 260 661 260 662 260 507 260 507 336 662 336 663 336 507 337 663 337 664 337 649 338 665 338 647 338 647 339 665 339 666 339 647 340 666 340 656 340 667 260 668 260 633 260 633 341 668 341 669 341 633 342 669 342 634 342 664 260 670 260 507 260 507 343 670 343 671 343 507 344 671 344 672 344 672 260 673 260 507 260 507 345 673 345 674 345 507 260 674 260 633 260 633 346 674 346 675 346 633 347 675 347 667 347 676 260 677 260 633 260 633 348 677 348 678 348 633 349 678 349 679 349 680 350 681 350 595 350 679 260 682 260 633 260 633 351 682 351 683 351 633 260 683 260 684 260 685 352 686 352 507 352 507 353 686 353 687 353 507 260 687 260 505 260 688 260 689 260 592 260 592 354 689 354 690 354 592 355 690 355 691 355 681 356 692 356 595 356 595 357 692 357 693 357 595 260 693 260 592 260 592 358 693 358 694 358 592 359 694 359 695 359 684 360 696 360 633 360 633 361 696 361 697 361 633 260 697 260 507 260 507 362 697 362 698 362 507 363 698 363 685 363 695 364 699 364 592 364 592 260 699 260 700 260 592 365 700 365 688 365 701 260 702 260 595 260 595 366 702 366 703 366 595 260 703 260 680 260 704 260 705 260 706 260 706 260 705 260 707 260 706 260 707 260 708 260 709 260 507 260 706 260 706 260 507 260 506 260 706 260 506 260 704 260 710 367 711 367 712 367 712 368 711 368 713 368 712 369 713 369 714 369 715 260 716 260 717 260 714 370 718 370 712 370 712 371 718 371 719 371 712 372 719 372 502 372 502 373 719 373 720 373 502 374 720 374 721 374 716 260 722 260 717 260 717 260 722 260 723 260 717 260 723 260 724 260 708 260 707 260 725 260 725 260 707 260 726 260 725 260 726 260 724 260 724 260 726 260 727 260 724 260 727 260 717 260 709 260 728 260 507 260 507 375 728 375 729 375 507 260 729 260 730 260 731 376 732 376 712 376 712 377 732 377 733 377 712 260 733 260 710 260 721 260 734 260 502 260 502 378 734 378 735 378 502 379 735 379 736 379 730 380 737 380 507 380 507 381 737 381 738 381 507 260 738 260 712 260 712 382 738 382 739 382 712 383 739 383 731 383 736 260 740 260 502 260 502 384 740 384 741 384 502 385 741 385 503 385 504 260 742 260 502 260 502 386 742 386 743 386 502 260 743 260 717 260 717 260 743 260 744 260 717 260 744 260 715 260 745 387 746 387 747 387 747 260 746 260 748 260 747 388 748 388 749 388 512 260 510 260 513 260 513 260 510 260 750 260 513 389 750 389 751 389 751 260 752 260 513 260 513 390 752 390 753 390 513 391 753 391 754 391 755 392 756 392 757 392 757 260 756 260 758 260 757 393 758 393 759 393 749 260 760 260 747 260 747 394 760 394 761 394 747 395 761 395 762 395 759 396 763 396 757 396 757 397 763 397 764 397 757 260 764 260 747 260 747 398 764 398 765 398 747 399 765 399 745 399 766 260 767 260 510 260 510 400 767 400 768 400 768 260 769 260 510 260 510 401 769 401 770 401 510 402 770 402 771 402 771 260 772 260 510 260 510 403 772 403 773 403 510 404 773 404 750 404 755 260 757 260 774 260 774 260 757 260 775 260 774 260 775 260 776 260 754 260 777 260 513 260 513 405 777 405 778 405 513 260 778 260 499 260 499 406 778 406 779 406 499 407 779 407 780 407 780 408 781 408 499 408 499 409 781 409 782 409 499 410 782 410 775 410 775 411 782 411 783 411 775 412 783 412 776 412 784 260 785 260 747 260 784 260 747 260 786 260 785 260 787 260 747 260 747 413 787 413 788 413 747 260 788 260 789 260 790 260 791 260 792 260 788 260 793 260 789 260 789 414 793 414 794 414 789 415 794 415 795 415 795 416 794 416 796 416 795 417 796 417 797 417 798 260 799 260 800 260 800 418 799 418 801 418 800 419 801 419 802 419 802 260 803 260 800 260 800 260 803 260 804 260 800 420 804 420 805 420 790 421 792 421 806 421 791 260 807 260 792 260 792 422 807 422 808 422 792 423 808 423 809 423 809 260 810 260 792 260 792 424 810 424 811 424 792 260 811 260 747 260 747 425 811 425 812 425 747 426 812 426 786 426 813 260 814 260 815 260 815 427 814 427 816 427 815 260 816 260 817 260 817 428 816 428 818 428 818 260 819 260 817 260 817 260 819 260 820 260 817 260 820 260 821 260 822 260 823 260 800 260 800 429 823 429 824 429 800 430 824 430 798 430 813 417 825 417 814 417 814 260 825 260 826 260 814 260 826 260 827 260 827 260 826 260 828 260 827 260 828 260 829 260 829 260 828 260 830 260 829 260 830 260 796 260 796 260 830 260 831 260 796 260 831 260 797 260 805 260 832 260 800 260 800 431 832 431 833 431 800 432 833 432 792 432 792 260 833 260 834 260 792 433 834 433 806 433 789 260 835 260 747 260 747 434 835 434 836 434 747 435 836 435 837 435 838 260 839 260 757 260 821 436 822 436 817 436 817 260 822 260 800 260 817 260 800 260 840 260 840 260 800 260 841 260 840 437 841 437 842 437 842 260 841 260 843 260 837 260 844 260 747 260 747 438 844 438 845 438 747 260 845 260 757 260 757 439 845 439 846 439 757 440 846 440 838 440 839 260 847 260 757 260 757 441 847 441 848 441 757 260 848 260 849 260 850 442 851 442 852 442 852 443 851 443 853 443 852 444 853 444 854 444 854 260 855 260 852 260 852 445 855 445 856 445 852 446 856 446 857 446 857 447 858 447 852 447 852 448 858 448 859 448 852 260 859 260 841 260 841 449 859 449 860 449 841 450 860 450 843 450 849 260 861 260 757 260 757 451 861 451 862 451 757 452 862 452 863 452 717 260 701 260 502 260 502 260 701 260 595 260 502 260 595 260 500 260 500 260 595 260 599 260 500 260 599 260 600 260 712 260 864 260 507 260 507 260 864 260 650 260 507 453 650 453 660 453 660 454 650 454 655 454 540 260 620 260 865 260 865 260 620 260 866 260 865 260 867 260 540 260 540 455 867 455 868 455 540 456 868 456 869 456 869 260 870 260 540 260 540 260 870 260 871 260 540 457 871 457 872 457 873 260 620 260 874 260 874 458 620 458 875 458 876 260 542 260 877 260 877 459 542 459 878 459 879 260 880 260 627 260 627 460 880 460 881 460 627 461 881 461 882 461 872 462 883 462 540 462 540 463 883 463 884 463 540 260 884 260 542 260 542 260 884 260 885 260 542 464 885 464 878 464 882 260 886 260 627 260 627 260 886 260 887 260 627 465 887 465 888 465 888 466 889 466 627 466 627 467 889 467 890 467 627 260 890 260 620 260 620 260 890 260 891 260 620 468 891 468 875 468 873 260 892 260 620 260 620 469 892 469 893 469 620 470 893 470 894 470 876 260 895 260 542 260 542 471 895 471 896 471 542 472 896 472 897 472 894 260 898 260 620 260 620 473 898 473 899 473 620 474 899 474 866 474 897 260 900 260 542 260 542 475 900 475 901 475 542 260 901 260 627 260 627 476 901 476 902 476 627 477 902 477 879 477 635 260 903 260 792 260 792 478 903 478 904 478 904 260 905 260 792 260 792 479 905 479 906 479 792 480 906 480 907 480 907 260 908 260 792 260 792 260 908 260 909 260 792 481 909 481 910 481 911 260 635 260 912 260 912 466 635 466 913 466 914 260 915 260 642 260 642 260 915 260 916 260 642 482 916 482 917 482 918 260 800 260 919 260 919 260 800 260 920 260 917 260 921 260 642 260 642 483 921 483 922 483 642 484 922 484 635 484 635 260 922 260 923 260 635 485 923 485 913 485 911 260 924 260 635 260 635 486 924 486 925 486 635 487 925 487 926 487 927 260 928 260 642 260 642 488 928 488 929 488 642 489 929 489 914 489 926 260 930 260 635 260 635 490 930 490 931 490 635 491 931 491 903 491 910 492 932 492 792 492 792 493 932 493 933 493 792 494 933 494 800 494 800 260 933 260 934 260 800 495 934 495 920 495 918 260 935 260 800 260 800 496 935 496 936 496 800 497 936 497 937 497 937 498 938 498 800 498 800 499 938 499 939 499 800 260 939 260 642 260 642 500 939 500 940 500 642 501 940 501 927 501 691 260 676 260 592 260 592 502 676 502 633 502 592 260 633 260 627 260 627 260 633 260 635 260 627 260 635 260 542 260 542 260 635 260 792 260 542 260 792 260 510 260 510 260 792 260 747 260 510 503 747 503 766 503 766 260 747 260 762 260 529 260 525 260 516 260 516 260 525 260 513 260 516 260 513 260 941 260 941 260 513 260 499 260 941 260 499 260 942 260 942 260 499 260 943 260 943 260 499 260 498 260 943 504 498 504 944 504 945 260 946 260 947 260 947 505 946 505 948 505 949 506 950 506 775 506 775 260 950 260 951 260 944 507 952 507 943 507 943 508 952 508 953 508 943 260 953 260 954 260 954 509 955 509 943 509 943 406 955 406 956 406 943 407 956 407 957 407 948 510 958 510 947 510 947 511 958 511 959 511 947 260 959 260 775 260 775 512 959 512 960 512 775 513 960 513 949 513 961 260 962 260 499 260 499 514 962 514 963 514 499 379 963 379 964 379 964 260 965 260 499 260 499 384 965 384 966 384 499 385 966 385 497 385 951 367 967 367 775 367 775 515 967 515 968 515 775 516 968 516 969 516 970 260 971 260 947 260 947 517 971 517 972 517 947 518 972 518 945 518 969 370 973 370 775 370 775 519 973 519 974 519 775 372 974 372 499 372 499 520 974 520 975 520 499 374 975 374 961 374 957 408 976 408 943 408 943 409 976 409 977 409 943 410 977 410 947 410 947 411 977 411 978 411 947 412 978 412 970 412 863 260 850 260 757 260 757 521 850 521 852 521 757 260 852 260 775 260 775 260 852 260 979 260 775 260 979 260 947 260 947 260 979 260 980 260 864 260 981 260 650 260 650 260 981 260 982 260 650 260 982 260 647 260 647 260 982 260 983 260 647 260 983 260 642 260 642 260 983 260 984 260 642 260 984 260 800 260 800 260 984 260 985 260 800 260 985 260 841 260 841 260 985 260 986 260 841 260 986 260 852 260 852 260 986 260 987 260 852 260 987 260 979 260 979 260 987 260 988 260 979 260 988 260 980 260 980 260 988 260 989 260 410 522 942 522 380 522 380 522 942 522 943 522 380 522 943 522 376 522 376 522 943 522 947 522 376 522 947 522 4 522 4 522 947 522 980 522 4 522 980 522 5 522 5 522 980 522 989 522 496 523 981 523 489 523 489 523 981 523 864 523 489 523 864 523 218 523 218 523 864 523 712 523 218 523 712 523 215 523 215 523 712 523 502 523 215 523 502 523 488 523 488 523 502 523 501 523 990 522 991 522 992 522 992 522 991 522 993 522 992 524 993 524 994 524 994 524 993 524 995 524 996 525 991 525 997 525 997 525 991 525 990 525 995 523 996 523 994 523 994 523 996 523 997 523 996 523 995 523 998 523 998 523 995 523 999 523 998 523 999 523 1000 523 1000 523 999 523 1001 523 1000 523 1001 523 1002 523 1002 523 1001 523 1003 523 1002 523 1003 523 1004 523 1004 526 1003 526 1005 526 1004 527 1005 527 1006 527 1006 528 1005 528 1007 528 1006 523 1007 523 1008 523 1008 529 1007 529 1009 529 1008 523 1009 523 1010 523 1010 530 1009 530 1011 530 1010 523 1011 523 1012 523 1012 531 1011 531 1013 531 1012 523 1013 523 1014 523 1014 532 1013 532 1015 532 1016 522 1017 522 1018 522 1018 533 1017 533 1019 533 1018 522 1019 522 1020 522 1020 534 1019 534 1021 534 1020 522 1021 522 1022 522 1022 535 1021 535 1023 535 1022 522 1023 522 1024 522 1024 536 1023 536 1025 536 1024 522 1025 522 1026 522 1026 522 1025 522 1027 522 1026 522 1027 522 1028 522 1028 537 1027 537 1029 537 1028 522 1029 522 1030 522 1030 538 1029 538 1031 538 1030 522 1031 522 1032 522 1032 522 1031 522 1033 522 1032 522 1033 522 991 522 991 522 1033 522 993 522 1034 539 1015 539 1013 539 995 540 993 540 1033 540 1017 541 1035 541 1019 541 1019 542 1035 542 1036 542 995 543 1033 543 999 543 999 544 1033 544 1031 544 999 545 1031 545 1001 545 1001 546 1031 546 1029 546 1001 546 1029 546 1003 546 1003 547 1029 547 1027 547 1003 548 1027 548 1005 548 1005 549 1027 549 1025 549 1005 550 1025 550 1007 550 1007 551 1025 551 1023 551 1007 552 1023 552 1009 552 1009 553 1023 553 1021 553 1009 554 1021 554 1011 554 1011 555 1021 555 1019 555 1011 556 1019 556 1013 556 1013 557 1019 557 1036 557 1013 558 1036 558 1034 558 1037 559 1038 559 1018 559 1018 560 1038 560 1039 560 1018 561 1039 561 1016 561 1014 562 1037 562 1012 562 1012 563 1037 563 1018 563 1012 564 1018 564 1010 564 1010 565 1018 565 1020 565 1010 566 1020 566 1008 566 1008 566 1020 566 1022 566 1008 567 1022 567 1006 567 1006 568 1022 568 1024 568 1006 569 1024 569 1004 569 1004 570 1024 570 1026 570 1004 571 1026 571 1002 571 1002 572 1026 572 1028 572 1002 573 1028 573 1000 573 1000 574 1028 574 1030 574 1000 575 1030 575 998 575 998 576 1030 576 1032 576 998 577 1032 577 996 577 996 578 1032 578 991 578 1040 522 1041 522 1042 522 1042 522 1041 522 1043 522 1042 522 1043 522 1044 522 1044 522 1043 522 1045 522 1044 522 1045 522 1016 522 1016 522 1045 522 1017 522 1014 523 1015 523 1046 523 1046 523 1015 523 1047 523 1046 523 1047 523 1048 523 1048 523 1047 523 1049 523 1048 523 1049 523 1050 523 1050 523 1049 523 1051 523 1052 260 1053 260 1054 260 1055 260 1056 260 1049 260 1057 260 1058 260 1059 260 1060 260 1061 260 1062 260 1063 260 1064 260 1065 260 1059 579 1058 579 1066 579 1066 580 1058 580 1067 580 1066 581 1067 581 1068 581 1068 582 1067 582 1069 582 1069 583 1067 583 1070 583 1069 584 1070 584 1071 584 1071 260 1070 260 1072 260 1071 585 1072 585 1073 585 1074 260 1075 260 1076 260 1075 260 1077 260 1076 260 1076 586 1077 586 1078 586 1076 587 1078 587 1063 587 1073 260 1072 260 1062 260 1062 588 1072 588 1079 588 1062 589 1079 589 1060 589 1061 260 1080 260 1062 260 1062 590 1080 590 1081 590 1062 260 1081 260 1076 260 1076 591 1081 591 1082 591 1076 592 1082 592 1074 592 1083 260 1084 260 1085 260 1086 593 1087 593 1088 593 1088 594 1087 594 1089 594 1088 260 1089 260 1090 260 1090 260 1091 260 1088 260 1088 595 1091 595 1092 595 1088 260 1092 260 1085 260 1085 596 1092 596 1093 596 1085 597 1093 597 1083 597 1086 598 1088 598 1094 598 1094 260 1088 260 1095 260 1094 260 1095 260 1096 260 1097 260 1098 260 1099 260 1099 599 1098 599 1100 599 1099 260 1100 260 1101 260 1101 600 1100 600 1085 600 1101 601 1085 601 1102 601 1102 260 1085 260 1084 260 1103 602 1104 602 1105 602 1105 260 1104 260 1106 260 1105 260 1106 260 1107 260 1108 260 1109 260 1105 260 1097 260 1103 260 1098 260 1098 603 1103 603 1105 603 1098 260 1105 260 1110 260 1110 260 1105 260 1109 260 1111 260 1112 260 1105 260 1105 604 1112 604 1113 604 1105 605 1113 605 1108 605 1065 260 1114 260 1115 260 1063 260 1065 260 1076 260 1076 606 1065 606 1115 606 1076 607 1115 607 1116 607 1076 608 1117 608 1118 608 1076 260 1118 260 1088 260 1088 609 1118 609 1119 609 1088 591 1119 591 1120 591 1116 593 1121 593 1076 593 1076 594 1121 594 1122 594 1076 260 1122 260 1123 260 1120 610 1124 610 1088 610 1088 611 1124 611 1125 611 1088 260 1125 260 1126 260 1123 260 1127 260 1076 260 1076 612 1127 612 1128 612 1076 613 1128 613 1117 613 1129 260 1095 260 1130 260 1130 260 1095 260 1088 260 1130 614 1088 614 1131 614 1131 260 1088 260 1126 260 1132 260 1133 260 1134 260 1129 260 1135 260 1095 260 1095 260 1135 260 1136 260 1095 260 1136 260 1134 260 1134 615 1136 615 1137 615 1134 616 1137 616 1132 616 1133 260 1138 260 1134 260 1134 617 1138 617 1139 617 1134 618 1139 618 1140 618 1141 619 1142 619 1054 619 1054 620 1142 620 1143 620 1054 260 1143 260 1144 260 1144 260 1145 260 1054 260 1054 621 1145 621 1146 621 1054 622 1146 622 1065 622 1065 260 1146 260 1147 260 1065 260 1147 260 1114 260 1140 260 1148 260 1134 260 1134 623 1148 623 1149 623 1134 260 1149 260 1054 260 1054 624 1149 624 1150 624 1054 625 1150 625 1141 625 1064 260 1151 260 1065 260 1065 260 1151 260 1152 260 1065 260 1152 260 1054 260 1054 626 1152 626 1153 626 1054 627 1153 627 1154 627 1051 260 1049 260 1155 260 1054 618 1156 618 1157 618 1059 628 1158 628 1057 628 1057 260 1158 260 1159 260 1057 260 1159 260 1160 260 1160 260 1159 260 1051 260 1160 260 1051 260 1161 260 1161 260 1051 260 1155 260 1154 260 1162 260 1054 260 1054 260 1162 260 1163 260 1054 629 1163 629 1156 629 1164 260 1049 260 1165 260 1165 630 1049 630 1166 630 1164 260 1167 260 1049 260 1049 631 1167 631 1168 631 1049 632 1168 632 1155 632 1157 260 1169 260 1054 260 1054 623 1169 623 1170 623 1054 260 1170 260 1049 260 1049 633 1170 633 1171 633 1049 634 1171 634 1166 634 1172 260 1173 260 1174 260 1174 635 1173 635 1175 635 1174 636 1175 636 1176 636 1176 260 1177 260 1174 260 1174 637 1177 637 1178 637 1174 260 1178 260 1134 260 1134 638 1178 638 1179 638 1134 639 1179 639 1180 639 1180 640 1181 640 1134 640 1134 641 1181 641 1182 641 1134 260 1182 260 1183 260 1107 260 1184 260 1105 260 1105 260 1184 260 1185 260 1105 260 1185 260 1174 260 1174 642 1185 642 1186 642 1174 643 1186 643 1172 643 1183 260 1187 260 1134 260 1134 644 1187 644 1188 644 1134 622 1188 622 1095 622 1095 260 1188 260 1189 260 1095 260 1189 260 1096 260 1190 610 1191 610 1054 610 1192 260 1193 260 1194 260 1194 645 1193 645 1195 645 1194 646 1195 646 1196 646 1049 260 1056 260 1054 260 1054 647 1056 647 1197 647 1054 648 1197 648 1190 648 1191 260 1198 260 1054 260 1054 260 1198 260 1199 260 1054 649 1199 649 1200 649 1200 614 1201 614 1054 614 1054 650 1201 650 1202 650 1054 651 1202 651 1194 651 1194 652 1202 652 1203 652 1194 653 1203 653 1192 653 1204 654 1205 654 1047 654 1196 260 1206 260 1194 260 1194 655 1206 655 1207 655 1194 656 1207 656 1208 656 1204 260 1047 260 1209 260 1205 260 1210 260 1047 260 1047 657 1210 657 1211 657 1047 658 1211 658 1212 658 1212 260 1213 260 1047 260 1047 659 1213 659 1214 659 1047 260 1214 260 1049 260 1049 660 1214 660 1215 660 1049 661 1215 661 1216 661 1216 662 1217 662 1049 662 1049 663 1217 663 1218 663 1049 260 1218 260 1219 260 1219 260 1220 260 1049 260 1049 664 1220 664 1221 664 1049 665 1221 665 1055 665 1208 260 1222 260 1194 260 1194 666 1222 666 1223 666 1194 260 1223 260 1047 260 1047 667 1223 667 1224 667 1047 668 1224 668 1209 668 1134 651 1225 651 1226 651 1226 669 1225 669 1227 669 1226 653 1227 653 1228 653 1054 670 1229 670 1230 670 1231 260 1232 260 1134 260 1134 671 1232 671 1233 671 1134 672 1233 672 1225 672 1229 260 1054 260 1234 260 1234 260 1054 260 1194 260 1234 260 1194 260 1235 260 1054 260 1053 260 1134 260 1134 673 1053 673 1236 673 1134 648 1236 648 1237 648 1237 610 1238 610 1134 610 1134 674 1238 674 1239 674 1134 260 1239 260 1231 260 1230 593 1240 593 1054 593 1054 675 1240 675 1241 675 1054 260 1241 260 1242 260 1228 260 1243 260 1226 260 1226 676 1243 676 1244 676 1226 677 1244 677 1245 677 1245 260 1246 260 1226 260 1226 678 1246 678 1247 678 1226 679 1247 679 1248 679 1248 260 1249 260 1226 260 1226 680 1249 680 1250 680 1226 260 1250 260 1194 260 1194 681 1250 681 1251 681 1194 682 1251 682 1252 682 1252 260 1253 260 1194 260 1194 683 1253 683 1254 683 1194 260 1254 260 1255 260 1255 260 1256 260 1194 260 1194 684 1256 684 1257 684 1194 685 1257 685 1235 685 1242 260 1258 260 1054 260 1054 686 1258 686 1259 686 1054 639 1259 639 1052 639 1260 687 1174 687 1261 687 1261 260 1174 260 1262 260 1260 260 1263 260 1174 260 1174 260 1263 260 1264 260 1174 688 1264 688 1265 688 1266 689 1267 689 1268 689 1268 690 1267 690 1174 690 1268 691 1174 691 1269 691 1269 692 1174 692 1265 692 1134 693 1270 693 1271 693 1266 260 1272 260 1267 260 1267 694 1272 694 1273 694 1267 695 1273 695 1274 695 1267 696 1275 696 1276 696 1277 697 1226 697 1278 697 1278 260 1226 260 1279 260 1277 260 1280 260 1226 260 1226 698 1280 698 1281 698 1226 699 1281 699 1282 699 1274 260 1283 260 1267 260 1267 260 1283 260 1284 260 1267 700 1284 700 1275 700 1282 260 1285 260 1226 260 1226 701 1285 701 1286 701 1226 260 1286 260 1134 260 1134 702 1286 702 1287 702 1134 670 1287 670 1270 670 1271 260 1288 260 1134 260 1134 260 1288 260 1289 260 1134 641 1289 641 1290 641 1276 260 1291 260 1267 260 1267 703 1291 703 1292 703 1267 260 1292 260 1226 260 1226 681 1292 681 1293 681 1226 704 1293 704 1279 704 1290 619 1294 619 1134 619 1134 639 1294 639 1295 639 1134 260 1295 260 1174 260 1174 705 1295 705 1296 705 1174 706 1296 706 1262 706 1111 260 1105 260 1041 260 1041 260 1105 260 1174 260 1041 260 1174 260 1043 260 1043 260 1174 260 1267 260 1043 260 1267 260 1045 260 1047 260 1015 260 1194 260 1194 260 1015 260 1034 260 1194 260 1034 260 1226 260 1226 260 1034 260 1036 260 1226 260 1036 260 1267 260 1267 260 1036 260 1035 260 1267 260 1035 260 1045 260 1045 260 1035 260 1017 260 1044 0 1016 0 1039 0 1297 0 1298 0 1299 0 1300 0 1301 0 1302 0 1302 0 1301 0 1303 0 1302 0 1303 0 1304 0 1304 0 1303 0 1305 0 1306 0 1307 0 1308 0 1300 0 1309 0 1301 0 1301 707 1309 707 1310 707 1301 0 1310 0 1311 0 1311 0 1312 0 1301 0 1301 708 1312 708 1313 708 1301 0 1313 0 1308 0 1308 709 1313 709 1314 709 1308 710 1314 710 1306 710 1315 0 1316 0 1317 0 1317 0 1316 0 1318 0 1317 0 1318 0 1319 0 1307 0 1320 0 1308 0 1308 711 1320 711 1321 711 1308 0 1321 0 1322 0 1322 712 1321 712 1323 712 1322 713 1323 713 1324 713 1324 0 1323 0 1319 0 1324 714 1319 714 1325 714 1325 715 1319 715 1318 715 1326 0 1299 0 1327 0 1327 0 1299 0 1328 0 1326 0 1329 0 1299 0 1299 716 1329 716 1330 716 1299 0 1330 0 1331 0 1332 0 1333 0 1334 0 1298 0 1335 0 1299 0 1299 717 1335 717 1336 717 1299 0 1336 0 1328 0 1337 0 1338 0 1339 0 1339 0 1338 0 1334 0 1339 0 1334 0 1340 0 1340 0 1334 0 1333 0 1337 718 1341 718 1338 718 1338 719 1341 719 1342 719 1338 0 1342 0 1343 0 1336 720 1344 720 1328 720 1328 721 1344 721 1345 721 1328 0 1345 0 1346 0 1346 722 1345 722 1347 722 1346 0 1347 0 1334 0 1334 723 1347 723 1348 723 1334 724 1348 724 1332 724 1343 0 1349 0 1338 0 1338 725 1349 725 1350 725 1338 726 1350 726 1351 726 1351 727 1350 727 1352 727 1351 0 1353 0 1354 0 1355 0 1356 0 1338 0 1338 728 1356 728 1357 728 1338 0 1357 0 1301 0 1301 729 1357 729 1358 729 1301 730 1358 730 1359 730 1360 0 1361 0 1338 0 1359 731 1362 731 1301 731 1301 732 1362 732 1363 732 1301 0 1363 0 1364 0 1351 0 1354 0 1338 0 1338 733 1354 733 1365 733 1338 734 1365 734 1360 734 1361 0 1366 0 1338 0 1338 735 1366 735 1367 735 1338 708 1367 708 1355 708 1364 0 1368 0 1301 0 1301 736 1368 736 1369 736 1301 726 1369 726 1303 726 1369 737 1370 737 1303 737 1303 0 1370 0 1371 0 1303 0 1371 0 1372 0 1372 0 1373 0 1374 0 1374 738 1373 738 1375 738 1374 739 1375 739 1376 739 1377 740 1378 740 1379 740 1379 741 1378 741 1380 741 1379 0 1380 0 1381 0 1381 0 1382 0 1379 0 1379 742 1382 742 1383 742 1379 743 1383 743 1351 743 1351 744 1383 744 1384 744 1351 0 1384 0 1353 0 1376 0 1385 0 1374 0 1374 745 1385 745 1386 745 1374 746 1386 746 1387 746 1387 0 1388 0 1374 0 1374 747 1388 747 1389 747 1374 0 1389 0 1379 0 1379 748 1389 748 1390 748 1379 749 1390 749 1377 749 1391 0 1048 0 1392 0 1392 0 1048 0 1050 0 1392 0 1050 0 1393 0 1393 0 1050 0 1394 0 1393 0 1394 0 1395 0 1395 750 1394 750 1396 750 1395 0 1396 0 1315 0 1315 751 1396 751 1397 751 1315 752 1397 752 1316 752 1374 753 1398 753 1399 753 1372 0 1374 0 1303 0 1303 0 1374 0 1400 0 1303 754 1400 754 1305 754 1391 0 1401 0 1048 0 1048 755 1401 755 1402 755 1048 0 1402 0 1403 0 1403 0 1404 0 1048 0 1048 756 1404 756 1405 756 1048 757 1405 757 1406 757 1407 0 1408 0 1374 0 1374 749 1408 749 1409 749 1374 758 1409 758 1398 758 1399 0 1410 0 1374 0 1374 759 1410 759 1411 759 1374 760 1411 760 1400 760 1412 0 1413 0 1379 0 1379 0 1413 0 1414 0 1379 719 1414 719 1415 719 1415 718 1416 718 1379 718 1379 761 1416 761 1417 761 1379 0 1417 0 1418 0 1418 762 1417 762 1419 762 1418 763 1419 763 1420 763 1420 0 1421 0 1418 0 1418 764 1421 764 1422 764 1418 765 1422 765 1423 765 1423 0 1424 0 1418 0 1418 766 1424 766 1425 766 1418 767 1425 767 1299 767 1299 768 1425 768 1426 768 1299 769 1426 769 1297 769 1352 0 1427 0 1351 0 1351 0 1427 0 1428 0 1351 0 1428 0 1379 0 1379 770 1428 770 1429 770 1379 771 1429 771 1412 771 1044 0 1430 0 1042 0 1042 0 1430 0 1418 0 1042 0 1418 0 1040 0 1040 0 1418 0 1299 0 1040 0 1299 0 1431 0 1431 0 1299 0 1331 0 1432 731 1433 731 1379 731 1379 719 1433 719 1434 719 1379 0 1434 0 1435 0 1436 0 1437 0 1418 0 1435 0 1438 0 1379 0 1379 772 1438 772 1439 772 1379 773 1439 773 1440 773 1441 774 1442 774 1443 774 1444 775 1445 775 1430 775 1430 776 1445 776 1446 776 1430 777 1446 777 1447 777 1447 0 1448 0 1430 0 1430 778 1448 778 1449 778 1430 779 1449 779 1450 779 1436 0 1418 0 1451 0 1452 0 1453 0 1418 0 1418 780 1453 780 1454 780 1418 0 1454 0 1379 0 1379 781 1454 781 1455 781 1379 761 1455 761 1432 761 1440 782 1456 782 1441 782 1441 783 1456 783 1457 783 1441 784 1457 784 1442 784 1443 0 1458 0 1441 0 1441 0 1458 0 1459 0 1441 785 1459 785 1460 785 1460 0 1461 0 1441 0 1441 786 1461 786 1462 786 1441 0 1462 0 1430 0 1430 787 1462 787 1463 787 1430 788 1463 788 1444 788 1437 0 1464 0 1418 0 1418 789 1464 789 1465 789 1418 790 1465 790 1452 790 1450 791 1466 791 1430 791 1430 792 1466 792 1467 792 1430 793 1467 793 1418 793 1418 794 1467 794 1468 794 1418 795 1468 795 1451 795 1441 796 1469 796 1470 796 1440 0 1441 0 1379 0 1379 797 1441 797 1470 797 1379 798 1470 798 1471 798 1472 799 1473 799 1374 799 1374 800 1473 800 1474 800 1374 0 1474 0 1475 0 1374 801 1476 801 1477 801 1477 802 1476 802 1478 802 1477 783 1478 783 1479 783 1480 0 1481 0 1441 0 1441 803 1481 803 1482 803 1441 804 1482 804 1469 804 1475 0 1483 0 1374 0 1374 772 1483 772 1484 772 1374 773 1484 773 1476 773 1479 805 1485 805 1477 805 1477 806 1485 806 1486 806 1477 807 1486 807 1487 807 1488 0 1489 0 1441 0 1441 808 1489 808 1490 808 1441 0 1490 0 1480 0 1471 0 1491 0 1379 0 1379 809 1491 809 1492 809 1379 810 1492 810 1493 810 1487 0 1494 0 1477 0 1477 811 1494 811 1495 811 1477 812 1495 812 1496 812 1496 813 1497 813 1477 813 1477 814 1497 814 1498 814 1477 0 1498 0 1441 0 1441 815 1498 815 1499 815 1441 816 1499 816 1488 816 1493 0 1500 0 1379 0 1379 817 1500 817 1501 817 1379 818 1501 818 1502 818 1502 0 1503 0 1379 0 1379 819 1503 819 1504 819 1379 0 1504 0 1374 0 1374 781 1504 781 1505 781 1374 761 1505 761 1472 761 1506 0 1507 0 1477 0 1477 820 1507 820 1508 820 1477 821 1508 821 1509 821 1510 0 1511 0 1046 0 1510 822 1046 822 1512 822 1513 823 1477 823 1514 823 1514 0 1477 0 1046 0 1513 824 1515 824 1477 824 1477 825 1515 825 1516 825 1477 826 1516 826 1506 826 1509 827 1517 827 1477 827 1477 796 1517 796 1518 796 1477 828 1518 828 1374 828 1374 798 1518 798 1519 798 1374 829 1519 829 1520 829 1511 0 1521 0 1046 0 1046 0 1521 0 1522 0 1046 830 1522 830 1523 830 1523 0 1524 0 1046 0 1046 831 1524 831 1525 831 1046 832 1525 832 1514 832 1520 0 1526 0 1374 0 1374 833 1526 833 1527 833 1374 0 1527 0 1528 0 1528 0 1529 0 1374 0 1374 818 1529 818 1530 818 1374 834 1530 834 1531 834 1406 0 1407 0 1048 0 1048 0 1407 0 1374 0 1048 0 1374 0 1532 0 1532 0 1374 0 1531 0 1532 0 1533 0 1048 0 1048 835 1533 835 1534 835 1048 836 1534 836 1535 836 1535 0 1536 0 1048 0 1048 0 1536 0 1537 0 1048 837 1537 837 1538 837 1538 0 1539 0 1048 0 1048 838 1539 838 1540 838 1048 839 1540 839 1046 839 1046 840 1540 840 1541 840 1046 841 1541 841 1512 841 1044 0 1039 0 1430 0 1430 0 1039 0 1038 0 1430 0 1038 0 1441 0 1441 0 1038 0 1037 0 1441 0 1037 0 1477 0 1477 0 1037 0 1014 0 1477 0 1014 0 1046 0 1308 525 1062 525 1301 525 1301 525 1062 525 1076 525 1301 525 1076 525 1338 525 1338 525 1076 525 1088 525 1338 525 1088 525 1334 525 1334 525 1088 525 1085 525 994 523 997 523 1542 523 1542 523 997 523 1543 523 1542 523 1543 523 1544 523 1544 523 1543 523 1545 523 1544 523 1545 523 1546 523 1546 523 1545 523 1547 523 1546 523 1547 523 1548 523 1548 842 1547 842 1549 842 1548 843 1549 843 1550 843 1550 844 1549 844 1551 844 1550 523 1551 523 1552 523 1552 845 1551 845 1553 845 1552 523 1553 523 1554 523 1554 846 1553 846 1555 846 1554 523 1555 523 1556 523 1556 847 1555 847 1557 847 1556 523 1557 523 501 523 501 848 1557 848 488 848 942 522 410 522 1558 522 1558 849 410 849 1559 849 1558 522 1559 522 1560 522 1560 850 1559 850 1561 850 1560 522 1561 522 1562 522 1562 851 1561 851 1563 851 1562 522 1563 522 1564 522 1564 852 1563 852 1565 852 1564 853 1565 853 1566 853 1566 522 1565 522 1567 522 1566 522 1567 522 1568 522 1568 854 1567 854 1569 854 1568 522 1569 522 1570 522 1570 855 1569 855 1571 855 1570 522 1571 522 1572 522 1572 856 1571 856 1573 856 1572 857 1573 857 992 857 992 522 1573 522 990 522 997 858 990 858 1573 858 1559 859 410 859 409 859 409 860 348 860 1559 860 1559 861 348 861 354 861 1559 862 354 862 331 862 997 863 1573 863 1543 863 1543 864 1573 864 1571 864 1543 865 1571 865 1545 865 1545 866 1571 866 1569 866 1545 867 1569 867 1547 867 1547 868 1569 868 1567 868 1547 869 1567 869 1549 869 1549 870 1567 870 1565 870 1549 871 1565 871 1551 871 1551 872 1565 872 1563 872 1551 873 1563 873 1553 873 1553 874 1563 874 1561 874 1553 875 1561 875 1555 875 1555 876 1561 876 1559 876 1555 877 1559 877 1557 877 1557 878 1559 878 331 878 1557 879 331 879 162 879 162 880 145 880 1557 880 1557 881 145 881 137 881 1557 882 137 882 488 882 501 883 500 883 1556 883 1556 884 500 884 611 884 1556 885 611 885 620 885 540 886 517 886 1558 886 517 886 516 886 1558 886 1558 887 516 887 941 887 1558 888 941 888 942 888 620 889 540 889 1556 889 1556 890 540 890 1558 890 1556 891 1558 891 1554 891 1554 892 1558 892 1560 892 1554 893 1560 893 1552 893 1552 894 1560 894 1562 894 1552 895 1562 895 1550 895 1550 896 1562 896 1564 896 1550 897 1564 897 1548 897 1548 898 1564 898 1566 898 1548 899 1566 899 1546 899 1546 900 1566 900 1568 900 1546 901 1568 901 1544 901 1544 902 1568 902 1570 902 1544 903 1570 903 1542 903 1542 904 1570 904 1572 904 1542 905 1572 905 994 905 994 906 1572 906 992 906 981 523 496 523 1574 523 1574 907 496 907 1575 907 1574 908 1575 908 1576 908 1576 909 1575 909 1577 909 1576 910 1577 910 1578 910 1578 911 1577 911 1579 911 1578 523 1579 523 1580 523 1580 912 1579 912 1581 912 1580 523 1581 523 1582 523 1582 913 1581 913 1583 913 1582 523 1583 523 1584 523 1584 914 1583 914 1585 914 1584 523 1585 523 1586 523 1586 523 1585 523 1587 523 1586 523 1587 523 1588 523 1588 915 1587 915 1589 915 1588 523 1589 523 1590 523 1590 916 1589 916 1591 916 1590 523 1591 523 1592 523 1592 523 1591 523 1593 523 1594 522 1595 522 1596 522 1596 522 1595 522 1597 522 1596 522 1597 522 1598 522 1598 522 1597 522 1599 522 1598 522 1599 522 1600 522 1600 917 1599 917 1601 917 1600 522 1601 522 1602 522 1602 918 1601 918 1603 918 1602 919 1603 919 1604 919 1604 920 1603 920 1605 920 1604 522 1605 522 1606 522 1606 921 1605 921 1607 921 1606 522 1607 522 1608 522 1608 922 1607 922 1609 922 1608 522 1609 522 1610 522 1610 923 1609 923 1611 923 1610 522 1611 522 1612 522 1612 924 1611 924 1613 924 1612 522 1613 522 989 522 989 925 1613 925 5 925 1575 926 496 926 495 926 495 927 494 927 1575 927 1575 928 494 928 493 928 1575 929 493 929 492 929 1613 930 492 930 491 930 491 931 490 931 1613 931 1613 932 490 932 6 932 1613 930 6 930 5 930 492 933 1613 933 1575 933 1575 934 1613 934 1611 934 1575 935 1611 935 1577 935 1577 936 1611 936 1609 936 1577 937 1609 937 1579 937 1579 938 1609 938 1607 938 1579 939 1607 939 1581 939 1581 940 1607 940 1605 940 1581 940 1605 940 1583 940 1583 941 1605 941 1603 941 1583 942 1603 942 1585 942 1585 943 1603 943 1601 943 1585 944 1601 944 1587 944 1587 945 1601 945 1599 945 1587 946 1599 946 1589 946 1589 947 1599 947 1597 947 1589 947 1597 947 1591 947 1591 948 1597 948 1595 948 1591 948 1595 948 1593 948 989 949 988 949 1612 949 1612 950 988 950 987 950 1612 950 987 950 986 950 985 951 984 951 1574 951 986 952 985 952 1612 952 1612 953 985 953 1574 953 1612 954 1574 954 1610 954 1610 955 1574 955 1576 955 1610 956 1576 956 1608 956 1608 957 1576 957 1578 957 1608 958 1578 958 1606 958 1606 958 1578 958 1580 958 1606 959 1580 959 1604 959 1604 960 1580 960 1582 960 1604 961 1582 961 1602 961 1602 961 1582 961 1584 961 1602 962 1584 962 1600 962 1600 963 1584 963 1586 963 1600 964 1586 964 1598 964 1598 965 1586 965 1588 965 1598 966 1588 966 1596 966 1596 967 1588 967 1590 967 1596 968 1590 968 1594 968 1594 969 1590 969 1592 969 984 970 983 970 1574 970 1574 971 983 971 982 971 1574 972 982 972 981 972 3 522 1595 522 1614 522 1614 522 1595 522 1594 522 1615 523 1592 523 2 523 2 523 1592 523 1593 523 1616 524 1617 524 1593 524 1617 524 1618 524 1593 524 1593 973 1618 973 1619 973 1593 974 1619 974 1620 974 1621 524 1622 524 1623 524 1595 975 1624 975 1625 975 1620 524 1626 524 1593 524 1593 976 1626 976 1627 976 1593 524 1627 524 2 524 2 977 1627 977 1628 977 2 978 1628 978 1629 978 1629 524 1630 524 2 524 2 979 1630 979 1631 979 2 980 1631 980 1632 980 1632 981 1631 981 1633 981 1632 982 1633 982 1634 982 1634 983 1633 983 1635 983 1634 980 1635 980 1636 980 1636 984 1635 984 1637 984 1636 985 1637 985 1638 985 1638 986 1637 986 1639 986 1638 524 1639 524 1640 524 1640 987 1639 987 1641 987 1640 524 1641 524 1642 524 1642 988 1641 988 1643 988 1642 524 1643 524 1644 524 1644 989 1643 989 1645 989 1644 990 1645 990 1646 990 1646 524 1645 524 1647 524 1646 991 1647 991 1648 991 1648 524 1647 524 1649 524 1648 524 1649 524 1650 524 1621 524 1623 524 1651 524 1622 992 1652 992 1623 992 1623 993 1652 993 1653 993 1623 994 1653 994 1654 994 1655 524 1656 524 1657 524 1657 995 1656 995 1658 995 1657 524 1658 524 1659 524 1659 996 1658 996 1660 996 1659 997 1660 997 1661 997 1655 524 1657 524 1623 524 1623 998 1657 998 1662 998 1623 999 1662 999 1651 999 1663 524 1664 524 1648 524 1648 1000 1664 1000 1665 1000 1648 1001 1665 1001 1666 1001 1666 1002 1665 1002 1667 1002 1666 1003 1667 1003 1668 1003 1625 524 1669 524 1595 524 1595 1004 1669 1004 1670 1004 1595 1005 1670 1005 1659 1005 1671 524 1672 524 1595 524 1595 1006 1672 1006 1673 1006 1595 1007 1673 1007 1593 1007 1593 1008 1673 1008 1674 1008 1593 1009 1674 1009 1616 1009 1661 1010 1675 1010 1659 1010 1659 1011 1675 1011 1676 1011 1659 524 1676 524 1595 524 1595 1012 1676 1012 1677 1012 1595 1013 1677 1013 1671 1013 1650 524 1678 524 1648 524 1648 1014 1678 1014 1679 1014 1648 1015 1679 1015 1623 1015 1680 524 1681 524 3 524 3 1016 1681 1016 1682 1016 3 524 1682 524 1595 524 1595 1017 1682 1017 1683 1017 1595 1018 1683 1018 1624 1018 1654 524 1684 524 1623 524 1623 1019 1684 1019 1685 1019 1623 1020 1685 1020 1648 1020 1648 1021 1685 1021 1686 1021 1648 1022 1686 1022 1663 1022 1668 1023 1687 1023 1666 1023 1666 524 1687 524 1688 524 1666 524 1688 524 1689 524 1689 1024 1688 1024 1690 1024 1689 524 1690 524 1691 524 1691 1025 1690 1025 1692 1025 1691 1026 1692 1026 1693 1026 1693 1027 1692 1027 1694 1027 1693 524 1694 524 1695 524 1695 1028 1694 1028 1696 1028 1695 524 1696 524 1697 524 1697 1029 1696 1029 1698 1029 1697 524 1698 524 1699 524 1699 1030 1698 1030 1700 1030 1699 524 1700 524 1701 524 1701 1031 1700 1031 1702 1031 1701 524 1702 524 1703 524 1703 1032 1702 1032 1704 1032 1703 524 1704 524 3 524 3 1033 1704 1033 1705 1033 3 1034 1705 1034 1680 1034 1706 525 1707 525 1594 525 1708 1035 1709 1035 1710 1035 1710 1036 1709 1036 1711 1036 1710 1037 1711 1037 1712 1037 1713 525 1714 525 1715 525 1715 1038 1714 1038 1716 1038 1717 1039 1718 1039 1592 1039 1592 1040 1718 1040 1719 1040 1720 525 1721 525 1722 525 1712 525 1723 525 1710 525 1710 1041 1723 1041 1724 1041 1710 525 1724 525 1725 525 1725 1042 1724 1042 1726 1042 1725 1043 1726 1043 1727 1043 1720 525 1722 525 1728 525 1729 1044 1730 1044 1592 1044 1592 1045 1730 1045 1731 1045 1592 1046 1731 1046 1732 1046 1733 1047 1734 1047 1615 1047 1615 1048 1734 1048 1735 1048 1615 525 1735 525 1592 525 1592 1049 1735 1049 1736 1049 1592 1050 1736 1050 1717 1050 1708 1051 1710 1051 1722 1051 1722 1052 1710 1052 1737 1052 1722 1053 1737 1053 1728 1053 1721 525 1738 525 1722 525 1722 1054 1738 1054 1739 1054 1722 1055 1739 1055 1740 1055 1740 525 1741 525 1722 525 1722 1056 1741 1056 1729 1056 1722 525 1729 525 1742 525 1742 525 1729 525 1592 525 1742 525 1592 525 1743 525 1743 525 1592 525 1719 525 1732 1057 1744 1057 1592 1057 1592 1058 1744 1058 1745 1058 1592 1059 1745 1059 1594 1059 1594 1060 1745 1060 1746 1060 1594 1061 1746 1061 1706 1061 1707 525 1747 525 1594 525 1594 1062 1747 1062 1748 1062 1594 1063 1748 1063 1749 1063 1716 525 1750 525 1715 525 1715 1064 1750 1064 1751 1064 1715 1065 1751 1065 1752 1065 1752 525 1751 525 1753 525 1752 1066 1753 1066 1754 1066 1754 525 1755 525 1752 525 1752 525 1755 525 1756 525 1752 525 1756 525 1757 525 1757 1067 1756 1067 1758 1067 1757 525 1758 525 1759 525 1759 525 1758 525 1760 525 1759 525 1760 525 1761 525 1761 1068 1760 1068 1762 1068 1761 525 1762 525 1763 525 1763 1069 1762 1069 1764 1069 1763 525 1764 525 1765 525 1765 1070 1764 1070 1766 1070 1765 525 1766 525 1767 525 1767 1071 1766 1071 1768 1071 1767 525 1768 525 1769 525 1769 1072 1768 1072 1770 1072 1769 525 1770 525 1771 525 1771 1073 1770 1073 1772 1073 1771 525 1772 525 1615 525 1615 1074 1772 1074 1773 1074 1615 1075 1773 1075 1733 1075 1749 525 1774 525 1594 525 1594 1076 1774 1076 1775 1076 1594 525 1775 525 1614 525 1614 1077 1775 1077 1776 1077 1614 1078 1776 1078 1777 1078 1727 525 1713 525 1725 525 1725 525 1713 525 1715 525 1725 525 1715 525 1778 525 1778 1079 1715 1079 1779 1079 1778 1080 1779 1080 1780 1080 1780 525 1779 525 1781 525 1780 1081 1781 1081 1782 1081 1782 525 1781 525 1783 525 1782 525 1783 525 1784 525 1784 1082 1783 1082 1785 1082 1784 525 1785 525 1786 525 1786 525 1785 525 1787 525 1786 525 1787 525 1788 525 1788 1083 1787 1083 1789 1083 1788 525 1789 525 1790 525 1790 525 1789 525 1791 525 1790 525 1791 525 1792 525 1792 1084 1791 1084 1793 1084 1792 1085 1793 1085 1794 1085 1794 1086 1793 1086 1614 1086 1794 1087 1614 1087 1795 1087 1795 525 1614 525 1777 525 1715 260 1752 260 1666 260 1666 260 1752 260 1648 260 631 1088 175 1088 632 1088 632 1088 175 1088 174 1088 632 1089 174 1089 625 1089 625 1089 174 1089 167 1089 625 1090 167 1090 626 1090 626 1090 167 1090 166 1090 626 1091 166 1091 628 1091 628 1091 166 1091 170 1091 628 1092 170 1092 629 1092 629 1092 170 1092 169 1092 629 1093 169 1093 590 1093 590 1093 169 1093 168 1093 590 1094 168 1094 591 1094 591 1094 168 1094 151 1094 591 1095 151 1095 604 1095 604 1095 151 1095 150 1095 604 1096 150 1096 605 1096 605 1096 150 1096 148 1096 605 1097 148 1097 606 1097 606 1097 148 1097 140 1097 606 1098 140 1098 593 1098 593 1098 140 1098 141 1098 593 1099 141 1099 594 1099 594 1099 141 1099 142 1099 594 1100 142 1100 596 1100 596 1100 142 1100 147 1100 596 1101 147 1101 607 1101 607 1101 147 1101 146 1101 607 1102 146 1102 608 1102 608 1102 146 1102 134 1102 608 1103 134 1103 597 1103 597 1103 134 1103 133 1103 597 1104 133 1104 598 1104 598 1104 133 1104 154 1104 598 1105 154 1105 599 1105 599 1105 154 1105 153 1105 600 1106 152 1106 601 1106 601 1106 152 1106 136 1106 601 1107 136 1107 602 1107 602 1107 136 1107 138 1107 602 1108 138 1108 603 1108 603 1108 138 1108 139 1108 603 1109 139 1109 612 1109 612 1109 139 1109 161 1109 612 1110 161 1110 613 1110 613 1110 161 1110 160 1110 613 1111 160 1111 614 1111 614 1111 160 1111 156 1111 614 1112 156 1112 615 1112 615 1112 156 1112 155 1112 615 1113 155 1113 616 1113 616 1113 155 1113 159 1113 616 1114 159 1114 617 1114 617 1114 159 1114 158 1114 617 1115 158 1115 609 1115 609 1115 158 1115 157 1115 609 1116 157 1116 610 1116 610 1116 157 1116 144 1116 610 1117 144 1117 618 1117 618 1117 144 1117 143 1117 618 1118 143 1118 619 1118 619 1118 143 1118 164 1118 619 1119 164 1119 621 1119 621 1119 164 1119 163 1119 621 1120 163 1120 622 1120 622 1120 163 1120 173 1120 622 1121 173 1121 623 1121 623 1121 173 1121 172 1121 623 1122 172 1122 624 1122 624 1122 172 1122 171 1122 624 1123 171 1123 630 1123 630 1123 171 1123 176 1123 152 522 600 522 153 522 153 522 600 522 599 522 176 523 175 523 630 523 630 523 175 523 631 523 578 1124 327 1124 559 1124 559 1124 327 1124 309 1124 559 1089 309 1089 561 1089 561 1089 309 1089 293 1089 561 1090 293 1090 583 1090 583 1090 293 1090 306 1090 583 1125 306 1125 563 1125 563 1125 306 1125 305 1125 563 1126 305 1126 564 1126 564 1126 305 1126 304 1126 564 1093 304 1093 565 1093 565 1093 304 1093 295 1093 565 1127 295 1127 566 1127 566 1127 295 1127 294 1127 566 1095 294 1095 584 1095 584 1095 294 1095 296 1095 584 1128 296 1128 585 1128 585 1128 296 1128 303 1128 585 1129 303 1129 586 1129 586 1129 303 1129 302 1129 586 1098 302 1098 544 1098 544 1098 302 1098 301 1098 544 1130 301 1130 543 1130 543 1130 301 1130 300 1130 543 1100 300 1100 541 1100 541 1100 300 1100 314 1100 541 1101 314 1101 545 1101 545 1101 314 1101 313 1101 545 1131 313 1131 546 1131 546 1131 313 1131 299 1131 546 1132 299 1132 547 1132 547 1132 299 1132 298 1132 547 1104 298 1104 587 1104 587 1104 298 1104 312 1104 587 1133 312 1133 588 1133 588 1133 312 1133 342 1133 589 1134 341 1134 548 1134 548 1134 341 1134 340 1134 548 1107 340 1107 538 1107 538 1107 340 1107 339 1107 538 1135 339 1135 539 1135 539 1135 339 1135 338 1135 539 1136 338 1136 567 1136 567 1136 338 1136 337 1136 567 1110 337 1110 568 1110 568 1110 337 1110 336 1110 568 1111 336 1111 551 1111 551 1111 336 1111 335 1111 551 1137 335 1137 552 1137 552 1137 335 1137 334 1137 552 1113 334 1113 553 1113 553 1113 334 1113 333 1113 553 1138 333 1138 549 1138 549 1138 333 1138 332 1138 549 1139 332 1139 550 1139 550 1139 332 1139 330 1139 550 1116 330 1116 570 1116 570 1116 330 1116 329 1116 570 1140 329 1140 554 1140 554 1140 329 1140 321 1140 554 1118 321 1118 555 1118 555 1118 321 1118 320 1118 555 1141 320 1141 557 1141 557 1141 320 1141 318 1141 557 1142 318 1142 571 1142 571 1142 318 1142 316 1142 571 1121 316 1121 572 1121 572 1121 316 1121 315 1121 572 1122 315 1122 574 1122 574 1122 315 1122 326 1122 574 1143 326 1143 580 1143 580 1143 326 1143 325 1143 341 522 589 522 342 522 342 522 589 522 588 522 325 523 327 523 580 523 580 523 327 523 578 523 827 1124 56 1124 814 1124 814 1124 56 1124 58 1124 814 1144 58 1144 816 1144 816 1144 58 1144 34 1144 816 1145 34 1145 818 1145 818 1145 34 1145 32 1145 818 1125 32 1125 819 1125 819 1125 32 1125 25 1125 819 1126 25 1126 820 1126 820 1126 25 1126 24 1126 820 1093 24 1093 821 1093 821 1093 24 1093 23 1093 821 1127 23 1127 822 1127 822 1127 23 1127 18 1127 822 1146 18 1146 823 1146 823 1146 18 1146 17 1146 823 1147 17 1147 824 1147 824 1147 17 1147 16 1147 824 1148 16 1148 798 1148 798 1148 16 1148 9 1148 798 1149 9 1149 799 1149 799 1149 9 1149 43 1149 799 1130 43 1130 801 1130 801 1130 43 1130 42 1130 801 1100 42 1100 802 1100 802 1100 42 1100 41 1100 802 1101 41 1101 803 1101 803 1101 41 1101 40 1101 803 1131 40 1131 804 1131 804 1131 40 1131 39 1131 804 1150 39 1150 805 1150 805 1150 39 1150 38 1150 805 1151 38 1151 832 1151 832 1151 38 1151 37 1151 832 1133 37 1133 833 1133 833 1133 37 1133 51 1133 834 1134 50 1134 806 1134 806 1134 50 1134 49 1134 806 1107 49 1107 790 1107 790 1107 49 1107 31 1107 790 1135 31 1135 791 1135 791 1135 31 1135 30 1135 791 1136 30 1136 807 1136 807 1136 30 1136 29 1136 807 1110 29 1110 808 1110 808 1110 29 1110 22 1110 808 1152 22 1152 809 1152 809 1152 22 1152 20 1152 809 1153 20 1153 810 1153 810 1153 20 1153 19 1153 810 1113 19 1113 811 1113 811 1113 19 1113 28 1113 811 1138 28 1138 812 1138 812 1138 28 1138 27 1138 812 1139 27 1139 786 1139 786 1139 27 1139 26 1139 786 1116 26 1116 784 1116 784 1116 26 1116 12 1116 784 1154 12 1154 785 1154 785 1154 12 1154 11 1154 785 1155 11 1155 787 1155 787 1155 11 1155 15 1155 787 1141 15 1141 788 1141 788 1141 15 1141 14 1141 788 1142 14 1142 793 1142 793 1142 14 1142 48 1142 793 1121 48 1121 794 1121 794 1121 48 1121 45 1121 794 1122 45 1122 796 1122 796 1122 45 1122 44 1122 796 1143 44 1143 829 1143 829 1143 44 1143 54 1143 50 522 834 522 51 522 51 522 834 522 833 522 54 523 56 523 829 523 829 523 56 523 827 523 641 1088 131 1088 643 1088 643 1088 131 1088 130 1088 643 1144 130 1144 644 1144 644 1144 130 1144 129 1144 644 1145 129 1145 645 1145 645 1145 129 1145 128 1145 645 1091 128 1091 646 1091 646 1091 128 1091 127 1091 646 1092 127 1092 648 1092 648 1092 127 1092 122 1092 648 1093 122 1093 649 1093 649 1093 122 1093 121 1093 649 1094 121 1094 665 1094 665 1094 121 1094 110 1094 665 1146 110 1146 666 1146 666 1146 110 1146 109 1146 666 1156 109 1156 656 1156 656 1156 109 1156 108 1156 656 1157 108 1157 657 1157 657 1157 108 1157 96 1157 657 1149 96 1149 658 1149 658 1149 96 1149 95 1149 658 1099 95 1099 659 1099 659 1099 95 1099 94 1099 659 1100 94 1100 651 1100 651 1100 94 1100 93 1100 651 1101 93 1101 652 1101 652 1101 93 1101 92 1101 652 1102 92 1102 653 1102 653 1102 92 1102 90 1102 653 1158 90 1158 654 1158 654 1158 90 1158 89 1158 654 1151 89 1151 655 1151 655 1151 89 1151 107 1151 655 1105 107 1105 660 1105 660 1105 107 1105 106 1105 661 1106 105 1106 662 1106 662 1106 105 1106 101 1106 662 1107 101 1107 663 1107 663 1107 101 1107 103 1107 663 1108 103 1108 664 1108 664 1108 103 1108 104 1108 664 1109 104 1109 670 1109 670 1109 104 1109 114 1109 670 1110 114 1110 671 1110 671 1110 114 1110 113 1110 671 1152 113 1152 672 1152 672 1152 113 1152 112 1152 672 1159 112 1159 673 1159 673 1159 112 1159 111 1159 673 1113 111 1113 674 1113 674 1113 111 1113 117 1113 674 1114 117 1114 675 1114 675 1114 117 1114 116 1114 675 1115 116 1115 667 1115 667 1115 116 1115 115 1115 667 1116 115 1116 668 1116 668 1116 115 1116 100 1116 668 1160 100 1160 669 1160 669 1160 100 1160 99 1160 669 1155 99 1155 634 1155 634 1155 99 1155 120 1155 634 1119 120 1119 636 1119 636 1119 120 1119 119 1119 636 1120 119 1120 637 1120 637 1120 119 1120 126 1120 637 1121 126 1121 638 1121 638 1121 126 1121 125 1121 638 1122 125 1122 639 1122 639 1122 125 1122 124 1122 639 1123 124 1123 640 1123 640 1123 124 1123 132 1123 105 522 661 522 106 522 106 522 661 522 660 522 132 523 131 523 640 523 640 523 131 523 641 523 1725 1161 1688 1161 1710 1161 1710 1161 1688 1161 1687 1161 1710 1162 1687 1162 1737 1162 1737 1163 1687 1163 1668 1163 1737 1164 1668 1164 1728 1164 1728 1165 1668 1165 1667 1165 1728 1166 1667 1166 1720 1166 1720 1167 1667 1167 1665 1167 1720 1168 1665 1168 1721 1168 1721 1169 1665 1169 1664 1169 1721 1170 1664 1170 1738 1170 1738 1171 1664 1171 1663 1171 1738 1172 1663 1172 1739 1172 1739 1173 1663 1173 1686 1173 1739 1174 1686 1174 1740 1174 1740 1175 1686 1175 1685 1175 1740 1176 1685 1176 1741 1176 1741 1176 1685 1176 1684 1176 1741 1177 1684 1177 1729 1177 1729 1178 1684 1178 1654 1178 1729 1179 1654 1179 1730 1179 1730 1179 1654 1179 1653 1179 1730 1180 1653 1180 1731 1180 1731 1181 1653 1181 1652 1181 1731 1182 1652 1182 1732 1182 1732 1183 1652 1183 1622 1183 1732 1184 1622 1184 1744 1184 1744 1185 1622 1185 1621 1185 1744 1186 1621 1186 1745 1186 1745 1187 1621 1187 1651 1187 1745 1188 1651 1188 1746 1188 1746 1189 1651 1189 1662 1189 1746 1190 1662 1190 1706 1190 1706 1191 1662 1191 1657 1191 1706 1192 1657 1192 1707 1192 1707 1193 1657 1193 1659 1193 1707 1194 1659 1194 1747 1194 1747 1195 1659 1195 1670 1195 1747 1196 1670 1196 1748 1196 1748 1197 1670 1197 1669 1197 1748 1198 1669 1198 1749 1198 1749 1199 1669 1199 1625 1199 1749 1200 1625 1200 1774 1200 1774 1200 1625 1200 1624 1200 1774 1201 1624 1201 1775 1201 1775 1202 1624 1202 1683 1202 1775 1203 1683 1203 1776 1203 1776 1204 1683 1204 1682 1204 1776 1205 1682 1205 1777 1205 1777 1206 1682 1206 1681 1206 1777 1207 1681 1207 1795 1207 1795 1207 1681 1207 1680 1207 1795 1208 1680 1208 1794 1208 1794 1209 1680 1209 1705 1209 1794 1210 1705 1210 1792 1210 1792 1210 1705 1210 1704 1210 1792 1211 1704 1211 1790 1211 1790 1212 1704 1212 1702 1212 1790 1213 1702 1213 1788 1213 1788 1214 1702 1214 1700 1214 1788 1215 1700 1215 1786 1215 1786 1216 1700 1216 1698 1216 1786 1217 1698 1217 1784 1217 1784 1218 1698 1218 1696 1218 1784 1219 1696 1219 1782 1219 1782 1219 1696 1219 1694 1219 1782 1220 1694 1220 1780 1220 1780 1221 1694 1221 1692 1221 1780 1222 1692 1222 1778 1222 1778 1223 1692 1223 1690 1223 1778 1224 1690 1224 1725 1224 1725 1224 1690 1224 1688 1224 1756 1225 1649 1225 1758 1225 1758 1161 1649 1161 1647 1161 1758 1226 1647 1226 1760 1226 1760 1163 1647 1163 1645 1163 1760 1164 1645 1164 1762 1164 1762 1165 1645 1165 1643 1165 1762 1227 1643 1227 1764 1227 1764 1227 1643 1227 1641 1227 1764 1228 1641 1228 1766 1228 1766 1229 1641 1229 1639 1229 1766 1170 1639 1170 1768 1170 1768 1171 1639 1171 1637 1171 1768 1230 1637 1230 1770 1230 1770 1230 1637 1230 1635 1230 1770 1174 1635 1174 1772 1174 1772 1175 1635 1175 1633 1175 1772 1231 1633 1231 1773 1231 1773 1231 1633 1231 1631 1231 1773 1232 1631 1232 1733 1232 1733 1233 1631 1233 1630 1233 1733 1179 1630 1179 1734 1179 1734 1179 1630 1179 1629 1179 1734 1234 1629 1234 1735 1234 1735 1234 1629 1234 1628 1234 1735 1182 1628 1182 1736 1182 1736 1183 1628 1183 1627 1183 1736 1235 1627 1235 1717 1235 1717 1236 1627 1236 1626 1236 1717 1237 1626 1237 1718 1237 1718 1237 1626 1237 1620 1237 1718 1188 1620 1188 1719 1188 1719 1189 1620 1189 1619 1189 1719 1238 1619 1238 1743 1238 1743 1191 1619 1191 1618 1191 1743 1239 1618 1239 1742 1239 1742 1193 1618 1193 1617 1193 1742 1240 1617 1240 1722 1240 1722 1241 1617 1241 1616 1241 1722 1196 1616 1196 1708 1196 1708 1197 1616 1197 1674 1197 1708 1198 1674 1198 1709 1198 1709 1199 1674 1199 1673 1199 1709 1242 1673 1242 1711 1242 1711 1200 1673 1200 1672 1200 1711 1202 1672 1202 1712 1202 1712 1243 1672 1243 1671 1243 1712 1244 1671 1244 1723 1244 1723 1245 1671 1245 1677 1245 1723 1246 1677 1246 1724 1246 1724 1246 1677 1246 1676 1246 1724 1207 1676 1207 1726 1207 1726 1207 1676 1207 1675 1207 1726 1208 1675 1208 1727 1208 1727 1209 1675 1209 1661 1209 1727 1210 1661 1210 1713 1210 1713 1210 1661 1210 1660 1210 1713 1211 1660 1211 1714 1211 1714 1212 1660 1212 1658 1212 1714 1247 1658 1247 1716 1247 1716 1247 1658 1247 1656 1247 1716 1248 1656 1248 1750 1248 1750 1249 1656 1249 1655 1249 1750 1250 1655 1250 1751 1250 1751 1251 1655 1251 1623 1251 1751 1252 1623 1252 1753 1252 1753 1219 1623 1219 1679 1219 1753 1220 1679 1220 1754 1220 1754 1221 1679 1221 1678 1221 1754 1222 1678 1222 1755 1222 1755 1223 1678 1223 1650 1223 1755 1253 1650 1253 1756 1253 1756 1253 1650 1253 1649 1253 3 1254 1614 1254 1793 1254 3 1255 1793 1255 1703 1255 1703 1256 1793 1256 1791 1256 1703 1256 1791 1256 1701 1256 1701 1257 1791 1257 1789 1257 1701 1258 1789 1258 1699 1258 1699 1259 1789 1259 1787 1259 1699 1260 1787 1260 1697 1260 1697 1261 1787 1261 1785 1261 1697 1262 1785 1262 1695 1262 1695 1263 1785 1263 1783 1263 1695 1264 1783 1264 1693 1264 1693 1265 1783 1265 1781 1265 1693 1266 1781 1266 1691 1266 1691 1267 1781 1267 1779 1267 1691 1267 1779 1267 1689 1267 1689 1268 1779 1268 1715 1268 1689 1269 1715 1269 1666 1269 1648 1270 1752 1270 1757 1270 1648 1271 1757 1271 1646 1271 1646 1272 1757 1272 1759 1272 1646 1272 1759 1272 1644 1272 1644 1273 1759 1273 1761 1273 1644 1274 1761 1274 1642 1274 1642 1275 1761 1275 1763 1275 1642 1275 1763 1275 1640 1275 1640 1276 1763 1276 1765 1276 1640 1277 1765 1277 1638 1277 1638 1278 1765 1278 1767 1278 1638 1279 1767 1279 1636 1279 1636 1280 1767 1280 1769 1280 1636 1281 1769 1281 1634 1281 1634 1282 1769 1282 1771 1282 1634 1282 1771 1282 1632 1282 1632 1283 1771 1283 1615 1283 1632 1284 1615 1284 2 1284 1041 1285 1040 1285 1431 1285 1041 1285 1431 1285 1111 1285 1111 1286 1431 1286 1331 1286 1111 1286 1331 1286 1112 1286 1112 1287 1331 1287 1330 1287 1112 1288 1330 1288 1113 1288 1113 1289 1330 1289 1329 1289 1113 1290 1329 1290 1108 1290 1108 1291 1329 1291 1326 1291 1108 1292 1326 1292 1109 1292 1109 1293 1326 1293 1327 1293 1109 1293 1327 1293 1110 1293 1110 1294 1327 1294 1328 1294 1110 1294 1328 1294 1098 1294 1098 1295 1328 1295 1346 1295 1098 1295 1346 1295 1100 1295 1100 1296 1346 1296 1334 1296 1100 1296 1334 1296 1085 1296 1062 1297 1308 1297 1322 1297 1062 1297 1322 1297 1073 1297 1073 1298 1322 1298 1324 1298 1073 1298 1324 1298 1071 1298 1071 1299 1324 1299 1325 1299 1071 1299 1325 1299 1069 1299 1069 1300 1325 1300 1318 1300 1069 1300 1318 1300 1068 1300 1068 1301 1318 1301 1316 1301 1068 1302 1316 1302 1066 1302 1066 1303 1316 1303 1397 1303 1066 1304 1397 1304 1059 1304 1059 1305 1397 1305 1396 1305 1059 1306 1396 1306 1158 1306 1158 1307 1396 1307 1394 1307 1158 1307 1394 1307 1159 1307 1159 1308 1394 1308 1050 1308 1159 1308 1050 1308 1051 1308 1357 1309 1118 1309 1358 1309 1358 1309 1118 1309 1117 1309 1358 1310 1117 1310 1359 1310 1359 1310 1117 1310 1128 1310 1359 1311 1128 1311 1362 1311 1362 1311 1128 1311 1127 1311 1362 1312 1127 1312 1363 1312 1363 1312 1127 1312 1123 1312 1363 1313 1123 1313 1364 1313 1364 1313 1123 1313 1122 1313 1364 1314 1122 1314 1368 1314 1368 1314 1122 1314 1121 1314 1368 1315 1121 1315 1369 1315 1369 1315 1121 1315 1116 1315 1369 1316 1116 1316 1370 1316 1370 1317 1116 1317 1115 1317 1370 1318 1115 1318 1371 1318 1371 1319 1115 1319 1114 1319 1371 1320 1114 1320 1372 1320 1372 1321 1114 1321 1147 1321 1372 1322 1147 1322 1373 1322 1373 1323 1147 1323 1146 1323 1373 1324 1146 1324 1375 1324 1375 1324 1146 1324 1145 1324 1375 1325 1145 1325 1376 1325 1376 1325 1145 1325 1144 1325 1376 1326 1144 1326 1385 1326 1385 1326 1144 1326 1143 1326 1385 1327 1143 1327 1386 1327 1386 1327 1143 1327 1142 1327 1386 1328 1142 1328 1387 1328 1387 1328 1142 1328 1141 1328 1387 1329 1141 1329 1388 1329 1388 1329 1141 1329 1150 1329 1388 1330 1150 1330 1389 1330 1389 1330 1150 1330 1149 1330 1389 1331 1149 1331 1390 1331 1390 1331 1149 1331 1148 1331 1390 1332 1148 1332 1377 1332 1377 1332 1148 1332 1140 1332 1377 1333 1140 1333 1378 1333 1378 1333 1140 1333 1139 1333 1378 1334 1139 1334 1380 1334 1380 1334 1139 1334 1138 1334 1380 1126 1138 1126 1381 1126 1381 1126 1138 1126 1133 1126 1381 1335 1133 1335 1382 1335 1382 1335 1133 1335 1132 1335 1382 1336 1132 1336 1383 1336 1383 1336 1132 1336 1137 1336 1383 1337 1137 1337 1384 1337 1384 1338 1137 1338 1136 1338 1384 1339 1136 1339 1353 1339 1353 1340 1136 1340 1135 1340 1353 1341 1135 1341 1354 1341 1354 1342 1135 1342 1129 1342 1354 1343 1129 1343 1365 1343 1365 1344 1129 1344 1130 1344 1365 1345 1130 1345 1360 1345 1360 1345 1130 1345 1131 1345 1360 1346 1131 1346 1361 1346 1361 1346 1131 1346 1126 1346 1361 1141 1126 1141 1366 1141 1366 1141 1126 1141 1125 1141 1366 1347 1125 1347 1367 1347 1367 1347 1125 1347 1124 1347 1367 1348 1124 1348 1355 1348 1355 1348 1124 1348 1120 1348 1355 1349 1120 1349 1356 1349 1356 1349 1120 1349 1119 1349 1356 1350 1119 1350 1357 1350 1357 1350 1119 1350 1118 1350 1504 1309 1053 1309 1505 1309 1505 1309 1053 1309 1052 1309 1505 1310 1052 1310 1472 1310 1472 1310 1052 1310 1259 1310 1472 1311 1259 1311 1473 1311 1473 1311 1259 1311 1258 1311 1473 1312 1258 1312 1474 1312 1474 1312 1258 1312 1242 1312 1474 1313 1242 1313 1475 1313 1475 1313 1242 1313 1241 1313 1475 1314 1241 1314 1483 1314 1483 1314 1241 1314 1240 1314 1483 1315 1240 1315 1484 1315 1484 1315 1240 1315 1230 1315 1484 1316 1230 1316 1476 1316 1476 1317 1230 1317 1229 1317 1476 1318 1229 1318 1478 1318 1478 1319 1229 1319 1234 1319 1478 1320 1234 1320 1479 1320 1479 1321 1234 1321 1235 1321 1479 1322 1235 1322 1485 1322 1485 1323 1235 1323 1257 1323 1485 1324 1257 1324 1486 1324 1486 1324 1257 1324 1256 1324 1486 1325 1256 1325 1487 1325 1487 1325 1256 1325 1255 1325 1487 1326 1255 1326 1494 1326 1494 1326 1255 1326 1254 1326 1494 1327 1254 1327 1495 1327 1495 1327 1254 1327 1253 1327 1495 1328 1253 1328 1496 1328 1496 1328 1253 1328 1252 1328 1496 1329 1252 1329 1497 1329 1497 1329 1252 1329 1251 1329 1497 1330 1251 1330 1498 1330 1498 1330 1251 1330 1250 1330 1498 1331 1250 1331 1499 1331 1499 1331 1250 1331 1249 1331 1499 1332 1249 1332 1488 1332 1488 1332 1249 1332 1248 1332 1488 1333 1248 1333 1489 1333 1489 1333 1248 1333 1247 1333 1489 1334 1247 1334 1490 1334 1490 1334 1247 1334 1246 1334 1490 1126 1246 1126 1480 1126 1480 1126 1246 1126 1245 1126 1480 1335 1245 1335 1481 1335 1481 1335 1245 1335 1244 1335 1481 1336 1244 1336 1482 1336 1482 1336 1244 1336 1243 1336 1482 1337 1243 1337 1469 1337 1469 1338 1243 1338 1228 1338 1469 1339 1228 1339 1470 1339 1470 1340 1228 1340 1227 1340 1470 1341 1227 1341 1471 1341 1471 1342 1227 1342 1225 1342 1471 1343 1225 1343 1491 1343 1491 1344 1225 1344 1233 1344 1491 1345 1233 1345 1492 1345 1492 1345 1233 1345 1232 1345 1492 1346 1232 1346 1493 1346 1493 1346 1232 1346 1231 1346 1493 1141 1231 1141 1500 1141 1500 1141 1231 1141 1239 1141 1500 1347 1239 1347 1501 1347 1501 1347 1239 1347 1238 1347 1501 1348 1238 1348 1502 1348 1502 1348 1238 1348 1237 1348 1502 1349 1237 1349 1503 1349 1503 1349 1237 1349 1236 1349 1503 1350 1236 1350 1504 1350 1504 1350 1236 1350 1053 1350 1532 1351 1056 1351 1533 1351 1533 1351 1056 1351 1055 1351 1533 1352 1055 1352 1534 1352 1534 1352 1055 1352 1221 1352 1534 1311 1221 1311 1535 1311 1535 1311 1221 1311 1220 1311 1535 1353 1220 1353 1536 1353 1536 1353 1220 1353 1219 1353 1536 1110 1219 1110 1537 1110 1537 1110 1219 1110 1218 1110 1537 1354 1218 1354 1538 1354 1538 1354 1218 1354 1217 1354 1538 1315 1217 1315 1539 1315 1539 1315 1217 1315 1216 1315 1539 1355 1216 1355 1540 1355 1540 1356 1216 1356 1215 1356 1540 1318 1215 1318 1541 1318 1541 1319 1215 1319 1214 1319 1541 1320 1214 1320 1512 1320 1512 1321 1214 1321 1213 1321 1512 1357 1213 1357 1510 1357 1510 1358 1213 1358 1212 1358 1510 1324 1212 1324 1511 1324 1511 1324 1212 1324 1211 1324 1511 1359 1211 1359 1521 1359 1521 1359 1211 1359 1210 1359 1521 1101 1210 1101 1522 1101 1522 1101 1210 1101 1205 1101 1522 1360 1205 1360 1523 1360 1523 1360 1205 1360 1204 1360 1523 1328 1204 1328 1524 1328 1524 1328 1204 1328 1209 1328 1524 1361 1209 1361 1525 1361 1525 1361 1209 1361 1224 1361 1525 1362 1224 1362 1514 1362 1514 1362 1224 1362 1223 1362 1514 1363 1223 1363 1513 1363 1513 1363 1223 1363 1222 1363 1513 1332 1222 1332 1515 1332 1515 1332 1222 1332 1208 1332 1515 1333 1208 1333 1516 1333 1516 1333 1208 1333 1207 1333 1516 1364 1207 1364 1506 1364 1506 1364 1207 1364 1206 1364 1506 1126 1206 1126 1507 1126 1507 1126 1206 1126 1196 1126 1507 1365 1196 1365 1508 1365 1508 1365 1196 1365 1195 1365 1508 1366 1195 1366 1509 1366 1509 1366 1195 1366 1193 1366 1509 1367 1193 1367 1517 1367 1517 1368 1193 1368 1192 1368 1517 1339 1192 1339 1518 1339 1518 1340 1192 1340 1203 1340 1518 1341 1203 1341 1519 1341 1519 1342 1203 1342 1202 1342 1519 1369 1202 1369 1520 1369 1520 1370 1202 1370 1201 1370 1520 1371 1201 1371 1526 1371 1526 1371 1201 1371 1200 1371 1526 1372 1200 1372 1527 1372 1527 1372 1200 1372 1199 1372 1527 1141 1199 1141 1528 1141 1528 1141 1199 1141 1198 1141 1528 1373 1198 1373 1529 1373 1529 1373 1198 1373 1191 1373 1529 1348 1191 1348 1530 1348 1530 1348 1191 1348 1190 1348 1530 1349 1190 1349 1531 1349 1531 1349 1190 1349 1197 1349 1531 1374 1197 1374 1532 1374 1532 1374 1197 1374 1056 1374 1306 1351 1080 1351 1307 1351 1307 1351 1080 1351 1061 1351 1307 1352 1061 1352 1320 1352 1320 1352 1061 1352 1060 1352 1320 1311 1060 1311 1321 1311 1321 1311 1060 1311 1079 1311 1321 1353 1079 1353 1323 1353 1323 1353 1079 1353 1072 1353 1323 1110 1072 1110 1319 1110 1319 1110 1072 1110 1070 1110 1319 1354 1070 1354 1317 1354 1317 1354 1070 1354 1067 1354 1317 1315 1067 1315 1315 1315 1315 1315 1067 1315 1058 1315 1315 1355 1058 1355 1395 1355 1395 1356 1058 1356 1057 1356 1395 1318 1057 1318 1393 1318 1393 1319 1057 1319 1160 1319 1393 1320 1160 1320 1392 1320 1392 1321 1160 1321 1161 1321 1392 1357 1161 1357 1391 1357 1391 1358 1161 1358 1155 1358 1391 1324 1155 1324 1401 1324 1401 1324 1155 1324 1168 1324 1401 1359 1168 1359 1402 1359 1402 1359 1168 1359 1167 1359 1402 1101 1167 1101 1403 1101 1403 1101 1167 1101 1164 1101 1403 1360 1164 1360 1404 1360 1404 1360 1164 1360 1165 1360 1404 1328 1165 1328 1405 1328 1405 1328 1165 1328 1166 1328 1405 1361 1166 1361 1406 1361 1406 1361 1166 1361 1171 1361 1406 1362 1171 1362 1407 1362 1407 1362 1171 1362 1170 1362 1407 1363 1170 1363 1408 1363 1408 1363 1170 1363 1169 1363 1408 1332 1169 1332 1409 1332 1409 1332 1169 1332 1157 1332 1409 1333 1157 1333 1398 1333 1398 1333 1157 1333 1156 1333 1398 1364 1156 1364 1399 1364 1399 1364 1156 1364 1163 1364 1399 1126 1163 1126 1410 1126 1410 1126 1163 1126 1162 1126 1410 1365 1162 1365 1411 1365 1411 1365 1162 1365 1154 1365 1411 1366 1154 1366 1400 1366 1400 1366 1154 1366 1153 1366 1400 1367 1153 1367 1305 1367 1305 1368 1153 1368 1152 1368 1305 1339 1152 1339 1304 1339 1304 1340 1152 1340 1151 1340 1304 1341 1151 1341 1302 1341 1302 1342 1151 1342 1064 1342 1302 1369 1064 1369 1300 1369 1300 1370 1064 1370 1063 1370 1300 1371 1063 1371 1309 1371 1309 1371 1063 1371 1078 1371 1309 1372 1078 1372 1310 1372 1310 1372 1078 1372 1077 1372 1310 1141 1077 1141 1311 1141 1311 1141 1077 1141 1075 1141 1311 1373 1075 1373 1312 1373 1312 1373 1075 1373 1074 1373 1312 1348 1074 1348 1313 1348 1313 1348 1074 1348 1082 1348 1313 1349 1082 1349 1314 1349 1314 1349 1082 1349 1081 1349 1314 1374 1081 1374 1306 1374 1306 1374 1081 1374 1080 1374 1340 1309 1083 1309 1339 1309 1339 1309 1083 1309 1093 1309 1339 1310 1093 1310 1337 1310 1337 1310 1093 1310 1092 1310 1337 1375 1092 1375 1341 1375 1341 1375 1092 1375 1091 1375 1341 1353 1091 1353 1342 1353 1342 1353 1091 1353 1090 1353 1342 1313 1090 1313 1343 1313 1343 1313 1090 1313 1089 1313 1343 1314 1089 1314 1349 1314 1349 1314 1089 1314 1087 1314 1349 1315 1087 1315 1350 1315 1350 1315 1087 1315 1086 1315 1350 1316 1086 1316 1352 1316 1352 1317 1086 1317 1094 1317 1352 1318 1094 1318 1427 1318 1427 1319 1094 1319 1096 1319 1427 1320 1096 1320 1428 1320 1428 1321 1096 1321 1189 1321 1428 1322 1189 1322 1429 1322 1429 1323 1189 1323 1188 1323 1429 1324 1188 1324 1412 1324 1412 1324 1188 1324 1187 1324 1412 1325 1187 1325 1413 1325 1413 1325 1187 1325 1183 1325 1413 1326 1183 1326 1414 1326 1414 1326 1183 1326 1182 1326 1414 1360 1182 1360 1415 1360 1415 1360 1182 1360 1181 1360 1415 1376 1181 1376 1416 1376 1416 1376 1181 1376 1180 1376 1416 1329 1180 1329 1417 1329 1417 1329 1180 1329 1179 1329 1417 1330 1179 1330 1419 1330 1419 1330 1179 1330 1178 1330 1419 1377 1178 1377 1420 1377 1420 1377 1178 1377 1177 1377 1420 1378 1177 1378 1421 1378 1421 1378 1177 1378 1176 1378 1421 1333 1176 1333 1422 1333 1422 1333 1176 1333 1175 1333 1422 1334 1175 1334 1423 1334 1423 1334 1175 1334 1173 1334 1423 1126 1173 1126 1424 1126 1424 1126 1173 1126 1172 1126 1424 1335 1172 1335 1425 1335 1425 1335 1172 1335 1186 1335 1425 1336 1186 1336 1426 1336 1426 1336 1186 1336 1185 1336 1426 1337 1185 1337 1297 1337 1297 1338 1185 1338 1184 1338 1297 1339 1184 1339 1298 1339 1298 1340 1184 1340 1107 1340 1298 1341 1107 1341 1335 1341 1335 1342 1107 1342 1106 1342 1335 1343 1106 1343 1336 1343 1336 1344 1106 1344 1104 1344 1336 1345 1104 1345 1344 1345 1344 1345 1104 1345 1103 1345 1344 1346 1103 1346 1345 1346 1345 1346 1103 1346 1097 1346 1345 1141 1097 1141 1347 1141 1347 1141 1097 1141 1099 1141 1347 1347 1099 1347 1348 1347 1348 1347 1099 1347 1101 1347 1348 1348 1101 1348 1332 1348 1332 1348 1101 1348 1102 1348 1332 1379 1102 1379 1333 1379 1333 1379 1102 1379 1084 1379 1333 1380 1084 1380 1340 1380 1340 1380 1084 1380 1083 1380 1454 1309 1296 1309 1455 1309 1455 1309 1296 1309 1295 1309 1455 1310 1295 1310 1432 1310 1432 1310 1295 1310 1294 1310 1432 1375 1294 1375 1433 1375 1433 1375 1294 1375 1290 1375 1433 1353 1290 1353 1434 1353 1434 1353 1290 1353 1289 1353 1434 1313 1289 1313 1435 1313 1435 1313 1289 1313 1288 1313 1435 1314 1288 1314 1438 1314 1438 1314 1288 1314 1271 1314 1438 1315 1271 1315 1439 1315 1439 1315 1271 1315 1270 1315 1439 1316 1270 1316 1440 1316 1440 1317 1270 1317 1287 1317 1440 1318 1287 1318 1456 1318 1456 1319 1287 1319 1286 1319 1456 1320 1286 1320 1457 1320 1457 1321 1286 1321 1285 1321 1457 1322 1285 1322 1442 1322 1442 1323 1285 1323 1282 1323 1442 1324 1282 1324 1443 1324 1443 1324 1282 1324 1281 1324 1443 1325 1281 1325 1458 1325 1458 1325 1281 1325 1280 1325 1458 1326 1280 1326 1459 1326 1459 1326 1280 1326 1277 1326 1459 1360 1277 1360 1460 1360 1460 1360 1277 1360 1278 1360 1460 1376 1278 1376 1461 1376 1461 1376 1278 1376 1279 1376 1461 1329 1279 1329 1462 1329 1462 1329 1279 1329 1293 1329 1462 1330 1293 1330 1463 1330 1463 1330 1293 1330 1292 1330 1463 1377 1292 1377 1444 1377 1444 1377 1292 1377 1291 1377 1444 1378 1291 1378 1445 1378 1445 1378 1291 1378 1276 1378 1445 1333 1276 1333 1446 1333 1446 1333 1276 1333 1275 1333 1446 1334 1275 1334 1447 1334 1447 1334 1275 1334 1284 1334 1447 1126 1284 1126 1448 1126 1448 1126 1284 1126 1283 1126 1448 1335 1283 1335 1449 1335 1449 1335 1283 1335 1274 1335 1449 1336 1274 1336 1450 1336 1450 1336 1274 1336 1273 1336 1450 1337 1273 1337 1466 1337 1466 1338 1273 1338 1272 1338 1466 1339 1272 1339 1467 1339 1467 1340 1272 1340 1266 1340 1467 1341 1266 1341 1468 1341 1468 1342 1266 1342 1268 1342 1468 1343 1268 1343 1451 1343 1451 1344 1268 1344 1269 1344 1451 1345 1269 1345 1436 1345 1436 1345 1269 1345 1265 1345 1436 1346 1265 1346 1437 1346 1437 1346 1265 1346 1264 1346 1437 1141 1264 1141 1464 1141 1464 1141 1264 1141 1263 1141 1464 1347 1263 1347 1465 1347 1465 1347 1263 1347 1260 1347 1465 1348 1260 1348 1452 1348 1452 1348 1260 1348 1261 1348 1452 1379 1261 1379 1453 1379 1453 1379 1261 1379 1262 1379 1453 1380 1262 1380 1454 1380 1454 1380 1262 1380 1296 1380 698 1381 198 1381 685 1381 685 1381 198 1381 197 1381 685 1382 197 1382 686 1382 686 1382 197 1382 189 1382 686 1383 189 1383 687 1383 687 1383 189 1383 188 1383 687 1384 188 1384 505 1384 505 1384 188 1384 187 1384 505 1385 187 1385 506 1385 506 1385 187 1385 186 1385 506 1386 186 1386 704 1386 704 1386 186 1386 225 1386 704 1387 225 1387 705 1387 705 1387 225 1387 226 1387 705 1388 226 1388 707 1388 707 1388 226 1388 228 1388 707 1389 228 1389 726 1389 726 1389 228 1389 232 1389 726 1390 232 1390 727 1390 727 1390 232 1390 231 1390 727 1391 231 1391 717 1391 717 1391 231 1391 214 1391 717 1392 214 1392 701 1392 701 1392 214 1392 213 1392 701 1393 213 1393 702 1393 702 1393 213 1393 229 1393 702 1394 229 1394 703 1394 703 1394 229 1394 204 1394 703 1395 204 1395 680 1395 680 1395 204 1395 203 1395 680 1396 203 1396 681 1396 681 1396 203 1396 202 1396 681 1397 202 1397 692 1397 692 1397 202 1397 185 1397 692 1398 185 1398 693 1398 693 1398 185 1398 184 1398 693 1399 184 1399 694 1399 694 1399 184 1399 196 1399 694 1400 196 1400 695 1400 695 1400 196 1400 201 1400 695 1401 201 1401 699 1401 699 1401 201 1401 200 1401 699 1402 200 1402 700 1402 700 1402 200 1402 195 1402 700 1403 195 1403 688 1403 688 1403 195 1403 194 1403 688 1404 194 1404 689 1404 689 1404 194 1404 193 1404 689 1405 193 1405 690 1405 690 1405 193 1405 180 1405 690 1406 180 1406 691 1406 691 1406 180 1406 179 1406 691 1407 179 1407 676 1407 676 1407 179 1407 178 1407 676 1408 178 1408 677 1408 677 1408 178 1408 177 1408 677 1409 177 1409 678 1409 678 1409 177 1409 183 1409 678 1410 183 1410 679 1410 679 1410 183 1410 182 1410 679 1411 182 1411 682 1411 682 1411 182 1411 181 1411 682 1412 181 1412 683 1412 683 1412 181 1412 192 1412 683 1413 192 1413 684 1413 684 1413 192 1413 191 1413 684 1414 191 1414 696 1414 696 1414 191 1414 190 1414 696 1415 190 1415 697 1415 697 1415 190 1415 199 1415 697 1416 199 1416 698 1416 698 1416 199 1416 198 1416 739 1381 210 1381 731 1381 731 1381 210 1381 222 1381 731 1382 222 1382 732 1382 732 1382 222 1382 221 1382 732 1417 221 1417 733 1417 733 1417 221 1417 220 1417 733 1418 220 1418 710 1418 710 1418 220 1418 219 1418 710 1385 219 1385 711 1385 711 1385 219 1385 224 1385 711 1386 224 1386 713 1386 713 1386 224 1386 223 1386 713 1387 223 1387 714 1387 714 1387 223 1387 217 1387 714 1388 217 1388 718 1388 718 1388 217 1388 216 1388 718 1389 216 1389 719 1389 719 1389 216 1389 236 1389 719 1390 236 1390 720 1390 720 1390 236 1390 235 1390 720 1391 235 1391 721 1391 721 1391 235 1391 242 1391 721 1392 242 1392 734 1392 734 1392 242 1392 241 1392 734 1393 241 1393 735 1393 735 1393 241 1393 240 1393 735 1394 240 1394 736 1394 736 1394 240 1394 250 1394 736 1419 250 1419 740 1419 740 1419 250 1419 249 1419 740 1420 249 1420 741 1420 741 1420 249 1420 245 1420 741 1397 245 1397 503 1397 503 1397 245 1397 244 1397 503 1398 244 1398 504 1398 504 1398 244 1398 243 1398 504 1399 243 1399 742 1399 742 1399 243 1399 248 1399 742 1400 248 1400 743 1400 743 1400 248 1400 247 1400 743 1401 247 1401 744 1401 744 1401 247 1401 246 1401 744 1421 246 1421 715 1421 715 1421 246 1421 239 1421 715 1422 239 1422 716 1422 716 1422 239 1422 238 1422 716 1404 238 1404 722 1404 722 1404 238 1404 237 1404 722 1405 237 1405 723 1405 723 1405 237 1405 230 1405 723 1406 230 1406 724 1406 724 1406 230 1406 234 1406 724 1407 234 1407 725 1407 725 1407 234 1407 233 1407 725 1408 233 1408 708 1408 708 1408 233 1408 227 1408 708 1409 227 1409 706 1409 706 1409 227 1409 207 1409 706 1410 207 1410 709 1410 709 1410 207 1410 208 1410 709 1411 208 1411 728 1411 728 1411 208 1411 209 1411 728 1423 209 1423 729 1423 729 1423 209 1423 212 1423 729 1424 212 1424 730 1424 730 1424 212 1424 211 1424 730 1414 211 1414 737 1414 737 1414 211 1414 206 1414 737 1415 206 1415 738 1415 738 1415 206 1415 205 1415 738 1416 205 1416 739 1416 739 1416 205 1416 210 1416 959 1425 383 1425 960 1425 960 1425 383 1425 382 1425 960 1382 382 1382 949 1382 949 1382 382 1382 373 1382 949 1426 373 1426 950 1426 950 1426 373 1426 372 1426 950 1418 372 1418 951 1418 951 1418 372 1418 371 1418 951 1427 371 1427 967 1427 967 1427 371 1427 397 1427 967 1428 397 1428 968 1428 968 1428 397 1428 396 1428 968 1429 396 1429 969 1429 969 1429 396 1429 392 1429 969 1388 392 1388 973 1388 973 1388 392 1388 391 1388 973 1430 391 1430 974 1430 974 1430 391 1430 408 1430 974 1431 408 1431 975 1431 975 1431 408 1431 407 1431 975 1391 407 1391 961 1391 961 1391 407 1391 406 1391 961 1432 406 1432 962 1432 962 1432 406 1432 390 1432 962 1433 390 1433 963 1433 963 1433 390 1433 389 1433 963 1434 389 1434 964 1434 964 1434 389 1434 388 1434 964 1419 388 1419 965 1419 965 1419 388 1419 387 1419 965 1435 387 1435 966 1435 966 1435 387 1435 386 1435 966 1397 386 1397 497 1397 497 1397 386 1397 385 1397 497 1436 385 1436 498 1436 498 1436 385 1436 378 1436 498 1437 378 1437 944 1437 944 1437 378 1437 379 1437 944 1400 379 1400 952 1400 952 1400 379 1400 381 1400 952 1438 381 1438 953 1438 953 1438 381 1438 405 1438 953 1402 405 1402 954 1402 954 1402 405 1402 404 1402 954 1439 404 1439 955 1439 955 1439 404 1439 395 1439 955 1404 395 1404 956 1404 956 1404 395 1404 394 1404 956 1405 394 1405 957 1405 957 1405 394 1405 393 1405 957 1406 393 1406 976 1406 976 1406 393 1406 403 1406 976 1440 403 1440 977 1440 977 1440 403 1440 402 1440 977 1441 402 1441 978 1441 978 1441 402 1441 401 1441 978 1409 401 1409 970 1409 970 1409 401 1409 400 1409 970 1410 400 1410 971 1410 971 1410 400 1410 399 1410 971 1411 399 1411 972 1411 972 1411 399 1411 398 1411 972 1442 398 1442 945 1442 945 1442 398 1442 377 1442 945 1413 377 1413 946 1413 946 1413 377 1413 375 1413 946 1443 375 1443 948 1443 948 1443 375 1443 374 1443 948 1415 374 1415 958 1415 958 1415 374 1415 384 1415 958 1444 384 1444 959 1444 959 1444 384 1444 383 1444 764 1425 278 1425 765 1425 765 1425 278 1425 277 1425 765 1382 277 1382 745 1382 745 1382 277 1382 276 1382 745 1426 276 1426 746 1426 746 1426 276 1426 258 1426 746 1418 258 1418 748 1418 748 1418 258 1418 259 1418 748 1427 259 1427 749 1427 749 1427 259 1427 260 1427 749 1428 260 1428 760 1428 760 1428 260 1428 275 1428 760 1429 275 1429 761 1429 761 1429 275 1429 274 1429 761 1388 274 1388 762 1388 762 1388 274 1388 273 1388 762 1430 273 1430 766 1430 766 1430 273 1430 272 1430 766 1431 272 1431 767 1431 767 1431 272 1431 271 1431 767 1391 271 1391 768 1391 768 1391 271 1391 270 1391 768 1432 270 1432 769 1432 769 1432 270 1432 269 1432 769 1433 269 1433 770 1433 770 1433 269 1433 268 1433 770 1434 268 1434 771 1434 771 1434 268 1434 267 1434 771 1419 267 1419 772 1419 772 1419 267 1419 266 1419 772 1435 266 1435 773 1435 773 1435 266 1435 265 1435 773 1397 265 1397 750 1397 750 1397 265 1397 264 1397 750 1436 264 1436 751 1436 751 1436 264 1436 255 1436 751 1437 255 1437 752 1437 752 1437 255 1437 257 1437 752 1400 257 1400 753 1400 753 1400 257 1400 256 1400 753 1438 256 1438 754 1438 754 1438 256 1438 252 1438 754 1402 252 1402 777 1402 777 1402 252 1402 251 1402 777 1439 251 1439 778 1439 778 1439 251 1439 290 1439 778 1404 290 1404 779 1404 779 1404 290 1404 289 1404 779 1405 289 1405 780 1405 780 1405 289 1405 288 1405 780 1406 288 1406 781 1406 781 1406 288 1406 284 1406 781 1440 284 1440 782 1440 782 1440 284 1440 286 1440 782 1441 286 1441 783 1441 783 1441 286 1441 287 1441 783 1409 287 1409 776 1409 776 1409 287 1409 283 1409 776 1410 283 1410 774 1410 774 1410 283 1410 282 1410 774 1411 282 1411 755 1411 755 1411 282 1411 280 1411 755 1442 280 1442 756 1442 756 1442 280 1442 279 1442 756 1413 279 1413 758 1413 758 1413 279 1413 263 1413 758 1443 263 1443 759 1443 759 1443 263 1443 262 1443 759 1415 262 1415 763 1415 763 1415 262 1415 261 1415 763 1444 261 1444 764 1444 764 1444 261 1444 278 1444 525 1124 360 1124 526 1124 526 1124 360 1124 359 1124 526 1089 359 1089 530 1089 530 1089 359 1089 358 1089 530 1090 358 1090 531 1090 531 1090 358 1090 357 1090 531 1125 357 1125 532 1125 532 1125 357 1125 367 1125 532 1126 367 1126 536 1126 536 1126 367 1126 366 1126 536 1093 366 1093 537 1093 537 1093 366 1093 345 1093 537 1127 345 1127 511 1127 511 1127 345 1127 344 1127 511 1095 344 1095 512 1095 512 1095 344 1095 351 1095 512 1128 351 1128 520 1128 520 1128 351 1128 350 1128 520 1129 350 1129 521 1129 521 1129 350 1129 349 1129 521 1098 349 1098 508 1098 508 1098 349 1098 343 1098 508 1130 343 1130 509 1130 509 1130 343 1130 292 1130 509 1100 292 1100 562 1100 562 1100 292 1100 291 1100 562 1101 291 1101 560 1101 560 1101 291 1101 311 1101 560 1131 311 1131 558 1131 558 1131 311 1131 310 1131 558 1132 310 1132 576 1132 576 1132 310 1132 308 1132 576 1104 308 1104 577 1104 577 1104 308 1104 307 1104 577 1133 307 1133 579 1133 579 1133 307 1133 328 1133 581 1134 324 1134 582 1134 582 1134 324 1134 317 1134 582 1107 317 1107 575 1107 575 1107 317 1107 319 1107 575 1135 319 1135 573 1135 573 1135 319 1135 323 1135 573 1136 323 1136 556 1136 556 1136 323 1136 322 1136 556 1110 322 1110 569 1110 569 1110 322 1110 356 1110 569 1111 356 1111 518 1111 518 1111 356 1111 355 1111 518 1137 355 1137 519 1137 519 1137 355 1137 353 1137 519 1113 353 1113 533 1113 533 1113 353 1113 352 1113 533 1138 352 1138 534 1138 534 1138 352 1138 370 1138 534 1139 370 1139 535 1139 535 1139 370 1139 369 1139 535 1116 369 1116 514 1116 514 1116 369 1116 368 1116 514 1140 368 1140 515 1140 515 1140 368 1140 365 1140 515 1118 365 1118 522 1118 522 1118 365 1118 364 1118 522 1141 364 1141 523 1141 523 1141 364 1141 363 1141 523 1142 363 1142 524 1142 524 1142 363 1142 347 1142 524 1121 347 1121 527 1121 527 1121 347 1121 346 1121 527 1122 346 1122 528 1122 528 1122 346 1122 362 1122 528 1143 362 1143 529 1143 529 1143 362 1143 361 1143 324 522 581 522 328 522 328 522 581 522 579 522 361 523 360 523 529 523 529 523 360 523 525 523 885 1088 426 1088 878 1088 878 1088 426 1088 425 1088 878 1089 425 1089 877 1089 877 1089 425 1089 416 1089 877 1090 416 1090 876 1090 876 1090 416 1090 415 1090 876 1091 415 1091 895 1091 895 1091 415 1091 414 1091 895 1092 414 1092 896 1092 896 1092 414 1092 435 1092 896 1093 435 1093 897 1093 897 1093 435 1093 434 1093 897 1094 434 1094 900 1094 900 1094 434 1094 433 1094 900 1095 433 1095 901 1095 901 1095 433 1095 432 1095 901 1096 432 1096 902 1096 902 1096 432 1096 431 1096 902 1097 431 1097 879 1097 879 1097 431 1097 430 1097 879 1098 430 1098 880 1098 880 1098 430 1098 424 1098 880 1099 424 1099 881 1099 881 1099 424 1099 423 1099 881 1100 423 1100 882 1100 882 1100 423 1100 429 1100 882 1101 429 1101 886 1101 886 1101 429 1101 428 1101 886 1102 428 1102 887 1102 887 1102 428 1102 413 1102 887 1103 413 1103 888 1103 888 1103 413 1103 412 1103 888 1104 412 1104 889 1104 889 1104 412 1104 438 1104 889 1105 438 1105 890 1105 890 1105 438 1105 437 1105 891 1106 436 1106 875 1106 875 1106 436 1106 420 1106 875 1107 420 1107 874 1107 874 1107 420 1107 421 1107 874 1108 421 1108 873 1108 873 1108 421 1108 422 1108 873 1109 422 1109 892 1109 892 1109 422 1109 446 1109 892 1110 446 1110 893 1110 893 1110 446 1110 445 1110 893 1111 445 1111 894 1111 894 1111 445 1111 442 1111 894 1112 442 1112 898 1112 898 1112 442 1112 443 1112 898 1113 443 1113 899 1113 899 1113 443 1113 444 1113 899 1114 444 1114 866 1114 866 1114 444 1114 449 1114 866 1115 449 1115 865 1115 865 1115 449 1115 448 1115 865 1116 448 1116 867 1116 867 1116 448 1116 447 1116 867 1117 447 1117 868 1117 868 1117 447 1117 441 1117 868 1118 441 1118 869 1118 869 1118 441 1118 440 1118 869 1119 440 1119 870 1119 870 1119 440 1119 439 1119 870 1120 439 1120 871 1120 871 1120 439 1120 417 1120 871 1121 417 1121 872 1121 872 1121 417 1121 418 1121 872 1122 418 1122 883 1122 883 1122 418 1122 419 1122 883 1123 419 1123 884 1123 884 1123 419 1123 427 1123 436 522 891 522 437 522 437 522 891 522 890 522 427 523 426 523 884 523 884 523 426 523 885 523 934 1088 472 1088 920 1088 920 1088 472 1088 471 1088 920 1144 471 1144 919 1144 919 1144 471 1144 456 1144 919 1145 456 1145 918 1145 918 1145 456 1145 455 1145 918 1091 455 1091 935 1091 935 1091 455 1091 464 1091 935 1092 464 1092 936 1092 936 1092 464 1092 463 1092 936 1093 463 1093 937 1093 937 1093 463 1093 454 1093 937 1094 454 1094 938 1094 938 1094 454 1094 453 1094 938 1146 453 1146 939 1146 939 1146 453 1146 470 1146 939 1156 470 1156 940 1156 940 1156 470 1156 469 1156 940 1157 469 1157 927 1157 927 1157 469 1157 468 1157 927 1149 468 1149 928 1149 928 1149 468 1149 462 1149 928 1099 462 1099 929 1099 929 1099 462 1099 461 1099 929 1100 461 1100 914 1100 914 1100 461 1100 460 1100 914 1101 460 1101 915 1101 915 1101 460 1101 459 1101 915 1102 459 1102 916 1102 916 1102 459 1102 458 1102 916 1158 458 1158 917 1158 917 1158 458 1158 457 1158 917 1151 457 1151 921 1151 921 1151 457 1151 481 1151 921 1105 481 1105 922 1105 922 1105 481 1105 480 1105 923 1106 479 1106 913 1106 913 1106 479 1106 478 1106 913 1107 478 1107 912 1107 912 1107 478 1107 477 1107 912 1108 477 1108 911 1108 911 1108 477 1108 476 1108 911 1109 476 1109 924 1109 924 1109 476 1109 475 1109 924 1110 475 1110 925 1110 925 1110 475 1110 474 1110 925 1152 474 1152 926 1152 926 1152 474 1152 487 1152 926 1159 487 1159 930 1159 930 1159 487 1159 486 1159 930 1113 486 1113 931 1113 931 1113 486 1113 485 1113 931 1114 485 1114 903 1114 903 1114 485 1114 484 1114 903 1115 484 1115 904 1115 904 1115 484 1115 483 1115 904 1116 483 1116 905 1116 905 1116 483 1116 482 1116 905 1160 482 1160 906 1160 906 1160 482 1160 467 1160 906 1155 467 1155 907 1155 907 1155 467 1155 466 1155 907 1119 466 1119 908 1119 908 1119 466 1119 465 1119 908 1120 465 1120 909 1120 909 1120 465 1120 450 1120 909 1121 450 1121 910 1121 910 1121 450 1121 451 1121 910 1122 451 1122 932 1122 932 1122 451 1122 452 1122 932 1123 452 1123 933 1123 933 1123 452 1123 473 1123 479 522 923 522 480 522 480 522 923 522 922 522 473 523 472 523 933 523 933 523 472 523 934 523 850 1124 84 1124 851 1124 851 1124 84 1124 88 1124 851 1144 88 1144 853 1144 853 1144 88 1144 87 1144 853 1145 87 1145 854 1145 854 1145 87 1145 77 1145 854 1125 77 1125 855 1125 855 1125 77 1125 76 1125 855 1126 76 1126 856 1126 856 1126 76 1126 75 1126 856 1093 75 1093 857 1093 857 1093 75 1093 64 1093 857 1127 64 1127 858 1127 858 1127 64 1127 63 1127 858 1146 63 1146 859 1146 859 1146 63 1146 74 1146 859 1147 74 1147 860 1147 860 1147 74 1147 73 1147 860 1148 73 1148 843 1148 843 1148 73 1148 72 1148 843 1149 72 1149 842 1149 842 1149 72 1149 62 1149 842 1130 62 1130 840 1130 840 1130 62 1130 61 1130 840 1100 61 1100 817 1100 817 1100 61 1100 33 1100 817 1101 33 1101 815 1101 815 1101 33 1101 35 1101 815 1131 35 1131 813 1131 813 1131 35 1131 36 1131 813 1150 36 1150 825 1150 825 1150 36 1150 60 1150 825 1151 60 1151 826 1151 826 1151 60 1151 59 1151 826 1133 59 1133 828 1133 828 1133 59 1133 57 1133 830 1134 55 1134 831 1134 831 1134 55 1134 53 1134 831 1107 53 1107 797 1107 797 1107 53 1107 52 1107 797 1135 52 1135 795 1135 795 1135 52 1135 46 1135 795 1136 46 1136 789 1136 789 1136 46 1136 47 1136 789 1110 47 1110 835 1110 835 1110 47 1110 13 1110 835 1152 13 1152 836 1152 836 1152 13 1152 71 1152 836 1153 71 1153 837 1153 837 1153 71 1153 70 1153 837 1113 70 1113 844 1113 844 1113 70 1113 69 1113 844 1138 69 1138 845 1138 845 1138 69 1138 80 1138 845 1139 80 1139 846 1139 846 1139 80 1139 79 1139 846 1116 79 1116 838 1116 838 1116 79 1116 78 1116 838 1154 78 1154 839 1154 839 1154 78 1154 67 1154 839 1155 67 1155 847 1155 847 1155 67 1155 66 1155 847 1141 66 1141 848 1141 848 1141 66 1141 83 1141 848 1142 83 1142 849 1142 849 1142 83 1142 82 1142 849 1121 82 1121 861 1121 861 1121 82 1121 81 1121 861 1122 81 1122 862 1122 862 1122 81 1122 86 1122 862 1143 86 1143 863 1143 863 1143 86 1143 85 1143 55 522 830 522 57 522 57 522 830 522 828 522 85 523 84 523 863 523 863 523 84 523 850 523 1796 0 1797 0 1798 0 1799 0 1800 0 1801 0 1802 1445 1803 1445 1804 1445 1805 0 1806 0 1802 0 1802 1446 1806 1446 1807 1446 1802 1447 1807 1447 1803 1447 1801 1448 1808 1448 1799 1448 1799 1449 1808 1449 1809 1449 1799 1450 1809 1450 1810 1450 1811 0 1812 0 1813 0 1813 1451 1812 1451 1814 1451 1810 1452 1815 1452 1799 1452 1799 1453 1815 1453 1816 1453 1799 1454 1816 1454 1817 1454 1804 0 1818 0 1802 0 1802 1455 1818 1455 1819 1455 1802 0 1819 0 1813 0 1813 1456 1819 1456 1820 1456 1813 1457 1820 1457 1811 1457 1814 0 1821 0 1813 0 1813 0 1821 0 1822 0 1813 1458 1822 1458 1823 1458 1817 0 1824 0 1825 0 1825 1459 1824 1459 1826 1459 1825 0 1826 0 1827 0 1827 1460 1826 1460 1828 1460 1829 0 1830 0 1800 0 1830 0 1831 0 1800 0 1800 0 1831 0 1832 0 1800 1461 1832 1461 1833 1461 1833 0 1834 0 1800 0 1800 1462 1834 1462 1835 1462 1800 1463 1835 1463 1801 1463 1836 1464 1837 1464 1838 1464 1805 0 1839 0 1806 0 1806 0 1839 0 1838 0 1806 0 1838 0 1840 0 1840 0 1838 0 1837 0 1823 217 1841 217 1813 217 1813 1465 1841 1465 1842 1465 1813 1466 1842 1466 1800 1466 1800 0 1842 0 1843 0 1800 1467 1843 1467 1829 1467 1838 1468 1844 1468 1836 1468 1836 0 1844 0 1845 0 1836 0 1845 0 1846 0 1846 0 1845 0 1847 0 1846 0 1847 0 1848 0 1848 0 1847 0 1849 0 1848 0 1849 0 1850 0 1850 0 1849 0 1851 0 1850 0 1851 0 1826 0 1826 0 1851 0 1852 0 1826 0 1852 0 1828 0 1817 0 1825 0 1799 0 1799 1469 1825 1469 1853 1469 1799 1470 1853 1470 1854 1470 1855 45 1856 45 1857 45 1858 0 1859 0 1860 0 1861 0 1862 0 1802 0 1802 1471 1862 1471 1863 1471 1802 84 1863 84 1805 84 1854 0 1864 0 1799 0 1799 1472 1864 1472 1865 1472 1799 0 1865 0 1857 0 1857 1473 1865 1473 1866 1473 1857 46 1866 46 1855 46 1856 0 1867 0 1857 0 1857 1474 1867 1474 1868 1474 1857 0 1868 0 1869 0 1859 0 1870 0 1860 0 1860 1475 1870 1475 1871 1475 1860 0 1871 0 1802 0 1802 1476 1871 1476 1872 1476 1802 1477 1872 1477 1861 1477 1873 0 1874 0 1860 0 1860 0 1874 0 1875 0 1860 1478 1875 1478 1858 1478 1876 0 1877 0 1860 0 1860 1479 1877 1479 1878 1479 1860 1480 1878 1480 1873 1480 1869 0 1879 0 1857 0 1857 1481 1879 1481 1880 1481 1857 1482 1880 1482 1876 1482 1881 0 1882 0 1883 0 1882 0 1884 0 1883 0 1883 1483 1884 1483 1885 1483 1883 1484 1885 1484 1886 1484 1886 28 1887 28 1883 28 1883 33 1887 33 1888 33 1883 0 1888 0 1889 0 1890 29 1891 29 1892 29 1893 1485 1894 1485 1895 1485 1895 0 1894 0 1896 0 1893 0 1897 0 1894 0 1894 0 1897 0 1898 0 1894 1486 1898 1486 1883 1486 1883 1487 1898 1487 1899 1487 1883 1488 1899 1488 1881 1488 1888 1489 1900 1489 1889 1489 1889 31 1900 31 1901 31 1889 1490 1901 1490 1902 1490 1903 0 1904 0 1894 0 1904 0 1905 0 1894 0 1894 1491 1905 1491 1906 1491 1894 0 1906 0 1896 0 1892 0 1907 0 1890 0 1890 37 1907 37 1908 37 1890 0 1908 0 1894 0 1894 1492 1908 1492 1909 1492 1894 1493 1909 1493 1903 1493 1910 0 1911 0 1890 0 1890 1494 1911 1494 1912 1494 1890 1495 1912 1495 1891 1495 1902 1496 1913 1496 1889 1496 1889 1497 1913 1497 1914 1497 1889 0 1914 0 1915 0 1916 1498 1917 1498 1910 1498 1910 1499 1917 1499 1918 1499 1910 0 1918 0 1911 0 1914 0 1919 0 1915 0 1915 0 1919 0 1920 0 1915 1500 1920 1500 1921 1500 1921 0 1922 0 1915 0 1915 1501 1922 1501 1923 1501 1915 1502 1923 1502 1910 1502 1910 0 1923 0 1924 0 1910 1503 1924 1503 1916 1503 1925 0 1926 0 1927 0 1928 1504 1929 1504 1930 1504 1930 0 1929 0 1931 0 1932 0 1927 0 1933 0 1933 0 1927 0 1934 0 1935 0 1936 0 1937 0 1926 0 1938 0 1927 0 1927 38 1938 38 1939 38 1927 1505 1939 1505 1934 1505 1932 0 1940 0 1941 0 1941 37 1940 37 1942 37 1941 1506 1942 1506 1943 1506 1928 0 1944 0 1929 0 1929 0 1944 0 1945 0 1929 0 1945 0 1927 0 1927 39 1945 39 1946 39 1927 40 1946 40 1925 40 1947 0 1948 0 1929 0 1936 1507 1949 1507 1937 1507 1937 1508 1949 1508 1950 1508 1937 0 1950 0 1929 0 1929 1509 1950 1509 1951 1509 1929 1510 1951 1510 1947 1510 1948 0 1952 0 1929 0 1929 1511 1952 1511 1953 1511 1929 0 1953 0 1931 0 1954 0 1955 0 1937 0 1937 1512 1955 1512 1956 1512 1937 1513 1956 1513 1935 1513 1957 1514 1958 1514 1959 1514 1943 0 1960 0 1941 0 1941 30 1960 30 1961 30 1941 0 1961 0 1957 0 1957 1515 1961 1515 1962 1515 1957 0 1962 0 1958 0 1963 1516 1964 1516 1954 1516 1954 1517 1964 1517 1965 1517 1954 0 1965 0 1955 0 1959 1498 1966 1498 1957 1498 1957 1518 1966 1518 1967 1518 1957 0 1967 0 1954 0 1954 0 1967 0 1968 0 1954 1519 1968 1519 1963 1519 1969 0 1970 0 1890 0 1971 139 1972 139 1941 139 1973 0 1974 0 1890 0 1890 1520 1974 1520 1975 1520 1890 1521 1975 1521 1969 1521 1971 0 1941 0 1970 0 1976 0 1977 0 1927 0 1978 1522 1979 1522 1894 1522 1894 0 1979 0 1980 0 1894 132 1980 132 1981 132 1982 1523 1983 1523 1890 1523 1890 0 1983 0 1984 0 1890 135 1984 135 1973 135 1972 0 1985 0 1941 0 1941 141 1985 141 1986 141 1941 135 1986 135 1987 135 1932 0 1941 0 1927 0 1927 0 1941 0 1988 0 1927 1524 1988 1524 1976 1524 1981 131 1989 131 1894 131 1894 1525 1989 1525 1990 1525 1894 0 1990 0 1890 0 1890 1526 1990 1526 1991 1526 1890 143 1991 143 1982 143 1987 0 1992 0 1941 0 1941 1527 1992 1527 1993 1527 1941 1528 1993 1528 1988 1528 1977 131 1994 131 1927 131 1927 132 1994 132 1995 132 1927 0 1995 0 1996 0 1997 1529 1998 1529 1894 1529 1999 0 1894 0 2000 0 2000 0 1894 0 2001 0 1997 0 1894 0 2002 0 1998 1530 2003 1530 1894 1530 1894 0 2003 0 2004 0 1894 1531 2004 1531 2001 1531 2005 0 2006 0 2007 0 2008 149 2009 149 2010 149 2011 0 2012 0 2010 0 2010 1532 2012 1532 2013 1532 2010 1533 2013 1533 2014 1533 2009 0 2015 0 2010 0 2010 1534 2015 1534 2016 1534 2010 1535 2016 1535 2011 1535 1978 0 1894 0 2017 0 2017 0 1894 0 1999 0 2017 0 1999 0 2018 0 2018 0 1999 0 2019 0 2018 0 2019 0 2020 0 2005 0 2007 0 2021 0 2022 0 2006 0 2023 0 2020 0 2019 0 2024 0 2024 0 2019 0 2025 0 2024 0 2025 0 2023 0 2023 0 2025 0 2026 0 2023 0 2026 0 2022 0 2007 0 2027 0 2010 0 2010 1536 2027 1536 2028 1536 2010 1537 2028 1537 2008 1537 2022 0 2029 0 2006 0 2006 0 2029 0 2030 0 2006 1538 2030 1538 2031 1538 2032 0 2033 0 2007 0 2007 1539 2033 1539 2034 1539 2007 1540 2034 1540 2027 1540 2035 0 2036 0 2007 0 2007 200 2036 200 2037 200 2031 0 2038 0 2006 0 2006 0 2038 0 2039 0 2006 0 2039 0 2007 0 2007 1541 2039 1541 2040 1541 2007 1542 2040 1542 2035 1542 2037 195 2041 195 2007 195 2007 0 2041 0 2042 0 2007 1543 2042 1543 2032 1543 2043 0 2044 0 2045 0 2046 0 2045 0 2047 0 2044 1544 2048 1544 2045 1544 2045 1545 2048 1545 2049 1545 2045 102 2049 102 2047 102 2050 0 1802 0 2051 0 2051 1546 1802 1546 2052 1546 2053 101 2054 101 1860 101 1860 108 2054 108 2055 108 2047 0 2056 0 2046 0 2046 104 2056 104 2057 104 2046 1547 2057 1547 2058 1547 2058 0 2059 0 2046 0 2046 1548 2059 1548 2060 1548 2046 1549 2060 1549 2061 1549 2061 0 2062 0 2046 0 2046 1550 2062 1550 2063 1550 2046 1551 2063 1551 2064 1551 2065 91 2066 91 1802 91 1802 1552 2066 1552 2067 1552 1802 1553 2067 1553 2052 1553 2050 1554 2068 1554 1802 1554 1802 104 2068 104 2069 104 1802 0 2069 0 1860 0 1860 1555 2069 1555 2070 1555 1860 1556 2070 1556 2053 1556 2055 0 2071 0 1860 0 1860 1557 2071 1557 2072 1557 1860 0 2072 0 2073 0 2073 1558 2072 1558 2074 1558 2073 1559 2074 1559 2075 1559 2076 0 2077 0 2078 0 2078 0 2077 0 2073 0 2078 0 2073 0 2079 0 2079 1560 2073 1560 2075 1560 2076 112 2080 112 2077 112 2077 1561 2080 1561 2081 1561 2077 0 2081 0 2045 0 2045 1562 2081 1562 2082 1562 2045 1563 2082 1563 2043 1563 2083 1564 2084 1564 2085 1564 2086 0 2087 0 2046 0 2086 0 2046 0 2088 0 2089 1565 2090 1565 2091 1565 2092 0 2093 0 2089 0 2089 254 2093 254 2094 254 2089 0 2094 0 2046 0 2046 1566 2094 1566 2095 1566 2046 1567 2095 1567 2088 1567 2087 0 2096 0 2046 0 2046 1568 2096 1568 2097 1568 2046 0 2097 0 2098 0 2099 0 2100 0 2101 0 2101 1569 2100 1569 2102 1569 2101 1464 2102 1464 2085 1464 2085 1570 2102 1570 2103 1570 2085 0 2103 0 2083 0 2090 1571 2089 1571 2104 1571 2091 0 2105 0 2089 0 2089 1572 2105 1572 2106 1572 2089 1573 2106 1573 2092 1573 2107 1574 2108 1574 2109 1574 2109 1575 2108 1575 2110 1575 2109 1576 2110 1576 2111 1576 2111 0 2110 0 2112 0 2113 0 2114 0 2112 0 2112 0 2114 0 2115 0 2112 15 2115 15 2111 15 2116 0 2117 0 2109 0 2109 0 2117 0 2118 0 2109 0 2118 0 2107 0 2101 0 2119 0 2099 0 2099 0 2119 0 2117 0 2099 0 2117 0 2120 0 2120 0 2117 0 2116 0 2113 0 2121 0 2114 0 2114 0 2121 0 2122 0 2114 0 2122 0 2123 0 2123 1577 2122 1577 2124 1577 2123 1578 2124 1578 2125 1578 2125 0 2126 0 2123 0 2123 1579 2126 1579 2127 1579 2123 1580 2127 1580 2128 1580 2128 0 2129 0 2123 0 2123 0 2129 0 2130 0 2123 1581 2130 1581 2131 1581 2131 1582 2132 1582 2123 1582 2123 1583 2132 1583 2133 1583 2123 0 2133 0 2089 0 2089 0 2133 0 2134 0 2089 249 2134 249 2104 249 2135 0 2046 0 2084 0 2084 0 2046 0 2098 0 2084 1584 2098 1584 2085 1584 2136 0 2137 0 2045 0 2138 0 2139 0 2140 0 2135 0 2141 0 2046 0 2046 1585 2141 1585 2142 1585 2046 0 2142 0 2045 0 2045 1586 2142 1586 2143 1586 2045 1587 2143 1587 2136 1587 2144 0 2145 0 2146 0 2146 1588 2145 1588 2147 1588 2146 0 2147 0 2123 0 2123 1589 2147 1589 2148 1589 2123 1590 2148 1590 2114 1590 2149 0 2150 0 2045 0 2045 1480 2150 1480 2151 1480 2045 1591 2151 1591 2152 1591 2152 0 2153 0 2140 0 2140 1592 2153 1592 2154 1592 2140 1593 2154 1593 2138 1593 2139 0 2155 0 2140 0 2140 1594 2155 1594 2156 1594 2140 1595 2156 1595 2157 1595 2137 0 2158 0 2045 0 2045 55 2158 55 2159 55 2045 0 2159 0 2149 0 2157 0 2160 0 2140 0 2140 1596 2160 1596 2161 1596 2140 0 2161 0 2146 0 2146 1597 2161 1597 2162 1597 2146 1598 2162 1598 2144 1598 2163 0 2164 0 2073 0 2073 1599 2164 1599 2165 1599 2166 1600 2167 1600 2168 1600 2168 0 2167 0 2169 0 2170 0 2077 0 2171 0 2171 0 2077 0 2172 0 2171 197 2172 197 2173 197 2165 196 2174 196 2073 196 2073 1601 2174 1601 2175 1601 2073 0 2175 0 2168 0 2168 1602 2175 1602 2176 1602 2168 1603 2176 1603 2166 1603 2170 0 2177 0 2077 0 2077 200 2177 200 2178 200 2077 1604 2178 1604 2179 1604 2179 0 2180 0 2077 0 2077 1605 2180 1605 2181 1605 2077 1606 2181 1606 2182 1606 2183 150 2184 150 2073 150 2185 0 2186 0 2172 0 2172 115 2186 115 2187 115 2184 0 2188 0 2073 0 2073 1607 2188 1607 2189 1607 2073 1543 2189 1543 2163 1543 2169 1608 2190 1608 2168 1608 2168 1558 2190 1558 2191 1558 2168 1559 2191 1559 2192 1559 2192 1560 2193 1560 2168 1560 2168 1609 2193 1609 2194 1609 2168 0 2194 0 2172 0 2172 118 2194 118 2195 118 2172 1610 2195 1610 2185 1610 2187 1611 2196 1611 2172 1611 2172 0 2196 0 2197 0 2172 113 2197 113 2173 113 2182 0 2198 0 2077 0 2077 1540 2198 1540 2199 1540 2077 0 2199 0 2073 0 2073 1612 2199 1612 2200 1612 2073 1613 2200 1613 2183 1613 2152 0 2140 0 2045 0 2045 0 2140 0 2201 0 2045 0 2201 0 2077 0 2077 0 2201 0 2202 0 2077 0 2202 0 2172 0 1876 0 1860 0 1857 0 1857 0 1860 0 2073 0 1857 0 2073 0 2203 0 2203 0 2073 0 2168 0 2203 0 2168 0 1796 0 2204 0 2205 0 1957 0 2206 0 2207 0 2089 0 2089 1614 2207 1614 2208 1614 2209 0 2123 0 2210 0 2210 1615 2123 1615 2211 1615 2212 86 1954 86 2213 86 2213 0 1954 0 2214 0 1957 1616 2215 1616 2216 1616 2208 1617 2217 1617 2089 1617 2089 1618 2217 1618 2218 1618 2089 0 2218 0 2123 0 2123 0 2218 0 2219 0 2123 1619 2219 1619 2211 1619 2205 0 2220 0 1957 0 1957 1620 2220 1620 2221 1620 1957 1621 2221 1621 2215 1621 2216 0 2222 0 1957 0 1957 1622 2222 1622 2223 1622 1957 0 2223 0 2089 0 2089 1623 2223 1623 2224 1623 2089 13 2224 13 2225 13 2225 0 2226 0 2089 0 2089 1624 2226 1624 2227 1624 2089 1625 2227 1625 2206 1625 2212 0 2228 0 1954 0 1954 0 2228 0 2229 0 1954 0 2229 0 1957 0 1957 1626 2229 1626 2230 1626 1957 1627 2230 1627 2204 1627 2209 0 2231 0 2123 0 2123 1628 2231 1628 2232 1628 2123 1629 2232 1629 2233 1629 2234 0 1954 0 2235 0 2235 1630 1954 1630 2236 1630 2234 0 2237 0 1954 0 1954 1631 2237 1631 2238 1631 1954 0 2238 0 2214 0 2233 0 2239 0 2123 0 2123 1632 2239 1632 2240 1632 2123 0 2240 0 1954 0 1954 1633 2240 1633 2241 1633 1954 1634 2241 1634 2236 1634 2242 0 1813 0 2243 0 2243 162 1813 162 2244 162 2245 1635 2246 1635 1800 1635 1800 1636 2247 1636 2248 1636 2249 0 2250 0 1915 0 1915 0 2250 0 2251 0 2251 0 2252 0 1915 0 1915 1637 2252 1637 2253 1637 1915 1638 2253 1638 2254 1638 2246 0 2255 0 1800 0 1800 1639 2255 1639 2256 1639 1800 0 2256 0 2247 0 2242 0 2257 0 1813 0 1813 1640 2257 1640 2258 1640 1813 1641 2258 1641 2259 1641 2254 0 2260 0 1915 0 1915 1642 2260 1642 2261 1642 1915 0 2261 0 1800 0 1800 1643 2261 1643 2262 1643 1800 1644 2262 1644 2245 1644 2248 0 2263 0 1800 0 1800 1645 2263 1645 2264 1645 1800 23 2264 23 1813 23 1813 0 2264 0 2265 0 1813 1646 2265 1646 2244 1646 2266 0 2267 0 1910 0 2267 0 2268 0 1910 0 1910 1647 2268 1647 2269 1647 1910 1627 2269 1627 2270 1627 2270 0 2271 0 1910 0 1910 0 2271 0 2272 0 1910 1648 2272 1648 1915 1648 1915 1649 2272 1649 2273 1649 1915 1650 2273 1650 2249 1650 2259 0 2274 0 1813 0 1813 1651 2274 1651 2275 1651 1813 0 2275 0 1910 0 1910 1652 2275 1652 2276 1652 1910 1653 2276 1653 2277 1653 2277 0 2278 0 1910 0 1910 1654 2278 1654 2279 1654 1910 1655 2279 1655 2266 1655 1970 0 1941 0 1890 0 1890 0 1941 0 1957 0 1890 0 1957 0 1910 0 1910 0 1957 0 2089 0 1910 0 2089 0 1813 0 1813 0 2089 0 2046 0 1813 0 2046 0 1802 0 1802 0 2046 0 2064 0 1802 1656 2064 1656 2065 1656 1996 1657 2021 1657 1927 1657 1927 0 2021 0 2007 0 1927 0 2007 0 1929 0 1929 0 2007 0 2280 0 1883 0 2281 0 1894 0 1894 0 2281 0 2010 0 1894 0 2010 0 2002 0 2002 0 2010 0 2014 0 1796 0 1798 0 2203 0 2203 0 1798 0 2282 0 2203 0 2282 0 1857 0 1857 0 2282 0 2283 0 1857 0 2283 0 1799 0 1799 0 2283 0 2284 0 1799 0 2284 0 1800 0 1800 0 2284 0 2285 0 1800 0 2285 0 1915 0 1915 0 2285 0 2286 0 1915 0 2286 0 1889 0 1889 0 2286 0 2287 0 1889 0 2287 0 1883 0 1883 0 2287 0 2288 0 1883 0 2288 0 2281 0 2289 260 2290 260 2291 260 2292 260 2293 260 2294 260 2295 260 2296 260 2294 260 2297 1658 2298 1658 2299 1658 2300 260 2301 260 2302 260 2303 260 2304 260 2305 260 2306 260 2307 260 2308 260 2309 1659 2310 1659 2311 1659 2304 260 2312 260 2302 260 2302 1660 2312 1660 2313 1660 2302 1661 2313 1661 2300 1661 2307 260 2314 260 2308 260 2308 1662 2314 1662 2315 1662 2308 260 2315 260 2316 260 2317 260 2318 260 2305 260 2316 260 2319 260 2308 260 2308 1663 2319 1663 2320 1663 2308 1664 2320 1664 2321 1664 2318 1665 2322 1665 2305 1665 2305 1666 2322 1666 2323 1666 2305 260 2323 260 2324 260 2311 1667 2325 1667 2309 1667 2309 1668 2325 1668 2326 1668 2309 260 2326 260 2308 260 2308 1669 2326 1669 2327 1669 2308 1670 2327 1670 2306 1670 2324 260 2328 260 2305 260 2305 1671 2328 1671 2329 1671 2305 1672 2329 1672 2303 1672 2330 260 2331 260 2332 260 2333 260 2334 260 2335 260 2335 260 2334 260 2336 260 2333 260 2337 260 2334 260 2334 260 2337 260 2338 260 2334 1673 2338 1673 2339 1673 2330 1674 2332 1674 2340 1674 2332 260 2341 260 2309 260 2309 1675 2341 1675 2342 1675 2343 260 2344 260 2332 260 2332 1676 2344 1676 2345 1676 2332 1677 2345 1677 2341 1677 2346 260 2347 260 2348 260 2348 260 2347 260 2349 260 2350 260 2351 260 2352 260 2352 1678 2351 1678 2353 1678 2352 260 2353 260 2354 260 2354 1679 2353 1679 2301 1679 2355 260 2356 260 2302 260 2302 1680 2356 1680 2357 1680 2302 1681 2357 1681 2358 1681 2331 260 2359 260 2332 260 2332 1682 2359 1682 2360 1682 2332 1683 2360 1683 2343 1683 2310 260 2309 260 2361 260 2361 1684 2309 1684 2342 1684 2361 1685 2342 1685 2348 1685 2348 260 2342 260 2362 260 2348 1686 2362 1686 2346 1686 2349 260 2363 260 2348 260 2348 1687 2363 1687 2364 1687 2348 1688 2364 1688 2365 1688 2365 1689 2364 1689 2366 1689 2365 1690 2366 1690 2367 1690 2350 1690 2368 1690 2351 1690 2351 260 2368 260 2369 260 2351 260 2369 260 2370 260 2370 260 2369 260 2371 260 2370 260 2371 260 2372 260 2372 260 2371 260 2373 260 2372 260 2373 260 2366 260 2366 260 2373 260 2374 260 2366 260 2374 260 2367 260 2301 260 2353 260 2302 260 2302 1691 2353 1691 2375 1691 2302 260 2375 260 2355 260 2358 260 2376 260 2302 260 2302 1692 2376 1692 2377 1692 2302 260 2377 260 2334 260 2334 1693 2377 1693 2378 1693 2334 1694 2378 1694 2336 1694 2339 1695 2379 1695 2334 1695 2334 493 2379 493 2380 493 2334 260 2380 260 2332 260 2332 260 2380 260 2381 260 2332 1696 2381 1696 2340 1696 2382 260 2383 260 2384 260 2385 260 2386 260 2387 260 2387 1697 2386 1697 2388 1697 2389 1698 2390 1698 2387 1698 2387 452 2390 452 2391 452 2392 260 2393 260 2292 260 2292 1699 2393 1699 2394 1699 2292 1700 2394 1700 2395 1700 2383 260 2396 260 2384 260 2384 438 2396 438 2397 438 2384 260 2397 260 2387 260 2387 1701 2397 1701 2398 1701 2387 1702 2398 1702 2385 1702 2388 260 2399 260 2387 260 2387 260 2399 260 2400 260 2387 1703 2400 1703 2389 1703 2401 260 2402 260 2403 260 2395 260 2404 260 2292 260 2292 1704 2404 1704 2405 1704 2292 1705 2405 1705 2406 1705 2406 260 2407 260 2292 260 2292 1706 2407 1706 2408 1706 2292 260 2408 260 2403 260 2403 1707 2408 1707 2409 1707 2403 1708 2409 1708 2401 1708 2402 260 2410 260 2403 260 2403 1709 2410 1709 2411 1709 2403 260 2411 260 2412 260 2412 1710 2411 1710 2413 1710 2413 260 2414 260 2412 260 2412 1711 2414 1711 2415 1711 2412 1712 2415 1712 2416 1712 2417 260 2418 260 2419 260 2419 260 2418 260 2420 260 2419 260 2420 260 2384 260 2384 1713 2420 1713 2421 1713 2384 434 2421 434 2382 434 2416 260 2422 260 2412 260 2412 260 2422 260 2423 260 2412 260 2423 260 2419 260 2419 1714 2423 1714 2424 1714 2419 1715 2424 1715 2417 1715 2425 260 2426 260 2427 260 2427 1716 2426 1716 2428 1716 2428 260 2429 260 2427 260 2427 1717 2429 1717 2430 1717 2427 1718 2430 1718 2431 1718 2431 260 2432 260 2427 260 2427 260 2432 260 2433 260 2427 1719 2433 1719 2434 1719 2434 1720 2433 1720 2435 1720 2434 1721 2435 1721 2436 1721 2436 260 2437 260 2434 260 2434 260 2437 260 2438 260 2434 260 2438 260 2439 260 2439 1722 2438 1722 2440 1722 2439 1723 2440 1723 2441 1723 2442 1724 2443 1724 2444 1724 2444 260 2445 260 2442 260 2442 1725 2445 1725 2446 1725 2442 1726 2446 1726 2447 1726 2439 260 2448 260 2442 260 2442 1727 2448 1727 2449 1727 2449 260 2450 260 2442 260 2442 1728 2450 1728 2451 1728 2442 1729 2451 1729 2443 1729 2452 260 2453 260 2299 260 2453 260 2454 260 2299 260 2299 451 2454 451 2455 451 2299 1730 2455 1730 2456 1730 2441 260 2457 260 2439 260 2439 1731 2457 1731 2458 1731 2439 1732 2458 1732 2448 1732 2459 260 2460 260 2425 260 2425 435 2460 435 2461 435 2425 1733 2461 1733 2426 1733 2456 260 2462 260 2299 260 2299 1734 2462 1734 2463 1734 2299 1735 2463 1735 2464 1735 2464 260 2465 260 2299 260 2299 1736 2465 1736 2466 1736 2299 260 2466 260 2425 260 2425 1737 2466 1737 2467 1737 2425 438 2467 438 2459 438 2468 260 2469 260 2425 260 2425 1738 2469 1738 2470 1738 2425 1739 2470 1739 2471 1739 2472 1740 2473 1740 2387 1740 2471 260 2474 260 2425 260 2425 402 2474 402 2475 402 2425 260 2475 260 2476 260 2477 396 2478 396 2299 396 2299 393 2478 393 2479 393 2299 260 2479 260 2297 260 2480 260 2481 260 2384 260 2384 394 2481 394 2482 394 2384 1741 2482 1741 2483 1741 2473 396 2484 396 2387 396 2387 397 2484 397 2485 397 2387 260 2485 260 2384 260 2384 1742 2485 1742 2486 1742 2384 1743 2486 1743 2487 1743 2476 1744 2488 1744 2425 1744 2425 399 2488 399 2489 399 2425 260 2489 260 2299 260 2299 1745 2489 1745 2490 1745 2299 1746 2490 1746 2477 1746 2487 387 2491 387 2384 387 2384 260 2491 260 2492 260 2384 402 2492 402 2480 402 2493 260 2494 260 2387 260 2387 405 2494 405 2495 405 2387 260 2495 260 2472 260 2496 260 2497 260 2498 260 2498 260 2497 260 2499 260 2498 260 2499 260 2500 260 2501 260 2299 260 2498 260 2498 260 2299 260 2298 260 2498 260 2298 260 2496 260 2502 509 2503 509 2504 509 2504 1747 2503 1747 2505 1747 2504 1748 2505 1748 2506 1748 2507 260 2508 260 2509 260 2506 1749 2510 1749 2504 1749 2504 1750 2510 1750 2511 1750 2504 260 2511 260 2294 260 2294 1751 2511 1751 2512 1751 2294 1752 2512 1752 2513 1752 2508 260 2514 260 2509 260 2509 260 2514 260 2515 260 2509 260 2515 260 2516 260 2500 260 2499 260 2517 260 2517 260 2499 260 2518 260 2517 260 2518 260 2516 260 2516 260 2518 260 2519 260 2516 260 2519 260 2509 260 2501 260 2520 260 2299 260 2299 1753 2520 1753 2521 1753 2299 260 2521 260 2522 260 2523 510 2524 510 2504 510 2504 1754 2524 1754 2525 1754 2504 260 2525 260 2502 260 2513 260 2526 260 2294 260 2294 1755 2526 1755 2527 1755 2294 1756 2527 1756 2528 1756 2522 1757 2529 1757 2299 1757 2299 1758 2529 1758 2530 1758 2299 260 2530 260 2504 260 2504 1759 2530 1759 2531 1759 2504 1760 2531 1760 2523 1760 2528 260 2532 260 2294 260 2294 1761 2532 1761 2533 1761 2294 1762 2533 1762 2295 1762 2296 260 2534 260 2294 260 2294 1763 2534 1763 2535 1763 2294 260 2535 260 2509 260 2509 260 2535 260 2536 260 2509 260 2536 260 2507 260 2537 364 2538 364 2539 364 2539 260 2538 260 2540 260 2539 365 2540 365 2541 365 2304 260 2302 260 2305 260 2305 260 2302 260 2542 260 2305 362 2542 362 2543 362 2543 260 2544 260 2305 260 2305 1764 2544 1764 2545 1764 2305 1765 2545 1765 2546 1765 2547 1766 2548 1766 2549 1766 2549 260 2548 260 2550 260 2549 1765 2550 1765 2551 1765 2541 260 2552 260 2539 260 2539 1767 2552 1767 2553 1767 2539 1768 2553 1768 2554 1768 2551 352 2555 352 2549 352 2549 1769 2555 1769 2556 1769 2549 260 2556 260 2539 260 2539 1770 2556 1770 2557 1770 2539 361 2557 361 2537 361 2558 260 2559 260 2302 260 2302 1771 2559 1771 2560 1771 2560 260 2561 260 2302 260 2302 1772 2561 1772 2562 1772 2302 1773 2562 1773 2563 1773 2563 260 2564 260 2302 260 2302 1774 2564 1774 2565 1774 2302 361 2565 361 2542 361 2547 260 2549 260 2566 260 2566 260 2549 260 2567 260 2566 260 2567 260 2568 260 2546 260 2569 260 2305 260 2305 1775 2569 1775 2570 1775 2305 260 2570 260 2291 260 2291 368 2570 368 2571 368 2291 369 2571 369 2572 369 2572 1776 2573 1776 2291 1776 2291 371 2573 371 2574 371 2291 260 2574 260 2567 260 2567 1777 2574 1777 2575 1777 2567 1778 2575 1778 2568 1778 2576 260 2577 260 2539 260 2576 260 2539 260 2578 260 2577 260 2579 260 2539 260 2539 1779 2579 1779 2580 1779 2539 260 2580 260 2581 260 2582 260 2583 260 2584 260 2580 260 2585 260 2581 260 2581 1780 2585 1780 2586 1780 2581 1688 2586 1688 2587 1688 2587 1689 2586 1689 2588 1689 2587 1781 2588 1781 2589 1781 2590 260 2591 260 2592 260 2592 1782 2591 1782 2593 1782 2592 1783 2593 1783 2594 1783 2594 260 2595 260 2592 260 2592 260 2595 260 2596 260 2592 1784 2596 1784 2597 1784 2582 459 2584 459 2598 459 2583 260 2599 260 2584 260 2584 1785 2599 1785 2600 1785 2584 1786 2600 1786 2601 1786 2601 260 2602 260 2584 260 2584 1787 2602 1787 2603 1787 2584 260 2603 260 2539 260 2539 1788 2603 1788 2604 1788 2539 1789 2604 1789 2578 1789 2605 260 2606 260 2607 260 2607 1678 2606 1678 2608 1678 2607 260 2608 260 2609 260 2609 1790 2608 1790 2610 1790 2610 260 2611 260 2609 260 2609 260 2611 260 2612 260 2609 260 2612 260 2613 260 2614 260 2615 260 2592 260 2592 1791 2615 1791 2616 1791 2592 1792 2616 1792 2590 1792 2605 1781 2617 1781 2606 1781 2606 260 2617 260 2618 260 2606 260 2618 260 2619 260 2619 260 2618 260 2620 260 2619 260 2620 260 2621 260 2621 260 2620 260 2622 260 2621 260 2622 260 2588 260 2588 260 2622 260 2623 260 2588 260 2623 260 2589 260 2597 1793 2624 1793 2592 1793 2592 1794 2624 1794 2625 1794 2592 1795 2625 1795 2584 1795 2584 260 2625 260 2626 260 2584 1796 2626 1796 2598 1796 2581 260 2627 260 2539 260 2539 319 2627 319 2628 319 2539 1797 2628 1797 2629 1797 2630 260 2631 260 2549 260 2613 1798 2614 1798 2609 1798 2609 260 2614 260 2592 260 2609 260 2592 260 2632 260 2632 260 2592 260 2633 260 2632 260 2633 260 2634 260 2634 260 2633 260 2635 260 2629 260 2636 260 2539 260 2539 1799 2636 1799 2637 1799 2539 260 2637 260 2549 260 2549 1800 2637 1800 2638 1800 2549 1801 2638 1801 2630 1801 2631 260 2639 260 2549 260 2549 1802 2639 1802 2640 1802 2549 260 2640 260 2641 260 2642 454 2643 454 2644 454 2644 1803 2643 1803 2645 1803 2644 1804 2645 1804 2646 1804 2646 260 2647 260 2644 260 2644 1805 2647 1805 2648 1805 2644 1806 2648 1806 2649 1806 2649 260 2650 260 2644 260 2644 1807 2650 1807 2651 1807 2644 260 2651 260 2633 260 2633 1808 2651 1808 2652 1808 2633 1809 2652 1809 2635 1809 2641 260 2653 260 2549 260 2549 1810 2653 1810 2654 1810 2549 1811 2654 1811 2655 1811 2509 260 2493 260 2294 260 2294 260 2493 260 2387 260 2294 260 2387 260 2292 260 2292 260 2387 260 2391 260 2292 260 2391 260 2392 260 2504 260 2656 260 2299 260 2299 260 2656 260 2442 260 2299 521 2442 521 2452 521 2452 442 2442 442 2447 442 2332 260 2412 260 2657 260 2657 260 2412 260 2658 260 2657 260 2659 260 2332 260 2332 1812 2659 1812 2660 1812 2332 1813 2660 1813 2661 1813 2661 260 2662 260 2332 260 2332 260 2662 260 2663 260 2332 1814 2663 1814 2664 1814 2665 260 2412 260 2666 260 2666 1815 2412 1815 2667 1815 2668 260 2334 260 2669 260 2669 1816 2334 1816 2670 1816 2671 260 2672 260 2419 260 2419 1817 2672 1817 2673 1817 2419 1818 2673 1818 2674 1818 2664 1819 2675 1819 2332 1819 2332 1820 2675 1820 2676 1820 2332 260 2676 260 2334 260 2334 260 2676 260 2677 260 2334 1821 2677 1821 2670 1821 2674 260 2678 260 2419 260 2419 260 2678 260 2679 260 2419 323 2679 323 2680 323 2680 1822 2681 1822 2419 1822 2419 1823 2681 1823 2682 1823 2419 260 2682 260 2412 260 2412 260 2682 260 2683 260 2412 1824 2683 1824 2667 1824 2665 260 2684 260 2412 260 2412 1825 2684 1825 2685 1825 2412 1826 2685 1826 2686 1826 2668 260 2687 260 2334 260 2334 1827 2687 1827 2688 1827 2334 1828 2688 1828 2689 1828 2686 260 2690 260 2412 260 2412 1829 2690 1829 2691 1829 2412 1830 2691 1830 2658 1830 2689 260 2692 260 2334 260 2334 424 2692 424 2693 424 2334 260 2693 260 2419 260 2419 1831 2693 1831 2694 1831 2419 1832 2694 1832 2671 1832 2427 260 2695 260 2584 260 2584 1833 2695 1833 2696 1833 2696 260 2697 260 2584 260 2584 1834 2697 1834 2698 1834 2584 1835 2698 1835 2699 1835 2699 260 2700 260 2584 260 2584 260 2700 260 2701 260 2584 1836 2701 1836 2702 1836 2703 260 2427 260 2704 260 2704 1822 2427 1822 2705 1822 2706 260 2707 260 2434 260 2434 260 2707 260 2708 260 2434 1837 2708 1837 2709 1837 2710 260 2592 260 2711 260 2711 1838 2592 1838 2712 1838 2709 1839 2713 1839 2434 1839 2434 1840 2713 1840 2714 1840 2434 1841 2714 1841 2427 1841 2427 260 2714 260 2715 260 2427 1842 2715 1842 2705 1842 2703 260 2716 260 2427 260 2427 1843 2716 1843 2717 1843 2427 1844 2717 1844 2718 1844 2719 260 2720 260 2434 260 2434 1845 2720 1845 2721 1845 2434 1846 2721 1846 2706 1846 2718 260 2722 260 2427 260 2427 1847 2722 1847 2723 1847 2427 1848 2723 1848 2695 1848 2702 297 2724 297 2584 297 2584 1849 2724 1849 2725 1849 2584 432 2725 432 2592 432 2592 260 2725 260 2726 260 2592 1850 2726 1850 2712 1850 2710 260 2727 260 2592 260 2592 1851 2727 1851 2728 1851 2592 1852 2728 1852 2729 1852 2729 260 2730 260 2592 260 2592 1853 2730 1853 2731 1853 2592 260 2731 260 2434 260 2434 1854 2731 1854 2732 1854 2434 1855 2732 1855 2719 1855 2483 260 2468 260 2384 260 2384 260 2468 260 2425 260 2384 260 2425 260 2419 260 2419 260 2425 260 2427 260 2419 260 2427 260 2334 260 2334 260 2427 260 2584 260 2334 260 2584 260 2302 260 2302 260 2584 260 2539 260 2302 260 2539 260 2558 260 2558 260 2539 260 2554 260 2321 260 2317 260 2308 260 2308 260 2317 260 2305 260 2308 260 2305 260 2733 260 2733 260 2305 260 2291 260 2733 260 2291 260 2734 260 2734 260 2291 260 2735 260 2735 260 2291 260 2290 260 2735 383 2290 383 2736 383 2737 260 2738 260 2739 260 2739 1856 2738 1856 2740 1856 2741 1857 2742 1857 2567 1857 2567 260 2742 260 2743 260 2736 376 2744 376 2735 376 2735 377 2744 377 2745 377 2735 260 2745 260 2746 260 2746 367 2747 367 2735 367 2735 368 2747 368 2748 368 2735 369 2748 369 2749 369 2740 1858 2750 1858 2739 1858 2739 1859 2750 1859 2751 1859 2739 260 2751 260 2567 260 2567 1860 2751 1860 2752 1860 2567 1861 2752 1861 2741 1861 2753 260 2754 260 2291 260 2291 1862 2754 1862 2755 1862 2291 1863 2755 1863 2756 1863 2756 260 2757 260 2291 260 2291 1864 2757 1864 2758 1864 2291 1762 2758 1762 2289 1762 2743 509 2759 509 2567 509 2567 1865 2759 1865 2760 1865 2567 1866 2760 1866 2761 1866 2762 260 2763 260 2739 260 2739 1867 2763 1867 2764 1867 2739 379 2764 379 2737 379 2761 408 2765 408 2567 408 2567 1868 2765 1868 2766 1868 2567 260 2766 260 2291 260 2291 1869 2766 1869 2767 1869 2291 1752 2767 1752 2753 1752 2749 1776 2768 1776 2735 1776 2735 371 2768 371 2769 371 2735 260 2769 260 2739 260 2739 1777 2769 1777 2770 1777 2739 1778 2770 1778 2762 1778 2655 260 2642 260 2549 260 2549 453 2642 453 2644 453 2549 260 2644 260 2567 260 2567 260 2644 260 2771 260 2567 260 2771 260 2739 260 2739 260 2771 260 2772 260 2656 260 2773 260 2442 260 2442 260 2773 260 2774 260 2442 260 2774 260 2439 260 2439 260 2774 260 2775 260 2439 260 2775 260 2434 260 2434 260 2775 260 2776 260 2434 260 2776 260 2592 260 2592 260 2776 260 2777 260 2592 260 2777 260 2633 260 2633 260 2777 260 2778 260 2633 260 2778 260 2644 260 2644 260 2778 260 2779 260 2644 260 2779 260 2771 260 2771 260 2779 260 2780 260 2771 260 2780 260 2772 260 2772 260 2780 260 2781 260 2202 523 2734 523 2172 523 2172 523 2734 523 2735 523 2172 523 2735 523 2168 523 2168 523 2735 523 2739 523 2168 523 2739 523 1796 523 1796 523 2739 523 2772 523 1796 523 2772 523 1797 523 1797 523 2772 523 2781 523 2288 522 2773 522 2281 522 2281 522 2773 522 2656 522 2281 522 2656 522 2010 522 2010 522 2656 522 2504 522 2010 522 2504 522 2007 522 2007 522 2504 522 2294 522 2007 522 2294 522 2280 522 2280 522 2294 522 2293 522 2782 523 2783 523 2784 523 2784 523 2783 523 2785 523 2784 525 2785 525 2786 525 2786 525 2785 525 2787 525 2788 524 2783 524 2789 524 2789 524 2783 524 2782 524 2787 522 2788 522 2786 522 2786 522 2788 522 2789 522 2788 522 2787 522 2790 522 2790 522 2787 522 2791 522 2790 522 2791 522 2792 522 2792 522 2791 522 2793 522 2792 522 2793 522 2794 522 2794 1870 2793 1870 2795 1870 2794 522 2795 522 2796 522 2796 1871 2795 1871 2797 1871 2796 522 2797 522 2798 522 2798 522 2797 522 2799 522 2798 1872 2799 1872 2800 1872 2800 1873 2799 1873 2801 1873 2800 522 2801 522 2802 522 2802 1874 2801 1874 2803 1874 2802 522 2803 522 2804 522 2804 1875 2803 1875 2805 1875 2804 1876 2805 1876 2806 1876 2806 1877 2805 1877 2807 1877 2808 523 2809 523 2810 523 2810 1878 2809 1878 2811 1878 2810 523 2811 523 2812 523 2812 1879 2811 1879 2813 1879 2812 523 2813 523 2814 523 2814 1880 2813 1880 2815 1880 2814 1881 2815 1881 2816 1881 2816 1882 2815 1882 2817 1882 2816 523 2817 523 2818 523 2818 1883 2817 1883 2819 1883 2818 523 2819 523 2820 523 2820 1884 2819 1884 2821 1884 2820 523 2821 523 2822 523 2822 523 2821 523 2823 523 2822 523 2823 523 2824 523 2824 523 2823 523 2825 523 2824 523 2825 523 2783 523 2783 523 2825 523 2785 523 2826 1885 2807 1885 2805 1885 2787 1886 2785 1886 2825 1886 2809 1887 2827 1887 2811 1887 2811 1888 2827 1888 2828 1888 2787 1889 2825 1889 2791 1889 2791 1890 2825 1890 2823 1890 2791 1891 2823 1891 2793 1891 2793 1892 2823 1892 2821 1892 2793 1893 2821 1893 2795 1893 2795 1894 2821 1894 2819 1894 2795 1895 2819 1895 2797 1895 2797 1896 2819 1896 2817 1896 2797 1896 2817 1896 2799 1896 2799 1897 2817 1897 2815 1897 2799 1898 2815 1898 2801 1898 2801 1899 2815 1899 2813 1899 2801 1900 2813 1900 2803 1900 2803 1901 2813 1901 2811 1901 2803 1902 2811 1902 2805 1902 2805 1903 2811 1903 2828 1903 2805 1904 2828 1904 2826 1904 2829 1905 2830 1905 2810 1905 2810 1906 2830 1906 2831 1906 2810 1907 2831 1907 2808 1907 2806 1908 2829 1908 2804 1908 2804 1909 2829 1909 2810 1909 2804 1910 2810 1910 2802 1910 2802 1911 2810 1911 2812 1911 2802 1912 2812 1912 2800 1912 2800 1913 2812 1913 2814 1913 2800 1914 2814 1914 2798 1914 2798 1915 2814 1915 2816 1915 2798 1916 2816 1916 2796 1916 2796 1917 2816 1917 2818 1917 2796 1918 2818 1918 2794 1918 2794 1919 2818 1919 2820 1919 2794 1920 2820 1920 2792 1920 2792 1921 2820 1921 2822 1921 2792 1922 2822 1922 2790 1922 2790 1923 2822 1923 2824 1923 2790 1924 2824 1924 2788 1924 2788 1925 2824 1925 2783 1925 2832 523 2833 523 2834 523 2834 523 2833 523 2835 523 2834 523 2835 523 2836 523 2836 523 2835 523 2837 523 2836 523 2837 523 2808 523 2808 523 2837 523 2809 523 2806 522 2807 522 2838 522 2838 522 2807 522 2839 522 2838 522 2839 522 2840 522 2840 522 2839 522 2841 522 2840 522 2841 522 2842 522 2842 522 2841 522 2843 522 2844 260 2845 260 2846 260 2847 260 2848 260 2841 260 2849 260 2850 260 2851 260 2852 260 2853 260 2854 260 2855 260 2856 260 2857 260 2851 1926 2850 1926 2858 1926 2858 1927 2850 1927 2859 1927 2858 1928 2859 1928 2860 1928 2860 1929 2859 1929 2861 1929 2861 1930 2859 1930 2862 1930 2861 1931 2862 1931 2863 1931 2863 260 2862 260 2864 260 2863 1932 2864 1932 2865 1932 2866 260 2867 260 2868 260 2867 260 2869 260 2868 260 2868 1933 2869 1933 2870 1933 2868 1934 2870 1934 2855 1934 2865 260 2864 260 2854 260 2854 1935 2864 1935 2871 1935 2854 1936 2871 1936 2852 1936 2853 260 2872 260 2854 260 2854 1937 2872 1937 2873 1937 2854 260 2873 260 2868 260 2868 1938 2873 1938 2874 1938 2868 1939 2874 1939 2866 1939 2875 260 2876 260 2877 260 2878 1940 2879 1940 2880 1940 2880 1941 2879 1941 2881 1941 2880 260 2881 260 2882 260 2882 260 2883 260 2880 260 2880 1942 2883 1942 2884 1942 2880 260 2884 260 2877 260 2877 1943 2884 1943 2885 1943 2877 1944 2885 1944 2875 1944 2878 1945 2880 1945 2886 1945 2886 260 2880 260 2887 260 2886 260 2887 260 2888 260 2889 260 2890 260 2891 260 2891 1946 2890 1946 2892 1946 2891 260 2892 260 2893 260 2893 1947 2892 1947 2877 1947 2893 1948 2877 1948 2894 1948 2894 260 2877 260 2876 260 2895 1949 2896 1949 2897 1949 2897 260 2896 260 2898 260 2897 260 2898 260 2899 260 2900 260 2901 260 2897 260 2889 260 2895 260 2890 260 2890 1950 2895 1950 2897 1950 2890 260 2897 260 2902 260 2902 260 2897 260 2901 260 2903 260 2904 260 2897 260 2897 1951 2904 1951 2905 1951 2897 1952 2905 1952 2900 1952 2857 260 2906 260 2907 260 2855 260 2857 260 2868 260 2868 1953 2857 1953 2907 1953 2868 1954 2907 1954 2908 1954 2868 1955 2909 1955 2910 1955 2868 260 2910 260 2880 260 2880 1956 2910 1956 2911 1956 2880 1938 2911 1938 2912 1938 2908 1940 2913 1940 2868 1940 2868 1957 2913 1957 2914 1957 2868 260 2914 260 2915 260 2912 640 2916 640 2880 640 2880 1958 2916 1958 2917 1958 2880 260 2917 260 2918 260 2915 260 2919 260 2868 260 2868 1959 2919 1959 2920 1959 2868 1960 2920 1960 2909 1960 2921 260 2887 260 2922 260 2922 260 2887 260 2880 260 2922 593 2880 593 2923 593 2923 260 2880 260 2918 260 2924 260 2925 260 2926 260 2921 260 2927 260 2887 260 2887 260 2927 260 2928 260 2887 260 2928 260 2926 260 2926 1961 2928 1961 2929 1961 2926 1962 2929 1962 2924 1962 2925 260 2930 260 2926 260 2926 1958 2930 1958 2931 1958 2926 1963 2931 1963 2932 1963 2933 610 2934 610 2846 610 2846 1964 2934 1964 2935 1964 2846 260 2935 260 2936 260 2936 260 2937 260 2846 260 2846 1965 2937 1965 2938 1965 2846 1966 2938 1966 2857 1966 2857 260 2938 260 2939 260 2857 260 2939 260 2906 260 2932 260 2940 260 2926 260 2926 1967 2940 1967 2941 1967 2926 260 2941 260 2846 260 2846 1968 2941 1968 2942 1968 2846 1969 2942 1969 2933 1969 2856 260 2943 260 2857 260 2857 260 2943 260 2944 260 2857 260 2944 260 2846 260 2846 1970 2944 1970 2945 1970 2846 1962 2945 1962 2946 1962 2843 260 2841 260 2947 260 2846 1971 2948 1971 2949 1971 2851 1972 2950 1972 2849 1972 2849 260 2950 260 2951 260 2849 260 2951 260 2952 260 2952 260 2951 260 2843 260 2952 260 2843 260 2953 260 2953 260 2843 260 2947 260 2946 260 2954 260 2846 260 2846 260 2954 260 2955 260 2846 1973 2955 1973 2948 1973 2956 260 2841 260 2957 260 2957 1974 2841 1974 2958 1974 2956 260 2959 260 2841 260 2841 1975 2959 1975 2960 1975 2841 1976 2960 1976 2947 1976 2949 260 2961 260 2846 260 2846 1967 2961 1967 2962 1967 2846 260 2962 260 2841 260 2841 1977 2962 1977 2963 1977 2841 1978 2963 1978 2958 1978 2964 260 2965 260 2966 260 2966 1979 2965 1979 2967 1979 2966 1980 2967 1980 2968 1980 2968 260 2969 260 2966 260 2966 1981 2969 1981 2970 1981 2966 260 2970 260 2926 260 2926 1982 2970 1982 2971 1982 2926 1983 2971 1983 2972 1983 2972 1984 2973 1984 2926 1984 2926 1985 2973 1985 2974 1985 2926 260 2974 260 2975 260 2899 260 2976 260 2897 260 2897 260 2976 260 2977 260 2897 260 2977 260 2966 260 2966 1986 2977 1986 2978 1986 2966 1987 2978 1987 2964 1987 2975 260 2979 260 2926 260 2926 1988 2979 1988 2980 1988 2926 1966 2980 1966 2887 1966 2887 260 2980 260 2981 260 2887 260 2981 260 2888 260 2982 640 2983 640 2846 640 2984 260 2985 260 2986 260 2986 1989 2985 1989 2987 1989 2986 1990 2987 1990 2988 1990 2841 260 2848 260 2846 260 2846 1991 2848 1991 2989 1991 2846 1992 2989 1992 2982 1992 2983 260 2990 260 2846 260 2846 260 2990 260 2991 260 2846 1993 2991 1993 2992 1993 2992 1994 2993 1994 2846 1994 2846 1995 2993 1995 2994 1995 2846 1996 2994 1996 2986 1996 2986 1997 2994 1997 2995 1997 2986 1998 2995 1998 2984 1998 2996 1999 2997 1999 2839 1999 2988 260 2998 260 2986 260 2986 2000 2998 2000 2999 2000 2986 2001 2999 2001 3000 2001 2996 260 2839 260 3001 260 2997 260 3002 260 2839 260 2839 2002 3002 2002 3003 2002 2839 2003 3003 2003 3004 2003 3004 260 3005 260 2839 260 2839 2004 3005 2004 3006 2004 2839 260 3006 260 2841 260 2841 2005 3006 2005 3007 2005 2841 2006 3007 2006 3008 2006 3008 2007 3009 2007 2841 2007 2841 2008 3009 2008 3010 2008 2841 260 3010 260 3011 260 3011 260 3012 260 2841 260 2841 2009 3012 2009 3013 2009 2841 2010 3013 2010 2847 2010 3000 260 3014 260 2986 260 2986 2011 3014 2011 3015 2011 2986 260 3015 260 2839 260 2839 2012 3015 2012 3016 2012 2839 2013 3016 2013 3001 2013 2926 1996 3017 1996 3018 1996 3018 2014 3017 2014 3019 2014 3018 2015 3019 2015 3020 2015 2846 2016 3021 2016 3022 2016 3023 260 3024 260 2926 260 2926 2017 3024 2017 3025 2017 2926 2018 3025 2018 3017 2018 3021 260 2846 260 3026 260 3026 260 2846 260 2986 260 3026 260 2986 260 3027 260 2846 260 2845 260 2926 260 2926 1991 2845 1991 3028 1991 2926 1992 3028 1992 3029 1992 3029 640 3030 640 2926 640 2926 641 3030 641 3031 641 2926 260 3031 260 3023 260 3022 614 3032 614 2846 614 2846 2019 3032 2019 3033 2019 2846 260 3033 260 3034 260 3020 260 3035 260 3018 260 3018 1989 3035 1989 3036 1989 3018 1990 3036 1990 3037 1990 3037 260 3038 260 3018 260 3018 2020 3038 2020 3039 2020 3018 2001 3039 2001 3040 2001 3040 260 3041 260 3018 260 3018 2011 3041 2011 3042 2011 3018 260 3042 260 2986 260 2986 2021 3042 2021 3043 2021 2986 2022 3043 2022 3044 2022 3044 260 3045 260 2986 260 2986 2023 3045 2023 3046 2023 2986 260 3046 260 3047 260 3047 260 3048 260 2986 260 2986 2024 3048 2024 3049 2024 2986 2025 3049 2025 3027 2025 3034 260 3050 260 2846 260 2846 2026 3050 2026 3051 2026 2846 2027 3051 2027 2844 2027 3052 2028 2966 2028 3053 2028 3053 260 2966 260 3054 260 3052 260 3055 260 2966 260 2966 260 3055 260 3056 260 2966 2029 3056 2029 3057 2029 3058 2030 3059 2030 3060 2030 3060 2031 3059 2031 2966 2031 3060 2032 2966 2032 3061 2032 3061 2033 2966 2033 3057 2033 2926 2034 3062 2034 3063 2034 3058 260 3064 260 3059 260 3059 2035 3064 2035 3065 2035 3059 2036 3065 2036 3066 2036 3059 2037 3067 2037 3068 2037 3069 2038 3018 2038 3070 2038 3070 260 3018 260 3071 260 3069 260 3072 260 3018 260 3018 2039 3072 2039 3073 2039 3018 2024 3073 2024 3074 2024 3066 260 3075 260 3059 260 3059 260 3075 260 3076 260 3059 2040 3076 2040 3067 2040 3074 260 3077 260 3018 260 3018 2041 3077 2041 3078 2041 3018 260 3078 260 2926 260 2926 2042 3078 2042 3079 2042 2926 2043 3079 2043 3062 2043 3063 260 3080 260 2926 260 2926 260 3080 260 3081 260 2926 1985 3081 1985 3082 1985 3068 260 3083 260 3059 260 3059 2044 3083 2044 3084 2044 3059 260 3084 260 3018 260 3018 2045 3084 2045 3085 2045 3018 2046 3085 2046 3071 2046 3082 610 3086 610 2926 610 2926 2047 3086 2047 3087 2047 2926 260 3087 260 2966 260 2966 2048 3087 2048 3088 2048 2966 2049 3088 2049 3054 2049 2903 260 2897 260 2833 260 2833 260 2897 260 2966 260 2833 260 2966 260 2835 260 2835 260 2966 260 3059 260 2835 260 3059 260 2837 260 2839 260 2807 260 2986 260 2986 260 2807 260 2826 260 2986 260 2826 260 3018 260 3018 260 2826 260 2828 260 3018 260 2828 260 3059 260 3059 260 2828 260 2827 260 3059 260 2827 260 2837 260 2837 260 2827 260 2809 260 2836 0 2808 0 2831 0 3089 0 3090 0 3091 0 3092 0 3093 0 3094 0 3094 0 3093 0 3095 0 3094 0 3095 0 3096 0 3096 0 3095 0 3097 0 3098 0 3099 0 3100 0 3092 0 3101 0 3093 0 3093 2050 3101 2050 3102 2050 3093 0 3102 0 3103 0 3103 0 3104 0 3093 0 3093 2051 3104 2051 3105 2051 3093 0 3105 0 3100 0 3100 2052 3105 2052 3106 2052 3100 2053 3106 2053 3098 2053 3107 0 3108 0 3109 0 3109 0 3108 0 3110 0 3109 0 3110 0 3111 0 3099 0 3112 0 3100 0 3100 2054 3112 2054 3113 2054 3100 0 3113 0 3114 0 3114 2055 3113 2055 3115 2055 3114 2056 3115 2056 3116 2056 3116 0 3115 0 3111 0 3116 2057 3111 2057 3117 2057 3117 2058 3111 2058 3110 2058 3118 0 3091 0 3119 0 3119 0 3091 0 3120 0 3118 0 3121 0 3091 0 3091 2059 3121 2059 3122 2059 3091 0 3122 0 3123 0 3124 0 3125 0 3126 0 3090 0 3127 0 3091 0 3091 2060 3127 2060 3128 2060 3091 0 3128 0 3120 0 3129 0 3130 0 3131 0 3131 0 3130 0 3126 0 3131 0 3126 0 3132 0 3132 0 3126 0 3125 0 3129 740 3133 740 3130 740 3130 753 3133 753 3134 753 3130 0 3134 0 3135 0 3128 2061 3136 2061 3120 2061 3120 2062 3136 2062 3137 2062 3120 0 3137 0 3138 0 3138 2063 3137 2063 3139 2063 3138 0 3139 0 3126 0 3126 2064 3139 2064 3140 2064 3126 2065 3140 2065 3124 2065 3135 0 3141 0 3130 0 3130 2066 3141 2066 3142 2066 3130 2067 3142 2067 3143 2067 3143 2068 3142 2068 3144 2068 3143 0 3145 0 3146 0 3147 0 3148 0 3130 0 3130 2069 3148 2069 3149 2069 3130 0 3149 0 3093 0 3093 2070 3149 2070 3150 2070 3093 2071 3150 2071 3151 2071 3152 0 3153 0 3130 0 3151 2072 3154 2072 3093 2072 3093 2073 3154 2073 3155 2073 3093 0 3155 0 3156 0 3143 0 3146 0 3130 0 3130 2074 3146 2074 3157 2074 3130 2075 3157 2075 3152 2075 3153 0 3158 0 3130 0 3130 2076 3158 2076 3159 2076 3130 2077 3159 2077 3147 2077 3156 0 3160 0 3093 0 3093 2066 3160 2066 3161 2066 3093 743 3161 743 3095 743 3161 2078 3162 2078 3095 2078 3095 0 3162 0 3163 0 3095 0 3163 0 3164 0 3164 0 3165 0 3166 0 3166 2079 3165 2079 3167 2079 3166 2080 3167 2080 3168 2080 3169 718 3170 718 3171 718 3171 2076 3170 2076 3172 2076 3171 0 3172 0 3173 0 3173 0 3174 0 3171 0 3171 2081 3174 2081 3175 2081 3171 726 3175 726 3143 726 3143 2082 3175 2082 3176 2082 3143 0 3176 0 3145 0 3168 0 3177 0 3166 0 3166 2083 3177 2083 3178 2083 3166 2084 3178 2084 3179 2084 3179 0 3180 0 3166 0 3166 2085 3180 2085 3181 2085 3166 0 3181 0 3171 0 3171 2086 3181 2086 3182 2086 3171 2087 3182 2087 3169 2087 3183 0 2840 0 3184 0 3184 0 2840 0 2842 0 3184 0 2842 0 3185 0 3185 0 2842 0 3186 0 3185 0 3186 0 3187 0 3187 2088 3186 2088 3188 2088 3187 0 3188 0 3107 0 3107 2089 3188 2089 3189 2089 3107 2090 3189 2090 3108 2090 3166 2091 3190 2091 3191 2091 3164 0 3166 0 3095 0 3095 0 3166 0 3192 0 3095 2092 3192 2092 3097 2092 3183 0 3193 0 2840 0 2840 2093 3193 2093 3194 2093 2840 0 3194 0 3195 0 3195 0 3196 0 2840 0 2840 2094 3196 2094 3197 2094 2840 2095 3197 2095 3198 2095 3199 0 3200 0 3166 0 3166 2087 3200 2087 3201 2087 3166 2096 3201 2096 3190 2096 3191 0 3202 0 3166 0 3166 2097 3202 2097 3203 2097 3166 2081 3203 2081 3192 2081 3204 0 3205 0 3171 0 3171 0 3205 0 3206 0 3171 2098 3206 2098 3207 2098 3207 2072 3208 2072 3171 2072 3171 749 3208 749 3209 749 3171 0 3209 0 3210 0 3210 2099 3209 2099 3211 2099 3210 2100 3211 2100 3212 2100 3212 0 3213 0 3210 0 3210 2101 3213 2101 3214 2101 3210 2102 3214 2102 3215 2102 3215 0 3216 0 3210 0 3210 2103 3216 2103 3217 2103 3210 2104 3217 2104 3091 2104 3091 2105 3217 2105 3218 2105 3091 2106 3218 2106 3089 2106 3144 0 3219 0 3143 0 3143 0 3219 0 3220 0 3143 0 3220 0 3171 0 3171 2107 3220 2107 3221 2107 3171 2108 3221 2108 3204 2108 2836 0 3222 0 2834 0 2834 0 3222 0 3210 0 2834 0 3210 0 2832 0 2832 0 3210 0 3091 0 2832 0 3091 0 3223 0 3223 0 3091 0 3123 0 3224 740 3225 740 3171 740 3171 2098 3225 2098 3226 2098 3171 0 3226 0 3227 0 3228 0 3229 0 3210 0 3227 0 3230 0 3171 0 3171 2109 3230 2109 3231 2109 3171 2110 3231 2110 3232 2110 3233 2111 3234 2111 3235 2111 3236 2112 3237 2112 3222 2112 3222 2113 3237 2113 3238 2113 3222 2114 3238 2114 3239 2114 3239 0 3240 0 3222 0 3222 2115 3240 2115 3241 2115 3222 2116 3241 2116 3242 2116 3228 0 3210 0 3243 0 3244 0 3245 0 3210 0 3210 2117 3245 2117 3246 2117 3210 0 3246 0 3171 0 3171 2118 3246 2118 3247 2118 3171 2119 3247 2119 3224 2119 3232 2120 3248 2120 3233 2120 3233 2121 3248 2121 3249 2121 3233 2122 3249 2122 3234 2122 3235 0 3250 0 3233 0 3233 0 3250 0 3251 0 3233 2123 3251 2123 3252 2123 3252 0 3253 0 3233 0 3233 2124 3253 2124 3254 2124 3233 0 3254 0 3222 0 3222 2125 3254 2125 3255 2125 3222 2126 3255 2126 3236 2126 3229 0 3256 0 3210 0 3210 2102 3256 2102 3257 2102 3210 2101 3257 2101 3244 2101 3242 2127 3258 2127 3222 2127 3222 2128 3258 2128 3259 2128 3222 2129 3259 2129 3210 2129 3210 2130 3259 2130 3260 2130 3210 2131 3260 2131 3243 2131 3233 2132 3261 2132 3262 2132 3232 0 3233 0 3171 0 3171 2133 3233 2133 3262 2133 3171 2134 3262 2134 3263 2134 3264 740 3265 740 3166 740 3166 2135 3265 2135 3266 2135 3166 0 3266 0 3267 0 3166 2136 3268 2136 3269 2136 3269 2137 3268 2137 3270 2137 3269 2121 3270 2121 3271 2121 3272 0 3273 0 3233 0 3233 2138 3273 2138 3274 2138 3233 2139 3274 2139 3261 2139 3267 0 3275 0 3166 0 3166 2109 3275 2109 3276 2109 3166 2140 3276 2140 3268 2140 3271 827 3277 827 3269 827 3269 2111 3277 2111 3278 2111 3269 2141 3278 2141 3279 2141 3280 0 3281 0 3233 0 3233 2142 3281 2142 3282 2142 3233 0 3282 0 3272 0 3263 0 3283 0 3171 0 3171 2143 3283 2143 3284 2143 3171 2144 3284 2144 3285 2144 3279 0 3286 0 3269 0 3269 2145 3286 2145 3287 2145 3269 2146 3287 2146 3288 2146 3288 824 3289 824 3269 824 3269 2147 3289 2147 3290 2147 3269 0 3290 0 3233 0 3233 2148 3290 2148 3291 2148 3233 2149 3291 2149 3280 2149 3285 0 3292 0 3171 0 3171 719 3292 719 3293 719 3171 2150 3293 2150 3294 2150 3294 0 3295 0 3171 0 3171 2151 3295 2151 3296 2151 3171 0 3296 0 3166 0 3166 2152 3296 2152 3297 2152 3166 2153 3297 2153 3264 2153 3298 0 3299 0 3269 0 3269 2154 3299 2154 3300 2154 3269 2138 3300 2138 3301 2138 3302 0 3303 0 2838 0 3302 2155 2838 2155 3304 2155 3305 2156 3269 2156 3306 2156 3306 0 3269 0 2838 0 3305 813 3307 813 3269 813 3269 2157 3307 2157 3308 2157 3269 2158 3308 2158 3298 2158 3301 805 3309 805 3269 805 3269 2159 3309 2159 3310 2159 3269 2133 3310 2133 3166 2133 3166 2160 3310 2160 3311 2160 3166 2161 3311 2161 3312 2161 3303 0 3313 0 2838 0 2838 0 3313 0 3314 0 2838 2162 3314 2162 3315 2162 3315 0 3316 0 2838 0 2838 2163 3316 2163 3317 2163 2838 2164 3317 2164 3306 2164 3312 0 3318 0 3166 0 3166 2144 3318 2144 3319 2144 3166 0 3319 0 3320 0 3320 0 3321 0 3166 0 3166 2165 3321 2165 3322 2165 3166 2166 3322 2166 3323 2166 3198 0 3199 0 2840 0 2840 0 3199 0 3166 0 2840 0 3166 0 3324 0 3324 0 3166 0 3323 0 3324 0 3325 0 2840 0 2840 2167 3325 2167 3326 2167 2840 2094 3326 2094 3327 2094 3327 0 3328 0 2840 0 2840 0 3328 0 3329 0 2840 2168 3329 2168 3330 2168 3330 0 3331 0 2840 0 2840 2169 3331 2169 3332 2169 2840 2170 3332 2170 2838 2170 2838 2171 3332 2171 3333 2171 2838 2172 3333 2172 3304 2172 2836 0 2831 0 3222 0 3222 0 2831 0 2830 0 3222 0 2830 0 3233 0 3233 0 2830 0 2829 0 3233 0 2829 0 3269 0 3269 0 2829 0 2806 0 3269 0 2806 0 2838 0 3100 524 2854 524 3093 524 3093 524 2854 524 2868 524 3093 524 2868 524 3130 524 3130 524 2868 524 2880 524 3130 524 2880 524 3126 524 3126 524 2880 524 2877 524 2786 522 2789 522 3334 522 3334 2173 2789 2173 3335 2173 3334 857 3335 857 3336 857 3336 522 3335 522 3337 522 3336 522 3337 522 3338 522 3338 2174 3337 2174 3339 2174 3338 522 3339 522 3340 522 3340 2175 3339 2175 3341 2175 3340 522 3341 522 3342 522 3342 522 3341 522 3343 522 3342 2176 3343 2176 3344 2176 3344 2177 3343 2177 3345 2177 3344 522 3345 522 3346 522 3346 855 3345 855 3347 855 3346 522 3347 522 3348 522 3348 2178 3347 2178 3349 2178 3348 2179 3349 2179 2293 2179 2293 2180 3349 2180 2280 2180 2734 523 2202 523 3350 523 3350 2181 2202 2181 3351 2181 3350 523 3351 523 3352 523 3352 2182 3351 2182 3353 2182 3352 523 3353 523 3354 523 3354 2183 3353 2183 3355 2183 3354 523 3355 523 3356 523 3356 2184 3355 2184 3357 2184 3356 523 3357 523 3358 523 3358 2185 3357 2185 3359 2185 3358 523 3359 523 3360 523 3360 2186 3359 2186 3361 2186 3360 523 3361 523 3362 523 3362 523 3361 523 3363 523 3362 523 3363 523 3364 523 3364 523 3363 523 3365 523 3364 523 3365 523 2784 523 2784 523 3365 523 2782 523 2789 2187 2782 2187 3365 2187 3351 2188 2202 2188 2201 2188 2201 2189 2140 2189 3351 2189 3351 2190 2140 2190 2146 2190 3351 2191 2146 2191 2123 2191 2789 2192 3365 2192 3335 2192 3335 2193 3365 2193 3363 2193 3335 2194 3363 2194 3337 2194 3337 2195 3363 2195 3361 2195 3337 2196 3361 2196 3339 2196 3339 2197 3361 2197 3359 2197 3339 2198 3359 2198 3341 2198 3341 2199 3359 2199 3357 2199 3341 2200 3357 2200 3343 2200 3343 2201 3357 2201 3355 2201 3343 2202 3355 2202 3345 2202 3345 2203 3355 2203 3353 2203 3345 2204 3353 2204 3347 2204 3347 2205 3353 2205 3351 2205 3347 2206 3351 2206 3349 2206 3349 2207 3351 2207 2123 2207 3349 2208 2123 2208 1954 2208 1954 2209 1937 2209 3349 2209 3349 2190 1937 2190 1929 2190 3349 2210 1929 2210 2280 2210 2293 2211 2292 2211 3348 2211 3348 2212 2292 2212 2403 2212 3348 2213 2403 2213 2412 2213 2332 2214 2309 2214 3350 2214 2309 2215 2308 2215 3350 2215 3350 2212 2308 2212 2733 2212 3350 2213 2733 2213 2734 2213 2412 2216 2332 2216 3348 2216 3348 2217 2332 2217 3350 2217 3348 2218 3350 2218 3346 2218 3346 2219 3350 2219 3352 2219 3346 2220 3352 2220 3344 2220 3344 2220 3352 2220 3354 2220 3344 2221 3354 2221 3342 2221 3342 2221 3354 2221 3356 2221 3342 2222 3356 2222 3340 2222 3340 2222 3356 2222 3358 2222 3340 2223 3358 2223 3338 2223 3338 2224 3358 2224 3360 2224 3338 2225 3360 2225 3336 2225 3336 2226 3360 2226 3362 2226 3336 2227 3362 2227 3334 2227 3334 2228 3362 2228 3364 2228 3334 2229 3364 2229 2786 2229 2786 2230 3364 2230 2784 2230 2773 522 2288 522 3366 522 3366 2231 2288 2231 3367 2231 3366 522 3367 522 3368 522 3368 2232 3367 2232 3369 2232 3368 522 3369 522 3370 522 3370 2233 3369 2233 3371 2233 3370 522 3371 522 3372 522 3372 920 3371 920 3373 920 3372 522 3373 522 3374 522 3374 2234 3373 2234 3375 2234 3374 522 3375 522 3376 522 3376 2235 3375 2235 3377 2235 3376 2236 3377 2236 3378 2236 3378 2237 3377 2237 3379 2237 3378 522 3379 522 3380 522 3380 2238 3379 2238 3381 2238 3380 522 3381 522 3382 522 3382 522 3381 522 3383 522 3382 522 3383 522 3384 522 3384 522 3383 522 3385 522 3386 523 3387 523 3388 523 3388 523 3387 523 3389 523 3388 2239 3389 2239 3390 2239 3390 2240 3389 2240 3391 2240 3390 2241 3391 2241 3392 2241 3392 2242 3391 2242 3393 2242 3392 523 3393 523 3394 523 3394 523 3393 523 3395 523 3394 523 3395 523 3396 523 3396 2243 3395 2243 3397 2243 3396 523 3397 523 3398 523 3398 2244 3397 2244 3399 2244 3398 523 3399 523 3400 523 3400 2245 3399 2245 3401 2245 3400 523 3401 523 3402 523 3402 2246 3401 2246 3403 2246 3402 523 3403 523 3404 523 3404 2247 3403 2247 3405 2247 3404 523 3405 523 2781 523 2781 2248 3405 2248 1797 2248 3367 2249 2288 2249 2287 2249 2287 2250 2286 2250 3367 2250 3367 2251 2286 2251 2285 2251 3367 2252 2285 2252 2284 2252 3405 2253 2284 2253 2283 2253 2283 2254 2282 2254 3405 2254 3405 2250 2282 2250 1798 2250 3405 2255 1798 2255 1797 2255 2284 2256 3405 2256 3367 2256 3367 2257 3405 2257 3403 2257 3367 2258 3403 2258 3369 2258 3369 2259 3403 2259 3401 2259 3369 2260 3401 2260 3371 2260 3371 2261 3401 2261 3399 2261 3371 2262 3399 2262 3373 2262 3373 2263 3399 2263 3397 2263 3373 2263 3397 2263 3375 2263 3375 2264 3397 2264 3395 2264 3375 2265 3395 2265 3377 2265 3377 2266 3395 2266 3393 2266 3377 2267 3393 2267 3379 2267 3379 2268 3393 2268 3391 2268 3379 2269 3391 2269 3381 2269 3381 2270 3391 2270 3389 2270 3381 2270 3389 2270 3383 2270 3383 2271 3389 2271 3387 2271 3383 2271 3387 2271 3385 2271 2781 2272 2780 2272 3404 2272 3404 2273 2780 2273 2779 2273 3404 2273 2779 2273 2778 2273 2777 2274 2776 2274 3366 2274 2778 2275 2777 2275 3404 2275 3404 2276 2777 2276 3366 2276 3404 2277 3366 2277 3402 2277 3402 2278 3366 2278 3368 2278 3402 2279 3368 2279 3400 2279 3400 2280 3368 2280 3370 2280 3400 2281 3370 2281 3398 2281 3398 2282 3370 2282 3372 2282 3398 2283 3372 2283 3396 2283 3396 2284 3372 2284 3374 2284 3396 2285 3374 2285 3394 2285 3394 2286 3374 2286 3376 2286 3394 2287 3376 2287 3392 2287 3392 2288 3376 2288 3378 2288 3392 2289 3378 2289 3390 2289 3390 2290 3378 2290 3380 2290 3390 2291 3380 2291 3388 2291 3388 2292 3380 2292 3382 2292 3388 2293 3382 2293 3386 2293 3386 2293 3382 2293 3384 2293 2776 2294 2775 2294 3366 2294 3366 2273 2775 2273 2774 2273 3366 2295 2774 2295 2773 2295 1 523 3387 523 3406 523 3406 523 3387 523 3386 523 3407 522 3384 522 0 522 0 522 3384 522 3385 522 3408 525 3409 525 3385 525 3409 2296 3410 2296 3385 2296 3385 2297 3410 2297 3411 2297 3385 2298 3411 2298 3412 2298 3413 2299 3414 2299 3415 2299 3387 2300 3416 2300 3417 2300 3412 2301 3418 2301 3385 2301 3385 2302 3418 2302 3419 2302 3385 525 3419 525 0 525 0 2303 3419 2303 3420 2303 0 2304 3420 2304 3421 2304 3421 525 3422 525 0 525 0 2305 3422 2305 3423 2305 0 525 3423 525 3424 525 3424 2306 3423 2306 3425 2306 3424 2307 3425 2307 3426 2307 3426 2308 3425 2308 3427 2308 3426 2309 3427 2309 3428 2309 3428 2310 3427 2310 3429 2310 3428 525 3429 525 3430 525 3430 2311 3429 2311 3431 2311 3430 525 3431 525 3432 525 3432 2312 3431 2312 3433 2312 3432 525 3433 525 3434 525 3434 2313 3433 2313 3435 2313 3434 2314 3435 2314 3436 2314 3436 2315 3435 2315 3437 2315 3436 525 3437 525 3438 525 3438 525 3437 525 3439 525 3438 2316 3439 2316 3440 2316 3440 525 3439 525 3441 525 3440 525 3441 525 3442 525 3413 2317 3415 2317 3443 2317 3414 2318 3444 2318 3415 2318 3415 2319 3444 2319 3445 2319 3415 2320 3445 2320 3446 2320 3447 2321 3448 2321 3449 2321 3449 2322 3448 2322 3450 2322 3449 525 3450 525 3451 525 3451 2323 3450 2323 3452 2323 3451 2324 3452 2324 3453 2324 3447 525 3449 525 3415 525 3415 2325 3449 2325 3454 2325 3415 2326 3454 2326 3443 2326 3455 525 3456 525 3440 525 3440 2327 3456 2327 3457 2327 3440 2328 3457 2328 3458 2328 3458 2329 3457 2329 3459 2329 3458 2330 3459 2330 3460 2330 3417 525 3461 525 3387 525 3387 2331 3461 2331 3462 2331 3387 525 3462 525 3451 525 3463 525 3464 525 3387 525 3387 2332 3464 2332 3465 2332 3387 2333 3465 2333 3385 2333 3385 2334 3465 2334 3466 2334 3385 2335 3466 2335 3408 2335 3453 525 3467 525 3451 525 3451 2336 3467 2336 3468 2336 3451 2337 3468 2337 3387 2337 3387 2338 3468 2338 3469 2338 3387 2339 3469 2339 3463 2339 3442 525 3470 525 3440 525 3440 2340 3470 2340 3471 2340 3440 2341 3471 2341 3415 2341 3472 525 3473 525 1 525 1 2342 3473 2342 3474 2342 1 525 3474 525 3387 525 3387 1049 3474 1049 3475 1049 3387 2343 3475 2343 3416 2343 3446 2344 3476 2344 3415 2344 3415 2345 3476 2345 3477 2345 3415 525 3477 525 3440 525 3440 2346 3477 2346 3478 2346 3440 2347 3478 2347 3455 2347 3460 2348 3479 2348 3458 2348 3458 525 3479 525 3480 525 3458 525 3480 525 3481 525 3481 525 3480 525 3482 525 3481 525 3482 525 3483 525 3483 525 3482 525 3484 525 3483 525 3484 525 3485 525 3485 2349 3484 2349 3486 2349 3485 525 3486 525 3487 525 3487 1069 3486 1069 3488 1069 3487 525 3488 525 3489 525 3489 2350 3488 2350 3490 2350 3489 2351 3490 2351 3491 2351 3491 1071 3490 1071 3492 1071 3491 2352 3492 2352 3493 2352 3493 2353 3492 2353 3494 2353 3493 525 3494 525 3495 525 3495 2354 3494 2354 3496 2354 3495 525 3496 525 1 525 1 2355 3496 2355 3497 2355 1 2356 3497 2356 3472 2356 3498 524 3499 524 3386 524 3500 524 3501 524 3502 524 3502 2357 3501 2357 3503 2357 3502 2358 3503 2358 3504 2358 3505 524 3506 524 3507 524 3507 2359 3506 2359 3508 2359 3509 2360 3510 2360 3384 2360 3384 2361 3510 2361 3511 2361 3512 524 3513 524 3514 524 3504 524 3515 524 3502 524 3502 2362 3515 2362 3516 2362 3502 524 3516 524 3517 524 3517 2363 3516 2363 3518 2363 3517 2364 3518 2364 3519 2364 3512 2365 3514 2365 3520 2365 3521 524 3522 524 3384 524 3384 2366 3522 2366 3523 2366 3384 2367 3523 2367 3524 2367 3525 524 3526 524 3407 524 3407 2368 3526 2368 3527 2368 3407 524 3527 524 3384 524 3384 2369 3527 2369 3528 2369 3384 524 3528 524 3509 524 3500 2370 3502 2370 3514 2370 3514 2371 3502 2371 3529 2371 3514 2372 3529 2372 3520 2372 3513 524 3530 524 3514 524 3514 2373 3530 2373 3531 2373 3514 2374 3531 2374 3532 2374 3532 524 3533 524 3514 524 3514 2375 3533 2375 3521 2375 3514 524 3521 524 3534 524 3534 524 3521 524 3384 524 3534 2376 3384 2376 3535 2376 3535 2377 3384 2377 3511 2377 3524 524 3536 524 3384 524 3384 2378 3536 2378 3537 2378 3384 2379 3537 2379 3386 2379 3386 2380 3537 2380 3538 2380 3386 2381 3538 2381 3498 2381 3499 524 3539 524 3386 524 3386 2382 3539 2382 3540 2382 3386 2383 3540 2383 3541 2383 3508 524 3542 524 3507 524 3507 2384 3542 2384 3543 2384 3507 2385 3543 2385 3544 2385 3544 2386 3543 2386 3545 2386 3544 2387 3545 2387 3546 2387 3546 524 3547 524 3544 524 3544 524 3547 524 3548 524 3544 524 3548 524 3549 524 3549 2388 3548 2388 3550 2388 3549 524 3550 524 3551 524 3551 1025 3550 1025 3552 1025 3551 524 3552 524 3553 524 3553 2389 3552 2389 3554 2389 3553 524 3554 524 3555 524 3555 2390 3554 2390 3556 2390 3555 524 3556 524 3557 524 3557 524 3556 524 3558 524 3557 524 3558 524 3559 524 3559 2391 3558 2391 3560 2391 3559 2392 3560 2392 3561 2392 3561 2393 3560 2393 3562 2393 3561 524 3562 524 3563 524 3563 2394 3562 2394 3564 2394 3563 524 3564 524 3407 524 3407 2395 3564 2395 3565 2395 3407 2396 3565 2396 3525 2396 3541 2397 3566 2397 3386 2397 3386 524 3566 524 3567 524 3386 524 3567 524 3406 524 3406 2398 3567 2398 3568 2398 3406 2399 3568 2399 3569 2399 3519 524 3505 524 3517 524 3517 524 3505 524 3507 524 3517 524 3507 524 3570 524 3570 524 3507 524 3571 524 3570 2400 3571 2400 3572 2400 3572 524 3571 524 3573 524 3572 524 3573 524 3574 524 3574 524 3573 524 3575 524 3574 524 3575 524 3576 524 3576 2401 3575 2401 3577 2401 3576 524 3577 524 3578 524 3578 2402 3577 2402 3579 2402 3578 2403 3579 2403 3580 2403 3580 2404 3579 2404 3581 2404 3580 524 3581 524 3582 524 3582 2405 3581 2405 3583 2405 3582 524 3583 524 3584 524 3584 2406 3583 2406 3585 2406 3584 524 3585 524 3586 524 3586 2407 3585 2407 3406 2407 3586 524 3406 524 3587 524 3587 524 3406 524 3569 524 3507 260 3544 260 3458 260 3458 260 3544 260 3440 260 2423 2408 1967 2408 2424 2408 2424 2408 1967 2408 1966 2408 2424 2409 1966 2409 2417 2409 2417 2409 1966 2409 1959 2409 2417 2410 1959 2410 2418 2410 2418 2410 1959 2410 1958 2410 2418 1136 1958 1136 2420 1136 2420 1136 1958 1136 1962 1136 2420 1110 1962 1110 2421 1110 2421 1110 1962 1110 1961 1110 2421 2411 1961 2411 2382 2411 2382 2411 1961 2411 1960 2411 2382 2412 1960 2412 2383 2412 2383 2412 1960 2412 1943 2412 2383 2413 1943 2413 2396 2413 2396 2413 1943 2413 1942 2413 2396 2414 1942 2414 2397 2414 2397 2414 1942 2414 1940 2414 2397 2415 1940 2415 2398 2415 2398 2415 1940 2415 1932 2415 2398 2416 1932 2416 2385 2416 2385 2416 1932 2416 1933 2416 2385 2417 1933 2417 2386 2417 2386 2417 1933 2417 1934 2417 2386 2418 1934 2418 2388 2418 2388 2418 1934 2418 1939 2418 2388 1141 1939 1141 2399 1141 2399 1141 1939 1141 1938 1141 2399 1142 1938 1142 2400 1142 2400 1142 1938 1142 1926 1142 2400 2419 1926 2419 2389 2419 2389 2419 1926 2419 1925 2419 2389 2420 1925 2420 2390 2420 2390 2420 1925 2420 1946 2420 2390 1143 1946 1143 2391 1143 2391 1143 1946 1143 1945 1143 2392 1124 1944 1124 2393 1124 2393 1124 1944 1124 1928 1124 2393 2421 1928 2421 2394 2421 2394 2421 1928 2421 1930 2421 2394 2422 1930 2422 2395 2422 2395 2422 1930 2422 1931 2422 2395 1125 1931 1125 2404 1125 2404 1125 1931 1125 1953 1125 2404 1126 1953 1126 2405 1126 2405 1126 1953 1126 1952 1126 2405 2423 1952 2423 2406 2423 2406 2423 1952 2423 1948 2423 2406 2424 1948 2424 2407 2424 2407 2424 1948 2424 1947 2424 2407 2425 1947 2425 2408 2425 2408 2425 1947 2425 1951 2425 2408 2426 1951 2426 2409 2426 2409 2426 1951 2426 1950 2426 2409 2427 1950 2427 2401 2427 2401 2427 1950 2427 1949 2427 2401 2428 1949 2428 2402 2428 2402 2428 1949 2428 1936 2428 2402 2429 1936 2429 2410 2429 2410 2429 1936 2429 1935 2429 2410 2430 1935 2430 2411 2430 2411 2430 1935 2430 1956 2430 2411 1101 1956 1101 2413 1101 2413 1101 1956 1101 1955 1101 2413 1131 1955 1131 2414 1131 2414 1131 1955 1131 1965 1131 2414 2431 1965 2431 2415 2431 2415 2431 1965 2431 1964 2431 2415 2432 1964 2432 2416 2432 2416 2432 1964 2432 1963 2432 2416 2433 1963 2433 2422 2433 2422 2433 1963 2433 1968 2433 1944 523 2392 523 1945 523 1945 523 2392 523 2391 523 1968 522 1967 522 2422 522 2422 522 1967 522 2423 522 2370 1106 2119 1106 2351 1106 2351 1106 2119 1106 2101 1106 2351 2434 2101 2434 2353 2434 2353 2434 2101 2434 2085 2434 2353 2435 2085 2435 2375 2435 2375 2435 2085 2435 2098 2435 2375 1109 2098 1109 2355 1109 2355 1109 2098 1109 2097 1109 2355 1110 2097 1110 2356 1110 2356 1110 2097 1110 2096 1110 2356 2411 2096 2411 2357 2411 2357 2411 2096 2411 2087 2411 2357 2436 2087 2436 2358 2436 2358 2436 2087 2436 2086 2436 2358 2413 2086 2413 2376 2413 2376 2413 2086 2413 2088 2413 2376 2437 2088 2437 2377 2437 2377 2437 2088 2437 2095 2437 2377 2438 2095 2438 2378 2438 2378 2438 2095 2438 2094 2438 2378 2416 2094 2416 2336 2416 2336 2416 2094 2416 2093 2416 2336 2439 2093 2439 2335 2439 2335 2439 2093 2439 2092 2439 2335 2418 2092 2418 2333 2418 2333 2418 2092 2418 2106 2418 2333 1119 2106 1119 2337 1119 2337 1119 2106 1119 2105 1119 2337 1120 2105 1120 2338 1120 2338 1120 2105 1120 2091 1120 2338 2419 2091 2419 2339 2419 2339 2419 2091 2419 2090 2419 2339 2420 2090 2420 2379 2420 2379 2420 2090 2420 2104 2420 2379 1123 2104 1123 2380 1123 2380 1123 2104 1123 2134 1123 2381 1088 2133 1088 2340 1088 2340 1088 2133 1088 2132 1088 2340 2421 2132 2421 2330 2421 2330 2421 2132 2421 2131 2421 2330 2422 2131 2422 2331 2422 2331 2422 2131 2422 2130 2422 2331 1091 2130 1091 2359 1091 2359 1091 2130 1091 2129 1091 2359 1092 2129 1092 2360 1092 2360 1092 2129 1092 2128 1092 2360 2423 2128 2423 2343 2423 2343 2423 2128 2423 2127 2423 2343 2440 2127 2440 2344 2440 2344 2440 2127 2440 2126 2440 2344 2425 2126 2425 2345 2425 2345 2425 2126 2425 2125 2425 2345 2441 2125 2441 2341 2441 2341 2441 2125 2441 2124 2441 2341 2442 2124 2442 2342 2442 2342 2442 2124 2442 2122 2442 2342 2428 2122 2428 2362 2428 2362 2428 2122 2428 2121 2428 2362 2443 2121 2443 2346 2443 2346 2443 2121 2443 2113 2443 2346 2430 2113 2430 2347 2430 2347 2430 2113 2430 2112 2430 2347 1101 2112 1101 2349 1101 2349 1101 2112 1101 2110 1101 2349 1102 2110 1102 2363 1102 2363 1102 2110 1102 2108 1102 2363 2444 2108 2444 2364 2444 2364 2444 2108 2444 2107 2444 2364 2445 2107 2445 2366 2445 2366 2445 2107 2445 2118 2445 2366 1105 2118 1105 2372 1105 2372 1105 2118 1105 2117 1105 2133 523 2381 523 2134 523 2134 523 2381 523 2380 523 2117 522 2119 522 2372 522 2372 522 2119 522 2370 522 2619 1106 1848 1106 2606 1106 2606 1106 1848 1106 1850 1106 2606 2434 1850 2434 2608 2434 2608 2434 1850 2434 1826 2434 2608 2435 1826 2435 2610 2435 2610 2435 1826 2435 1824 2435 2610 1109 1824 1109 2611 1109 2611 1109 1824 1109 1817 1109 2611 1110 1817 1110 2612 1110 2612 1110 1817 1110 1816 1110 2612 2411 1816 2411 2613 2411 2613 2411 1816 2411 1815 2411 2613 2436 1815 2436 2614 2436 2614 2436 1815 2436 1810 2436 2614 2413 1810 2413 2615 2413 2615 2413 1810 2413 1809 2413 2615 2437 1809 2437 2616 2437 2616 2437 1809 2437 1808 2437 2616 2438 1808 2438 2590 2438 2590 2438 1808 2438 1801 2438 2590 2416 1801 2416 2591 2416 2591 2416 1801 2416 1835 2416 2591 2439 1835 2439 2593 2439 2593 2439 1835 2439 1834 2439 2593 2418 1834 2418 2594 2418 2594 2418 1834 2418 1833 2418 2594 1119 1833 1119 2595 1119 2595 1119 1833 1119 1832 1119 2595 1120 1832 1120 2596 1120 2596 1120 1832 1120 1831 1120 2596 2419 1831 2419 2597 2419 2597 2419 1831 2419 1830 2419 2597 2420 1830 2420 2624 2420 2624 2420 1830 2420 1829 2420 2624 1123 1829 1123 2625 1123 2625 1123 1829 1123 1843 1123 2626 1088 1842 1088 2598 1088 2598 1088 1842 1088 1841 1088 2598 2421 1841 2421 2582 2421 2582 2421 1841 2421 1823 2421 2582 2422 1823 2422 2583 2422 2583 2422 1823 2422 1822 2422 2583 1091 1822 1091 2599 1091 2599 1091 1822 1091 1821 1091 2599 1092 1821 1092 2600 1092 2600 1092 1821 1092 1814 1092 2600 2423 1814 2423 2601 2423 2601 2423 1814 2423 1812 2423 2601 2440 1812 2440 2602 2440 2602 2440 1812 2440 1811 2440 2602 2425 1811 2425 2603 2425 2603 2425 1811 2425 1820 2425 2603 2441 1820 2441 2604 2441 2604 2441 1820 2441 1819 2441 2604 2442 1819 2442 2578 2442 2578 2442 1819 2442 1818 2442 2578 2428 1818 2428 2576 2428 2576 2428 1818 2428 1804 2428 2576 2443 1804 2443 2577 2443 2577 2443 1804 2443 1803 2443 2577 2430 1803 2430 2579 2430 2579 2430 1803 2430 1807 2430 2579 1101 1807 1101 2580 1101 2580 1101 1807 1101 1806 1101 2580 1102 1806 1102 2585 1102 2585 1102 1806 1102 1840 1102 2585 2444 1840 2444 2586 2444 2586 2444 1840 2444 1837 2444 2586 2445 1837 2445 2588 2445 2588 2445 1837 2445 1836 2445 2588 1105 1836 1105 2621 1105 2621 1105 1836 1105 1846 1105 1842 523 2626 523 1843 523 1843 523 2626 523 2625 523 1846 522 1848 522 2621 522 2621 522 1848 522 2619 522 2433 2408 1923 2408 2435 2408 2435 2408 1923 2408 1922 2408 2435 2409 1922 2409 2436 2409 2436 2409 1922 2409 1921 2409 2436 2410 1921 2410 2437 2410 2437 2410 1921 2410 1920 2410 2437 1136 1920 1136 2438 1136 2438 1136 1920 1136 1919 1136 2438 1110 1919 1110 2440 1110 2440 1110 1919 1110 1914 1110 2440 2411 1914 2411 2441 2411 2441 2411 1914 2411 1913 2411 2441 2412 1913 2412 2457 2412 2457 2412 1913 2412 1902 2412 2457 2413 1902 2413 2458 2413 2458 2413 1902 2413 1901 2413 2458 2414 1901 2414 2448 2414 2448 2414 1901 2414 1900 2414 2448 2415 1900 2415 2449 2415 2449 2415 1900 2415 1888 2415 2449 2416 1888 2416 2450 2416 2450 2416 1888 2416 1887 2416 2450 2417 1887 2417 2451 2417 2451 2417 1887 2417 1886 2417 2451 2418 1886 2418 2443 2418 2443 2418 1886 2418 1885 2418 2443 1141 1885 1141 2444 1141 2444 1141 1885 1141 1884 1141 2444 1142 1884 1142 2445 1142 2445 1142 1884 1142 1882 1142 2445 2419 1882 2419 2446 2419 2446 2419 1882 2419 1881 2419 2446 2420 1881 2420 2447 2420 2447 2420 1881 2420 1899 2420 2447 1143 1899 1143 2452 1143 2452 1143 1899 1143 1898 1143 2453 1124 1897 1124 2454 1124 2454 1124 1897 1124 1893 1124 2454 2421 1893 2421 2455 2421 2455 2421 1893 2421 1895 2421 2455 2422 1895 2422 2456 2422 2456 2422 1895 2422 1896 2422 2456 1125 1896 1125 2462 1125 2462 1125 1896 1125 1906 1125 2462 1126 1906 1126 2463 1126 2463 1126 1906 1126 1905 1126 2463 2423 1905 2423 2464 2423 2464 2423 1905 2423 1904 2423 2464 2424 1904 2424 2465 2424 2465 2424 1904 2424 1903 2424 2465 2425 1903 2425 2466 2425 2466 2425 1903 2425 1909 2425 2466 2426 1909 2426 2467 2426 2467 2426 1909 2426 1908 2426 2467 2427 1908 2427 2459 2427 2459 2427 1908 2427 1907 2427 2459 2428 1907 2428 2460 2428 2460 2428 1907 2428 1892 2428 2460 2429 1892 2429 2461 2429 2461 2429 1892 2429 1891 2429 2461 2430 1891 2430 2426 2430 2426 2430 1891 2430 1912 2430 2426 1101 1912 1101 2428 1101 2428 1101 1912 1101 1911 1101 2428 1131 1911 1131 2429 1131 2429 1131 1911 1131 1918 1131 2429 2431 1918 2431 2430 2431 2430 2431 1918 2431 1917 2431 2430 2432 1917 2432 2431 2432 2431 2432 1917 2432 1916 2432 2431 2433 1916 2433 2432 2433 2432 2433 1916 2433 1924 2433 1897 523 2453 523 1898 523 1898 523 2453 523 2452 523 1924 522 1923 522 2432 522 2432 522 1923 522 2433 522 3517 1224 3480 1224 3502 1224 3502 2446 3480 2446 3479 2446 3502 1223 3479 1223 3529 1223 3529 1222 3479 1222 3460 1222 3529 1221 3460 1221 3520 1221 3520 1220 3460 1220 3459 1220 3520 1219 3459 1219 3512 1219 3512 1252 3459 1252 3457 1252 3512 1251 3457 1251 3513 1251 3513 1250 3457 1250 3456 1250 3513 1249 3456 1249 3530 1249 3530 1248 3456 1248 3455 1248 3530 1247 3455 1247 3531 1247 3531 1247 3455 1247 3478 1247 3531 1212 3478 1212 3532 1212 3532 1211 3478 1211 3477 1211 3532 1210 3477 1210 3533 1210 3533 1210 3477 1210 3476 1210 3533 1209 3476 1209 3521 1209 3521 1208 3476 1208 3446 1208 3521 1207 3446 1207 3522 1207 3522 1207 3446 1207 3445 1207 3522 1246 3445 1246 3523 1246 3523 1246 3445 1246 3444 1246 3523 1245 3444 1245 3524 1245 3524 1244 3444 1244 3414 1244 3524 1243 3414 1243 3536 1243 3536 1202 3414 1202 3413 1202 3536 1200 3413 1200 3537 1200 3537 1242 3413 1242 3443 1242 3537 1199 3443 1199 3538 1199 3538 1198 3443 1198 3454 1198 3538 1197 3454 1197 3498 1197 3498 1196 3454 1196 3449 1196 3498 1195 3449 1195 3499 1195 3499 2447 3449 2447 3451 2447 3499 2448 3451 2448 3539 2448 3539 2449 3451 2449 3462 2449 3539 1191 3462 1191 3540 1191 3540 1238 3462 1238 3461 1238 3540 1189 3461 1189 3541 1189 3541 1188 3461 1188 3417 1188 3541 1237 3417 1237 3566 1237 3566 1237 3417 1237 3416 1237 3566 1236 3416 1236 3567 1236 3567 1235 3416 1235 3475 1235 3567 1183 3475 1183 3568 1183 3568 1182 3475 1182 3474 1182 3568 1234 3474 1234 3569 1234 3569 1234 3474 1234 3473 1234 3569 1179 3473 1179 3587 1179 3587 1179 3473 1179 3472 1179 3587 1233 3472 1233 3586 1233 3586 1232 3472 1232 3497 1232 3586 1231 3497 1231 3584 1231 3584 1231 3497 1231 3496 1231 3584 1175 3496 1175 3582 1175 3582 1174 3496 1174 3494 1174 3582 1230 3494 1230 3580 1230 3580 1230 3494 1230 3492 1230 3580 1171 3492 1171 3578 1171 3578 1170 3492 1170 3490 1170 3578 1229 3490 1229 3576 1229 3576 1228 3490 1228 3488 1228 3576 1227 3488 1227 3574 1227 3574 1227 3488 1227 3486 1227 3574 1165 3486 1165 3572 1165 3572 1164 3486 1164 3484 1164 3572 1163 3484 1163 3570 1163 3570 1226 3484 1226 3482 1226 3570 2450 3482 2450 3517 2450 3517 2450 3482 2450 3480 2450 3548 1253 3441 1253 3550 1253 3550 1224 3441 1224 3439 1224 3550 1223 3439 1223 3552 1223 3552 1222 3439 1222 3437 1222 3552 2451 3437 2451 3554 2451 3554 2452 3437 2452 3435 2452 3554 1219 3435 1219 3556 1219 3556 1252 3435 1252 3433 1252 3556 1218 3433 1218 3558 1218 3558 1217 3433 1217 3431 1217 3558 1216 3431 1216 3560 1216 3560 1215 3431 1215 3429 1215 3560 2453 3429 2453 3562 2453 3562 2453 3429 2453 3427 2453 3562 2454 3427 2454 3564 2454 3564 2455 3427 2455 3425 2455 3564 1210 3425 1210 3565 1210 3565 1210 3425 1210 3423 1210 3565 1209 3423 1209 3525 1209 3525 1208 3423 1208 3422 1208 3525 2456 3422 2456 3526 2456 3526 2456 3422 2456 3421 2456 3526 2457 3421 2457 3527 2457 3527 2457 3421 2457 3420 2457 3527 1204 3420 1204 3528 1204 3528 1203 3420 1203 3419 1203 3528 1202 3419 1202 3509 1202 3509 1201 3419 1201 3418 1201 3509 1200 3418 1200 3510 1200 3510 1242 3418 1242 3412 1242 3510 2458 3412 2458 3511 2458 3511 2459 3412 2459 3411 2459 3511 1197 3411 1197 3535 1197 3535 1196 3411 1196 3410 1196 3535 1241 3410 1241 3534 1241 3534 1194 3410 1194 3409 1194 3534 2448 3409 2448 3514 2448 3514 1192 3409 1192 3408 1192 3514 1191 3408 1191 3500 1191 3500 1238 3408 1238 3466 1238 3500 2460 3466 2460 3501 2460 3501 2461 3466 2461 3465 2461 3501 1187 3465 1187 3503 1187 3503 1186 3465 1186 3464 1186 3503 1185 3464 1185 3504 1185 3504 1184 3464 1184 3463 1184 3504 1183 3463 1183 3515 1183 3515 1182 3463 1182 3469 1182 3515 1181 3469 1181 3516 1181 3516 1180 3469 1180 3468 1180 3516 1179 3468 1179 3518 1179 3518 1179 3468 1179 3467 1179 3518 1178 3467 1178 3519 1178 3519 1177 3467 1177 3453 1177 3519 1176 3453 1176 3505 1176 3505 1176 3453 1176 3452 1176 3505 1175 3452 1175 3506 1175 3506 1174 3452 1174 3450 1174 3506 1173 3450 1173 3508 1173 3508 1172 3450 1172 3448 1172 3508 1171 3448 1171 3542 1171 3542 1170 3448 1170 3447 1170 3542 1169 3447 1169 3543 1169 3543 1168 3447 1168 3415 1168 3543 1167 3415 1167 3545 1167 3545 1166 3415 1166 3471 1166 3545 2462 3471 2462 3546 2462 3546 2463 3471 2463 3470 2463 3546 1163 3470 1163 3547 1163 3547 1226 3470 1226 3442 1226 3547 2450 3442 2450 3548 2450 3548 1161 3442 1161 3441 1161 1 1284 3406 1284 3585 1284 1 1283 3585 1283 3495 1283 3495 1282 3585 1282 3583 1282 3495 1282 3583 1282 3493 1282 3493 1281 3583 1281 3581 1281 3493 1280 3581 1280 3491 1280 3491 1279 3581 1279 3579 1279 3491 1278 3579 1278 3489 1278 3489 1276 3579 1276 3577 1276 3489 1276 3577 1276 3487 1276 3487 1275 3577 1275 3575 1275 3487 1275 3575 1275 3485 1275 3485 2464 3575 2464 3573 2464 3485 1273 3573 1273 3483 1273 3483 1272 3573 1272 3571 1272 3483 1272 3571 1272 3481 1272 3481 1270 3571 1270 3507 1270 3481 1270 3507 1270 3458 1270 3440 1269 3544 1269 3549 1269 3440 1269 3549 1269 3438 1269 3438 1267 3549 1267 3551 1267 3438 1267 3551 1267 3436 1267 3436 2465 3551 2465 3553 2465 3436 1265 3553 1265 3434 1265 3434 1263 3553 1263 3555 1263 3434 1264 3555 1264 3432 1264 3432 1261 3555 1261 3557 1261 3432 1261 3557 1261 3430 1261 3430 1260 3557 1260 3559 1260 3430 2466 3559 2466 3428 2466 3428 2467 3559 2467 3561 2467 3428 1257 3561 1257 3426 1257 3426 1256 3561 1256 3563 1256 3426 1256 3563 1256 3424 1256 3424 1255 3563 1255 3407 1255 3424 1254 3407 1254 0 1254 2833 2468 2832 2468 3223 2468 2833 2468 3223 2468 2903 2468 2903 2469 3223 2469 3123 2469 2903 2469 3123 2469 2904 2469 2904 2470 3123 2470 3122 2470 2904 2471 3122 2471 2905 2471 2905 2472 3122 2472 3121 2472 2905 2473 3121 2473 2900 2473 2900 2474 3121 2474 3118 2474 2900 2475 3118 2475 2901 2475 2901 2476 3118 2476 3119 2476 2901 2476 3119 2476 2902 2476 2902 2477 3119 2477 3120 2477 2902 2477 3120 2477 2890 2477 2890 2478 3120 2478 3138 2478 2890 2478 3138 2478 2892 2478 2892 2479 3138 2479 3126 2479 2892 2479 3126 2479 2877 2479 2854 2480 3100 2480 3114 2480 2854 2480 3114 2480 2865 2480 2865 2481 3114 2481 3116 2481 2865 2481 3116 2481 2863 2481 2863 2482 3116 2482 3117 2482 2863 2482 3117 2482 2861 2482 2861 2483 3117 2483 3110 2483 2861 2483 3110 2483 2860 2483 2860 2484 3110 2484 3108 2484 2860 2485 3108 2485 2858 2485 2858 2486 3108 2486 3189 2486 2858 2487 3189 2487 2851 2487 2851 2488 3189 2488 3188 2488 2851 2489 3188 2489 2950 2489 2950 2490 3188 2490 3186 2490 2950 2490 3186 2490 2951 2490 2951 2491 3186 2491 2842 2491 2951 2491 2842 2491 2843 2491 3149 1377 2910 1377 3150 1377 3150 1377 2910 1377 2909 1377 3150 1378 2909 1378 3151 1378 3151 1378 2909 1378 2920 1378 3151 1333 2920 1333 3154 1333 3154 1333 2920 1333 2919 1333 3154 1334 2919 1334 3155 1334 3155 1334 2919 1334 2915 1334 3155 1126 2915 1126 3156 1126 3156 1126 2915 1126 2914 1126 3156 1335 2914 1335 3160 1335 3160 1335 2914 1335 2913 1335 3160 1336 2913 1336 3161 1336 3161 1336 2913 1336 2908 1336 3161 1337 2908 1337 3162 1337 3162 1338 2908 1338 2907 1338 3162 1339 2907 1339 3163 1339 3163 1340 2907 1340 2906 1340 3163 1341 2906 1341 3164 1341 3164 1342 2906 1342 2939 1342 3164 1343 2939 1343 3165 1343 3165 1344 2939 1344 2938 1344 3165 1345 2938 1345 3167 1345 3167 1345 2938 1345 2937 1345 3167 1346 2937 1346 3168 1346 3168 1346 2937 1346 2936 1346 3168 1141 2936 1141 3177 1141 3177 1141 2936 1141 2935 1141 3177 1347 2935 1347 3178 1347 3178 1347 2935 1347 2934 1347 3178 1348 2934 1348 3179 1348 3179 1348 2934 1348 2933 1348 3179 1379 2933 1379 3180 1379 3180 1379 2933 1379 2942 1379 3180 1380 2942 1380 3181 1380 3181 1380 2942 1380 2941 1380 3181 1309 2941 1309 3182 1309 3182 1309 2941 1309 2940 1309 3182 1310 2940 1310 3169 1310 3169 1310 2940 1310 2932 1310 3169 1375 2932 1375 3170 1375 3170 1375 2932 1375 2931 1375 3170 1353 2931 1353 3172 1353 3172 1353 2931 1353 2930 1353 3172 1313 2930 1313 3173 1313 3173 1313 2930 1313 2925 1313 3173 2492 2925 2492 3174 2492 3174 2492 2925 2492 2924 2492 3174 2493 2924 2493 3175 2493 3175 2493 2924 2493 2929 2493 3175 1316 2929 1316 3176 1316 3176 1317 2929 1317 2928 1317 3176 1318 2928 1318 3145 1318 3145 1319 2928 1319 2927 1319 3145 1320 2927 1320 3146 1320 3146 1321 2927 1321 2921 1321 3146 1322 2921 1322 3157 1322 3157 1323 2921 1323 2922 1323 3157 2494 2922 2494 3152 2494 3152 2494 2922 2494 2923 2494 3152 2495 2923 2495 3153 2495 3153 2495 2923 2495 2918 2495 3153 1326 2918 1326 3158 1326 3158 1326 2918 1326 2917 1326 3158 1360 2917 1360 3159 1360 3159 1360 2917 1360 2916 1360 3159 1376 2916 1376 3147 1376 3147 1376 2916 1376 2912 1376 3147 1329 2912 1329 3148 1329 3148 1329 2912 1329 2911 1329 3148 1330 2911 1330 3149 1330 3149 1330 2911 1330 2910 1330 3296 1377 2845 1377 3297 1377 3297 1377 2845 1377 2844 1377 3297 1378 2844 1378 3264 1378 3264 1378 2844 1378 3051 1378 3264 1333 3051 1333 3265 1333 3265 1333 3051 1333 3050 1333 3265 1334 3050 1334 3266 1334 3266 1334 3050 1334 3034 1334 3266 1126 3034 1126 3267 1126 3267 1126 3034 1126 3033 1126 3267 1335 3033 1335 3275 1335 3275 1335 3033 1335 3032 1335 3275 1336 3032 1336 3276 1336 3276 1336 3032 1336 3022 1336 3276 1337 3022 1337 3268 1337 3268 1338 3022 1338 3021 1338 3268 1339 3021 1339 3270 1339 3270 1340 3021 1340 3026 1340 3270 1341 3026 1341 3271 1341 3271 1342 3026 1342 3027 1342 3271 1343 3027 1343 3277 1343 3277 1344 3027 1344 3049 1344 3277 1345 3049 1345 3278 1345 3278 1345 3049 1345 3048 1345 3278 1346 3048 1346 3279 1346 3279 1346 3048 1346 3047 1346 3279 1141 3047 1141 3286 1141 3286 1141 3047 1141 3046 1141 3286 1347 3046 1347 3287 1347 3287 1347 3046 1347 3045 1347 3287 1348 3045 1348 3288 1348 3288 1348 3045 1348 3044 1348 3288 1379 3044 1379 3289 1379 3289 1379 3044 1379 3043 1379 3289 2496 3043 2496 3290 2496 3290 2496 3043 2496 3042 2496 3290 2497 3042 2497 3291 2497 3291 2497 3042 2497 3041 2497 3291 1310 3041 1310 3280 1310 3280 1310 3041 1310 3040 1310 3280 1375 3040 1375 3281 1375 3281 1375 3040 1375 3039 1375 3281 1353 3039 1353 3282 1353 3282 1353 3039 1353 3038 1353 3282 1313 3038 1313 3272 1313 3272 1313 3038 1313 3037 1313 3272 2492 3037 2492 3273 2492 3273 2492 3037 2492 3036 2492 3273 2493 3036 2493 3274 2493 3274 2493 3036 2493 3035 2493 3274 1316 3035 1316 3261 1316 3261 1317 3035 1317 3020 1317 3261 1318 3020 1318 3262 1318 3262 1319 3020 1319 3019 1319 3262 1320 3019 1320 3263 1320 3263 1321 3019 1321 3017 1321 3263 1322 3017 1322 3283 1322 3283 1323 3017 1323 3025 1323 3283 2494 3025 2494 3284 2494 3284 2494 3025 2494 3024 2494 3284 2495 3024 2495 3285 2495 3285 2495 3024 2495 3023 2495 3285 1326 3023 1326 3292 1326 3292 1326 3023 1326 3031 1326 3292 1360 3031 1360 3293 1360 3293 1360 3031 1360 3030 1360 3293 1376 3030 1376 3294 1376 3294 1376 3030 1376 3029 1376 3294 1329 3029 1329 3295 1329 3295 1329 3029 1329 3028 1329 3295 1330 3028 1330 3296 1330 3296 1330 3028 1330 2845 1330 3324 1377 2848 1377 3325 1377 3325 1377 2848 1377 2847 1377 3325 1378 2847 1378 3326 1378 3326 1378 2847 1378 3013 1378 3326 1333 3013 1333 3327 1333 3327 1333 3013 1333 3012 1333 3327 1334 3012 1334 3328 1334 3328 1334 3012 1334 3011 1334 3328 1126 3011 1126 3329 1126 3329 1126 3011 1126 3010 1126 3329 1335 3010 1335 3330 1335 3330 1335 3010 1335 3009 1335 3330 1336 3009 1336 3331 1336 3331 1336 3009 1336 3008 1336 3331 1337 3008 1337 3332 1337 3332 1338 3008 1338 3007 1338 3332 1339 3007 1339 3333 1339 3333 1340 3007 1340 3006 1340 3333 1341 3006 1341 3304 1341 3304 1342 3006 1342 3005 1342 3304 1343 3005 1343 3302 1343 3302 1344 3005 1344 3004 1344 3302 1345 3004 1345 3303 1345 3303 1345 3004 1345 3003 1345 3303 1346 3003 1346 3313 1346 3313 1346 3003 1346 3002 1346 3313 1141 3002 1141 3314 1141 3314 1141 3002 1141 2997 1141 3314 1347 2997 1347 3315 1347 3315 1347 2997 1347 2996 1347 3315 1348 2996 1348 3316 1348 3316 1348 2996 1348 3001 1348 3316 1379 3001 1379 3317 1379 3317 1379 3001 1379 3016 1379 3317 2496 3016 2496 3306 2496 3306 2496 3016 2496 3015 2496 3306 2497 3015 2497 3305 2497 3305 2497 3015 2497 3014 2497 3305 1310 3014 1310 3307 1310 3307 1310 3014 1310 3000 1310 3307 1311 3000 1311 3308 1311 3308 1311 3000 1311 2999 1311 3308 1312 2999 1312 3298 1312 3298 1312 2999 1312 2998 1312 3298 1313 2998 1313 3299 1313 3299 1313 2998 1313 2988 1313 3299 2492 2988 2492 3300 2492 3300 2492 2988 2492 2987 2492 3300 2493 2987 2493 3301 2493 3301 2493 2987 2493 2985 2493 3301 2498 2985 2498 3309 2498 3309 2499 2985 2499 2984 2499 3309 2500 2984 2500 3310 2500 3310 2501 2984 2501 2995 2501 3310 2502 2995 2502 3311 2502 3311 2503 2995 2503 2994 2503 3311 2504 2994 2504 3312 2504 3312 2505 2994 2505 2993 2505 3312 2494 2993 2494 3318 2494 3318 2494 2993 2494 2992 2494 3318 2495 2992 2495 3319 2495 3319 2495 2992 2495 2991 2495 3319 1326 2991 1326 3320 1326 3320 1326 2991 1326 2990 1326 3320 1327 2990 1327 3321 1327 3321 1327 2990 1327 2983 1327 3321 1328 2983 1328 3322 1328 3322 1328 2983 1328 2982 1328 3322 1329 2982 1329 3323 1329 3323 1329 2982 1329 2989 1329 3323 1330 2989 1330 3324 1330 3324 1330 2989 1330 2848 1330 3098 1377 2872 1377 3099 1377 3099 1377 2872 1377 2853 1377 3099 1378 2853 1378 3112 1378 3112 1378 2853 1378 2852 1378 3112 1333 2852 1333 3113 1333 3113 1333 2852 1333 2871 1333 3113 1334 2871 1334 3115 1334 3115 1334 2871 1334 2864 1334 3115 1126 2864 1126 3111 1126 3111 1126 2864 1126 2862 1126 3111 1335 2862 1335 3109 1335 3109 1335 2862 1335 2859 1335 3109 1336 2859 1336 3107 1336 3107 1336 2859 1336 2850 1336 3107 1337 2850 1337 3187 1337 3187 1338 2850 1338 2849 1338 3187 1339 2849 1339 3185 1339 3185 1340 2849 1340 2952 1340 3185 1341 2952 1341 3184 1341 3184 1342 2952 1342 2953 1342 3184 1343 2953 1343 3183 1343 3183 1344 2953 1344 2947 1344 3183 1345 2947 1345 3193 1345 3193 1345 2947 1345 2960 1345 3193 1346 2960 1346 3194 1346 3194 1346 2960 1346 2959 1346 3194 1141 2959 1141 3195 1141 3195 1141 2959 1141 2956 1141 3195 1347 2956 1347 3196 1347 3196 1347 2956 1347 2957 1347 3196 1348 2957 1348 3197 1348 3197 1348 2957 1348 2958 1348 3197 1379 2958 1379 3198 1379 3198 1379 2958 1379 2963 1379 3198 1380 2963 1380 3199 1380 3199 1380 2963 1380 2962 1380 3199 1309 2962 1309 3200 1309 3200 1309 2962 1309 2961 1309 3200 1310 2961 1310 3201 1310 3201 1310 2961 1310 2949 1310 3201 1311 2949 1311 3190 1311 3190 1311 2949 1311 2948 1311 3190 1312 2948 1312 3191 1312 3191 1312 2948 1312 2955 1312 3191 1313 2955 1313 3202 1313 3202 1313 2955 1313 2954 1313 3202 2492 2954 2492 3203 2492 3203 2492 2954 2492 2946 2492 3203 2493 2946 2493 3192 2493 3192 2493 2946 2493 2945 2493 3192 2498 2945 2498 3097 2498 3097 2499 2945 2499 2944 2499 3097 2500 2944 2500 3096 2500 3096 2501 2944 2501 2943 2501 3096 2502 2943 2502 3094 2502 3094 2503 2943 2503 2856 2503 3094 2504 2856 2504 3092 2504 3092 2505 2856 2505 2855 2505 3092 2494 2855 2494 3101 2494 3101 2494 2855 2494 2870 2494 3101 2495 2870 2495 3102 2495 3102 2495 2870 2495 2869 2495 3102 1326 2869 1326 3103 1326 3103 1326 2869 1326 2867 1326 3103 1327 2867 1327 3104 1327 3104 1327 2867 1327 2866 1327 3104 1328 2866 1328 3105 1328 3105 1328 2866 1328 2874 1328 3105 1329 2874 1329 3106 1329 3106 1329 2874 1329 2873 1329 3106 1330 2873 1330 3098 1330 3098 1330 2873 1330 2872 1330 3132 1363 2875 1363 3131 1363 3131 1363 2875 1363 2885 1363 3131 1332 2885 1332 3129 1332 3129 1332 2885 1332 2884 1332 3129 1333 2884 1333 3133 1333 3133 1333 2884 1333 2883 1333 3133 1364 2883 1364 3134 1364 3134 1364 2883 1364 2882 1364 3134 1126 2882 1126 3135 1126 3135 1126 2882 1126 2881 1126 3135 1365 2881 1365 3141 1365 3141 1365 2881 1365 2879 1365 3141 1336 2879 1336 3142 1336 3142 1336 2879 1336 2878 1336 3142 2506 2878 2506 3144 2506 3144 2507 2878 2507 2886 2507 3144 1339 2886 1339 3219 1339 3219 1340 2886 1340 2888 1340 3219 1341 2888 1341 3220 1341 3220 1342 2888 1342 2981 1342 3220 2508 2981 2508 3221 2508 3221 2509 2981 2509 2980 2509 3221 1345 2980 1345 3204 1345 3204 1345 2980 1345 2979 1345 3204 1372 2979 1372 3205 1372 3205 1372 2979 1372 2975 1372 3205 1141 2975 1141 3206 1141 3206 1141 2975 1141 2974 1141 3206 1373 2974 1373 3207 1373 3207 1373 2974 1373 2973 1373 3207 1348 2973 1348 3208 1348 3208 1348 2973 1348 2972 1348 3208 1349 2972 1349 3209 1349 3209 1349 2972 1349 2971 1349 3209 1374 2971 1374 3211 1374 3211 1374 2971 1374 2970 1374 3211 1351 2970 1351 3212 1351 3212 1351 2970 1351 2969 1351 3212 1352 2969 1352 3213 1352 3213 1352 2969 1352 2968 1352 3213 1311 2968 1311 3214 1311 3214 1311 2968 1311 2967 1311 3214 1353 2967 1353 3215 1353 3215 1353 2967 1353 2965 1353 3215 1110 2965 1110 3216 1110 3216 1110 2965 1110 2964 1110 3216 1354 2964 1354 3217 1354 3217 1354 2964 1354 2978 1354 3217 1315 2978 1315 3218 1315 3218 1315 2978 1315 2977 1315 3218 1355 2977 1355 3089 1355 3089 1356 2977 1356 2976 1356 3089 1318 2976 1318 3090 1318 3090 1319 2976 1319 2899 1319 3090 1320 2899 1320 3127 1320 3127 1321 2899 1321 2898 1321 3127 1357 2898 1357 3128 1357 3128 1358 2898 1358 2896 1358 3128 1324 2896 1324 3136 1324 3136 1324 2896 1324 2895 1324 3136 1359 2895 1359 3137 1359 3137 1359 2895 1359 2889 1359 3137 1101 2889 1101 3139 1101 3139 1101 2889 1101 2891 1101 3139 1360 2891 1360 3140 1360 3140 1360 2891 1360 2893 1360 3140 1328 2893 1328 3124 1328 3124 1328 2893 1328 2894 1328 3124 1361 2894 1361 3125 1361 3125 1361 2894 1361 2876 1361 3125 1362 2876 1362 3132 1362 3132 1362 2876 1362 2875 1362 3246 1363 3088 1363 3247 1363 3247 1363 3088 1363 3087 1363 3247 1332 3087 1332 3224 1332 3224 1332 3087 1332 3086 1332 3224 1333 3086 1333 3225 1333 3225 1333 3086 1333 3082 1333 3225 1364 3082 1364 3226 1364 3226 1364 3082 1364 3081 1364 3226 1126 3081 1126 3227 1126 3227 1126 3081 1126 3080 1126 3227 1365 3080 1365 3230 1365 3230 1365 3080 1365 3063 1365 3230 1336 3063 1336 3231 1336 3231 1336 3063 1336 3062 1336 3231 2506 3062 2506 3232 2506 3232 2507 3062 2507 3079 2507 3232 1339 3079 1339 3248 1339 3248 1340 3079 1340 3078 1340 3248 1341 3078 1341 3249 1341 3249 1342 3078 1342 3077 1342 3249 2508 3077 2508 3234 2508 3234 2509 3077 2509 3074 2509 3234 1345 3074 1345 3235 1345 3235 1345 3074 1345 3073 1345 3235 1372 3073 1372 3250 1372 3250 1372 3073 1372 3072 1372 3250 1141 3072 1141 3251 1141 3251 1141 3072 1141 3069 1141 3251 1373 3069 1373 3252 1373 3252 1373 3069 1373 3070 1373 3252 1348 3070 1348 3253 1348 3253 1348 3070 1348 3071 1348 3253 1349 3071 1349 3254 1349 3254 1349 3071 1349 3085 1349 3254 2510 3085 2510 3255 2510 3255 2510 3085 2510 3084 2510 3255 2511 3084 2511 3236 2511 3236 2511 3084 2511 3083 2511 3236 1352 3083 1352 3237 1352 3237 1352 3083 1352 3068 1352 3237 1311 3068 1311 3238 1311 3238 1311 3068 1311 3067 1311 3238 1353 3067 1353 3239 1353 3239 1353 3067 1353 3076 1353 3239 1110 3076 1110 3240 1110 3240 1110 3076 1110 3075 1110 3240 1354 3075 1354 3241 1354 3241 1354 3075 1354 3066 1354 3241 1315 3066 1315 3242 1315 3242 1315 3066 1315 3065 1315 3242 1355 3065 1355 3258 1355 3258 1356 3065 1356 3064 1356 3258 1318 3064 1318 3259 1318 3259 1319 3064 1319 3058 1319 3259 1320 3058 1320 3260 1320 3260 1321 3058 1321 3060 1321 3260 1357 3060 1357 3243 1357 3243 1358 3060 1358 3061 1358 3243 1324 3061 1324 3228 1324 3228 1324 3061 1324 3057 1324 3228 1359 3057 1359 3229 1359 3229 1359 3057 1359 3056 1359 3229 1101 3056 1101 3256 1101 3256 1101 3056 1101 3055 1101 3256 1360 3055 1360 3257 1360 3257 1360 3055 1360 3052 1360 3257 1328 3052 1328 3244 1328 3244 1328 3052 1328 3053 1328 3244 1361 3053 1361 3245 1361 3245 1361 3053 1361 3054 1361 3245 1362 3054 1362 3246 1362 3246 1362 3054 1362 3088 1362 2490 1437 1990 1437 2477 1437 2477 1437 1990 1437 1989 1437 2477 1400 1989 1400 2478 1400 2478 1400 1989 1400 1981 1400 2478 2512 1981 2512 2479 2512 2479 2512 1981 2512 1980 2512 2479 2513 1980 2513 2297 2513 2297 2513 1980 2513 1979 2513 2297 2514 1979 2514 2298 2514 2298 2514 1979 2514 1978 2514 2298 2515 1978 2515 2496 2515 2496 2515 1978 2515 2017 2515 2496 2516 2017 2516 2497 2516 2497 2516 2017 2516 2018 2516 2497 1406 2018 1406 2499 1406 2499 1406 2018 1406 2020 1406 2499 2517 2020 2517 2518 2517 2518 2517 2020 2517 2024 2517 2518 2518 2024 2518 2519 2518 2519 2518 2024 2518 2023 2518 2519 1409 2023 1409 2509 1409 2509 1409 2023 1409 2006 1409 2509 2519 2006 2519 2493 2519 2493 2519 2006 2519 2005 2519 2493 2520 2005 2520 2494 2520 2494 2520 2005 2520 2021 2520 2494 1442 2021 1442 2495 1442 2495 1442 2021 1442 1996 1442 2495 2521 1996 2521 2472 2521 2472 2521 1996 2521 1995 2521 2472 1443 1995 1443 2473 1443 2473 1443 1995 1443 1994 1443 2473 1415 1994 1415 2484 1415 2484 1415 1994 1415 1977 1415 2484 1444 1977 1444 2485 1444 2485 1444 1977 1444 1976 1444 2485 1381 1976 1381 2486 1381 2486 1381 1976 1381 1988 1381 2486 2522 1988 2522 2487 2522 2487 2522 1988 2522 1993 2522 2487 1426 1993 1426 2491 1426 2491 1426 1993 1426 1992 1426 2491 2523 1992 2523 2492 2523 2492 2523 1992 2523 1987 2523 2492 1427 1987 1427 2480 1427 2480 1427 1987 1427 1986 1427 2480 2524 1986 2524 2481 2524 2481 2524 1986 2524 1985 2524 2481 2525 1985 2525 2482 2525 2482 2525 1985 2525 1972 2525 2482 1388 1972 1388 2483 1388 2483 1388 1972 1388 1971 1388 2483 2526 1971 2526 2468 2526 2468 2526 1971 2526 1970 2526 2468 2527 1970 2527 2469 2527 2469 2527 1970 2527 1969 2527 2469 1391 1969 1391 2470 1391 2470 1391 1969 1391 1975 1391 2470 2528 1975 2528 2471 2528 2471 2528 1975 2528 1974 2528 2471 2529 1974 2529 2474 2529 2474 2529 1974 2529 1973 2529 2474 2530 1973 2530 2475 2530 2475 2530 1973 2530 1984 2530 2475 2531 1984 2531 2476 2531 2476 2531 1984 2531 1983 2531 2476 2532 1983 2532 2488 2532 2488 2532 1983 2532 1982 2532 2488 2533 1982 2533 2489 2533 2489 2533 1982 2533 1991 2533 2489 1398 1991 1398 2490 1398 2490 1398 1991 1398 1990 1398 2531 2534 2002 2534 2523 2534 2523 2534 2002 2534 2014 2534 2523 1400 2014 1400 2524 1400 2524 1400 2014 1400 2013 1400 2524 2535 2013 2535 2525 2535 2525 2535 2013 2535 2012 2535 2525 2513 2012 2513 2502 2513 2502 2513 2012 2513 2011 2513 2502 2514 2011 2514 2503 2514 2503 2514 2011 2514 2016 2514 2503 2536 2016 2536 2505 2536 2505 2536 2016 2536 2015 2536 2505 2537 2015 2537 2506 2537 2506 2537 2015 2537 2009 2537 2506 1406 2009 1406 2510 1406 2510 1406 2009 1406 2008 1406 2510 2517 2008 2517 2511 2517 2511 2517 2008 2517 2028 2517 2511 2518 2028 2518 2512 2518 2512 2518 2028 2518 2027 2518 2512 1409 2027 1409 2513 1409 2513 1409 2027 1409 2034 1409 2513 2538 2034 2538 2526 2538 2526 2538 2034 2538 2033 2538 2526 2539 2033 2539 2527 2539 2527 2539 2033 2539 2032 2539 2527 1442 2032 1442 2528 1442 2528 1442 2032 1442 2042 1442 2528 2521 2042 2521 2532 2521 2532 2521 2042 2521 2041 2521 2532 2540 2041 2540 2533 2540 2533 2540 2041 2540 2037 2540 2533 1415 2037 1415 2295 1415 2295 1415 2037 1415 2036 1415 2295 2541 2036 2541 2296 2541 2296 2541 2036 2541 2035 2541 2296 1425 2035 1425 2534 1425 2534 1425 2035 1425 2040 1425 2534 1382 2040 1382 2535 1382 2535 1382 2040 1382 2039 1382 2535 1426 2039 1426 2536 1426 2536 1426 2039 1426 2038 1426 2536 2542 2038 2542 2507 2542 2507 2542 2038 2542 2031 2542 2507 1385 2031 1385 2508 1385 2508 1385 2031 1385 2030 1385 2508 2524 2030 2524 2514 2524 2514 2524 2030 2524 2029 2524 2514 2543 2029 2543 2515 2543 2515 2543 2029 2543 2022 2543 2515 2544 2022 2544 2516 2544 2516 2544 2022 2544 2026 2544 2516 2526 2026 2526 2517 2526 2517 2526 2026 2526 2025 2526 2517 2527 2025 2527 2500 2527 2500 2527 2025 2527 2019 2527 2500 2545 2019 2545 2498 2545 2498 2545 2019 2545 1999 2545 2498 2546 1999 2546 2501 2546 2501 2546 1999 2546 2000 2546 2501 2529 2000 2529 2520 2529 2520 2529 2000 2529 2001 2529 2520 2547 2001 2547 2521 2547 2521 2547 2001 2547 2004 2547 2521 2548 2004 2548 2522 2548 2522 2548 2004 2548 2003 2548 2522 2532 2003 2532 2529 2532 2529 2532 2003 2532 1998 2532 2529 1397 1998 1397 2530 1397 2530 1397 1998 1397 1997 1397 2530 1436 1997 1436 2531 1436 2531 1436 1997 1436 2002 1436 2751 1399 2175 1399 2752 1399 2752 1399 2175 1399 2174 1399 2752 1400 2174 1400 2741 1400 2741 1400 2174 1400 2165 1400 2741 2549 2165 2549 2742 2549 2742 2549 2165 2549 2164 2549 2742 2550 2164 2550 2743 2550 2743 2550 2164 2550 2163 2550 2743 2551 2163 2551 2759 2551 2759 2551 2163 2551 2189 2551 2759 2515 2189 2515 2760 2515 2760 2515 2189 2515 2188 2515 2760 2516 2188 2516 2761 2516 2761 2516 2188 2516 2184 2516 2761 1406 2184 1406 2765 1406 2765 1406 2184 1406 2183 1406 2765 2552 2183 2552 2766 2552 2766 2552 2183 2552 2200 2552 2766 2553 2200 2553 2767 2553 2767 2553 2200 2553 2199 2553 2767 1409 2199 1409 2753 1409 2753 1409 2199 1409 2198 1409 2753 2519 2198 2519 2754 2519 2754 2519 2198 2519 2182 2519 2754 2520 2182 2520 2755 2520 2755 2520 2182 2520 2181 2520 2755 1423 2181 1423 2756 1423 2756 1423 2181 1423 2180 1423 2756 2554 2180 2554 2757 2554 2757 2554 2180 2554 2179 2554 2757 1414 2179 1414 2758 1414 2758 1414 2179 1414 2178 1414 2758 1415 2178 1415 2289 1415 2289 1415 2178 1415 2177 1415 2289 1416 2177 1416 2290 1416 2290 1416 2177 1416 2170 1416 2290 1381 2170 1381 2736 1381 2736 1381 2170 1381 2171 1381 2736 1382 2171 1382 2744 1382 2744 1382 2171 1382 2173 1382 2744 1417 2173 1417 2745 1417 2745 1417 2173 1417 2197 1417 2745 2523 2197 2523 2746 2523 2746 2523 2197 2523 2196 2523 2746 1385 2196 1385 2747 1385 2747 1385 2196 1385 2187 1385 2747 2555 2187 2555 2748 2555 2748 2555 2187 2555 2186 2555 2748 2543 2186 2543 2749 2543 2749 2543 2186 2543 2185 2543 2749 1388 2185 1388 2768 1388 2768 1388 2185 1388 2195 1388 2768 2556 2195 2556 2769 2556 2769 2556 2195 2556 2194 2556 2769 2557 2194 2557 2770 2557 2770 2557 2194 2557 2193 2557 2770 1391 2193 1391 2762 1391 2762 1391 2193 1391 2192 1391 2762 2546 2192 2546 2763 2546 2763 2546 2192 2546 2191 2546 2763 2558 2191 2558 2764 2558 2764 2558 2191 2558 2190 2558 2764 2547 2190 2547 2737 2547 2737 2547 2190 2547 2169 2547 2737 2531 2169 2531 2738 2531 2738 2531 2169 2531 2167 2531 2738 2559 2167 2559 2740 2559 2740 2559 2167 2559 2166 2559 2740 1397 2166 1397 2750 1397 2750 1397 2166 1397 2176 1397 2750 1398 2176 1398 2751 1398 2751 1398 2176 1398 2175 1398 2556 1399 2070 1399 2557 1399 2557 1399 2070 1399 2069 1399 2557 1400 2069 1400 2537 1400 2537 1400 2069 1400 2068 1400 2537 2549 2068 2549 2538 2549 2538 2549 2068 2549 2050 2549 2538 2550 2050 2550 2540 2550 2540 2550 2050 2550 2051 2550 2540 2551 2051 2551 2541 2551 2541 2551 2051 2551 2052 2551 2541 2515 2052 2515 2552 2515 2552 2515 2052 2515 2067 2515 2552 2516 2067 2516 2553 2516 2553 2516 2067 2516 2066 2516 2553 1406 2066 1406 2554 1406 2554 1406 2066 1406 2065 1406 2554 2552 2065 2552 2558 2552 2558 2552 2065 2552 2064 2552 2558 2553 2064 2553 2559 2553 2559 2553 2064 2553 2063 2553 2559 1409 2063 1409 2560 1409 2560 1409 2063 1409 2062 1409 2560 2519 2062 2519 2561 2519 2561 2519 2062 2519 2061 2519 2561 2520 2061 2520 2562 2520 2562 2520 2061 2520 2060 2520 2562 1423 2060 1423 2563 1423 2563 1423 2060 1423 2059 1423 2563 2554 2059 2554 2564 2554 2564 2554 2059 2554 2058 2554 2564 1414 2058 1414 2565 1414 2565 1414 2058 1414 2057 1414 2565 1415 2057 1415 2542 1415 2542 1415 2057 1415 2056 1415 2542 1416 2056 1416 2543 1416 2543 1416 2056 1416 2047 1416 2543 1381 2047 1381 2544 1381 2544 1381 2047 1381 2049 1381 2544 1382 2049 1382 2545 1382 2545 1382 2049 1382 2048 1382 2545 1417 2048 1417 2546 1417 2546 1417 2048 1417 2044 1417 2546 2523 2044 2523 2569 2523 2569 2523 2044 2523 2043 2523 2569 1385 2043 1385 2570 1385 2570 1385 2043 1385 2082 1385 2570 2555 2082 2555 2571 2555 2571 2555 2082 2555 2081 2555 2571 2543 2081 2543 2572 2543 2572 2543 2081 2543 2080 2543 2572 1388 2080 1388 2573 1388 2573 1388 2080 1388 2076 1388 2573 2556 2076 2556 2574 2556 2574 2556 2076 2556 2078 2556 2574 2557 2078 2557 2575 2557 2575 2557 2078 2557 2079 2557 2575 1391 2079 1391 2568 1391 2568 1391 2079 1391 2075 1391 2568 2546 2075 2546 2566 2546 2566 2546 2075 2546 2074 2546 2566 2558 2074 2558 2547 2558 2547 2558 2074 2558 2072 2558 2547 2547 2072 2547 2548 2547 2548 2547 2072 2547 2071 2547 2548 2531 2071 2531 2550 2531 2550 2531 2071 2531 2055 2531 2550 2559 2055 2559 2551 2559 2551 2559 2055 2559 2054 2559 2551 1397 2054 1397 2555 1397 2555 1397 2054 1397 2053 1397 2555 1398 2053 1398 2556 1398 2556 1398 2053 1398 2070 1398 2317 1106 2152 1106 2318 1106 2318 1106 2152 1106 2151 1106 2318 2434 2151 2434 2322 2434 2322 2434 2151 2434 2150 2434 2322 2435 2150 2435 2323 2435 2323 2435 2150 2435 2149 2435 2323 1109 2149 1109 2324 1109 2324 1109 2149 1109 2159 1109 2324 1110 2159 1110 2328 1110 2328 1110 2159 1110 2158 1110 2328 2411 2158 2411 2329 2411 2329 2411 2158 2411 2137 2411 2329 2436 2137 2436 2303 2436 2303 2436 2137 2436 2136 2436 2303 2413 2136 2413 2304 2413 2304 2413 2136 2413 2143 2413 2304 2437 2143 2437 2312 2437 2312 2437 2143 2437 2142 2437 2312 2438 2142 2438 2313 2438 2313 2438 2142 2438 2141 2438 2313 2416 2141 2416 2300 2416 2300 2416 2141 2416 2135 2416 2300 2439 2135 2439 2301 2439 2301 2439 2135 2439 2084 2439 2301 2418 2084 2418 2354 2418 2354 2418 2084 2418 2083 2418 2354 1119 2083 1119 2352 1119 2352 1119 2083 1119 2103 1119 2352 1120 2103 1120 2350 1120 2350 1120 2103 1120 2102 1120 2350 2419 2102 2419 2368 2419 2368 2419 2102 2419 2100 2419 2368 2420 2100 2420 2369 2420 2369 2420 2100 2420 2099 2420 2369 1123 2099 1123 2371 1123 2371 1123 2099 1123 2120 1123 2373 1088 2116 1088 2374 1088 2374 1088 2116 1088 2109 1088 2374 2421 2109 2421 2367 2421 2367 2421 2109 2421 2111 2421 2367 2422 2111 2422 2365 2422 2365 2422 2111 2422 2115 2422 2365 1091 2115 1091 2348 1091 2348 1091 2115 1091 2114 1091 2348 1092 2114 1092 2361 1092 2361 1092 2114 1092 2148 1092 2361 2423 2148 2423 2310 2423 2310 2423 2148 2423 2147 2423 2310 2440 2147 2440 2311 2440 2311 2440 2147 2440 2145 2440 2311 2425 2145 2425 2325 2425 2325 2425 2145 2425 2144 2425 2325 2441 2144 2441 2326 2441 2326 2441 2144 2441 2162 2441 2326 2442 2162 2442 2327 2442 2327 2442 2162 2442 2161 2442 2327 2428 2161 2428 2306 2428 2306 2428 2161 2428 2160 2428 2306 2443 2160 2443 2307 2443 2307 2443 2160 2443 2157 2443 2307 2430 2157 2430 2314 2430 2314 2430 2157 2430 2156 2430 2314 1101 2156 1101 2315 1101 2315 1101 2156 1101 2155 1101 2315 1102 2155 1102 2316 1102 2316 1102 2155 1102 2139 1102 2316 2444 2139 2444 2319 2444 2319 2444 2139 2444 2138 2444 2319 2445 2138 2445 2320 2445 2320 2445 2138 2445 2154 2445 2320 1105 2154 1105 2321 1105 2321 1105 2154 1105 2153 1105 2116 523 2373 523 2120 523 2120 523 2373 523 2371 523 2153 522 2152 522 2321 522 2321 522 2152 522 2317 522 2677 1134 2218 1134 2670 1134 2670 1134 2218 1134 2217 1134 2670 2434 2217 2434 2669 2434 2669 2434 2217 2434 2208 2434 2669 2410 2208 2410 2668 2410 2668 2410 2208 2410 2207 2410 2668 2560 2207 2560 2687 2560 2687 2560 2207 2560 2206 2560 2687 2561 2206 2561 2688 2561 2688 2561 2206 2561 2227 2561 2688 2411 2227 2411 2689 2411 2689 2411 2227 2411 2226 2411 2689 2412 2226 2412 2692 2412 2692 2412 2226 2412 2225 2412 2692 2413 2225 2413 2693 2413 2693 2413 2225 2413 2224 2413 2693 2414 2224 2414 2694 2414 2694 2414 2224 2414 2223 2414 2694 2562 2223 2562 2671 2562 2671 2562 2223 2562 2222 2562 2671 2563 2222 2563 2672 2563 2672 2563 2222 2563 2216 2563 2672 2417 2216 2417 2673 2417 2673 2417 2216 2417 2215 2417 2673 2418 2215 2418 2674 2418 2674 2418 2215 2418 2221 2418 2674 1141 2221 1141 2678 1141 2678 1141 2221 1141 2220 1141 2678 1142 2220 1142 2679 1142 2679 1142 2220 1142 2205 1142 2679 2419 2205 2419 2680 2419 2680 2419 2205 2419 2204 2419 2680 2420 2204 2420 2681 2420 2681 2420 2204 2420 2230 2420 2681 1143 2230 1143 2682 1143 2682 1143 2230 1143 2229 1143 2683 1124 2228 1124 2667 1124 2667 1124 2228 1124 2212 1124 2667 2421 2212 2421 2666 2421 2666 2421 2212 2421 2213 2421 2666 2422 2213 2422 2665 2422 2665 2422 2213 2422 2214 2422 2665 1125 2214 1125 2684 1125 2684 1125 2214 1125 2238 1125 2684 1126 2238 1126 2685 1126 2685 1126 2238 1126 2237 1126 2685 2423 2237 2423 2686 2423 2686 2423 2237 2423 2234 2423 2686 2424 2234 2424 2690 2424 2690 2424 2234 2424 2235 2424 2690 2564 2235 2564 2691 2564 2691 2564 2235 2564 2236 2564 2691 2565 2236 2565 2658 2565 2658 2565 2236 2565 2241 2565 2658 2427 2241 2427 2657 2427 2657 2427 2241 2427 2240 2427 2657 2428 2240 2428 2659 2428 2659 2428 2240 2428 2239 2428 2659 2429 2239 2429 2660 2429 2660 2429 2239 2429 2233 2429 2660 2430 2233 2430 2661 2430 2661 2430 2233 2430 2232 2430 2661 2566 2232 2566 2662 2566 2662 2566 2232 2566 2231 2566 2662 2567 2231 2567 2663 2567 2663 2567 2231 2567 2209 2567 2663 2431 2209 2431 2664 2431 2664 2431 2209 2431 2210 2431 2664 2445 2210 2445 2675 2445 2675 2445 2210 2445 2211 2445 2675 1133 2211 1133 2676 1133 2676 1133 2211 1133 2219 1133 2228 523 2683 523 2229 523 2229 523 2683 523 2682 523 2219 522 2218 522 2676 522 2676 522 2218 522 2677 522 2726 1134 2264 1134 2712 1134 2712 1134 2264 1134 2263 1134 2712 2434 2263 2434 2711 2434 2711 2434 2263 2434 2248 2434 2711 2410 2248 2410 2710 2410 2710 2410 2248 2410 2247 2410 2710 2560 2247 2560 2727 2560 2727 2560 2247 2560 2256 2560 2727 2561 2256 2561 2728 2561 2728 2561 2256 2561 2255 2561 2728 2411 2255 2411 2729 2411 2729 2411 2255 2411 2246 2411 2729 2412 2246 2412 2730 2412 2730 2412 2246 2412 2245 2412 2730 2413 2245 2413 2731 2413 2731 2413 2245 2413 2262 2413 2731 2414 2262 2414 2732 2414 2732 2414 2262 2414 2261 2414 2732 2562 2261 2562 2719 2562 2719 2562 2261 2562 2260 2562 2719 2563 2260 2563 2720 2563 2720 2563 2260 2563 2254 2563 2720 2417 2254 2417 2721 2417 2721 2417 2254 2417 2253 2417 2721 2418 2253 2418 2706 2418 2706 2418 2253 2418 2252 2418 2706 1141 2252 1141 2707 1141 2707 1141 2252 1141 2251 1141 2707 1142 2251 1142 2708 1142 2708 1142 2251 1142 2250 1142 2708 2419 2250 2419 2709 2419 2709 2419 2250 2419 2249 2419 2709 2420 2249 2420 2713 2420 2713 2420 2249 2420 2273 2420 2713 1143 2273 1143 2714 1143 2714 1143 2273 1143 2272 1143 2715 1124 2271 1124 2705 1124 2705 1124 2271 1124 2270 1124 2705 2421 2270 2421 2704 2421 2704 2421 2270 2421 2269 2421 2704 2422 2269 2422 2703 2422 2703 2422 2269 2422 2268 2422 2703 1125 2268 1125 2716 1125 2716 1125 2268 1125 2267 1125 2716 1126 2267 1126 2717 1126 2717 1126 2267 1126 2266 1126 2717 2423 2266 2423 2718 2423 2718 2423 2266 2423 2279 2423 2718 2424 2279 2424 2722 2424 2722 2424 2279 2424 2278 2424 2722 2564 2278 2564 2723 2564 2723 2564 2278 2564 2277 2564 2723 2565 2277 2565 2695 2565 2695 2565 2277 2565 2276 2565 2695 2427 2276 2427 2696 2427 2696 2427 2276 2427 2275 2427 2696 2428 2275 2428 2697 2428 2697 2428 2275 2428 2274 2428 2697 2429 2274 2429 2698 2429 2698 2429 2274 2429 2259 2429 2698 2430 2259 2430 2699 2430 2699 2430 2259 2430 2258 2430 2699 2566 2258 2566 2700 2566 2700 2566 2258 2566 2257 2566 2700 2567 2257 2567 2701 2567 2701 2567 2257 2567 2242 2567 2701 2431 2242 2431 2702 2431 2702 2431 2242 2431 2243 2431 2702 2445 2243 2445 2724 2445 2724 2445 2243 2445 2244 2445 2724 1133 2244 1133 2725 1133 2725 1133 2244 1133 2265 1133 2271 523 2715 523 2272 523 2272 523 2715 523 2714 523 2265 522 2264 522 2725 522 2725 522 2264 522 2726 522 2642 1106 1876 1106 2643 1106 2643 1106 1876 1106 1880 1106 2643 2434 1880 2434 2645 2434 2645 2434 1880 2434 1879 2434 2645 2435 1879 2435 2646 2435 2646 2435 1879 2435 1869 2435 2646 1109 1869 1109 2647 1109 2647 1109 1869 1109 1868 1109 2647 1110 1868 1110 2648 1110 2648 1110 1868 1110 1867 1110 2648 2411 1867 2411 2649 2411 2649 2411 1867 2411 1856 2411 2649 2436 1856 2436 2650 2436 2650 2436 1856 2436 1855 2436 2650 2413 1855 2413 2651 2413 2651 2413 1855 2413 1866 2413 2651 2437 1866 2437 2652 2437 2652 2437 1866 2437 1865 2437 2652 2438 1865 2438 2635 2438 2635 2438 1865 2438 1864 2438 2635 2416 1864 2416 2634 2416 2634 2416 1864 2416 1854 2416 2634 2439 1854 2439 2632 2439 2632 2439 1854 2439 1853 2439 2632 2418 1853 2418 2609 2418 2609 2418 1853 2418 1825 2418 2609 1119 1825 1119 2607 1119 2607 1119 1825 1119 1827 1119 2607 1120 1827 1120 2605 1120 2605 1120 1827 1120 1828 1120 2605 2419 1828 2419 2617 2419 2617 2419 1828 2419 1852 2419 2617 2420 1852 2420 2618 2420 2618 2420 1852 2420 1851 2420 2618 1123 1851 1123 2620 1123 2620 1123 1851 1123 1849 1123 2622 1088 1847 1088 2623 1088 2623 1088 1847 1088 1845 1088 2623 2421 1845 2421 2589 2421 2589 2421 1845 2421 1844 2421 2589 2422 1844 2422 2587 2422 2587 2422 1844 2422 1838 2422 2587 1091 1838 1091 2581 1091 2581 1091 1838 1091 1839 1091 2581 1092 1839 1092 2627 1092 2627 1092 1839 1092 1805 1092 2627 2423 1805 2423 2628 2423 2628 2423 1805 2423 1863 2423 2628 2440 1863 2440 2629 2440 2629 2440 1863 2440 1862 2440 2629 2425 1862 2425 2636 2425 2636 2425 1862 2425 1861 2425 2636 2441 1861 2441 2637 2441 2637 2441 1861 2441 1872 2441 2637 2442 1872 2442 2638 2442 2638 2442 1872 2442 1871 2442 2638 2428 1871 2428 2630 2428 2630 2428 1871 2428 1870 2428 2630 2443 1870 2443 2631 2443 2631 2443 1870 2443 1859 2443 2631 2430 1859 2430 2639 2430 2639 2430 1859 2430 1858 2430 2639 1101 1858 1101 2640 1101 2640 1101 1858 1101 1875 1101 2640 1102 1875 1102 2641 1102 2641 1102 1875 1102 1874 1102 2641 2444 1874 2444 2653 2444 2653 2444 1874 2444 1873 2444 2653 2445 1873 2445 2654 2445 2654 2445 1873 2445 1878 2445 2654 1105 1878 1105 2655 1105 2655 1105 1878 1105 1877 1105 1847 523 2622 523 1849 523 1849 523 2622 523 2620 523 1877 522 1876 522 2655 522 2655 522 1876 522 2642 522 3588 2568 3589 2568 3590 2568 3591 260 3592 260 3593 260 3592 260 3594 260 3593 260 3593 2569 3594 2569 3595 2569 3593 2570 3595 2570 3596 2570 3597 260 3598 260 3599 260 3600 260 3601 260 3599 260 3599 2571 3601 2571 3602 2571 3603 260 3604 260 3605 260 3605 2572 3604 2572 3606 2572 3607 260 3608 260 3609 260 3610 260 3611 260 3612 260 3612 2573 3611 2573 3613 2573 3613 2574 3614 2574 3612 2574 3612 2575 3614 2575 3615 2575 3612 2576 3615 2576 3616 2576 3598 260 3617 260 3599 260 3599 2577 3617 2577 3618 2577 3599 2578 3618 2578 3600 2578 3602 260 3619 260 3599 260 3599 260 3619 260 3620 260 3599 260 3620 260 3593 260 3593 260 3620 260 3621 260 3593 2579 3621 2579 3591 2579 3596 2580 3622 2580 3593 2580 3593 2581 3622 2581 3623 2581 3593 2582 3623 2582 3624 2582 3603 260 3625 260 3604 260 3604 2583 3625 2583 3626 2583 3604 2584 3626 2584 3627 2584 3624 260 3628 260 3593 260 3593 2585 3628 2585 3629 2585 3593 260 3629 260 3606 260 3606 2586 3629 2586 3630 2586 3606 2587 3630 2587 3605 2587 3608 260 3631 260 3609 260 3609 2588 3631 2588 3632 2588 3609 260 3632 260 3633 260 3633 2589 3632 2589 3634 2589 3633 260 3634 260 3635 260 3616 260 3636 260 3612 260 3612 2590 3636 2590 3637 2590 3612 260 3637 260 3599 260 3599 260 3637 260 3638 260 3599 2591 3638 2591 3597 2591 3639 260 3640 260 3612 260 3612 2592 3640 2592 3641 2592 3641 260 3642 260 3612 260 3612 2593 3642 2593 3643 2593 3612 2594 3643 2594 3644 2594 3645 260 3646 260 3647 260 3647 2595 3646 2595 3648 2595 3649 260 3650 260 3634 260 3634 2596 3650 2596 3651 2596 3651 260 3652 260 3634 260 3634 2597 3652 2597 3653 2597 3634 2598 3653 2598 3635 2598 3649 260 3654 260 3650 260 3650 2599 3654 2599 3655 2599 3650 2600 3655 2600 3645 2600 3645 2601 3655 2601 3656 2601 3645 2602 3656 2602 3646 2602 3639 2603 3612 2603 3657 2603 3657 260 3612 260 3658 260 3657 260 3658 260 3648 260 3648 2604 3658 2604 3659 2604 3648 2605 3659 2605 3647 2605 3644 260 3660 260 3612 260 3612 2606 3660 2606 3661 2606 3612 2607 3661 2607 3604 2607 3627 2608 3662 2608 3604 2608 3604 260 3662 260 3663 260 3604 260 3663 260 3612 260 3612 260 3663 260 3664 260 3612 2609 3664 2609 3610 2609 3665 260 3666 260 3599 260 3599 2610 3666 2610 3667 2610 3599 2611 3667 2611 3668 2611 3668 2612 3669 2612 3599 2612 3599 2613 3669 2613 3670 2613 3599 260 3670 260 3671 260 3672 2614 3612 2614 3673 2614 3673 260 3612 260 3674 260 3671 260 3675 260 3599 260 3599 260 3675 260 3676 260 3599 260 3676 260 3612 260 3612 2615 3676 2615 3677 2615 3612 260 3677 260 3674 260 3678 2616 3679 2616 3680 2616 3681 260 3682 260 3683 260 3684 260 3685 260 3683 260 3683 2617 3685 2617 3686 2617 3687 2618 3688 2618 3689 2618 3680 2619 3690 2619 3678 2619 3678 2620 3690 2620 3691 2620 3678 2621 3691 2621 3692 2621 3682 260 3693 260 3683 260 3683 2622 3693 2622 3694 2622 3683 2623 3694 2623 3684 2623 3686 260 3695 260 3683 260 3683 260 3695 260 3696 260 3683 260 3696 260 3599 260 3599 260 3696 260 3697 260 3599 2624 3697 2624 3665 2624 3672 2625 3698 2625 3612 2625 3612 2626 3698 2626 3699 2626 3612 260 3699 260 3688 260 3688 260 3699 260 3700 260 3689 260 3688 260 3701 260 3702 260 3678 260 3703 260 3703 2627 3678 2627 3700 2627 3702 260 3704 260 3678 260 3678 2628 3704 2628 3705 2628 3678 2629 3705 2629 3679 2629 3692 260 3706 260 3678 260 3678 2630 3706 2630 3707 2630 3678 260 3707 260 3683 260 3683 260 3707 260 3708 260 3683 2631 3708 2631 3681 2631 3709 260 3710 260 3711 260 3700 2632 3678 2632 3688 2632 3688 2633 3678 2633 3712 2633 3688 2634 3712 2634 3701 2634 3687 2635 3689 2635 3711 2635 3711 2636 3689 2636 3713 2636 3711 2637 3713 2637 3709 2637 3714 2638 3715 2638 3716 2638 3716 2639 3717 2639 3714 2639 3714 2640 3717 2640 3718 2640 3714 2641 3718 2641 3719 2641 3720 260 3721 260 3722 260 3722 2642 3721 2642 3723 2642 3722 2643 3723 2643 3724 2643 3725 260 3726 260 3714 260 3714 2644 3726 2644 3727 2644 3714 2645 3727 2645 3715 2645 3728 260 3729 260 3730 260 3731 260 3732 260 3590 260 3590 260 3732 260 3733 260 3719 260 3734 260 3714 260 3714 2646 3734 2646 3735 2646 3714 260 3735 260 3722 260 3722 260 3735 260 3736 260 3722 2647 3736 2647 3720 2647 3724 2648 3737 2648 3722 2648 3722 2649 3737 2649 3738 2649 3722 2650 3738 2650 3739 2650 3740 260 3741 260 3742 260 3742 2651 3741 2651 3743 2651 3743 2652 3744 2652 3742 2652 3742 2653 3744 2653 3745 2653 3742 2654 3745 2654 3746 2654 3730 260 3729 260 3747 260 3747 2655 3729 2655 3748 2655 3747 260 3748 260 3749 260 3749 260 3748 260 3750 260 3750 2656 3748 2656 3751 2656 3750 2657 3751 2657 3590 2657 3590 260 3751 260 3752 260 3590 2658 3752 2658 3731 2658 3730 2659 3753 2659 3728 2659 3728 2660 3753 2660 3754 2660 3728 260 3754 260 3755 260 3755 2661 3754 2661 3756 2661 3755 260 3756 260 3757 260 3757 260 3756 260 3742 260 3757 260 3742 260 3758 260 3758 260 3742 260 3746 260 3739 260 3759 260 3722 260 3722 260 3759 260 3760 260 3722 260 3760 260 3742 260 3742 260 3760 260 3761 260 3742 2662 3761 2662 3740 2662 3733 260 3725 260 3590 260 3590 260 3725 260 3714 260 3590 260 3714 260 3588 260 3588 260 3714 260 3762 260 3762 260 3714 260 3763 260 3763 260 3714 260 3764 260 3763 260 3764 260 3765 260 3766 2663 3767 2663 3764 2663 3764 2664 3767 2664 3768 2664 3764 2665 3768 2665 3769 2665 3770 2666 3771 2666 3772 2666 3772 2667 3771 2667 3773 2667 3772 2668 3773 2668 3774 2668 3775 260 3776 260 3714 260 3777 260 3778 260 3714 260 3714 2669 3778 2669 3779 2669 3769 260 3780 260 3764 260 3764 2670 3780 2670 3781 2670 3764 2671 3781 2671 3782 2671 3782 260 3781 260 3783 260 3782 2672 3783 2672 3784 2672 3784 2673 3783 2673 3785 2673 3776 260 3786 260 3714 260 3714 2674 3786 2674 3787 2674 3714 2675 3787 2675 3777 2675 3779 260 3788 260 3714 260 3714 260 3788 260 3789 260 3714 260 3789 260 3764 260 3764 260 3789 260 3790 260 3764 2676 3790 2676 3766 2676 3770 260 3772 260 3791 260 3791 260 3772 260 3792 260 3791 260 3792 260 3793 260 3774 2677 3794 2677 3772 2677 3772 2678 3794 2678 3795 2678 3772 2679 3795 2679 3796 2679 3797 260 3798 260 3722 260 3722 2680 3798 2680 3799 2680 3799 2652 3800 2652 3722 2652 3722 2681 3800 2681 3801 2681 3722 2682 3801 2682 3802 2682 3792 260 3803 260 3793 260 3793 2683 3803 2683 3804 2683 3793 2684 3804 2684 3783 2684 3783 2685 3804 2685 3805 2685 3783 2686 3805 2686 3785 2686 3802 260 3806 260 3722 260 3722 2687 3806 2687 3807 2687 3722 260 3807 260 3714 260 3714 260 3807 260 3808 260 3714 2688 3808 2688 3775 2688 3796 260 3809 260 3772 260 3772 260 3809 260 3810 260 3772 260 3810 260 3722 260 3722 260 3810 260 3811 260 3722 2689 3811 2689 3797 2689 3812 260 3813 260 3772 260 3772 2690 3813 2690 3814 2690 3814 2691 3815 2691 3772 2691 3772 2570 3815 2570 3816 2570 3772 2692 3816 2692 3817 2692 3818 260 3819 260 3722 260 3722 2693 3819 2693 3820 2693 3821 2694 3822 2694 3593 2694 3593 2695 3822 2695 3823 2695 3593 2668 3823 2668 3824 2668 3825 260 3826 260 3722 260 3820 260 3827 260 3722 260 3722 260 3827 260 3828 260 3722 260 3828 260 3772 260 3772 260 3828 260 3829 260 3772 2696 3829 2696 3812 2696 3826 260 3830 260 3722 260 3722 2577 3830 2577 3831 2577 3722 2578 3831 2578 3818 2578 3824 2677 3832 2677 3593 2677 3593 2697 3832 2697 3833 2697 3593 2698 3833 2698 3834 2698 3835 260 3836 260 3599 260 3599 2699 3836 2699 3837 2699 3837 2652 3838 2652 3599 2652 3599 2653 3838 2653 3839 2653 3599 2700 3839 2700 3840 2700 3817 260 3841 260 3772 260 3772 2701 3841 2701 3842 2701 3772 260 3842 260 3593 260 3593 260 3842 260 3843 260 3593 2702 3843 2702 3821 2702 3840 260 3844 260 3599 260 3599 2703 3844 2703 3845 2703 3599 260 3845 260 3722 260 3722 260 3845 260 3846 260 3722 2704 3846 2704 3825 2704 3834 260 3847 260 3593 260 3593 260 3847 260 3848 260 3593 260 3848 260 3599 260 3599 260 3848 260 3849 260 3599 2705 3849 2705 3835 2705 3850 2706 3851 2706 3852 2706 3609 260 3853 260 3607 260 3607 2707 3853 2707 3854 2707 3607 260 3854 260 3850 260 3850 2708 3854 2708 3855 2708 3850 2709 3855 2709 3856 2709 3856 2710 3857 2710 3850 2710 3850 2711 3857 2711 3858 2711 3850 2712 3858 2712 3851 2712 3859 2713 3860 2713 3861 2713 3860 2714 3862 2714 3861 2714 3861 2715 3862 2715 3863 2715 3861 260 3863 260 3850 260 3864 2716 3865 2716 3861 2716 3861 2717 3865 2717 3866 2717 3861 2718 3866 2718 3859 2718 3867 260 3868 260 3869 260 3870 260 3871 260 3872 260 3872 2719 3871 2719 3873 2719 3870 260 3874 260 3871 260 3871 260 3874 260 3875 260 3871 2720 3875 2720 3876 2720 3877 260 3878 260 3869 260 3869 2721 3878 2721 3879 2721 3869 2722 3879 2722 3867 2722 3880 260 3881 260 3882 260 3882 2723 3881 2723 3883 2723 3876 260 3884 260 3871 260 3871 260 3884 260 3885 260 3871 260 3885 260 3877 260 3868 2652 3886 2652 3869 2652 3869 2724 3886 2724 3887 2724 3869 2725 3887 2725 3888 2725 3888 260 3889 260 3869 260 3869 2726 3889 2726 3890 2726 3869 260 3890 260 3882 260 3882 260 3890 260 3891 260 3892 260 3893 260 3894 260 3894 260 3893 260 3882 260 3894 260 3882 260 3895 260 3895 260 3882 260 3883 260 3891 260 3896 260 3882 260 3882 260 3896 260 3897 260 3882 2727 3897 2727 3898 2727 3895 260 3899 260 3894 260 3894 260 3899 260 3900 260 3894 260 3900 260 3901 260 3898 260 3902 260 3882 260 3882 2675 3902 2675 3903 2675 3882 2728 3903 2728 3880 2728 3901 2729 3904 2729 3894 2729 3894 260 3904 260 3905 260 3894 260 3905 260 3906 260 3906 2730 3905 2730 3907 2730 3906 260 3907 260 3908 260 3908 2731 3907 2731 3909 2731 3909 260 3910 260 3908 260 3908 2732 3910 2732 3911 2732 3908 2733 3911 2733 3871 2733 3871 260 3911 260 3912 260 3871 2734 3912 2734 3873 2734 3913 260 3914 260 3915 260 3915 260 3916 260 3913 260 3913 2735 3916 2735 3908 2735 3913 2736 3908 2736 3917 2736 3918 260 3919 260 3920 260 3920 2737 3919 2737 3921 2737 3920 260 3921 260 3922 260 3923 260 3924 260 3925 260 3926 260 3927 260 3928 260 3928 260 3927 260 3925 260 3925 260 3927 260 3929 260 3925 260 3929 260 3923 260 3930 260 3931 260 3932 260 3932 2738 3931 2738 3933 2738 3932 260 3933 260 3934 260 3934 260 3933 260 3935 260 3934 260 3935 260 3936 260 3936 260 3937 260 3934 260 3934 260 3937 260 3938 260 3934 2739 3938 2739 3939 2739 3939 260 3940 260 3934 260 3934 2740 3940 2740 3941 2740 3934 2741 3941 2741 3942 2741 3943 2742 3944 2742 3945 2742 3945 2743 3946 2743 3943 2743 3943 2744 3946 2744 3947 2744 3943 2745 3947 2745 3948 2745 3924 260 3949 260 3925 260 3925 260 3949 260 3950 260 3925 260 3950 260 3943 260 3943 2746 3950 2746 3951 2746 3943 2747 3951 2747 3944 2747 3952 260 3932 260 3953 260 3953 260 3932 260 3954 260 3952 260 3955 260 3932 260 3932 2748 3955 2748 3956 2748 3932 2749 3956 2749 3930 2749 3957 260 3958 260 3959 260 3959 2750 3958 2750 3960 2750 3959 260 3960 260 3961 260 3961 2751 3960 2751 3926 2751 3961 2752 3926 2752 3962 2752 3962 2753 3926 2753 3928 2753 3942 2754 3963 2754 3934 2754 3934 2755 3963 2755 3964 2755 3934 260 3964 260 3959 260 3959 260 3964 260 3965 260 3959 2756 3965 2756 3957 2756 3948 260 3966 260 3943 260 3943 2757 3966 2757 3967 2757 3943 260 3967 260 3932 260 3932 260 3967 260 3968 260 3932 2758 3968 2758 3954 2758 3969 260 3970 260 3932 260 3932 260 3970 260 3971 260 3971 260 3972 260 3932 260 3932 2759 3972 2759 3973 2759 3932 2760 3973 2760 3974 2760 3975 2580 3976 2580 3969 2580 3974 2761 3977 2761 3932 2761 3932 2762 3977 2762 3978 2762 3932 2763 3978 2763 3979 2763 3980 260 3981 260 3943 260 3943 2764 3981 2764 3982 2764 3943 2765 3982 2765 3983 2765 3983 2743 3984 2743 3943 2743 3943 2766 3984 2766 3985 2766 3943 2767 3985 2767 3986 2767 3987 260 3988 260 3989 260 3989 260 3988 260 3943 260 3989 260 3943 260 3990 260 3990 260 3943 260 3986 260 3987 260 3991 260 3988 260 3988 2768 3991 2768 3992 2768 3988 2769 3992 2769 3993 2769 3976 2761 3994 2761 3969 2761 3969 2770 3994 2770 3995 2770 3969 2771 3995 2771 3996 2771 3996 260 3997 260 3969 260 3969 2772 3997 2772 3998 2772 3969 260 3998 260 3970 260 3993 2773 3999 2773 3988 2773 3988 2774 3999 2774 4000 2774 3988 2775 4000 2775 4001 2775 4001 2776 4000 2776 4002 2776 3979 260 4003 260 3932 260 3932 2777 4003 2777 4004 2777 3932 260 4004 260 3943 260 3943 260 4004 260 4005 260 3943 2778 4005 2778 3980 2778 4006 2779 4007 2779 4008 2779 4008 2780 4009 2780 4006 2780 4006 2781 4009 2781 4010 2781 4006 260 4010 260 4002 260 4002 2782 4010 2782 4011 2782 4002 2783 4011 2783 4001 2783 4007 2784 4006 2784 4012 2784 4012 2785 4006 2785 4013 2785 4012 260 4013 260 4014 260 4014 260 4013 260 4015 260 4015 260 4013 260 4016 260 4015 260 4016 260 3969 260 3969 2786 4016 2786 4017 2786 3969 2787 4017 2787 3975 2787 4018 260 3869 260 4019 260 4019 260 3869 260 4020 260 4021 260 4022 260 3932 260 3932 2654 4022 2654 4023 2654 3932 2788 4023 2788 4024 2788 4025 260 3869 260 4026 260 4026 260 3869 260 4027 260 4024 2789 4028 2789 3932 2789 3932 2790 4028 2790 4029 2790 3932 2791 4029 2791 4030 2791 4018 260 4031 260 3869 260 3869 2760 4031 2760 4032 2760 3869 2792 4032 2792 4027 2792 4030 260 4033 260 3932 260 3932 260 4033 260 4034 260 3932 260 4034 260 3969 260 3969 260 4034 260 4035 260 3969 2793 4035 2793 4036 2793 4037 2794 4038 2794 4039 2794 4039 2795 4038 2795 4040 2795 4041 2796 4042 2796 3861 2796 3852 260 4043 260 3850 260 3850 2797 4043 2797 4044 2797 3850 2798 4044 2798 3861 2798 3861 260 4044 260 4045 260 3861 260 4045 260 4037 260 4036 260 4046 260 3969 260 3969 2799 4046 2799 4047 2799 3969 2800 4047 2800 4048 2800 4037 260 4039 260 3861 260 3861 2801 4039 2801 4049 2801 3861 2802 4049 2802 4041 2802 4042 2803 4050 2803 3861 2803 3861 2804 4050 2804 4051 2804 3861 2805 4051 2805 3869 2805 3869 2806 4051 2806 4052 2806 3869 260 4052 260 4020 260 4040 260 4053 260 4039 260 4039 2807 4053 2807 4054 2807 4039 2808 4054 2808 4055 2808 4025 260 4056 260 3869 260 3869 2809 4056 2809 4057 2809 3869 260 4057 260 3932 260 3932 260 4057 260 4058 260 3932 2810 4058 2810 4021 2810 4048 2648 4059 2648 3969 2648 3969 2811 4059 2811 4060 2811 3969 2812 4060 2812 4061 2812 4061 2813 4060 2813 4062 2813 4061 260 4062 260 4063 260 4063 2814 4062 2814 4064 2814 4063 260 4064 260 4065 260 4065 260 4064 260 4066 260 4065 260 4066 260 4055 260 4055 2815 4066 2815 4067 2815 4055 2816 4067 2816 4039 2816 3917 260 3908 260 4068 260 4068 2817 3908 2817 3871 2817 4068 260 3871 260 4069 260 4069 260 3871 260 3934 260 4069 260 3934 260 3920 260 3920 2818 3934 2818 3959 2818 3920 2819 3959 2819 3918 2819 3871 260 4070 260 4071 260 4072 260 4073 260 3934 260 3934 260 4073 260 4074 260 4075 2820 4076 2820 3869 2820 3877 260 3869 260 3871 260 3871 260 3869 260 4077 260 3871 260 4077 260 4070 260 4071 260 4078 260 3871 260 3871 260 4078 260 4079 260 3871 2739 4079 2739 4080 2739 4080 260 4081 260 3871 260 3871 2740 4081 2740 4082 2740 3871 2741 4082 2741 4083 2741 4084 260 3932 260 4085 260 4085 260 3932 260 3934 260 4085 260 3934 260 4086 260 4086 260 3934 260 4074 260 4076 260 4087 260 3869 260 3869 2821 4087 2821 4088 2821 3869 2822 4088 2822 4077 2822 3934 2823 4089 2823 4090 2823 4084 260 4091 260 3932 260 3932 2824 4091 2824 4092 2824 3932 2825 4092 2825 4093 2825 4093 2652 4094 2652 3932 2652 3932 2724 4094 2724 4095 2724 3932 2725 4095 2725 4096 2725 4097 260 4098 260 3869 260 3869 2826 4098 2826 4099 2826 3869 2827 4099 2827 4075 2827 4090 260 4100 260 3934 260 3934 2828 4100 2828 4101 2828 3934 260 4101 260 4072 260 4083 2754 4102 2754 3871 2754 3871 2829 4102 2829 4103 2829 3871 260 4103 260 3934 260 3934 260 4103 260 4104 260 3934 2830 4104 2830 4089 2830 4096 260 4105 260 3932 260 3932 2726 4105 2726 4106 2726 3932 260 4106 260 3869 260 3869 260 4106 260 4107 260 3869 2831 4107 2831 4097 2831 4108 260 4109 260 3869 260 4110 260 4111 260 4112 260 4112 2832 4111 2832 4113 2832 4112 2833 4113 2833 4114 2833 3864 260 3861 260 4112 260 4112 260 3861 260 4115 260 4112 2834 4115 2834 4116 2834 4114 2835 4117 2835 4112 2835 4112 2836 4117 2836 4118 2836 4112 2837 4118 2837 4119 2837 4120 260 4121 260 3882 260 3882 2838 4122 2838 4123 2838 4116 260 4124 260 4112 260 4112 260 4124 260 4125 260 4112 2839 4125 2839 4110 2839 4119 260 4126 260 4112 260 4112 2840 4126 2840 4127 2840 4112 260 4127 260 3882 260 3882 260 4127 260 4128 260 3882 2841 4128 2841 4120 2841 4108 260 3869 260 4129 260 4109 260 4130 260 3869 260 3869 2842 4130 2842 4131 2842 3869 2843 4131 2843 4132 2843 4132 260 4133 260 3869 260 3869 2844 4133 2844 4134 2844 3869 260 4134 260 4135 260 4121 260 4136 260 3882 260 3882 2845 4136 2845 4137 2845 3882 2846 4137 2846 4122 2846 4138 2847 4139 2847 3861 2847 3861 2848 4139 2848 4140 2848 3861 2849 4140 2849 4115 2849 4135 260 4141 260 3869 260 3869 2850 4141 2850 4142 2850 3869 260 4142 260 3861 260 3861 2851 4142 2851 4143 2851 3861 2852 4143 2852 4138 2852 4123 260 4144 260 3882 260 3882 2646 4144 2646 4145 2646 3882 260 4145 260 3869 260 3869 260 4145 260 4146 260 3869 2853 4146 2853 4129 2853 3893 260 4147 260 3882 260 3882 260 4147 260 4148 260 3882 260 4148 260 4112 260 4112 260 4148 260 4149 260 4112 260 4149 260 3864 260 3864 2854 4149 2854 4150 2854 3864 260 4150 260 4151 260 4152 260 4153 260 3722 260 3722 2610 4153 2610 4154 2610 4154 2761 4155 2761 3722 2761 3722 2855 4155 2855 4156 2855 3722 2613 4156 2613 4157 2613 4158 260 4159 260 3742 260 3742 2856 4159 2856 4160 2856 4161 260 4162 260 3599 260 3599 2857 4162 2857 4163 2857 3599 2858 4163 2858 4164 2858 4165 260 4166 260 3742 260 4166 260 4167 260 3742 260 3742 2622 4167 2622 4168 2622 3742 2623 4168 2623 4158 2623 4160 260 4169 260 3742 260 3742 260 4169 260 4170 260 3742 260 4170 260 3722 260 3722 260 4170 260 4171 260 3722 2859 4171 2859 4152 2859 4164 2648 4172 2648 3599 2648 3599 2860 4172 2860 4173 2860 3599 2617 4173 2617 4174 2617 4175 260 4176 260 3683 260 3683 2861 4176 2861 4177 2861 4177 2652 4178 2652 3683 2652 3683 2862 4178 2862 4179 2862 3683 2863 4179 2863 4180 2863 4157 260 4181 260 3722 260 3722 2809 4181 2809 4182 2809 3722 260 4182 260 3599 260 3599 260 4182 260 4183 260 3599 2687 4183 2687 4161 2687 4180 260 4184 260 3683 260 3683 2864 4184 2864 4185 2864 3683 260 4185 260 3742 260 3742 260 4185 260 4186 260 3742 2631 4186 2631 4165 2631 4174 260 4187 260 3599 260 3599 260 4187 260 4188 260 3599 260 4188 260 3683 260 3683 260 4188 260 4189 260 3683 2865 4189 2865 4175 2865 3650 2866 3645 2866 4190 2866 4190 2866 3645 2866 4191 2866 4192 525 4193 525 3609 525 3609 525 4193 525 3853 525 4044 522 4194 522 4045 522 4045 522 4194 522 4195 522 4045 522 4195 522 4037 522 4037 522 4195 522 4196 522 4197 525 3917 525 4198 525 4198 525 3917 525 4068 525 4198 525 4068 525 4199 525 4199 525 4068 525 4069 525 4199 525 4069 525 4200 525 4200 525 4069 525 3920 525 4201 523 4149 523 4202 523 4202 523 4149 523 4148 523 4202 523 4148 523 4203 523 4203 523 4148 523 4147 523 4203 523 4147 523 4204 523 4204 523 4147 523 3893 523 3863 524 4205 524 3850 524 3850 524 4205 524 4206 524 3850 524 4206 524 3607 524 3607 524 4206 524 4207 524 3607 524 4207 524 3608 524 3608 524 4207 524 4208 524 3656 2867 3655 2867 4209 2867 4209 2868 3655 2868 4210 2868 3639 523 3657 523 4211 523 4211 523 3657 523 4212 523 4213 525 3792 525 4214 525 4214 525 3792 525 3772 525 4214 525 3772 525 4215 525 4215 525 3772 525 3593 525 4215 525 3593 525 4216 525 4216 525 3593 525 3606 525 3763 523 4217 523 3762 523 3762 523 4217 523 4218 523 3762 523 4218 523 3588 523 3588 523 4218 523 4219 523 4220 524 3678 524 4221 524 4221 524 3678 524 3683 524 4221 524 3683 524 4222 524 4222 524 3683 524 3742 524 4222 524 3742 524 4223 524 4223 524 3742 524 3756 524 4224 522 3658 522 4225 522 4225 522 3658 522 3612 522 4225 522 3612 522 4226 522 4226 522 3612 522 3688 522 4217 0 4227 0 4228 0 4229 2869 4230 2869 4231 2869 4232 0 4233 0 4206 0 4232 0 4206 0 4194 0 4233 0 4234 0 4206 0 4206 2870 4234 2870 4235 2870 4206 2871 4235 2871 4236 2871 4236 0 4237 0 4206 0 4206 2872 4237 2872 4238 2872 4206 0 4238 0 4207 0 4239 0 4240 0 4241 0 4242 0 4243 0 4244 0 4244 0 4243 0 4245 0 4244 0 4245 0 4241 0 4241 0 4245 0 4246 0 4241 2873 4246 2873 4239 2873 4241 2874 4247 2874 4248 2874 4249 2875 4250 2875 4244 2875 4244 2876 4250 2876 4251 2876 4244 2877 4251 2877 4242 2877 4240 0 4252 0 4241 0 4241 2878 4252 2878 4253 2878 4241 2879 4253 2879 4247 2879 4254 0 4255 0 4256 0 4256 2880 4255 2880 4257 2880 4258 0 4259 0 4260 0 4260 2881 4259 2881 4261 2881 4257 0 4262 0 4256 0 4256 2882 4262 2882 4263 2882 4256 2883 4263 2883 4264 2883 4261 0 4265 0 4260 0 4260 2884 4265 2884 4196 2884 4260 0 4196 0 4266 0 4266 0 4196 0 4195 0 4266 0 4195 0 4194 0 4264 0 4267 0 4256 0 4256 2885 4267 2885 4268 2885 4256 0 4268 0 4269 0 4270 0 4271 0 4266 0 4266 2886 4271 2886 4272 2886 4266 2887 4272 2887 4260 2887 4273 2888 4274 2888 4244 2888 4244 2889 4274 2889 4275 2889 4244 2890 4275 2890 4249 2890 4269 0 4276 0 4256 0 4256 2891 4276 2891 4277 2891 4256 0 4277 0 4266 0 4266 2892 4277 2892 4278 2892 4266 2893 4278 2893 4270 2893 4248 0 4279 0 4241 0 4241 2894 4279 2894 4280 2894 4241 0 4280 0 4256 0 4256 0 4280 0 4281 0 4256 2895 4281 2895 4254 2895 4258 0 4260 0 4282 0 4282 2896 4260 2896 4283 2896 4282 0 4283 0 4284 0 4284 2897 4283 2897 4285 2897 4284 0 4285 0 4286 0 4286 0 4285 0 4287 0 4286 0 4287 0 4273 0 4273 2898 4287 2898 4288 2898 4273 2899 4288 2899 4274 2899 4289 0 4290 0 4291 0 4292 0 4293 0 4294 0 4294 2900 4293 2900 4295 2900 4295 0 4296 0 4294 0 4294 0 4296 0 4297 0 4294 0 4297 0 4291 0 4291 0 4297 0 4298 0 4291 2901 4298 2901 4289 2901 4299 0 4300 0 4241 0 4241 2902 4300 2902 4301 2902 4302 0 4303 0 4244 0 4291 2903 4304 2903 4305 2903 4290 0 4306 0 4291 0 4291 2904 4306 2904 4307 2904 4291 2905 4307 2905 4304 2905 4308 0 4309 0 4241 0 4302 0 4244 0 4310 0 4309 0 4311 0 4241 0 4241 2906 4311 2906 4312 2906 4241 2882 4312 2882 4299 2882 4301 0 4313 0 4241 0 4241 0 4313 0 4314 0 4241 0 4314 0 4244 0 4244 0 4314 0 4315 0 4244 2907 4315 2907 4310 2907 4303 2908 4316 2908 4244 2908 4244 2909 4316 2909 4317 2909 4244 2910 4317 2910 4318 2910 4319 2911 4320 2911 4294 2911 4294 2912 4320 2912 4321 2912 4294 2913 4321 2913 4292 2913 4305 0 4322 0 4291 0 4291 2914 4322 2914 4323 2914 4291 0 4323 0 4241 0 4241 0 4323 0 4324 0 4241 2915 4324 2915 4308 2915 4325 2916 4326 2916 4327 2916 4327 0 4328 0 4325 0 4325 2917 4328 2917 4329 2917 4325 2918 4329 2918 4330 2918 4294 0 4331 0 4319 0 4319 2919 4331 2919 4332 2919 4319 0 4332 0 4325 0 4325 2920 4332 2920 4333 2920 4325 2921 4333 2921 4326 2921 4318 0 4334 0 4244 0 4244 2922 4334 2922 4335 2922 4244 0 4335 0 4336 0 4336 0 4335 0 4330 0 4336 0 4330 0 4337 0 4337 0 4330 0 4329 0 4338 0 4339 0 4340 0 4341 0 4342 0 4241 0 4343 0 4344 0 4291 0 4291 2923 4344 2923 4345 2923 4291 2924 4345 2924 4346 2924 4339 0 4338 0 4347 0 4347 0 4338 0 4291 0 4347 0 4291 0 4348 0 4341 0 4241 0 4349 0 4346 2925 4350 2925 4291 2925 4291 2926 4350 2926 4351 2926 4291 2927 4351 2927 4348 2927 4352 0 4353 0 4354 0 4354 2928 4353 2928 4355 2928 4356 0 4357 0 4354 0 4354 0 4357 0 4358 0 4354 0 4358 0 4241 0 4241 0 4358 0 4359 0 4241 2929 4359 2929 4349 2929 4355 0 4360 0 4354 0 4354 2930 4360 2930 4361 2930 4354 0 4361 0 4356 0 4342 2931 4362 2931 4241 2931 4241 2932 4362 2932 4363 2932 4241 2933 4363 2933 4364 2933 4340 0 4365 0 4338 0 4338 0 4365 0 4366 0 4338 2934 4366 2934 4367 2934 4367 2935 4366 2935 4368 2935 4367 2936 4368 2936 4369 2936 4369 0 4368 0 4370 0 4369 0 4370 0 4371 0 4371 2937 4370 2937 4372 2937 4371 0 4372 0 4373 0 4373 2938 4372 2938 4374 2938 4373 0 4374 0 4375 0 4376 0 4377 0 4354 0 4354 2939 4377 2939 4378 2939 4354 2940 4378 2940 4352 2940 4364 0 4379 0 4241 0 4241 2941 4379 2941 4380 2941 4241 0 4380 0 4291 0 4291 0 4380 0 4381 0 4291 2942 4381 2942 4343 2942 4199 0 4200 0 4373 0 4200 0 4382 0 4383 0 4383 0 4384 0 4200 0 4200 0 4384 0 4385 0 4200 2943 4385 2943 4373 2943 4386 0 4387 0 4388 0 4389 0 4390 0 4197 0 4197 2944 4390 2944 4388 2944 4388 2945 4390 2945 4391 2945 4388 0 4391 0 4386 0 4256 0 4392 0 4389 0 4389 0 4392 0 4393 0 4389 0 4393 0 4394 0 4394 0 4395 0 4389 0 4389 0 4395 0 4396 0 4389 2946 4396 2946 4397 2946 4398 2947 4399 2947 4256 2947 4400 0 4401 0 4402 0 4399 0 4403 0 4256 0 4256 2948 4403 2948 4404 2948 4256 2949 4404 2949 4392 2949 4397 0 4405 0 4389 0 4389 2950 4405 2950 4406 2950 4389 2951 4406 2951 4407 2951 4408 0 4409 0 4256 0 4256 2952 4409 2952 4410 2952 4256 2953 4410 2953 4398 2953 4401 2954 4411 2954 4402 2954 4402 2955 4411 2955 4412 2955 4402 2956 4412 2956 4413 2956 4407 2957 4414 2957 4389 2957 4389 2958 4414 2958 4415 2958 4389 0 4415 0 4390 0 4390 0 4415 0 4416 0 4390 2959 4416 2959 4417 2959 4418 0 4419 0 4402 0 4402 2960 4419 2960 4420 2960 4402 2961 4420 2961 4400 2961 4413 0 4421 0 4402 0 4402 2962 4421 2962 4422 2962 4402 0 4422 0 4256 0 4256 0 4422 0 4423 0 4256 2963 4423 2963 4408 2963 4424 0 4425 0 4426 0 4426 0 4425 0 4427 0 4426 0 4427 0 4418 0 4417 0 4428 0 4390 0 4390 2964 4428 2964 4429 2964 4390 0 4429 0 4430 0 4430 2965 4429 2965 4431 2965 4430 2966 4431 2966 4426 2966 4426 0 4431 0 4432 0 4426 2967 4432 2967 4424 2967 4418 0 4402 0 4426 0 4426 0 4402 0 4204 0 4426 0 4204 0 4433 0 4194 2968 4206 2968 4266 2968 4266 0 4206 0 4205 0 4266 2969 4205 2969 4434 2969 4434 2970 4435 2970 4266 2970 4266 2971 4435 2971 4436 2971 4266 2972 4436 2972 4437 2972 4438 2973 4439 2973 4215 2973 4440 0 4441 0 4216 0 4216 2974 4441 2974 4442 2974 4216 2975 4442 2975 4443 2975 4444 0 4445 0 4225 0 4225 2976 4445 2976 4446 2976 4225 2977 4446 2977 4447 2977 4216 0 4448 0 4225 0 4449 0 4450 0 4451 0 4452 0 4453 0 4215 0 4215 2978 4453 2978 4454 2978 4215 2979 4454 2979 4438 2979 4439 2980 4455 2980 4215 2980 4215 2981 4455 2981 4456 2981 4215 2982 4456 2982 4457 2982 4458 0 4459 0 4460 0 4460 2983 4459 2983 4461 2983 4460 2984 4461 2984 4462 2984 4462 2985 4463 2985 4460 2985 4460 2986 4463 2986 4464 2986 4460 0 4464 0 4465 0 4466 0 4467 0 4225 0 4225 2987 4467 2987 4468 2987 4225 2988 4468 2988 4444 2988 4448 0 4469 0 4225 0 4225 2989 4469 2989 4470 2989 4225 0 4470 0 4471 0 4238 0 4472 0 4207 0 4207 2990 4472 2990 4193 2990 4207 0 4193 0 4208 0 4208 0 4193 0 4192 0 4447 0 4473 0 4225 0 4225 0 4473 0 4474 0 4225 0 4474 0 4216 0 4216 2991 4474 2991 4475 2991 4216 2992 4475 2992 4440 2992 4449 0 4451 0 4476 0 4476 2993 4451 2993 4477 2993 4476 0 4477 0 4192 0 4192 2994 4477 2994 4478 2994 4192 2995 4478 2995 4208 2995 4443 2996 4479 2996 4216 2996 4216 2997 4479 2997 4480 2997 4216 0 4480 0 4215 0 4215 2998 4480 2998 4481 2998 4215 0 4481 0 4452 0 4471 0 4482 0 4225 0 4225 2999 4482 2999 4483 2999 4225 3000 4483 3000 4484 3000 4465 0 4485 0 4460 0 4460 0 4485 0 4486 0 4460 0 4486 0 4225 0 4225 3001 4486 3001 4487 3001 4225 0 4487 0 4466 0 4484 3002 4488 3002 4225 3002 4225 3003 4488 3003 4211 3003 4225 3004 4211 3004 4224 3004 4450 3005 4489 3005 4451 3005 4451 3006 4489 3006 4490 3006 4451 0 4490 0 4491 0 4491 3007 4490 3007 4190 3007 4491 0 4190 0 4492 0 4457 0 4493 0 4215 0 4215 0 4493 0 4494 0 4215 0 4494 0 4460 0 4460 0 4494 0 4495 0 4460 3008 4495 3008 4458 3008 4191 3009 4496 3009 4497 3009 4211 3010 4212 3010 4224 3010 4224 3011 4212 3011 4497 3011 4224 0 4497 0 4498 0 4498 0 4497 0 4496 0 4497 0 4499 0 4191 0 4191 3012 4499 3012 4209 3012 4191 0 4209 0 4190 0 4190 3013 4209 3013 4210 3013 4190 3014 4210 3014 4492 3014 4500 0 4501 0 4215 0 4215 3015 4501 3015 4502 3015 4503 3016 4504 3016 4214 3016 4214 2979 4504 2979 4505 2979 4214 3017 4505 3017 4506 3017 4502 3018 4507 3018 4215 3018 4215 3019 4507 3019 4508 3019 4215 3020 4508 3020 4509 3020 4506 2980 4510 2980 4214 2980 4214 2981 4510 2981 4511 2981 4214 3021 4511 3021 4512 3021 4513 0 4514 0 4515 0 4515 2983 4514 2983 4516 2983 4516 2931 4517 2931 4515 2931 4515 3022 4517 3022 4518 3022 4515 2986 4518 2986 4519 2986 4520 0 4521 0 4460 0 4522 0 4523 0 4460 0 4460 3023 4523 3023 4524 3023 4521 0 4525 0 4460 0 4460 3024 4525 3024 4526 3024 4460 3025 4526 3025 4522 3025 4524 0 4527 0 4460 0 4460 0 4527 0 4528 0 4460 0 4528 0 4215 0 4215 0 4528 0 4529 0 4215 3026 4529 3026 4500 3026 4509 0 4530 0 4215 0 4215 3027 4530 3027 4531 3027 4215 0 4531 0 4214 0 4214 0 4531 0 4532 0 4214 3028 4532 3028 4503 3028 4512 0 4533 0 4214 0 4214 0 4533 0 4534 0 4214 0 4534 0 4515 0 4515 0 4534 0 4535 0 4515 3029 4535 3029 4513 3029 4519 0 4536 0 4515 0 4515 3030 4536 3030 4537 3030 4515 0 4537 0 4460 0 4460 0 4537 0 4538 0 4460 3031 4538 3031 4520 3031 4539 0 4540 0 4214 0 4214 3032 4540 3032 4541 3032 4541 3018 4542 3018 4214 3018 4214 3019 4542 3019 4543 3019 4214 3033 4543 3033 4544 3033 4545 3034 4546 3034 4547 3034 4544 0 4548 0 4214 0 4214 3027 4548 3027 4549 3027 4214 0 4549 0 4213 0 4213 0 4549 0 4546 0 4213 0 4546 0 4550 0 4550 0 4546 0 4545 0 4551 3035 4552 3035 4553 3035 4553 2954 4554 2954 4551 2954 4551 3036 4554 3036 4555 3036 4551 2956 4555 2956 4556 2956 4557 0 4558 0 4515 0 4559 0 4560 0 4515 0 4515 3037 4560 3037 4561 3037 4562 3038 4563 3038 4547 3038 4547 3039 4563 3039 4564 3039 4547 3040 4564 3040 4545 3040 4565 0 4566 0 4228 0 4228 3041 4566 3041 4567 3041 4228 3042 4567 3042 4568 3042 4558 0 4569 0 4515 0 4515 3043 4569 3043 4570 3043 4515 3025 4570 3025 4559 3025 4561 0 4571 0 4515 0 4515 0 4571 0 4572 0 4515 0 4572 0 4214 0 4214 0 4572 0 4573 0 4214 3044 4573 3044 4539 3044 4565 0 4228 0 4547 0 4547 3045 4228 3045 4574 3045 4547 3046 4574 3046 4562 3046 4575 0 4576 0 4551 0 4551 3047 4576 3047 4577 3047 4551 3048 4577 3048 4552 3048 4568 0 4578 0 4228 0 4228 3049 4578 3049 4579 3049 4228 3050 4579 3050 4580 3050 4556 0 4581 0 4551 0 4551 2962 4581 2962 4582 2962 4551 0 4582 0 4515 0 4515 0 4582 0 4583 0 4515 3051 4583 3051 4557 3051 4580 0 4575 0 4228 0 4228 0 4575 0 4551 0 4228 0 4551 0 4217 0 4217 0 4551 0 4218 0 4218 0 4551 0 4219 0 4219 0 4551 0 4584 0 4219 3052 4584 3052 4585 3052 4586 0 4587 0 4515 0 4515 3053 4587 3053 4588 3053 4589 0 4590 0 4584 0 4591 0 4592 0 4222 0 4593 0 4594 0 4222 0 4222 3054 4594 3054 4595 3054 4596 0 4597 0 4551 0 4551 3055 4597 3055 4598 3055 4551 3056 4598 3056 4599 3056 4592 0 4600 0 4222 0 4222 3024 4600 3024 4601 3024 4222 3057 4601 3057 4593 3057 4595 0 4602 0 4222 0 4222 0 4602 0 4603 0 4222 0 4603 0 4515 0 4515 0 4603 0 4604 0 4515 3058 4604 3058 4586 3058 4588 3059 4605 3059 4515 3059 4515 3060 4605 3060 4606 3060 4515 3061 4606 3061 4607 3061 4599 3062 4608 3062 4551 3062 4551 3063 4608 3063 4609 3063 4551 3064 4609 3064 4610 3064 4590 3065 4611 3065 4584 3065 4584 0 4611 0 4612 0 4584 0 4612 0 4613 0 4613 3066 4612 3066 4614 3066 4613 0 4614 0 4615 0 4615 0 4614 0 4616 0 4616 3067 4614 3067 4617 3067 4616 0 4617 0 4618 0 4618 3068 4617 3068 4619 3068 4619 0 4617 0 4620 0 4619 0 4620 0 4621 0 4621 3069 4620 3069 4622 3069 4621 0 4622 0 4223 0 4223 0 4622 0 4222 0 4222 0 4622 0 4623 0 4222 3031 4623 3031 4591 3031 4607 0 4624 0 4515 0 4515 3070 4624 3070 4625 3070 4515 0 4625 0 4551 0 4551 0 4625 0 4626 0 4551 3071 4626 3071 4596 3071 4610 0 4627 0 4551 0 4551 0 4627 0 4628 0 4551 3072 4628 3072 4584 3072 4584 0 4628 0 4629 0 4584 0 4629 0 4589 0 4630 0 4631 0 4225 0 4225 3073 4631 3073 4632 3073 4632 3074 4633 3074 4225 3074 4225 3075 4633 3075 4634 3075 4225 3076 4634 3076 4635 3076 4636 0 4637 0 4460 0 4460 3077 4637 3077 4638 3077 4460 3078 4638 3078 4639 3078 4226 0 4640 0 4225 0 4225 0 4640 0 4641 0 4225 3079 4641 3079 4630 3079 4639 3080 4642 3080 4460 3080 4460 3081 4642 3081 4643 3081 4460 3082 4643 3082 4644 3082 4645 0 4646 0 4221 0 4221 3083 4646 3083 4647 3083 4221 3084 4647 3084 4648 3084 4648 2985 4649 2985 4221 2985 4221 3085 4649 3085 4650 3085 4221 0 4650 0 4651 0 4652 0 4653 0 4220 0 4220 3086 4653 3086 4654 3086 4220 3087 4654 3087 4655 3087 4655 0 4656 0 4220 0 4220 3088 4656 3088 4657 3088 4220 3089 4657 3089 4226 3089 4226 0 4657 0 4658 0 4226 0 4658 0 4640 0 4635 0 4659 0 4225 0 4225 3090 4659 3090 4660 3090 4225 0 4660 0 4460 0 4460 0 4660 0 4661 0 4460 3091 4661 3091 4636 3091 4662 0 4663 0 4226 0 4226 3092 4663 3092 4664 3092 4226 3093 4664 3093 4220 3093 4665 0 4666 0 4667 0 4651 0 4668 0 4221 0 4221 0 4668 0 4669 0 4221 0 4669 0 4220 0 4220 3094 4669 3094 4670 3094 4220 0 4670 0 4652 0 4226 0 4671 0 4662 0 4662 3095 4671 3095 4665 3095 4662 3096 4665 3096 4672 3096 4672 0 4665 0 4667 0 4644 0 4673 0 4460 0 4460 0 4673 0 4674 0 4460 0 4674 0 4221 0 4221 0 4674 0 4675 0 4221 3097 4675 3097 4645 3097 4676 0 4677 0 4515 0 4515 3077 4677 3077 4678 3077 4515 3078 4678 3078 4679 3078 4680 0 4681 0 4460 0 4460 3098 4681 3098 4682 3098 4682 3059 4683 3059 4460 3059 4460 3099 4683 3099 4684 3099 4460 3100 4684 3100 4685 3100 4685 0 4686 0 4460 0 4460 3051 4686 3051 4687 3051 4460 0 4687 0 4515 0 4515 0 4687 0 4688 0 4515 2895 4688 2895 4676 2895 4679 3080 4689 3080 4515 3080 4515 3081 4689 3081 4690 3081 4515 3101 4690 3101 4691 3101 4692 0 4693 0 4222 0 4222 3083 4693 3083 4694 3083 4694 2931 4695 2931 4222 2931 4222 3102 4695 3102 4696 3102 4222 3085 4696 3085 4697 3085 4698 0 4699 0 4221 0 4700 0 4701 0 4221 0 4221 3103 4701 3103 4702 3103 4699 0 4703 0 4221 0 4221 3104 4703 3104 4704 3104 4221 3057 4704 3057 4700 3057 4702 0 4705 0 4221 0 4221 0 4705 0 4706 0 4221 0 4706 0 4460 0 4460 0 4706 0 4707 0 4460 3105 4707 3105 4680 3105 4691 0 4708 0 4515 0 4515 0 4708 0 4709 0 4515 0 4709 0 4222 0 4222 0 4709 0 4710 0 4222 3029 4710 3029 4692 3029 4697 0 4711 0 4222 0 4222 3106 4711 3106 4712 3106 4222 0 4712 0 4221 0 4221 0 4712 0 4713 0 4221 3107 4713 3107 4698 3107 4256 0 4714 0 4715 0 4716 0 4717 0 4266 0 4715 0 4718 0 4256 0 4256 3108 4718 3108 4719 3108 4256 3109 4719 3109 4720 3109 4721 0 4722 0 4266 0 4266 3110 4722 3110 4723 3110 4717 0 4724 0 4266 0 4266 3111 4724 3111 4725 3111 4266 3112 4725 3112 4726 3112 4723 0 4727 0 4266 0 4266 0 4727 0 4728 0 4266 3113 4728 3113 4716 3113 4729 0 4730 0 4266 0 4266 3114 4730 3114 4731 3114 4266 3115 4731 3115 4721 3115 4726 0 4732 0 4266 0 4266 3116 4732 3116 4733 3116 4266 3117 4733 3117 4256 3117 4256 3118 4733 3118 4734 3118 4256 0 4734 0 4714 0 4720 3059 4735 3059 4256 3059 4256 3119 4735 3119 4736 3119 4256 3120 4736 3120 4737 3120 4738 0 4739 0 4402 0 4402 3121 4739 3121 4740 3121 4402 3122 4740 3122 4741 3122 4741 3123 4742 3123 4402 3123 4402 3124 4742 3124 4743 3124 4402 3125 4743 3125 4744 3125 4745 3126 4746 3126 4266 3126 4266 3127 4746 3127 4747 3127 4266 3128 4747 3128 4729 3128 4437 0 4229 0 4266 0 4266 0 4229 0 4231 0 4266 0 4231 0 4745 0 4745 0 4231 0 4402 0 4745 0 4402 0 4748 0 4748 0 4402 0 4744 0 4737 0 4749 0 4256 0 4256 3129 4749 3129 4750 3129 4256 0 4750 0 4402 0 4402 0 4750 0 4751 0 4402 3071 4751 3071 4738 3071 4752 0 4753 0 4230 0 4230 3130 4753 3130 4201 3130 4230 0 4201 0 4231 0 4231 0 4201 0 4202 0 4231 0 4202 0 4402 0 4402 0 4202 0 4203 0 4402 0 4203 0 4204 0 4354 0 4754 0 4755 0 4754 0 4354 0 4756 0 4756 0 4354 0 4241 0 4756 0 4241 0 4757 0 4755 0 4758 0 4354 0 4354 0 4758 0 4759 0 4354 3131 4759 3131 4760 3131 4761 3132 4762 3132 4389 3132 4763 0 4256 0 4764 0 4764 0 4256 0 4765 0 4766 0 4767 0 4241 0 4241 2952 4767 2952 4768 2952 4241 2953 4768 2953 4769 2953 4770 0 4389 0 4771 0 4771 0 4389 0 4772 0 4769 2947 4773 2947 4241 2947 4241 3133 4773 3133 4774 3133 4241 3037 4774 3037 4757 3037 4762 0 4775 0 4389 0 4389 2928 4775 2928 4776 2928 4389 0 4776 0 4772 0 4763 2931 4777 2931 4256 2931 4256 2932 4777 2932 4778 2932 4256 2933 4778 2933 4779 2933 4760 0 4780 0 4354 0 4354 3134 4780 3134 4781 3134 4354 3135 4781 3135 4782 3135 4770 0 4783 0 4389 0 4389 0 4783 0 4784 0 4389 0 4784 0 4256 0 4256 0 4784 0 4785 0 4256 3136 4785 3136 4765 3136 4779 0 4786 0 4256 0 4256 3137 4786 3137 4787 3137 4256 0 4787 0 4241 0 4241 0 4787 0 4788 0 4241 2963 4788 2963 4766 2963 4782 3138 4789 3138 4354 3138 4354 3139 4789 3139 4790 3139 4354 0 4790 0 4389 0 4389 0 4790 0 4791 0 4389 3140 4791 3140 4761 3140 4197 0 4198 0 4389 0 4389 0 4198 0 4199 0 4389 0 4199 0 4354 0 4354 0 4199 0 4373 0 4354 0 4373 0 4376 0 4376 3141 4373 3141 4375 3141 4015 524 3969 524 4336 524 4336 524 3969 524 4244 524 4338 522 3925 522 4291 522 4291 522 3925 522 3943 522 4291 522 3943 522 4294 522 4294 522 3943 522 3988 522 4452 3142 3624 3142 4453 3142 4453 3142 3624 3142 3623 3142 4453 3143 3623 3143 4454 3143 4454 3143 3623 3143 3622 3143 4454 3144 3622 3144 4438 3144 4438 3144 3622 3144 3596 3144 4438 3145 3596 3145 4439 3145 4439 3145 3596 3145 3595 3145 4439 3146 3595 3146 4455 3146 4455 3146 3595 3146 3594 3146 4455 3147 3594 3147 4456 3147 4456 3147 3594 3147 3592 3147 4456 3148 3592 3148 4457 3148 4457 3148 3592 3148 3591 3148 4457 3149 3591 3149 4493 3149 4493 3149 3591 3149 3621 3149 4493 3150 3621 3150 4494 3150 4494 3150 3621 3150 3620 3150 4494 3151 3620 3151 4495 3151 4495 3151 3620 3151 3619 3151 4495 3152 3619 3152 4458 3152 4458 3152 3619 3152 3602 3152 4458 3153 3602 3153 4459 3153 4459 3153 3602 3153 3601 3153 4459 3154 3601 3154 4461 3154 4461 3154 3601 3154 3600 3154 4461 3155 3600 3155 4462 3155 4462 3155 3600 3155 3618 3155 4462 3156 3618 3156 4463 3156 4463 3156 3618 3156 3617 3156 4463 3157 3617 3157 4464 3157 4464 3157 3617 3157 3598 3157 4464 3158 3598 3158 4465 3158 4465 3158 3598 3158 3597 3158 4465 3159 3597 3159 4485 3159 4485 3159 3597 3159 3638 3159 4486 3160 3637 3160 4487 3160 4487 3161 3637 3161 3636 3161 4487 3162 3636 3162 4466 3162 4466 3162 3636 3162 3616 3162 4466 3163 3616 3163 4467 3163 4467 3164 3616 3164 3615 3164 4467 3165 3615 3165 4468 3165 4468 3165 3615 3165 3614 3165 4468 3166 3614 3166 4444 3166 4444 3166 3614 3166 3613 3166 4444 3167 3613 3167 4445 3167 4445 3167 3613 3167 3611 3167 4445 3168 3611 3168 4446 3168 4446 3169 3611 3169 3610 3169 4446 3170 3610 3170 4447 3170 4447 3171 3610 3171 3664 3171 4447 3172 3664 3172 4473 3172 4473 3172 3664 3172 3663 3172 4473 3173 3663 3173 4474 3173 4474 3173 3663 3173 3662 3173 4474 3174 3662 3174 4475 3174 4475 3175 3662 3175 3627 3175 4475 3176 3627 3176 4440 3176 4440 3177 3627 3177 3626 3177 4440 3178 3626 3178 4441 3178 4441 3178 3626 3178 3625 3178 4441 3179 3625 3179 4442 3179 4442 3179 3625 3179 3603 3179 4442 3180 3603 3180 4443 3180 4443 3180 3603 3180 3605 3180 4443 2417 3605 2417 4479 2417 4479 3181 3605 3181 3630 3181 4479 3182 3630 3182 4480 3182 4480 3182 3630 3182 3629 3182 4480 3183 3629 3183 4481 3183 4481 3184 3629 3184 3628 3184 3638 525 3637 525 4485 525 4485 525 3637 525 4486 525 3628 524 3624 524 4481 524 4481 524 3624 524 4452 524 4661 3185 3675 3185 4636 3185 4636 3185 3675 3185 3671 3185 4636 3143 3671 3143 4637 3143 4637 3143 3671 3143 3670 3143 4637 3186 3670 3186 4638 3186 4638 3186 3670 3186 3669 3186 4638 3145 3669 3145 4639 3145 4639 3145 3669 3145 3668 3145 4639 3146 3668 3146 4642 3146 4642 3146 3668 3146 3667 3146 4642 3147 3667 3147 4643 3147 4643 3147 3667 3147 3666 3147 4643 3187 3666 3187 4644 3187 4644 3187 3666 3187 3665 3187 4644 3149 3665 3149 4673 3149 4673 3149 3665 3149 3697 3149 4673 3188 3697 3188 4674 3188 4674 3188 3697 3188 3696 3188 4674 3151 3696 3151 4675 3151 4675 3151 3696 3151 3695 3151 4675 3152 3695 3152 4645 3152 4645 3152 3695 3152 3686 3152 4645 3189 3686 3189 4646 3189 4646 3189 3686 3189 3685 3189 4646 3190 3685 3190 4647 3190 4647 3190 3685 3190 3684 3190 4647 3155 3684 3155 4648 3155 4648 3155 3684 3155 3694 3155 4648 3156 3694 3156 4649 3156 4649 3156 3694 3156 3693 3156 4649 3191 3693 3191 4650 3191 4650 3191 3693 3191 3682 3191 4650 3192 3682 3192 4651 3192 4651 3192 3682 3192 3681 3192 4651 3159 3681 3159 4668 3159 4668 3159 3681 3159 3708 3159 4669 3160 3707 3160 4670 3160 4670 3161 3707 3161 3706 3161 4670 3193 3706 3193 4652 3193 4652 3193 3706 3193 3692 3193 4652 3194 3692 3194 4653 3194 4653 2424 3692 2424 3691 2424 4653 3165 3691 3165 4654 3165 4654 3165 3691 3165 3690 3165 4654 3166 3690 3166 4655 3166 4655 3166 3690 3166 3680 3166 4655 3195 3680 3195 4656 3195 4656 3195 3680 3195 3679 3195 4656 3196 3679 3196 4657 3196 4657 3197 3679 3197 3705 3197 4657 3170 3705 3170 4658 3170 4658 3171 3705 3171 3704 3171 4658 3172 3704 3172 4640 3172 4640 3172 3704 3172 3702 3172 4640 3198 3702 3198 4641 3198 4641 3198 3702 3198 3703 3198 4641 3174 3703 3174 4630 3174 4630 3175 3703 3175 3700 3175 4630 3199 3700 3199 4631 3199 4631 3200 3700 3200 3699 3200 4631 3178 3699 3178 4632 3178 4632 3178 3699 3178 3698 3178 4632 3179 3698 3179 4633 3179 4633 3179 3698 3179 3672 3179 4633 3180 3672 3180 4634 3180 4634 3180 3672 3180 3673 3180 4634 3201 3673 3201 4635 3201 4635 3202 3673 3202 3674 3202 4635 3182 3674 3182 4659 3182 4659 3182 3674 3182 3677 3182 4659 3203 3677 3203 4660 3203 4660 3204 3677 3204 3676 3204 3708 525 3707 525 4668 525 4668 525 3707 525 4669 525 3676 524 3675 524 4660 524 4660 524 3675 524 4661 524 4532 3205 3842 3205 4503 3205 4503 3205 3842 3205 3841 3205 4503 3206 3841 3206 4504 3206 4504 3206 3841 3206 3817 3206 4504 3144 3817 3144 4505 3144 4505 3144 3817 3144 3816 3144 4505 3145 3816 3145 4506 3145 4506 3145 3816 3145 3815 3145 4506 3146 3815 3146 4510 3146 4510 3146 3815 3146 3814 3146 4510 3147 3814 3147 4511 3147 4511 3147 3814 3147 3813 3147 4511 3207 3813 3207 4512 3207 4512 3207 3813 3207 3812 3207 4512 3208 3812 3208 4533 3208 4533 3208 3812 3208 3829 3208 4533 3150 3829 3150 4534 3150 4534 3150 3829 3150 3828 3150 4534 3151 3828 3151 4535 3151 4535 3151 3828 3151 3827 3151 4535 3209 3827 3209 4513 3209 4513 3209 3827 3209 3820 3209 4513 3210 3820 3210 4514 3210 4514 3210 3820 3210 3819 3210 4514 3154 3819 3154 4516 3154 4516 3154 3819 3154 3818 3154 4516 3155 3818 3155 4517 3155 4517 3155 3818 3155 3831 3155 4517 3156 3831 3156 4518 3156 4518 3156 3831 3156 3830 3156 4518 3157 3830 3157 4519 3157 4519 3157 3830 3157 3826 3157 4519 3211 3826 3211 4536 3211 4536 3211 3826 3211 3825 3211 4536 3212 3825 3212 4537 3212 4537 3212 3825 3212 3846 3212 4538 3213 3845 3213 4520 3213 4520 3213 3845 3213 3844 3213 4520 3214 3844 3214 4521 3214 4521 3214 3844 3214 3840 3214 4521 3215 3840 3215 4525 3215 4525 3215 3840 3215 3839 3215 4525 3216 3839 3216 4526 3216 4526 3216 3839 3216 3838 3216 4526 3166 3838 3166 4522 3166 4522 3166 3838 3166 3837 3166 4522 3167 3837 3167 4523 3167 4523 3167 3837 3167 3836 3167 4523 3217 3836 3217 4524 3217 4524 3217 3836 3217 3835 3217 4524 3218 3835 3218 4527 3218 4527 3218 3835 3218 3849 3218 4527 3219 3849 3219 4528 3219 4528 3219 3849 3219 3848 3219 4528 3220 3848 3220 4529 3220 4529 3220 3848 3220 3847 3220 4529 3221 3847 3221 4500 3221 4500 3221 3847 3221 3834 3221 4500 3222 3834 3222 4501 3222 4501 3222 3834 3222 3833 3222 4501 3178 3833 3178 4502 3178 4502 3178 3833 3178 3832 3178 4502 3179 3832 3179 4507 3179 4507 3179 3832 3179 3824 3179 4507 3223 3824 3223 4508 3223 4508 3223 3824 3223 3823 3223 4508 3224 3823 3224 4509 3224 4509 3224 3823 3224 3822 3224 4509 3225 3822 3225 4530 3225 4530 3225 3822 3225 3821 3225 4530 3226 3821 3226 4531 3226 4531 3226 3821 3226 3843 3226 3846 525 3845 525 4537 525 4537 525 3845 525 4538 525 3843 524 3842 524 4531 524 4531 524 3842 524 4532 524 4688 3227 4182 3227 4676 3227 4676 3227 4182 3227 4181 3227 4676 3206 4181 3206 4677 3206 4677 3206 4181 3206 4157 3206 4677 3186 4157 3186 4678 3186 4678 3186 4157 3186 4156 3186 4678 3145 4156 3145 4679 3145 4679 3145 4156 3145 4155 3145 4679 3146 4155 3146 4689 3146 4689 3146 4155 3146 4154 3146 4689 3147 4154 3147 4690 3147 4690 3147 4154 3147 4153 3147 4690 3228 4153 3228 4691 3228 4691 3228 4153 3228 4152 3228 4691 3208 4152 3208 4708 3208 4708 3208 4152 3208 4171 3208 4708 3188 4171 3188 4709 3188 4709 3188 4171 3188 4170 3188 4709 3151 4170 3151 4710 3151 4710 3151 4170 3151 4169 3151 4710 3209 4169 3209 4692 3209 4692 3209 4169 3209 4160 3209 4692 3229 4160 3229 4693 3229 4693 3229 4160 3229 4159 3229 4693 3190 4159 3190 4694 3190 4694 3190 4159 3190 4158 3190 4694 3155 4158 3155 4695 3155 4695 3155 4158 3155 4168 3155 4695 3156 4168 3156 4696 3156 4696 3156 4168 3156 4167 3156 4696 3191 4167 3191 4697 3191 4697 3191 4167 3191 4166 3191 4697 3230 4166 3230 4711 3230 4711 3230 4166 3230 4165 3230 4711 3212 4165 3212 4712 3212 4712 3212 4165 3212 4186 3212 4713 3213 4185 3213 4698 3213 4698 3213 4185 3213 4184 3213 4698 3231 4184 3231 4699 3231 4699 3231 4184 3231 4180 3231 4699 3232 4180 3232 4703 3232 4703 3232 4180 3232 4179 3232 4703 3216 4179 3216 4704 3216 4704 3216 4179 3216 4178 3216 4704 3166 4178 3166 4700 3166 4700 3166 4178 3166 4177 3166 4700 3195 4177 3195 4701 3195 4701 3195 4177 3195 4176 3195 4701 3233 4176 3233 4702 3233 4702 3233 4176 3233 4175 3233 4702 3218 4175 3218 4705 3218 4705 3218 4175 3218 4189 3218 4705 3219 4189 3219 4706 3219 4706 3219 4189 3219 4188 3219 4706 3234 4188 3234 4707 3234 4707 3234 4188 3234 4187 3234 4707 3221 4187 3221 4680 3221 4680 3221 4187 3221 4174 3221 4680 3235 4174 3235 4681 3235 4681 3235 4174 3235 4173 3235 4681 3178 4173 3178 4682 3178 4682 3178 4173 3178 4172 3178 4682 3179 4172 3179 4683 3179 4683 3179 4172 3179 4164 3179 4683 3223 4164 3223 4684 3223 4684 3223 4164 3223 4163 3223 4684 3236 4163 3236 4685 3236 4685 3236 4163 3236 4162 3236 4685 3225 4162 3225 4686 3225 4686 3225 4162 3225 4161 3225 4686 3237 4161 3237 4687 3237 4687 3237 4161 3237 4183 3237 4186 525 4185 525 4712 525 4712 525 4185 525 4713 525 4183 524 4182 524 4687 524 4687 524 4182 524 4688 524 4546 3205 3793 3205 4547 3205 4547 3205 3793 3205 3783 3205 4547 3238 3783 3238 4565 3238 4565 3239 3783 3239 3781 3239 4565 3240 3781 3240 4566 3240 4566 3241 3781 3241 3780 3241 4566 3242 3780 3242 4567 3242 4567 3243 3780 3243 3769 3243 4567 3244 3769 3244 4568 3244 4568 3245 3769 3245 3768 3245 4568 3246 3768 3246 4578 3246 4578 3247 3768 3247 3767 3247 4578 3248 3767 3248 4579 3248 4579 3249 3767 3249 3766 3249 4579 3208 3766 3208 4580 3208 4580 3208 3766 3208 3790 3208 4580 3150 3790 3150 4575 3150 4575 3150 3790 3150 3789 3150 4575 3151 3789 3151 4576 3151 4576 3151 3789 3151 3788 3151 4576 3209 3788 3209 4577 3209 4577 3209 3788 3209 3779 3209 4577 3250 3779 3250 4552 3250 4552 3251 3779 3251 3778 3251 4552 3252 3778 3252 4553 3252 4553 3253 3778 3253 3777 3253 4553 3254 3777 3254 4554 3254 4554 3255 3777 3255 3787 3255 4554 3256 3787 3256 4555 3256 4555 3257 3787 3257 3786 3257 4555 3258 3786 3258 4556 3258 4556 3259 3786 3259 3776 3259 4556 3260 3776 3260 4581 3260 4581 3261 3776 3261 3775 3261 4581 3212 3775 3212 4582 3212 4582 3212 3775 3212 3808 3212 4583 3262 3807 3262 4557 3262 4557 3262 3807 3262 3806 3262 4557 3162 3806 3162 4558 3162 4558 3162 3806 3162 3802 3162 4558 3263 3802 3263 4569 3263 4569 3263 3802 3263 3801 3263 4569 3165 3801 3165 4570 3165 4570 3165 3801 3165 3800 3165 4570 3166 3800 3166 4559 3166 4559 3166 3800 3166 3799 3166 4559 3264 3799 3264 4560 3264 4560 3264 3799 3264 3798 3264 4560 3265 3798 3265 4561 3265 4561 3265 3798 3265 3797 3265 4561 3266 3797 3266 4571 3266 4571 3266 3797 3266 3811 3266 4571 3172 3811 3172 4572 3172 4572 3172 3811 3172 3810 3172 4572 3173 3810 3173 4573 3173 4573 3173 3810 3173 3809 3173 4573 3267 3809 3267 4539 3267 4539 3267 3809 3267 3796 3267 4539 3268 3796 3268 4540 3268 4540 3268 3796 3268 3795 3268 4540 3269 3795 3269 4541 3269 4541 3269 3795 3269 3794 3269 4541 3179 3794 3179 4542 3179 4542 3179 3794 3179 3774 3179 4542 3180 3774 3180 4543 3180 4543 3180 3774 3180 3773 3180 4543 3270 3773 3270 4544 3270 4544 3270 3773 3270 3771 3270 4544 3182 3771 3182 4548 3182 4548 3182 3771 3182 3770 3182 4548 3271 3770 3271 4549 3271 4549 3271 3770 3271 3791 3271 3808 525 3807 525 4582 525 4582 525 3807 525 4583 525 3791 524 3793 524 4549 524 4549 524 3793 524 4546 524 4626 3227 3735 3227 4596 3227 4596 3227 3735 3227 3734 3227 4596 3238 3734 3238 4597 3238 4597 3239 3734 3239 3719 3239 4597 3272 3719 3272 4598 3272 4598 3273 3719 3273 3718 3273 4598 3242 3718 3242 4599 3242 4599 3243 3718 3243 3717 3243 4599 3244 3717 3244 4608 3244 4608 3245 3717 3245 3716 3245 4608 3246 3716 3246 4609 3246 4609 3247 3716 3247 3715 3247 4609 3274 3715 3274 4610 3274 4610 3275 3715 3275 3727 3275 4610 3208 3727 3208 4627 3208 4627 3208 3727 3208 3726 3208 4627 3188 3726 3188 4628 3188 4628 3188 3726 3188 3725 3188 4628 3151 3725 3151 4629 3151 4629 3151 3725 3151 3733 3151 4629 3209 3733 3209 4589 3209 4589 3209 3733 3209 3732 3209 4589 3276 3732 3276 4590 3276 4590 3277 3732 3277 3731 3277 4590 3278 3731 3278 4611 3278 4611 3279 3731 3279 3752 3279 4611 3254 3752 3254 4612 3254 4612 3255 3752 3255 3751 3255 4612 3256 3751 3256 4614 3256 4614 3257 3751 3257 3748 3257 4614 3280 3748 3280 4617 3280 4617 3281 3748 3281 3729 3281 4617 3282 3729 3282 4620 3282 4620 3283 3729 3283 3728 3283 4620 3212 3728 3212 4622 3212 4622 3212 3728 3212 3755 3212 4623 3262 3757 3262 4591 3262 4591 3262 3757 3262 3758 3262 4591 3193 3758 3193 4592 3193 4592 3193 3758 3193 3746 3193 4592 3284 3746 3284 4600 3284 4600 3284 3746 3284 3745 3284 4600 3165 3745 3165 4601 3165 4601 3165 3745 3165 3744 3165 4601 3166 3744 3166 4593 3166 4593 3166 3744 3166 3743 3166 4593 3285 3743 3285 4594 3285 4594 3285 3743 3285 3741 3285 4594 3286 3741 3286 4595 3286 4595 3286 3741 3286 3740 3286 4595 3266 3740 3266 4602 3266 4602 3266 3740 3266 3761 3266 4602 3172 3761 3172 4603 3172 4603 3172 3761 3172 3760 3172 4603 3198 3760 3198 4604 3198 4604 3198 3760 3198 3759 3198 4604 3267 3759 3267 4586 3267 4586 3267 3759 3267 3739 3267 4586 3287 3739 3287 4587 3287 4587 3287 3739 3287 3738 3287 4587 3269 3738 3269 4588 3269 4588 3269 3738 3269 3737 3269 4588 3179 3737 3179 4605 3179 4605 3179 3737 3179 3724 3179 4605 3180 3724 3180 4606 3180 4606 3180 3724 3180 3723 3180 4606 3288 3723 3288 4607 3288 4607 3288 3723 3288 3721 3288 4607 3182 3721 3182 4624 3182 4624 3182 3721 3182 3720 3182 4624 3289 3720 3289 4625 3289 4625 3289 3720 3289 3736 3289 3755 525 3757 525 4622 525 4622 525 3757 525 4623 525 3736 524 3735 524 4625 524 4625 524 3735 524 4626 524 4416 3227 3911 3227 4417 3227 4417 3227 3911 3227 3910 3227 4417 3290 3910 3290 4428 3290 4428 3291 3910 3291 3909 3291 4428 3240 3909 3240 4429 3240 4429 3241 3909 3241 3907 3241 4429 3242 3907 3242 4431 3242 4431 3243 3907 3243 3905 3243 4431 3244 3905 3244 4432 3244 4432 3245 3905 3245 3904 3245 4432 3292 3904 3292 4424 3292 4424 3293 3904 3293 3901 3293 4424 3274 3901 3274 4425 3274 4425 3275 3901 3275 3900 3275 4425 3208 3900 3208 4427 3208 4427 3208 3900 3208 3899 3208 4427 3294 3899 3294 4418 3294 4418 3294 3899 3294 3895 3294 4418 3295 3895 3295 4419 3295 4419 3295 3895 3295 3883 3295 4419 3209 3883 3209 4420 3209 4420 3209 3883 3209 3881 3209 4420 3276 3881 3276 4400 3276 4400 3277 3881 3277 3880 3277 4400 3278 3880 3278 4401 3278 4401 3279 3880 3279 3903 3279 4401 3254 3903 3254 4411 3254 4411 3255 3903 3255 3902 3255 4411 3256 3902 3256 4412 3256 4412 3257 3902 3257 3898 3257 4412 3280 3898 3280 4413 3280 4413 3281 3898 3281 3897 3281 4413 3282 3897 3282 4421 3282 4421 3283 3897 3283 3896 3283 4421 3212 3896 3212 4422 3212 4422 3212 3896 3212 3891 3212 4423 3262 3890 3262 4408 3262 4408 3262 3890 3262 3889 3262 4408 3193 3889 3193 4409 3193 4409 3193 3889 3193 3888 3193 4409 3284 3888 3284 4410 3284 4410 3284 3888 3284 3887 3284 4410 3165 3887 3165 4398 3165 4398 3165 3887 3165 3886 3165 4398 3166 3886 3166 4399 3166 4399 3166 3886 3166 3868 3166 4399 3285 3868 3285 4403 3285 4403 3285 3868 3285 3867 3285 4403 3286 3867 3286 4404 3286 4404 3286 3867 3286 3879 3286 4404 3266 3879 3266 4392 3266 4392 3266 3879 3266 3878 3266 4392 3296 3878 3296 4393 3296 4393 3296 3878 3296 3877 3296 4393 3297 3877 3297 4394 3297 4394 3297 3877 3297 3885 3297 4394 3267 3885 3267 4395 3267 4395 3267 3885 3267 3884 3267 4395 3287 3884 3287 4396 3287 4396 3287 3884 3287 3876 3287 4396 3298 3876 3298 4397 3298 4397 3298 3876 3298 3875 3298 4397 3179 3875 3179 4405 3179 4405 3179 3875 3179 3874 3179 4405 3180 3874 3180 4406 3180 4406 3180 3874 3180 3870 3180 4406 3270 3870 3270 4407 3270 4407 3270 3870 3270 3872 3270 4407 3299 3872 3299 4414 3299 4414 3299 3872 3299 3873 3299 4414 3289 3873 3289 4415 3289 4415 3289 3873 3289 3912 3289 3891 525 3890 525 4422 525 4422 525 3890 525 4423 525 3912 524 3911 524 4415 524 4415 524 3911 524 4416 524 4751 3227 4145 3227 4738 3227 4738 3227 4145 3227 4144 3227 4738 3290 4144 3290 4739 3290 4739 3291 4144 3291 4123 3291 4739 3240 4123 3240 4740 3240 4740 3241 4123 3241 4122 3241 4740 3242 4122 3242 4741 3242 4741 3243 4122 3243 4137 3243 4741 3244 4137 3244 4742 3244 4742 3245 4137 3245 4136 3245 4742 3292 4136 3292 4743 3292 4743 3293 4136 3293 4121 3293 4743 3274 4121 3274 4744 3274 4744 3275 4121 3275 4120 3275 4744 3208 4120 3208 4748 3208 4748 3208 4120 3208 4128 3208 4748 3294 4128 3294 4745 3294 4745 3294 4128 3294 4127 3294 4745 3295 4127 3295 4746 3295 4746 3295 4127 3295 4126 3295 4746 3209 4126 3209 4747 3209 4747 3209 4126 3209 4119 3209 4747 3276 4119 3276 4729 3276 4729 3277 4119 3277 4118 3277 4729 3278 4118 3278 4730 3278 4730 3279 4118 3279 4117 3279 4730 3254 4117 3254 4731 3254 4731 3255 4117 3255 4114 3255 4731 3256 4114 3256 4721 3256 4721 3257 4114 3257 4113 3257 4721 3280 4113 3280 4722 3280 4722 3281 4113 3281 4111 3281 4722 3282 4111 3282 4723 3282 4723 3283 4111 3283 4110 3283 4723 3212 4110 3212 4727 3212 4727 3212 4110 3212 4125 3212 4728 3262 4124 3262 4716 3262 4716 3262 4124 3262 4116 3262 4716 3193 4116 3193 4717 3193 4717 3193 4116 3193 4115 3193 4717 3284 4115 3284 4724 3284 4724 3284 4115 3284 4140 3284 4724 3165 4140 3165 4725 3165 4725 3165 4140 3165 4139 3165 4725 3166 4139 3166 4726 3166 4726 3166 4139 3166 4138 3166 4726 3285 4138 3285 4732 3285 4732 3285 4138 3285 4143 3285 4732 3286 4143 3286 4733 3286 4733 3286 4143 3286 4142 3286 4733 3266 4142 3266 4734 3266 4734 3266 4142 3266 4141 3266 4734 3296 4141 3296 4714 3296 4714 3296 4141 3296 4135 3296 4714 3297 4135 3297 4715 3297 4715 3297 4135 3297 4134 3297 4715 3267 4134 3267 4718 3267 4718 3267 4134 3267 4133 3267 4718 3287 4133 3287 4719 3287 4719 3287 4133 3287 4132 3287 4719 3298 4132 3298 4720 3298 4720 3298 4132 3298 4131 3298 4720 3179 4131 3179 4735 3179 4735 3179 4131 3179 4130 3179 4735 3180 4130 3180 4736 3180 4736 3180 4130 3180 4109 3180 4736 3270 4109 3270 4737 3270 4737 3270 4109 3270 4108 3270 4737 3299 4108 3299 4749 3299 4749 3299 4108 3299 4129 3299 4749 3289 4129 3289 4750 3289 4750 3289 4129 3289 4146 3289 4125 525 4124 525 4727 525 4727 525 4124 525 4728 525 4146 524 4145 524 4750 524 4750 524 4145 524 4751 524 4791 3227 4103 3227 4761 3227 4761 3227 4103 3227 4102 3227 4761 3300 4102 3300 4762 3300 4762 3300 4102 3300 4083 3300 4762 3144 4083 3144 4775 3144 4775 3144 4083 3144 4082 3144 4775 3145 4082 3145 4776 3145 4776 3145 4082 3145 4081 3145 4776 3146 4081 3146 4772 3146 4772 3146 4081 3146 4080 3146 4772 3301 4080 3301 4771 3301 4771 3301 4080 3301 4079 3301 4771 3228 4079 3228 4770 3228 4770 3228 4079 3228 4078 3228 4770 3208 4078 3208 4783 3208 4783 3208 4078 3208 4071 3208 4783 3294 4071 3294 4784 3294 4784 3294 4071 3294 4070 3294 4784 3295 4070 3295 4785 3295 4785 3295 4070 3295 4077 3295 4785 3209 4077 3209 4765 3209 4765 3209 4077 3209 4088 3209 4765 3229 4088 3229 4764 3229 4764 3229 4088 3229 4087 3229 4764 3190 4087 3190 4763 3190 4763 3190 4087 3190 4076 3190 4763 3155 4076 3155 4777 3155 4777 3155 4076 3155 4075 3155 4777 3156 4075 3156 4778 3156 4778 3156 4075 3156 4099 3156 4778 3191 4099 3191 4779 3191 4779 3191 4099 3191 4098 3191 4779 3230 4098 3230 4786 3230 4786 3230 4098 3230 4097 3230 4786 3212 4097 3212 4787 3212 4787 3212 4097 3212 4107 3212 4788 3213 4106 3213 4766 3213 4766 3213 4106 3213 4105 3213 4766 3231 4105 3231 4767 3231 4767 3231 4105 3231 4096 3231 4767 3232 4096 3232 4768 3232 4768 3232 4096 3232 4095 3232 4768 3216 4095 3216 4769 3216 4769 3216 4095 3216 4094 3216 4769 3166 4094 3166 4773 3166 4773 3166 4094 3166 4093 3166 4773 3195 4093 3195 4774 3195 4774 3195 4093 3195 4092 3195 4774 3233 4092 3233 4757 3233 4757 3233 4092 3233 4091 3233 4757 3218 4091 3218 4756 3218 4756 3218 4091 3218 4084 3218 4756 3302 4084 3302 4754 3302 4754 3302 4084 3302 4085 3302 4754 3303 4085 3303 4755 3303 4755 3303 4085 3303 4086 3303 4755 3221 4086 3221 4758 3221 4758 3221 4086 3221 4074 3221 4758 3235 4074 3235 4759 3235 4759 3235 4074 3235 4073 3235 4759 3304 4073 3304 4760 3304 4760 3304 4073 3304 4072 3304 4760 3179 4072 3179 4780 3179 4780 3179 4072 3179 4101 3179 4780 3223 4101 3223 4781 3223 4781 3223 4101 3223 4100 3223 4781 3224 4100 3224 4782 3224 4782 3224 4100 3224 4090 3224 4782 3305 4090 3305 4789 3305 4789 3305 4090 3305 4089 3305 4789 3237 4089 3237 4790 3237 4790 3237 4089 3237 4104 3237 4107 525 4106 525 4787 525 4787 525 4106 525 4788 525 4104 524 4103 524 4790 524 4790 524 4103 524 4791 524 4281 3227 4057 3227 4254 3227 4254 3227 4057 3227 4056 3227 4254 3300 4056 3300 4255 3300 4255 3300 4056 3300 4025 3300 4255 3144 4025 3144 4257 3144 4257 3144 4025 3144 4026 3144 4257 3145 4026 3145 4262 3145 4262 3145 4026 3145 4027 3145 4262 3146 4027 3146 4263 3146 4263 3146 4027 3146 4032 3146 4263 3301 4032 3301 4264 3301 4264 3301 4032 3301 4031 3301 4264 3228 4031 3228 4267 3228 4267 3228 4031 3228 4018 3228 4267 3208 4018 3208 4268 3208 4268 3208 4018 3208 4019 3208 4268 3294 4019 3294 4269 3294 4269 3294 4019 3294 4020 3294 4269 3295 4020 3295 4276 3295 4276 3295 4020 3295 4052 3295 4276 3209 4052 3209 4277 3209 4277 3209 4052 3209 4051 3209 4277 3229 4051 3229 4278 3229 4278 3229 4051 3229 4050 3229 4278 3190 4050 3190 4270 3190 4270 3190 4050 3190 4042 3190 4270 3155 4042 3155 4271 3155 4271 3155 4042 3155 4041 3155 4271 3156 4041 3156 4272 3156 4272 3156 4041 3156 4049 3156 4272 3191 4049 3191 4260 3191 4260 3191 4049 3191 4039 3191 4260 3230 4039 3230 4283 3230 4283 3230 4039 3230 4067 3230 4283 3212 4067 3212 4285 3212 4285 3212 4067 3212 4066 3212 4287 3213 4064 3213 4288 3213 4288 3213 4064 3213 4062 3213 4288 3231 4062 3231 4274 3231 4274 3231 4062 3231 4060 3231 4274 3232 4060 3232 4275 3232 4275 3232 4060 3232 4059 3232 4275 3216 4059 3216 4249 3216 4249 3216 4059 3216 4048 3216 4249 3166 4048 3166 4250 3166 4250 3166 4048 3166 4047 3166 4250 3195 4047 3195 4251 3195 4251 3195 4047 3195 4046 3195 4251 3233 4046 3233 4242 3233 4242 3233 4046 3233 4036 3233 4242 3218 4036 3218 4243 3218 4243 3218 4036 3218 4035 3218 4243 3302 4035 3302 4245 3302 4245 3302 4035 3302 4034 3302 4245 3303 4034 3303 4246 3303 4246 3303 4034 3303 4033 3303 4246 3221 4033 3221 4239 3221 4239 3221 4033 3221 4030 3221 4239 3235 4030 3235 4240 3235 4240 3235 4030 3235 4029 3235 4240 3304 4029 3304 4252 3304 4252 3304 4029 3304 4028 3304 4252 3179 4028 3179 4253 3179 4253 3179 4028 3179 4024 3179 4253 3223 4024 3223 4247 3223 4247 3223 4024 3223 4023 3223 4247 3224 4023 3224 4248 3224 4248 3224 4023 3224 4022 3224 4248 3305 4022 3305 4279 3305 4279 3305 4022 3305 4021 3305 4279 3237 4021 3237 4280 3237 4280 3237 4021 3237 4058 3237 4066 525 4064 525 4285 525 4285 525 4064 525 4287 525 4058 524 4057 524 4280 524 4280 524 4057 524 4281 524 4377 3185 3964 3185 4378 3185 4378 3185 3964 3185 3963 3185 4378 3306 3963 3306 4352 3306 4352 3306 3963 3306 3942 3306 4352 3144 3942 3144 4353 3144 4353 3144 3942 3144 3941 3144 4353 3145 3941 3145 4355 3145 4355 3145 3941 3145 3940 3145 4355 3146 3940 3146 4360 3146 4360 3146 3940 3146 3939 3146 4360 3301 3939 3301 4361 3301 4361 3301 3939 3301 3938 3301 4361 3187 3938 3187 4356 3187 4356 3187 3938 3187 3937 3187 4356 3149 3937 3149 4357 3149 4357 3149 3937 3149 3936 3149 4357 3294 3936 3294 4358 3294 4358 3294 3936 3294 3935 3294 4358 3295 3935 3295 4359 3295 4359 3295 3935 3295 3933 3295 4359 3152 3933 3152 4349 3152 4349 3152 3933 3152 3931 3152 4349 3189 3931 3189 4341 3189 4341 3189 3931 3189 3930 3189 4341 3190 3930 3190 4342 3190 4342 3190 3930 3190 3956 3190 4342 3155 3956 3155 4362 3155 4362 3155 3956 3155 3955 3155 4362 3156 3955 3156 4363 3156 4363 3156 3955 3156 3952 3156 4363 3191 3952 3191 4364 3191 4364 3191 3952 3191 3953 3191 4364 3192 3953 3192 4379 3192 4379 3192 3953 3192 3954 3192 4379 3159 3954 3159 4380 3159 4380 3159 3954 3159 3968 3159 4381 3160 3967 3160 4343 3160 4343 3161 3967 3161 3966 3161 4343 3193 3966 3193 4344 3193 4344 3193 3966 3193 3948 3193 4344 3194 3948 3194 4345 3194 4345 2424 3948 2424 3947 2424 4345 3165 3947 3165 4346 3165 4346 3165 3947 3165 3946 3165 4346 3166 3946 3166 4350 3166 4350 3166 3946 3166 3945 3166 4350 3195 3945 3195 4351 3195 4351 3195 3945 3195 3944 3195 4351 3196 3944 3196 4348 3196 4348 3197 3944 3197 3951 3197 4348 3170 3951 3170 4347 3170 4347 3171 3951 3171 3950 3171 4347 3296 3950 3296 4339 3296 4339 3296 3950 3296 3949 3296 4339 3297 3949 3297 4340 3297 4340 3297 3949 3297 3924 3297 4340 3174 3924 3174 4365 3174 4365 3175 3924 3175 3923 3175 4365 3199 3923 3199 4366 3199 4366 3200 3923 3200 3929 3200 4366 3304 3929 3304 4368 3304 4368 3304 3929 3304 3927 3304 4368 3179 3927 3179 4370 3179 4370 3179 3927 3179 3926 3179 4370 3180 3926 3180 4372 3180 4372 3180 3926 3180 3960 3180 4372 2417 3960 2417 4374 2417 4374 3181 3960 3181 3958 3181 4374 3299 3958 3299 4375 3299 4375 3299 3958 3299 3957 3299 4375 3203 3957 3203 4376 3203 4376 3204 3957 3204 3965 3204 3968 525 3967 525 4380 525 4380 525 3967 525 4381 525 3965 524 3964 524 4376 524 4376 524 3964 524 4377 524 4324 3185 4004 3185 4308 3185 4308 3185 4004 3185 4003 3185 4308 3306 4003 3306 4309 3306 4309 3306 4003 3306 3979 3306 4309 3144 3979 3144 4311 3144 4311 3144 3979 3144 3978 3144 4311 3145 3978 3145 4312 3145 4312 3145 3978 3145 3977 3145 4312 3146 3977 3146 4299 3146 4299 3146 3977 3146 3974 3146 4299 3301 3974 3301 4300 3301 4300 3301 3974 3301 3973 3301 4300 3187 3973 3187 4301 3187 4301 3187 3973 3187 3972 3187 4301 3149 3972 3149 4313 3149 4313 3149 3972 3149 3971 3149 4313 3294 3971 3294 4314 3294 4314 3294 3971 3294 3970 3294 4314 3295 3970 3295 4315 3295 4315 3295 3970 3295 3998 3295 4315 3152 3998 3152 4310 3152 4310 3152 3998 3152 3997 3152 4310 3189 3997 3189 4302 3189 4302 3189 3997 3189 3996 3189 4302 3190 3996 3190 4303 3190 4303 3190 3996 3190 3995 3190 4303 3155 3995 3155 4316 3155 4316 3155 3995 3155 3994 3155 4316 3156 3994 3156 4317 3156 4317 3156 3994 3156 3976 3156 4317 3191 3976 3191 4318 3191 4318 3191 3976 3191 3975 3191 4318 3192 3975 3192 4334 3192 4334 3192 3975 3192 4017 3192 4334 3159 4017 3159 4335 3159 4335 3159 4017 3159 4016 3159 4330 3160 4013 3160 4325 3160 4325 3161 4013 3161 4006 3161 4325 3193 4006 3193 4319 3193 4319 3193 4006 3193 4002 3193 4319 3194 4002 3194 4320 3194 4320 2424 4002 2424 4000 2424 4320 3165 4000 3165 4321 3165 4321 3165 4000 3165 3999 3165 4321 3166 3999 3166 4292 3166 4292 3166 3999 3166 3993 3166 4292 3195 3993 3195 4293 3195 4293 3195 3993 3195 3992 3195 4293 3196 3992 3196 4295 3196 4295 3197 3992 3197 3991 3197 4295 3170 3991 3170 4296 3170 4296 3171 3991 3171 3987 3171 4296 3296 3987 3296 4297 3296 4297 3296 3987 3296 3989 3296 4297 3297 3989 3297 4298 3297 4298 3297 3989 3297 3990 3297 4298 3174 3990 3174 4289 3174 4289 3175 3990 3175 3986 3175 4289 3199 3986 3199 4290 3199 4290 3200 3986 3200 3985 3200 4290 3304 3985 3304 4306 3304 4306 3304 3985 3304 3984 3304 4306 3179 3984 3179 4307 3179 4307 3179 3984 3179 3983 3179 4307 3180 3983 3180 4304 3180 4304 3180 3983 3180 3982 3180 4304 2417 3982 2417 4305 2417 4305 3181 3982 3181 3981 3181 4305 3299 3981 3299 4322 3299 4322 3299 3981 3299 3980 3299 4322 3203 3980 3203 4323 3203 4323 3204 3980 3204 4005 3204 4016 525 4013 525 4335 525 4335 525 4013 525 4330 525 4005 524 4004 524 4323 524 4323 524 4004 524 4324 524 4216 3307 3606 3307 4448 3307 4448 3307 3606 3307 3604 3307 4448 3308 3604 3308 4469 3308 4469 3309 3604 3309 3661 3309 4469 3310 3661 3310 4470 3310 4470 3311 3661 3311 3660 3311 4470 3312 3660 3312 4471 3312 4471 3313 3660 3313 3644 3313 4471 3314 3644 3314 4482 3314 4482 3315 3644 3315 3643 3315 4482 3316 3643 3316 4483 3316 4483 3317 3643 3317 3642 3317 4483 3318 3642 3318 4484 3318 4484 3319 3642 3319 3641 3319 4484 3320 3641 3320 4488 3320 4488 3321 3641 3321 3640 3321 4488 3322 3640 3322 4211 3322 4211 3323 3640 3323 3639 3323 4212 3324 3657 3324 4497 3324 4497 3325 3657 3325 3648 3325 4497 3326 3648 3326 4499 3326 4499 3327 3648 3327 3646 3327 4499 3328 3646 3328 4209 3328 4209 3329 3646 3329 3656 3329 4210 3330 3655 3330 4492 3330 4492 3330 3655 3330 3654 3330 4492 3331 3654 3331 4491 3331 4491 3332 3654 3332 3649 3332 4491 3333 3649 3333 4451 3333 4451 3334 3649 3334 3634 3334 4451 3335 3634 3335 4477 3335 4477 3336 3634 3336 3632 3336 4477 3337 3632 3337 4478 3337 4478 3337 3632 3337 3631 3337 4478 3338 3631 3338 4208 3338 4208 3339 3631 3339 3608 3339 4194 3340 4044 3340 4232 3340 4232 3340 4044 3340 4043 3340 4232 3341 4043 3341 4233 3341 4233 3341 4043 3341 3852 3341 4233 3342 3852 3342 4234 3342 4234 3342 3852 3342 3851 3342 4234 3343 3851 3343 4235 3343 4235 3343 3851 3343 3858 3343 4235 1101 3858 1101 4236 1101 4236 1101 3858 1101 3857 1101 4236 3344 3857 3344 4237 3344 4237 3344 3857 3344 3856 3344 4237 3345 3856 3345 4238 3345 4238 3345 3856 3345 3855 3345 4238 3346 3855 3346 4472 3346 4472 3346 3855 3346 3854 3346 4472 3347 3854 3347 4193 3347 4193 3347 3854 3347 3853 3347 4244 3348 3969 3348 4273 3348 4273 3348 3969 3348 4061 3348 4273 3349 4061 3349 4286 3349 4286 3349 4061 3349 4063 3349 4286 3350 4063 3350 4284 3350 4284 3350 4063 3350 4065 3350 4284 3351 4065 3351 4282 3351 4282 3351 4065 3351 4055 3351 4282 3352 4055 3352 4258 3352 4258 3352 4055 3352 4054 3352 4258 3353 4054 3353 4259 3353 4259 3353 4054 3353 4053 3353 4259 3354 4053 3354 4261 3354 4261 3354 4053 3354 4040 3354 4261 3355 4040 3355 4265 3355 4265 3355 4040 3355 4038 3355 4265 3356 4038 3356 4196 3356 4196 3356 4038 3356 4037 3356 3650 3357 4190 3357 4490 3357 3650 3357 4490 3357 3651 3357 3651 3358 4490 3358 4489 3358 3651 3358 4489 3358 3652 3358 3652 3359 4489 3359 4450 3359 3652 3360 4450 3360 3653 3360 3653 3361 4450 3361 4449 3361 3653 3362 4449 3362 3635 3362 3635 3363 4449 3363 4476 3363 3635 3364 4476 3364 3633 3364 3633 3365 4476 3365 4192 3365 3633 3366 4192 3366 3609 3366 3658 3367 4224 3367 4498 3367 3658 3368 4498 3368 3659 3368 3659 3369 4498 3369 4496 3369 3659 3369 4496 3369 3647 3369 3647 3370 4496 3370 4191 3370 3647 3370 4191 3370 3645 3370 3678 3371 4220 3371 4664 3371 3678 3371 4664 3371 3712 3371 3712 3372 4664 3372 4663 3372 3712 3373 4663 3373 3701 3373 3701 3374 4663 3374 4662 3374 3701 3375 4662 3375 3689 3375 3689 3376 4662 3376 4672 3376 3689 3376 4672 3376 3713 3376 3713 3377 4672 3377 4667 3377 3713 3378 4667 3378 3709 3378 3709 3379 4667 3379 4666 3379 3709 3379 4666 3379 3710 3379 3710 3380 4666 3380 4665 3380 3710 3380 4665 3380 3711 3380 3711 3381 4665 3381 4671 3381 3711 3381 4671 3381 3687 3381 3687 3382 4671 3382 4226 3382 3687 3383 4226 3383 3688 3383 3792 3384 4213 3384 4550 3384 3792 3385 4550 3385 3803 3385 3803 1298 4550 1298 4545 1298 3803 3386 4545 3386 3804 3386 3804 3387 4545 3387 4564 3387 3804 3387 4564 3387 3805 3387 3805 3388 4564 3388 4563 3388 3805 2521 4563 2521 3785 2521 3785 1126 4563 1126 4562 1126 3785 1126 4562 1126 3784 1126 3784 3389 4562 3389 4574 3389 3784 3390 4574 3390 3782 3390 3782 3391 4574 3391 4228 3391 3782 3392 4228 3392 3764 3392 3764 3393 4228 3393 4227 3393 3764 3393 4227 3393 3765 3393 3765 3394 4227 3394 4217 3394 3765 3395 4217 3395 3763 3395 4149 3396 4201 3396 4753 3396 4149 3397 4753 3397 4150 3397 4150 3398 4753 3398 4752 3398 4150 3398 4752 3398 4151 3398 4151 3399 4752 3399 4230 3399 4151 3400 4230 3400 3864 3400 3864 3401 4230 3401 4229 3401 3864 3402 4229 3402 3865 3402 3865 1141 4229 1141 4437 1141 3865 1141 4437 1141 3866 1141 3866 2513 4437 2513 4436 2513 3866 3403 4436 3403 3859 3403 3859 3404 4436 3404 4435 3404 3859 3404 4435 3404 3860 3404 3860 3405 4435 3405 4434 3405 3860 3406 4434 3406 3862 3406 3862 3407 4434 3407 4205 3407 3862 3408 4205 3408 3863 3408 3917 1297 4197 1297 4388 1297 3917 3409 4388 3409 3913 3409 3913 1298 4388 1298 4387 1298 3913 3386 4387 3386 3914 3386 3914 3387 4387 3387 4386 3387 3914 3387 4386 3387 3915 3387 3915 3388 4386 3388 4391 3388 3915 2521 4391 2521 3916 2521 3916 3410 4391 3410 4390 3410 3916 3410 4390 3410 3908 3410 3908 3389 4390 3389 4430 3389 3908 3390 4430 3390 3906 3390 3906 3411 4430 3411 4426 3411 3906 3412 4426 3412 3894 3412 3894 3413 4426 3413 4433 3413 3894 3413 4433 3413 3892 3413 3892 3394 4433 3394 4204 3394 3892 3395 4204 3395 3893 3395 3925 3414 4338 3414 4367 3414 3925 3414 4367 3414 3928 3414 3928 3415 4367 3415 4369 3415 3928 3415 4369 3415 3962 3415 3962 3416 4369 3416 4371 3416 3962 3417 4371 3417 3961 3417 3961 3418 4371 3418 4373 3418 3961 3418 4373 3418 3959 3418 3959 3419 4373 3419 4385 3419 3959 3420 4385 3420 3918 3420 3918 3421 4385 3421 4384 3421 3918 3421 4384 3421 3919 3421 3919 3422 4384 3422 4383 3422 3919 3423 4383 3423 3921 3423 3921 3424 4383 3424 4382 3424 3921 3424 4382 3424 3922 3424 3922 3425 4382 3425 4200 3425 3922 3425 4200 3425 3920 3425 4294 3426 3988 3426 4001 3426 4294 3426 4001 3426 4331 3426 4331 3427 4001 3427 4011 3427 4331 3427 4011 3427 4332 3427 4332 3428 4011 3428 4010 3428 4332 3429 4010 3429 4333 3429 4333 3430 4010 3430 4009 3430 4333 3430 4009 3430 4326 3430 4326 3431 4009 3431 4008 3431 4326 3377 4008 3377 4327 3377 4327 3432 4008 3432 4007 3432 4327 3432 4007 3432 4328 3432 4328 3433 4007 3433 4012 3433 4328 3434 4012 3434 4329 3434 4329 3435 4012 3435 4014 3435 4329 3435 4014 3435 4337 3435 4337 3436 4014 3436 4015 3436 4337 3436 4015 3436 4336 3436 3588 3437 4219 3437 4585 3437 3588 3438 4585 3438 3589 3438 3589 3439 4585 3439 4584 3439 3589 3439 4584 3439 3590 3439 3590 3440 4584 3440 4613 3440 3590 3441 4613 3441 3750 3441 3750 3442 4613 3442 4615 3442 3750 3443 4615 3443 3749 3443 3749 3444 4615 3444 4616 3444 3749 3444 4616 3444 3747 3444 3747 2513 4616 2513 4618 2513 3747 3403 4618 3403 3730 3403 3730 3445 4618 3445 4619 3445 3730 3445 4619 3445 3753 3445 3753 3446 4619 3446 4621 3446 3753 2478 4621 2478 3754 2478 3754 3183 4621 3183 4223 3183 3754 3447 4223 3447 3756 3447</p>
        </triangles>
      </mesh>
    </geometry>
  </library_geometries>
  <library_visual_scenes>
    <visual_scene id="Scene" name="Scene">
      <node id="tmp_export_BOX_PAD1_0_simple_004" name="tmp_export_BOX PAD1.0_simple.004" type="NODE">
        <matrix sid="transform">1 0 0 0 0 1 0 0 0 0 1 0 0 0 0 1</matrix>
        <instance_geometry url="#BOX_PAD1_0_simple_004-mesh" name="tmp_export_BOX PAD1.0_simple.004"/>
      </node>
    </visual_scene>
  </library_visual_scenes>
  <scene>
    <instance_visual_scene url="#Scene"/>
  </scene>
</COLLADA>