<?xml version="1.0" encoding="utf-8"?>
<COLLADA xmlns="http://www.collada.org/2005/11/COLLADASchema" version="1.4.1" xmlns:xsi="http://www.w3.org/2001/XMLSchema-instance">
  <asset>
    <contributor>
      <author>Blender User</author>
      <authoring_tool>Blender 3.3.21 commit date:2024-07-15, commit time:08:57, hash:e016c21db151</authoring_tool>
    </contributor>
    <created>2025-02-14T11:37:20</created>
    <modified>2025-02-14T11:37:20</modified>
    <unit name="meter" meter="1"/>
    <up_axis>Z_UP</up_axis>
  </asset>
  <library_effects/>
  <library_images/>
  <library_geometries>
    <geometry id="BOX_PAD1_0_simple_005-mesh" name="BOX PAD1.0_simple.005">
      <mesh>
        <source id="BOX_PAD1_0_simple_005-mesh-positions">
          <float_array id="BOX_PAD1_0_simple_005-mesh-positions-array" count="12498">0.9520416 -61.00026 460.5363 -51.04796 -61.00026 460.5363 -51.04796 -61.00026 -447.4637 0.9520416 -61.00026 -447.4637 -33.53241 -87.00026 -505.3387 -33.70738 -87.00026 -505.5886 0.9520416 -87.00026 -507.4637 -14.44942 -87.00026 -500.8193 -14.17296 -87.00026 -500.9482 0.9520416 -87.00026 -451.4637 -36.17284 -87.00026 -481.1231 -35.92296 -87.00026 -480.9482 -51.04796 -87.00026 -451.4637 -33.29796 -87.00026 -502.4637 -33.29796 -87.00026 -504.4637 -15.35184 -87.00026 -506.1871 -33.32454 -87.00026 -504.7676 -15.04796 -87.00026 -506.2137 -51.04796 -87.00026 -507.4637 -36.56351 -87.00026 -505.3387 -36.69241 -87.00026 -505.0623 -36.38853 -87.00026 -481.3388 -13.53241 -87.00026 -485.3387 -16.77138 -87.00026 -502.1598 -13.4035 -87.00026 -485.0623 -16.69241 -87.00026 -501.8652 -13.32454 -87.00026 -484.7676 -16.56351 -87.00026 -501.5887 -16.38854 -87.00026 -501.3388 -16.17284 -87.00026 -501.1231 -15.92296 -87.00026 -500.9482 -15.6465 -87.00026 -500.8193 -15.92296 -87.00026 -505.9793 -16.17284 -87.00026 -505.8043 -33.32454 -87.00026 -502.1598 -16.38854 -87.00026 -505.5886 -16.56351 -87.00026 -505.3387 -16.69241 -87.00026 -505.0623 -13.70738 -87.00026 -485.5886 -13.92308 -87.00026 -485.8043 -14.17296 -87.00026 -485.9793 -33.40349 -87.00026 -505.0623 -36.77138 -87.00026 -504.7676 -36.79796 -87.00026 -504.4637 -36.79796 -87.00026 -502.4637 -33.32454 -87.00026 -484.7676 -33.40349 -87.00026 -485.0623 -35.04796 -87.00026 -500.7137 -33.53241 -87.00026 -485.3387 -33.70738 -87.00026 -485.5886 -35.64648 -87.00026 -480.8193 -35.35184 -87.00026 -480.7403 -35.04796 -87.00026 -480.7137 -15.6465 -87.00026 -506.1082 -14.44942 -87.00026 -486.1082 -14.74408 -87.00026 -486.1871 -15.04796 -87.00026 -486.2137 -33.53241 -87.00026 -481.5887 -33.40349 -87.00026 -481.8652 -16.77138 -87.00026 -482.1598 -33.32454 -87.00026 -482.1598 -33.29796 -87.00026 -482.4637 -16.56351 -87.00026 -481.5887 -16.38854 -87.00026 -481.3388 -16.17284 -87.00026 -481.1231 -15.92296 -87.00026 -480.9482 -15.6465 -87.00026 -480.8193 -15.35184 -87.00026 -480.7403 -15.04796 -87.00026 -480.7137 -14.74408 -87.00026 -480.7403 -14.44942 -87.00026 -480.8193 -14.17296 -87.00026 -480.9482 -13.92308 -87.00026 -501.1231 -13.70738 -87.00026 -501.3388 -13.53241 -87.00026 -501.5887 -13.4035 -87.00026 -501.8652 -36.77138 -87.00026 -482.1598 -36.69241 -87.00026 -481.8652 -36.56351 -87.00026 -481.5887 -15.35184 -87.00026 -486.1871 -33.53241 -87.00026 -501.5887 -33.40349 -87.00026 -501.8652 -34.44942 -87.00026 -480.8193 -34.17296 -87.00026 -480.9482 -33.92308 -87.00026 -481.1231 -33.70738 -87.00026 -481.3388 -13.92308 -87.00026 -481.1231 -13.70738 -87.00026 -481.3388 -13.53241 -87.00026 -481.5887 -13.32454 -87.00026 -502.1598 -13.29796 -87.00026 -502.4637 -13.29796 -87.00026 -504.4637 -13.32454 -87.00026 -504.7676 -13.4035 -87.00026 -505.0623 -13.53241 -87.00026 -505.3387 -14.17296 -87.00026 -505.9793 -14.44942 -87.00026 -506.1082 -33.92308 -87.00026 -505.8043 -34.17296 -87.00026 -505.9793 -34.44942 -87.00026 -506.1082 -35.64648 -87.00026 -506.1082 -35.92296 -87.00026 -505.9793 -36.77138 -87.00026 -484.7676 -36.79796 -87.00026 -484.4637 -36.79796 -87.00026 -482.4637 -16.77138 -87.00026 -504.7676 -16.79796 -87.00026 -504.4637 -16.79796 -87.00026 -502.4637 -16.69241 -87.00026 -481.8652 -34.74408 -87.00026 -480.7403 -15.35184 -87.00026 -500.7403 -15.04796 -87.00026 -500.7137 -14.74408 -87.00026 -500.7403 -36.17284 -87.00026 -505.8043 -36.38853 -87.00026 -505.5886 -36.38853 -87.00026 -501.3388 -36.17284 -87.00026 -501.1231 -13.70738 -87.00026 -505.5886 -13.92308 -87.00026 -505.8043 -14.74408 -87.00026 -506.1871 -34.74408 -87.00026 -506.1871 -35.04796 -87.00026 -506.2137 -35.35184 -87.00026 -506.1871 -36.77138 -87.00026 -502.1598 -36.69241 -87.00026 -501.8652 -36.56351 -87.00026 -501.5887 -33.92308 -87.00026 -485.8043 -34.17296 -87.00026 -485.9793 -34.44942 -87.00026 -486.1082 -35.92296 -87.00026 -500.9482 -35.64648 -87.00026 -500.8193 -35.35184 -87.00026 -500.7403 -36.69241 -87.00026 -485.0623 -36.56351 -87.00026 -485.3387 -34.74408 -87.00026 -500.7403 -34.44942 -87.00026 -500.8193 -16.56351 -87.00026 -485.3387 -34.17296 -87.00026 -500.9482 -33.92308 -87.00026 -501.1231 -16.69241 -87.00026 -485.0623 -16.77138 -87.00026 -484.7676 -33.29796 -87.00026 -484.4637 -16.79796 -87.00026 -484.4637 -16.79796 -87.00026 -482.4637 -35.64648 -87.00026 -486.1082 -35.92296 -87.00026 -485.9793 -13.4035 -87.00026 -481.8652 -13.32454 -87.00026 -482.1598 -13.29796 -87.00026 -482.4637 -36.17284 -87.00026 -485.8043 -36.38853 -87.00026 -485.5886 -15.6465 -87.00026 -486.1082 -15.92296 -87.00026 -485.9793 -33.70738 -87.00026 -501.3388 -16.17284 -87.00026 -485.8043 -16.38854 -87.00026 -485.5886 -13.29796 -87.00026 -484.4637 -34.74408 -87.00026 -486.1871 -35.04796 -87.00026 -486.2137 -35.35184 -87.00026 -486.1871 -51.04796 -84.00026 -507.4637 -35.04796 -84.00026 -506.2137 0.9520416 -84.00026 -507.4637 -34.74408 -84.00026 -506.1871 -34.44942 -84.00026 -506.1082 -34.17296 -84.00026 -505.9793 -33.92308 -84.00026 -505.8043 -33.70738 -84.00026 -505.5886 -14.44942 -84.00026 -506.1082 -14.74408 -84.00026 -506.1871 -15.04796 -84.00026 -506.2137 -13.92308 -84.00026 -485.8043 -13.70738 -84.00026 -485.5886 -13.53241 -84.00026 -485.3387 -13.4035 -84.00026 -485.0623 -15.92296 -84.00026 -480.9482 -16.17284 -84.00026 -481.1231 -33.32454 -84.00026 -484.7676 -14.17296 -84.00026 -505.9793 -13.92308 -84.00026 -505.8043 -13.70738 -84.00026 -505.5886 -13.53241 -84.00026 -505.3387 -13.4035 -84.00026 -505.0623 -13.32454 -84.00026 -504.7676 -36.69241 -84.00026 -505.0623 -36.56351 -84.00026 -505.3387 -15.92296 -84.00026 -500.9482 -33.32454 -84.00026 -502.1598 -15.6465 -84.00026 -500.8193 -33.40349 -84.00026 -501.8652 -16.38854 -84.00026 -481.3388 -16.56351 -84.00026 -481.5887 -16.69241 -84.00026 -481.8652 -13.32454 -84.00026 -502.1598 -13.4035 -84.00026 -501.8652 -15.04796 -84.00026 -486.2137 -13.53241 -84.00026 -501.5887 -13.70738 -84.00026 -501.3388 -51.04796 -84.00026 -451.4637 -36.17284 -84.00026 -481.1231 -36.38853 -84.00026 -481.3388 -36.56351 -84.00026 -481.5887 -36.69241 -84.00026 -481.8652 -36.77138 -84.00026 -482.1598 -36.77138 -84.00026 -502.1598 -36.79796 -84.00026 -502.4637 -16.17284 -84.00026 -501.1231 -16.38854 -84.00026 -501.3388 -16.56351 -84.00026 -501.5887 -34.17296 -84.00026 -500.9482 -34.44942 -84.00026 -500.8193 -34.17296 -84.00026 -485.9793 -36.79796 -84.00026 -482.4637 -36.79796 -84.00026 -484.4637 -36.77138 -84.00026 -484.7676 -36.56351 -84.00026 -485.3387 -35.35184 -84.00026 -500.7403 -36.69241 -84.00026 -485.0623 -35.92296 -84.00026 -500.9482 -36.17284 -84.00026 -501.1231 -36.79796 -84.00026 -504.4637 -36.77138 -84.00026 -504.7676 -16.69241 -84.00026 -505.0623 -16.56351 -84.00026 -505.3387 -33.32454 -84.00026 -504.7676 -15.04796 -84.00026 -480.7137 0.9520416 -84.00026 -451.4637 -14.74408 -84.00026 -480.7403 -14.44942 -84.00026 -480.8193 -33.29796 -84.00026 -484.4637 -15.35184 -84.00026 -480.7403 -15.6465 -84.00026 -480.8193 -35.04796 -84.00026 -480.7137 -35.35184 -84.00026 -480.7403 -35.64648 -84.00026 -500.8193 -36.38853 -84.00026 -501.3388 -36.56351 -84.00026 -501.5887 -36.69241 -84.00026 -501.8652 -36.38853 -84.00026 -505.5886 -36.17284 -84.00026 -505.8043 -35.92296 -84.00026 -505.9793 -33.53241 -84.00026 -505.3387 -33.40349 -84.00026 -505.0623 -33.53241 -84.00026 -501.5887 -33.70738 -84.00026 -501.3388 -33.92308 -84.00026 -501.1231 -13.32454 -84.00026 -482.1598 -13.4035 -84.00026 -481.8652 -13.53241 -84.00026 -481.5887 -13.70738 -84.00026 -481.3388 -13.92308 -84.00026 -481.1231 -14.17296 -84.00026 -480.9482 -35.64648 -84.00026 -480.8193 -35.92296 -84.00026 -480.9482 -36.38853 -84.00026 -485.5886 -36.17284 -84.00026 -485.8043 -35.92296 -84.00026 -485.9793 -14.74408 -84.00026 -500.7403 -33.53241 -84.00026 -485.3387 -14.44942 -84.00026 -500.8193 -14.17296 -84.00026 -500.9482 -33.92308 -84.00026 -485.8043 -33.70738 -84.00026 -485.5886 -15.35184 -84.00026 -500.7403 -15.04796 -84.00026 -500.7137 -15.92296 -84.00026 -485.9793 -15.6465 -84.00026 -486.1082 -13.29796 -84.00026 -504.4637 -13.29796 -84.00026 -502.4637 -33.29796 -84.00026 -482.4637 -33.32454 -84.00026 -482.1598 -33.40349 -84.00026 -481.8652 -33.53241 -84.00026 -481.5887 -33.70738 -84.00026 -481.3388 -33.92308 -84.00026 -481.1231 -35.64648 -84.00026 -486.1082 -35.35184 -84.00026 -486.1871 -35.04796 -84.00026 -500.7137 -35.04796 -84.00026 -486.2137 -34.74408 -84.00026 -500.7403 -34.74408 -84.00026 -486.1871 -34.44942 -84.00026 -486.1082 -35.64648 -84.00026 -506.1082 -35.35184 -84.00026 -506.1871 -15.92296 -84.00026 -505.9793 -15.6465 -84.00026 -506.1082 -15.35184 -84.00026 -506.1871 -16.69241 -84.00026 -485.0623 -16.77138 -84.00026 -484.7676 -33.40349 -84.00026 -485.0623 -13.92308 -84.00026 -501.1231 -15.35184 -84.00026 -486.1871 -14.74408 -84.00026 -486.1871 -14.44942 -84.00026 -486.1082 -14.17296 -84.00026 -485.9793 -16.38854 -84.00026 -505.5886 -16.17284 -84.00026 -505.8043 -16.56351 -84.00026 -485.3387 -16.38854 -84.00026 -485.5886 -16.17284 -84.00026 -485.8043 -13.32454 -84.00026 -484.7676 -13.29796 -84.00026 -484.4637 -13.29796 -84.00026 -482.4637 -34.17296 -84.00026 -480.9482 -34.44942 -84.00026 -480.8193 -34.74408 -84.00026 -480.7403 -16.77138 -84.00026 -482.1598 -16.79796 -84.00026 -482.4637 -16.79796 -84.00026 -484.4637 -16.69241 -84.00026 -501.8652 -16.77138 -84.00026 -502.1598 -33.29796 -84.00026 -502.4637 -16.79796 -84.00026 -502.4637 -33.29796 -84.00026 -504.4637 -16.79796 -84.00026 -504.4637 -16.77138 -84.00026 -504.7676 0.9520416 -83.00026 -508.4637 0.9520416 -7.000259 -508.4637 -51.04796 -83.00026 -508.4637 -51.04796 -7.000259 -508.4637 -51.04796 -7.000259 -511.4637 0.9520416 -7.000259 -511.4637 -51.04796 -83.00026 -511.4637 0.9520416 -83.00026 -511.4637 0.9520416 -6.826614 -508.4485 0.9520416 -6.305664 -511.403 0.9520416 -6.658249 -508.4034 0.9520416 -5.632187 -511.2225 0.9520416 -6.500259 -508.3297 0.9520416 -5.000259 -510.9278 0.9520416 -6.357468 -508.2297 0.9520416 -4.429108 -510.5279 0.9520416 -6.234222 -508.1065 0.9520416 -3.936081 -510.0349 0.9520416 -6.134232 -507.9637 0.9520416 -3.536163 -509.4637 0.9520416 -6.060562 -507.8057 0.9520416 -3.241486 -508.8318 0.9520416 -6.015457 -507.6373 0.9520416 -3.061035 -508.1583 0.9520416 -6.000259 -507.4637 0.9520416 -3.000259 -507.4637 -51.04796 -6.000259 -507.4637 -51.04796 -3.000259 -507.4637 -51.04796 -6.015457 -507.6373 -51.04796 -3.061035 -508.1583 -51.04796 -6.060562 -507.8057 -51.04796 -3.241486 -508.8318 -51.04796 -6.134232 -507.9637 -51.04796 -3.536163 -509.4637 -51.04796 -6.234222 -508.1065 -51.04796 -3.936081 -510.0349 -51.04796 -6.357468 -508.2297 -51.04796 -4.429108 -510.5279 -51.04796 -6.500259 -508.3297 -51.04796 -5.000259 -510.9278 -51.04796 -6.658249 -508.4034 -51.04796 -5.632187 -511.2225 -51.04796 -6.826614 -508.4485 -51.04796 -6.305664 -511.403 -2.222961 -3.000259 -507.4637 -34.04796 -3.000259 -507.4637 -16.04796 -3.000259 -507.4637 -34.04796 -6.000259 -507.4637 -2.222961 -6.000259 -507.4637 -16.04796 -6.000259 -507.4637 -51.04796 -6.000259 -491.4637 -51.04796 -3.000259 -491.4637 -51.04796 -6.000259 -496.4637 -51.04796 -3.000259 -496.4637 -51.04796 -6.000259 -505.2887 -51.04796 -3.000259 -505.2887 0.9520416 -6.000259 -505.2887 0.9520416 -3.000259 -505.2887 0.9520416 -6.000259 -496.4637 0.9520416 -3.000259 -496.4637 0.9520416 -6.000259 -491.4637 0.9520416 -3.000259 -491.4637 -5.423019 -3.000259 -491.7502 -5.397964 -3.000259 -491.4637 -2.222961 -3.000259 -491.4637 -43.04796 -3.000259 -489.8137 -43.33447 -3.000259 -489.8388 -46.04796 -3.000259 -486.4637 -41.49747 -3.000259 -490.8994 -34.04796 -3.000259 -486.4637 -41.42302 -3.000259 -491.1772 -34.04796 -3.000259 -491.4637 -41.39796 -3.000259 -491.4637 -41.61902 -3.000259 -490.6387 -41.78398 -3.000259 -490.4031 -41.98736 -3.000259 -490.1997 -44.31193 -3.000259 -490.4031 -44.4769 -3.000259 -490.6387 -49.2619 -3.000259 -487.6335 -42.22296 -3.000259 -490.0348 -42.48363 -3.000259 -489.9132 -42.76144 -3.000259 -489.8388 -49.87817 -3.000259 -488.2498 -44.59845 -3.000259 -490.8994 -50.37808 -3.000259 -488.9637 -43.61229 -3.000259 -489.9132 -43.87295 -3.000259 -490.0348 -46.9162 -3.000259 -486.5397 -44.10857 -3.000259 -490.1997 -47.75806 -3.000259 -486.7653 -48.54796 -3.000259 -487.1336 -2.33786 -3.000259 -486.7653 -1.547958 -3.000259 -487.1336 -0.8340149 -3.000259 -487.6335 -0.2177429 -3.000259 -488.2498 0.2821655 -3.000259 -488.9637 0.6504974 -3.000259 -489.7536 -6.483627 -3.000259 -489.9132 -6.761444 -3.000259 -489.8388 -4.047958 -3.000259 -486.4637 -7.612289 -3.000259 -489.9132 -16.04796 -3.000259 -486.4637 -7.334473 -3.000259 -489.8388 -7.047958 -3.000259 -489.8137 -5.423019 -3.000259 -491.1772 -5.497467 -3.000259 -490.8994 -5.619019 -3.000259 -490.6387 -5.783981 -3.000259 -490.4031 -3.179718 -3.000259 -486.5397 -5.987366 -3.000259 -490.1997 -6.222961 -3.000259 -490.0348 -7.872955 -3.000259 -490.0348 -8.108551 -3.000259 -490.1997 -8.311936 -3.000259 -490.4031 -8.672898 -3.000259 -491.1772 -16.04796 -3.000259 -491.4637 -8.59845 -3.000259 -490.8994 -8.476899 -3.000259 -490.6387 -34.04796 -3.000259 -496.4637 -25.33447 -3.000259 -493.0887 -25.04796 -3.000259 -493.1137 -26.59845 -3.000259 -492.0281 -26.6729 -3.000259 -491.7502 -26.69795 -3.000259 -491.4637 -16.04796 -3.000259 -496.4637 -24.76144 -3.000259 -493.0887 -24.48363 -3.000259 -493.0142 -24.22296 -3.000259 -492.8927 -23.98737 -3.000259 -492.7277 -23.78398 -3.000259 -492.5243 -23.42302 -3.000259 -491.7502 -23.49747 -3.000259 -492.0281 -23.61902 -3.000259 -492.2887 -26.4769 -3.000259 -492.2887 -26.31194 -3.000259 -492.5243 -26.10855 -3.000259 -492.7277 -25.87296 -3.000259 -492.8927 -25.61229 -3.000259 -493.0142 -23.39797 -3.000259 -491.4637 -23.42302 -3.000259 -491.1772 -23.49747 -3.000259 -490.8994 -24.76144 -3.000259 -489.8388 -25.04796 -3.000259 -489.8137 -25.33447 -3.000259 -489.8388 -25.61229 -3.000259 -489.9132 -23.61902 -3.000259 -490.6387 -23.78398 -3.000259 -490.4031 -23.98737 -3.000259 -490.1997 -24.22296 -3.000259 -490.0348 -24.48363 -3.000259 -489.9132 -25.87296 -3.000259 -490.0348 -26.10855 -3.000259 -490.1997 -26.31194 -3.000259 -490.4031 -26.4769 -3.000259 -490.6387 -26.59845 -3.000259 -490.8994 -26.6729 -3.000259 -491.1772 -50.74643 -3.000259 -489.7536 -44.6729 -3.000259 -491.1772 -50.972 -3.000259 -490.5955 -44.69797 -3.000259 -491.4637 -44.6729 -3.000259 -491.7502 -44.59845 -3.000259 -492.0281 -44.4769 -3.000259 -492.2887 -44.31193 -3.000259 -492.5243 -44.10857 -3.000259 -492.7277 -43.87295 -3.000259 -492.8927 -43.61229 -3.000259 -493.0142 -41.78398 -3.000259 -492.5243 -41.61902 -3.000259 -492.2887 -41.49747 -3.000259 -492.0281 -41.42302 -3.000259 -491.7502 -43.33447 -3.000259 -493.0887 -43.04796 -3.000259 -493.1137 -42.76144 -3.000259 -493.0887 -42.48363 -3.000259 -493.0142 -42.22296 -3.000259 -492.8927 -41.98736 -3.000259 -492.7277 -8.476899 -3.000259 -492.2887 -8.311936 -3.000259 -492.5243 -8.108551 -3.000259 -492.7277 -7.872955 -3.000259 -492.8927 -7.612289 -3.000259 -493.0142 -7.334473 -3.000259 -493.0887 -2.222961 -3.000259 -496.4637 -7.047958 -3.000259 -493.1137 -6.761444 -3.000259 -493.0887 -6.483627 -3.000259 -493.0142 -6.222961 -3.000259 -492.8927 -5.619019 -3.000259 -492.2887 -5.497467 -3.000259 -492.0281 -8.697953 -3.000259 -491.4637 -8.672898 -3.000259 -491.7502 -8.59845 -3.000259 -492.0281 -5.987366 -3.000259 -492.7277 -5.783981 -3.000259 -492.5243 -2.222961 -3.000259 -505.2887 0.8760834 -3.000259 -490.5955 -7.612289 -3.000259 -499.9132 -7.872955 -3.000259 -500.0348 -8.476899 -3.000259 -502.2887 -16.04796 -3.000259 -505.2887 -8.59845 -3.000259 -502.0281 -8.672898 -3.000259 -501.7502 -6.761444 -3.000259 -503.0887 -6.483627 -3.000259 -503.0142 -6.222961 -3.000259 -502.8927 -5.987366 -3.000259 -502.7277 -5.987366 -3.000259 -500.1997 -6.222961 -3.000259 -500.0348 -6.483627 -3.000259 -499.9132 -8.108551 -3.000259 -500.1997 -8.311936 -3.000259 -500.4031 -8.476899 -3.000259 -500.6387 -8.311936 -3.000259 -502.5243 -8.108551 -3.000259 -502.7277 -7.872955 -3.000259 -502.8927 -5.783981 -3.000259 -502.5243 -5.619019 -3.000259 -502.2887 -5.497467 -3.000259 -502.0281 -5.497467 -3.000259 -500.8994 -5.619019 -3.000259 -500.6387 -5.783981 -3.000259 -500.4031 -6.761444 -3.000259 -499.8388 -7.047958 -3.000259 -499.8137 -7.334473 -3.000259 -499.8388 -8.59845 -3.000259 -500.8994 -8.672898 -3.000259 -501.1772 -8.697953 -3.000259 -501.4637 -7.612289 -3.000259 -503.0142 -7.334473 -3.000259 -503.0887 -7.047958 -3.000259 -503.1137 -5.423019 -3.000259 -501.7502 -5.397964 -3.000259 -501.4637 -5.423019 -3.000259 -501.1772 -24.22296 -3.000259 -500.0348 -24.48363 -3.000259 -499.9132 -24.22296 -3.000259 -502.8927 -23.98737 -3.000259 -502.7277 -23.49747 -3.000259 -500.8994 -23.61902 -3.000259 -500.6387 -25.61229 -3.000259 -499.9132 -25.87296 -3.000259 -500.0348 -24.48363 -3.000259 -503.0142 -23.78398 -3.000259 -502.5243 -23.61902 -3.000259 -502.2887 -23.49747 -3.000259 -502.0281 -23.78398 -3.000259 -500.4031 -23.98737 -3.000259 -500.1997 -23.42302 -3.000259 -501.7502 -23.39797 -3.000259 -501.4637 -23.42302 -3.000259 -501.1772 -24.76144 -3.000259 -499.8388 -25.04796 -3.000259 -499.8137 -25.33447 -3.000259 -499.8388 -26.4769 -3.000259 -500.6387 -26.59845 -3.000259 -500.8994 -26.6729 -3.000259 -501.1772 -34.04796 -3.000259 -505.2887 -26.69795 -3.000259 -501.4637 -26.6729 -3.000259 -501.7502 -26.59845 -3.000259 -502.0281 -26.4769 -3.000259 -502.2887 -26.31194 -3.000259 -502.5243 -26.10855 -3.000259 -500.1997 -26.31194 -3.000259 -500.4031 -26.10855 -3.000259 -502.7277 -25.87296 -3.000259 -502.8927 -25.61229 -3.000259 -503.0142 -25.33447 -3.000259 -503.0887 -25.04796 -3.000259 -503.1137 -24.76144 -3.000259 -503.0887 -42.76144 -3.000259 -503.0887 -43.04796 -3.000259 -503.1137 -43.33447 -3.000259 -503.0887 -42.48363 -3.000259 -503.0142 -42.22296 -3.000259 -502.8927 -41.98736 -3.000259 -502.7277 -41.49747 -3.000259 -502.0281 -41.42302 -3.000259 -501.7502 -41.39796 -3.000259 -501.4637 -41.42302 -3.000259 -501.1772 -41.49747 -3.000259 -500.8994 -41.61902 -3.000259 -500.6387 -41.78398 -3.000259 -500.4031 -44.59845 -3.000259 -500.8994 -44.6729 -3.000259 -501.1772 -44.6729 -3.000259 -501.7502 -44.59845 -3.000259 -502.0281 -41.78398 -3.000259 -502.5243 -41.61902 -3.000259 -502.2887 -41.98736 -3.000259 -500.1997 -42.22296 -3.000259 -500.0348 -42.48363 -3.000259 -499.9132 -43.61229 -3.000259 -499.9132 -43.87295 -3.000259 -500.0348 -44.10857 -3.000259 -500.1997 -44.69797 -3.000259 -501.4637 -44.31193 -3.000259 -500.4031 -44.4769 -3.000259 -500.6387 -44.4769 -3.000259 -502.2887 -44.31193 -3.000259 -502.5243 -44.10857 -3.000259 -502.7277 -43.87295 -3.000259 -502.8927 -43.61229 -3.000259 -503.0142 -42.76144 -3.000259 -499.8388 -43.04796 -3.000259 -499.8137 -43.33447 -3.000259 -499.8388 -44.6729 -6.000259 -491.1772 -44.59845 -6.000259 -490.8994 -50.37808 -6.000259 -488.9637 -43.61229 -6.000259 -489.9132 -43.33447 -6.000259 -489.8388 -46.04796 -6.000259 -486.4637 -49.87817 -6.000259 -488.2498 -44.4769 -6.000259 -490.6387 -49.2619 -6.000259 -487.6335 -48.54796 -6.000259 -487.1336 -44.31193 -6.000259 -490.4031 -47.75806 -6.000259 -486.7653 -44.10857 -6.000259 -490.1997 -46.9162 -6.000259 -486.5397 -42.22296 -6.000259 -490.0348 -41.98736 -6.000259 -490.1997 -34.04796 -6.000259 -486.4637 -43.87295 -6.000259 -490.0348 -41.78398 -6.000259 -490.4031 -41.61902 -6.000259 -490.6387 -41.49747 -6.000259 -490.8994 -43.04796 -6.000259 -489.8137 -42.76144 -6.000259 -489.8388 -42.48363 -6.000259 -489.9132 -41.42302 -6.000259 -491.1772 -34.04796 -6.000259 -491.4637 -7.047958 -6.000259 -489.8137 -6.761444 -6.000259 -489.8388 -4.047958 -6.000259 -486.4637 -7.872955 -6.000259 -490.0348 -7.612289 -6.000259 -489.9132 -16.04796 -6.000259 -486.4637 -16.04796 -6.000259 -491.4637 -8.697953 -6.000259 -491.4637 -8.672898 -6.000259 -491.1772 -7.334473 -6.000259 -489.8388 -5.619019 -6.000259 -490.6387 -5.497467 -6.000259 -490.8994 -2.222961 -6.000259 -491.4637 -5.423019 -6.000259 -491.1772 -5.397964 -6.000259 -491.4637 -8.476899 -6.000259 -490.6387 -8.311936 -6.000259 -490.4031 -8.108551 -6.000259 -490.1997 -6.483627 -6.000259 -489.9132 -6.222961 -6.000259 -490.0348 -3.179718 -6.000259 -486.5397 -5.987366 -6.000259 -490.1997 -2.33786 -6.000259 -486.7653 -5.783981 -6.000259 -490.4031 -8.59845 -6.000259 -490.8994 0.8760834 -6.000259 -490.5955 0.6504974 -6.000259 -489.7536 0.2821655 -6.000259 -488.9637 -0.2177429 -6.000259 -488.2498 -0.8340149 -6.000259 -487.6335 -1.547958 -6.000259 -487.1336 -26.69795 -6.000259 -491.4637 -26.6729 -6.000259 -491.1772 -24.76144 -6.000259 -489.8388 -24.48363 -6.000259 -489.9132 -26.59845 -6.000259 -490.8994 -25.04796 -6.000259 -489.8137 -25.33447 -6.000259 -489.8388 -24.22296 -6.000259 -490.0348 -23.98737 -6.000259 -490.1997 -23.78398 -6.000259 -490.4031 -26.4769 -6.000259 -490.6387 -26.31194 -6.000259 -490.4031 -26.10855 -6.000259 -490.1997 -23.42302 -6.000259 -491.1772 -23.49747 -6.000259 -490.8994 -23.61902 -6.000259 -490.6387 -25.87296 -6.000259 -490.0348 -25.61229 -6.000259 -489.9132 -23.61902 -6.000259 -492.2887 -23.78398 -6.000259 -492.5243 -16.04796 -6.000259 -496.4637 -23.98737 -6.000259 -492.7277 -24.22296 -6.000259 -492.8927 -24.48363 -6.000259 -493.0142 -24.76144 -6.000259 -493.0887 -25.04796 -6.000259 -493.1137 -34.04796 -6.000259 -496.4637 -25.33447 -6.000259 -493.0887 -25.61229 -6.000259 -493.0142 -23.39797 -6.000259 -491.4637 -23.42302 -6.000259 -491.7502 -23.49747 -6.000259 -492.0281 -25.87296 -6.000259 -492.8927 -26.10855 -6.000259 -492.7277 -26.31194 -6.000259 -492.5243 -26.4769 -6.000259 -492.2887 -26.59845 -6.000259 -492.0281 -26.6729 -6.000259 -491.7502 -41.61902 -6.000259 -492.2887 -41.78398 -6.000259 -492.5243 -41.39796 -6.000259 -491.4637 -41.42302 -6.000259 -491.7502 -41.49747 -6.000259 -492.0281 -41.98736 -6.000259 -492.7277 -42.22296 -6.000259 -492.8927 -42.48363 -6.000259 -493.0142 -42.76144 -6.000259 -493.0887 -43.04796 -6.000259 -493.1137 -43.33447 -6.000259 -493.0887 -43.61229 -6.000259 -493.0142 -44.31193 -6.000259 -492.5243 -44.4769 -6.000259 -492.2887 -44.59845 -6.000259 -492.0281 -43.87295 -6.000259 -492.8927 -44.10857 -6.000259 -492.7277 -50.74643 -6.000259 -489.7536 -50.972 -6.000259 -490.5955 -44.69797 -6.000259 -491.4637 -44.6729 -6.000259 -491.7502 -7.612289 -6.000259 -493.0142 -7.872955 -6.000259 -492.8927 -8.108551 -6.000259 -492.7277 -8.311936 -6.000259 -492.5243 -5.423019 -6.000259 -491.7502 -5.497467 -6.000259 -492.0281 -2.222961 -6.000259 -496.4637 -5.619019 -6.000259 -492.2887 -5.783981 -6.000259 -492.5243 -5.987366 -6.000259 -492.7277 -6.222961 -6.000259 -492.8927 -6.483627 -6.000259 -493.0142 -6.761444 -6.000259 -493.0887 -7.047958 -6.000259 -493.1137 -7.334473 -6.000259 -493.0887 -8.476899 -6.000259 -492.2887 -8.59845 -6.000259 -492.0281 -8.672898 -6.000259 -491.7502 -44.59845 -6.000259 -500.8994 -44.4769 -6.000259 -500.6387 -42.48363 -6.000259 -499.9132 -42.22296 -6.000259 -500.0348 -41.98736 -6.000259 -500.1997 -41.78398 -6.000259 -500.4031 -41.61902 -6.000259 -500.6387 -41.49747 -6.000259 -500.8994 -41.42302 -6.000259 -501.1772 -41.39796 -6.000259 -501.4637 -34.04796 -6.000259 -505.2887 -41.42302 -6.000259 -501.7502 -43.87295 -6.000259 -500.0348 -43.61229 -6.000259 -499.9132 -41.49747 -6.000259 -502.0281 -41.61902 -6.000259 -502.2887 -41.78398 -6.000259 -502.5243 -44.31193 -6.000259 -500.4031 -44.10857 -6.000259 -500.1997 -43.33447 -6.000259 -499.8388 -43.04796 -6.000259 -499.8137 -42.76144 -6.000259 -499.8388 -41.98736 -6.000259 -502.7277 -42.22296 -6.000259 -502.8927 -42.48363 -6.000259 -503.0142 -42.76144 -6.000259 -503.0887 -43.04796 -6.000259 -503.1137 -43.33447 -6.000259 -503.0887 -43.61229 -6.000259 -503.0142 -43.87295 -6.000259 -502.8927 -44.10857 -6.000259 -502.7277 -44.31193 -6.000259 -502.5243 -44.4769 -6.000259 -502.2887 -44.59845 -6.000259 -502.0281 -44.6729 -6.000259 -501.7502 -44.69797 -6.000259 -501.4637 -44.6729 -6.000259 -501.1772 -23.39797 -6.000259 -501.4637 -23.42302 -6.000259 -501.7502 -16.04796 -6.000259 -505.2887 -26.6729 -6.000259 -501.7502 -26.69795 -6.000259 -501.4637 -25.61229 -6.000259 -503.0142 -25.87296 -6.000259 -502.8927 -26.10855 -6.000259 -502.7277 -26.31194 -6.000259 -502.5243 -26.6729 -6.000259 -501.1772 -24.76144 -6.000259 -499.8388 -25.04796 -6.000259 -499.8137 -25.33447 -6.000259 -499.8388 -25.61229 -6.000259 -499.9132 -23.42302 -6.000259 -501.1772 -23.49747 -6.000259 -502.0281 -23.61902 -6.000259 -502.2887 -23.78398 -6.000259 -502.5243 -24.48363 -6.000259 -503.0142 -24.76144 -6.000259 -503.0887 -25.04796 -6.000259 -503.1137 -25.33447 -6.000259 -503.0887 -26.4769 -6.000259 -502.2887 -26.59845 -6.000259 -502.0281 -24.48363 -6.000259 -499.9132 -24.22296 -6.000259 -500.0348 -23.98737 -6.000259 -500.1997 -23.78398 -6.000259 -500.4031 -23.61902 -6.000259 -500.6387 -23.49747 -6.000259 -500.8994 -23.98737 -6.000259 -502.7277 -24.22296 -6.000259 -502.8927 -26.59845 -6.000259 -500.8994 -26.4769 -6.000259 -500.6387 -26.31194 -6.000259 -500.4031 -26.10855 -6.000259 -500.1997 -25.87296 -6.000259 -500.0348 -6.222961 -6.000259 -500.0348 -6.483627 -6.000259 -499.9132 -6.761444 -6.000259 -499.8388 -5.423019 -6.000259 -501.7502 -5.497467 -6.000259 -502.0281 -2.222961 -6.000259 -505.2887 -5.619019 -6.000259 -502.2887 -5.783981 -6.000259 -502.5243 -6.483627 -6.000259 -503.0142 -6.761444 -6.000259 -503.0887 -7.047958 -6.000259 -503.1137 -7.334473 -6.000259 -503.0887 -7.612289 -6.000259 -503.0142 -7.872955 -6.000259 -502.8927 -8.108551 -6.000259 -502.7277 -8.311936 -6.000259 -502.5243 -8.476899 -6.000259 -502.2887 -8.59845 -6.000259 -502.0281 -8.672898 -6.000259 -501.7502 -5.987366 -6.000259 -500.1997 -5.783981 -6.000259 -500.4031 -5.619019 -6.000259 -500.6387 -5.987366 -6.000259 -502.7277 -6.222961 -6.000259 -502.8927 -5.497467 -6.000259 -500.8994 -5.423019 -6.000259 -501.1772 -5.397964 -6.000259 -501.4637 -8.697953 -6.000259 -501.4637 -8.672898 -6.000259 -501.1772 -8.59845 -6.000259 -500.8994 -8.476899 -6.000259 -500.6387 -8.311936 -6.000259 -500.4031 -8.108551 -6.000259 -500.1997 -7.872955 -6.000259 -500.0348 -7.612289 -6.000259 -499.9132 -7.334473 -6.000259 -499.8388 -7.047958 -6.000259 -499.8137 -51.04796 -83.17391 -508.4485 -51.04796 -83.69486 -511.403 -51.04796 -83.34229 -508.4034 -51.04796 -84.36835 -511.2225 -51.04796 -83.50026 -508.3297 -51.04796 -85.00026 -510.9278 -51.04796 -83.64305 -508.2297 -51.04796 -85.57141 -510.5279 -51.04796 -83.76631 -508.1065 -51.04796 -86.06444 -510.0349 -51.04796 -83.86629 -507.9637 -51.04796 -86.46437 -509.4637 -51.04796 -83.93996 -507.8057 -51.04796 -86.75904 -508.8318 -51.04796 -83.98508 -507.6373 -51.04796 -86.9395 -508.1583 0.9520416 -83.98508 -507.6373 0.9520416 -86.9395 -508.1583 0.9520416 -83.93996 -507.8057 0.9520416 -86.75904 -508.8318 0.9520416 -83.86629 -507.9637 0.9520416 -86.46437 -509.4637 0.9520416 -83.76631 -508.1065 0.9520416 -86.06444 -510.0349 0.9520416 -83.64305 -508.2297 0.9520416 -85.57141 -510.5279 0.9520416 -83.50026 -508.3297 0.9520416 -85.00026 -510.9278 0.9520416 -83.34229 -508.4034 0.9520416 -84.36835 -511.2225 0.9520416 -83.17391 -508.4485 0.9520416 -83.69486 -511.403 -51.04796 -83.98795 -451.3073 -51.04796 -86.95102 -450.838 -51.04796 -83.95133 -451.1547 -51.04796 -86.80449 -450.2276 -51.04796 -83.89127 -451.0097 -51.04796 -86.56429 -449.6477 -51.04796 -83.80928 -450.8759 -51.04796 -86.23633 -449.1126 -51.04796 -83.70737 -450.7566 -51.04796 -85.82869 -448.6353 -51.04796 -83.58805 -450.6547 -51.04796 -85.35141 -448.2276 -51.04796 -83.45426 -450.5727 -51.04796 -84.81623 -447.8997 -51.04796 -83.30928 -450.5127 -51.04796 -84.23633 -447.6595 -51.04796 -83.1567 -450.476 -51.04796 -83.62601 -447.513 -51.04796 -83.00026 -450.4637 -51.04796 -83.00026 -447.4637 0.9520416 -83.00026 -450.4637 0.9520416 -83.00026 -447.4637 0.9520416 -83.1567 -450.476 0.9520416 -83.62601 -447.513 0.9520416 -83.30928 -450.5127 0.9520416 -84.23633 -447.6595 0.9520416 -83.45426 -450.5727 0.9520416 -84.81623 -447.8997 0.9520416 -83.58805 -450.6547 0.9520416 -85.35141 -448.2276 0.9520416 -83.70737 -450.7566 0.9520416 -85.82869 -448.6353 0.9520416 -83.80928 -450.8759 0.9520416 -86.23633 -449.1126 0.9520416 -83.89127 -451.0097 0.9520416 -86.56429 -449.6477 0.9520416 -83.95133 -451.1547 0.9520416 -86.80449 -450.2276 0.9520416 -83.98795 -451.3073 0.9520416 -86.95102 -450.838 0.9520416 -61.00026 -450.4637 -51.04796 -61.00026 -450.4637 -45.68329 -63.06836 -447.4637 -46.04796 -63.10026 -447.4637 -46.41261 -63.06836 -447.4637 -46.7662 -62.97362 -447.4637 -47.09796 -62.81891 -447.4637 -5.397812 -62.60895 -447.4637 -5.656647 -62.35011 -447.4637 -44.6981 -59.39157 -447.4637 -2.698105 -62.60895 -447.4637 -2.997955 -62.81891 -447.4637 -47.39781 -62.60895 -447.4637 -47.65665 -62.35011 -447.4637 -47.86661 -62.05026 -447.4637 -48.02132 -61.7185 -447.4637 -48.11606 -61.36493 -447.4637 -48.14796 -61.00026 -447.4637 -50.972 -60.13202 -447.4637 -48.11606 -60.6356 -447.4637 -50.74643 -59.29016 -447.4637 -48.02132 -60.28201 -447.4637 -50.37808 -58.50026 -447.4637 -47.86661 -59.95026 -447.4637 -49.87817 -57.78631 -447.4637 -47.65665 -59.6504 -447.4637 -49.2619 -57.17004 -447.4637 -47.39781 -59.39157 -447.4637 -48.54796 -56.67013 -447.4637 -47.09796 -59.18161 -447.4637 -47.75806 -56.3018 -447.4637 -46.7662 -59.0269 -447.4637 -46.9162 -56.07622 -447.4637 -46.41261 -58.93216 -447.4637 -46.04796 -56.00026 -447.4637 -46.04796 -58.90027 -447.4637 -45.68329 -58.93216 -447.4637 -5.097961 -62.81891 -447.4637 -5.866608 -62.05026 -447.4637 -6.021317 -61.7185 -447.4637 -6.116058 -61.36493 -447.4637 -44.43927 -59.6504 -447.4637 -44.22931 -59.95026 -447.4637 -4.412613 -63.06836 -447.4637 -44.0746 -60.28201 -447.4637 -4.047958 -63.10026 -447.4637 -43.97986 -60.6356 -447.4637 -43.94795 -61.00026 -447.4637 -4.766205 -62.97362 -447.4637 -5.866608 -59.95026 -447.4637 -5.656647 -59.6504 -447.4637 -5.397812 -59.39157 -447.4637 -4.047958 -56.00026 -447.4637 -5.097961 -59.18161 -447.4637 -4.766205 -59.0269 -447.4637 -3.329712 -62.97362 -447.4637 -3.683304 -63.06836 -447.4637 -44.43927 -62.35011 -447.4637 -44.6981 -62.60895 -447.4637 -44.99795 -62.81891 -447.4637 -45.32971 -62.97362 -447.4637 -43.97986 -61.36493 -447.4637 -44.0746 -61.7185 -447.4637 -44.22931 -62.05026 -447.4637 -45.32971 -59.0269 -447.4637 -44.99795 -59.18161 -447.4637 -1.979858 -61.36493 -447.4637 -2.0746 -61.7185 -447.4637 -2.229309 -62.05026 -447.4637 -2.43927 -62.35011 -447.4637 -6.147964 -61.00026 -447.4637 -6.116058 -60.6356 -447.4637 -6.021317 -60.28201 -447.4637 -4.412613 -58.93216 -447.4637 -4.047958 -58.90027 -447.4637 -3.179718 -56.07622 -447.4637 -3.683304 -58.93216 -447.4637 -2.33786 -56.3018 -447.4637 -3.329712 -59.0269 -447.4637 -1.547958 -56.67013 -447.4637 -2.997955 -59.18161 -447.4637 -0.8340149 -57.17004 -447.4637 -2.698105 -59.39157 -447.4637 -0.2177429 -57.78631 -447.4637 -2.43927 -59.6504 -447.4637 0.2821655 -58.50026 -447.4637 -2.229309 -59.95026 -447.4637 0.6504974 -59.29016 -447.4637 -2.0746 -60.28201 -447.4637 0.8760834 -60.13202 -447.4637 -1.979858 -60.6356 -447.4637 -1.947952 -61.00026 -447.4637 -4.412613 -63.06836 -450.4637 -4.047958 -63.10026 -450.4637 -45.32971 -62.97362 -450.4637 -44.99795 -62.81891 -450.4637 -4.412613 -58.93216 -450.4637 -44.6981 -62.60895 -450.4637 -44.43927 -62.35011 -450.4637 -43.97986 -60.6356 -450.4637 -44.0746 -60.28201 -450.4637 -4.047958 -56.00026 -450.4637 -44.22931 -59.95026 -450.4637 -47.39781 -62.60895 -450.4637 -47.09796 -62.81891 -450.4637 -46.7662 -62.97362 -450.4637 -5.397812 -59.39157 -450.4637 -5.656647 -59.6504 -450.4637 -45.68329 -63.06836 -450.4637 -44.22931 -62.05026 -450.4637 -44.0746 -61.7185 -450.4637 -4.047958 -58.90027 -450.4637 -43.97986 -61.36493 -450.4637 -43.94795 -61.00026 -450.4637 -5.097961 -59.18161 -450.4637 -6.116058 -61.36493 -450.4637 -6.021317 -61.7185 -450.4637 -5.866608 -62.05026 -450.4637 -5.656647 -62.35011 -450.4637 -48.11606 -61.36493 -450.4637 -48.02132 -61.7185 -450.4637 -47.86661 -62.05026 -450.4637 -47.65665 -62.35011 -450.4637 -4.766205 -59.0269 -450.4637 -5.866608 -59.95026 -450.4637 -6.021317 -60.28201 -450.4637 -6.116058 -60.6356 -450.4637 -6.147964 -61.00026 -450.4637 -46.04796 -63.10026 -450.4637 -46.41261 -63.06836 -450.4637 -5.397812 -62.60895 -450.4637 -5.097961 -62.81891 -450.4637 -4.766205 -62.97362 -450.4637 -3.683304 -63.06836 -450.4637 -3.329712 -62.97362 -450.4637 -2.997955 -62.81891 -450.4637 -44.43927 -59.6504 -450.4637 -44.6981 -59.39157 -450.4637 -46.04796 -56.00026 -450.4637 -44.99795 -59.18161 -450.4637 -45.32971 -59.0269 -450.4637 -45.68329 -58.93216 -450.4637 -46.04796 -58.90027 -450.4637 -46.9162 -56.07622 -450.4637 -46.41261 -58.93216 -450.4637 -47.75806 -56.3018 -450.4637 -46.7662 -59.0269 -450.4637 -48.54796 -56.67013 -450.4637 -47.09796 -59.18161 -450.4637 -49.2619 -57.17004 -450.4637 -47.39781 -59.39157 -450.4637 -49.87817 -57.78631 -450.4637 -47.65665 -59.6504 -450.4637 -50.37808 -58.50026 -450.4637 -47.86661 -59.95026 -450.4637 -50.74643 -59.29016 -450.4637 -48.02132 -60.28201 -450.4637 -50.972 -60.13202 -450.4637 -48.11606 -60.6356 -450.4637 -48.14796 -61.00026 -450.4637 -2.698105 -62.60895 -450.4637 -2.43927 -62.35011 -450.4637 -2.229309 -62.05026 -450.4637 -2.0746 -61.7185 -450.4637 -3.683304 -58.93216 -450.4637 -3.179718 -56.07622 -450.4637 -3.329712 -59.0269 -450.4637 -2.33786 -56.3018 -450.4637 -2.997955 -59.18161 -450.4637 -1.547958 -56.67013 -450.4637 -2.698105 -59.39157 -450.4637 -0.8340149 -57.17004 -450.4637 -2.43927 -59.6504 -450.4637 -0.2177429 -57.78631 -450.4637 -2.229309 -59.95026 -450.4637 0.2821655 -58.50026 -450.4637 -2.0746 -60.28201 -450.4637 0.6504974 -59.29016 -450.4637 -1.979858 -60.6356 -450.4637 0.8760834 -60.13202 -450.4637 -1.947952 -61.00026 -450.4637 -1.979858 -61.36493 -450.4637 0.9520416 -9.00026 -511.4637 0.9520416 -9.00026 -508.4637 -51.04796 -9.00026 -508.4637 -51.04796 -9.00026 -511.4637 -51.04796 -8.826615 -511.4789 -51.04796 -8.30568 -508.5245 -51.04796 -8.658249 -511.524 -51.04796 -7.632187 -508.705 -51.04796 -8.50026 -511.5977 -51.04796 -7.000259 -508.9996 -51.04796 -8.357483 -511.6977 -51.04796 -6.429108 -509.3995 -51.04796 -8.234208 -511.8209 -51.04796 -5.936081 -509.8926 -51.04796 -8.134232 -511.9637 -51.04796 -5.536163 -510.4637 -51.04796 -8.060578 -512.1217 -51.04796 -5.241501 -511.0957 -51.04796 -8.015458 -512.2901 -51.04796 -5.061035 -511.7691 -51.04796 -8.00026 -512.4637 -51.04796 -5.000259 -512.4637 0.9520416 -8.00026 -512.4637 0.9520416 -5.000259 -512.4637 0.9520416 -8.015458 -512.2901 0.9520416 -5.061035 -511.7691 0.9520416 -8.060578 -512.1217 0.9520416 -5.241501 -511.0957 0.9520416 -8.134232 -511.9637 0.9520416 -5.536163 -510.4637 0.9520416 -8.234208 -511.8209 0.9520416 -5.936081 -509.8926 0.9520416 -8.357483 -511.6977 0.9520416 -6.429108 -509.3995 0.9520416 -8.50026 -511.5977 0.9520416 -7.000259 -508.9996 0.9520416 -8.658249 -511.524 0.9520416 -7.632187 -508.705 0.9520416 -8.826615 -511.4789 0.9520416 -8.30568 -508.5245 -34.04796 -5.000259 -512.4637 -2.222961 -5.000259 -512.4637 -16.04796 -5.000259 -512.4637 -34.04796 -8.00026 -512.4637 -16.04796 -8.00026 -512.4637 -2.222961 -8.00026 -512.4637 0.9520416 -8.00026 -528.4637 0.9520416 -5.000259 -528.4637 0.9520416 -8.00026 -523.4637 0.9520416 -5.000259 -523.4637 0.9520416 -8.00026 -514.6387 0.9520416 -5.000259 -514.6387 -51.04796 -8.00026 -514.6387 -51.04796 -5.000259 -514.6387 -51.04796 -8.00026 -523.4637 -51.04796 -5.000259 -523.4637 -51.04796 -8.00026 -528.4637 -51.04796 -5.000259 -528.4637 -25.33447 -5.000259 -520.0886 -25.04796 -5.000259 -520.1137 -34.04796 -5.000259 -523.4637 -43.33447 -5.000259 -520.0886 -43.04796 -5.000259 -520.1137 -44.6729 -5.000259 -528.7503 -44.59845 -5.000259 -529.028 -50.37808 -5.000259 -530.9637 -43.61229 -5.000259 -530.0142 -43.33447 -5.000259 -530.0886 -46.04796 -5.000259 -533.4637 -41.49747 -5.000259 -529.028 -41.42302 -5.000259 -528.7503 -34.04796 -5.000259 -528.4637 -49.87817 -5.000259 -531.6777 -44.4769 -5.000259 -529.2887 -49.2619 -5.000259 -532.294 -48.54796 -5.000259 -532.7938 -44.31193 -5.000259 -529.5243 -47.75806 -5.000259 -533.1622 -44.10857 -5.000259 -529.7277 -46.9162 -5.000259 -533.3878 -42.22296 -5.000259 -529.8927 -41.98736 -5.000259 -529.7277 -34.04796 -5.000259 -533.4637 -41.78398 -5.000259 -529.5243 -41.61902 -5.000259 -529.2887 -43.87295 -5.000259 -529.8927 -43.04796 -5.000259 -530.1137 -42.76144 -5.000259 -530.0886 -42.48363 -5.000259 -530.0142 -7.047958 -5.000259 -530.1137 -6.761444 -5.000259 -530.0886 -4.047958 -5.000259 -533.4637 -8.59845 -5.000259 -529.028 -8.476899 -5.000259 -529.2887 -16.04796 -5.000259 -533.4637 -8.311936 -5.000259 -529.5243 -8.108551 -5.000259 -529.7277 -7.872955 -5.000259 -529.8927 -7.612289 -5.000259 -530.0142 -7.334473 -5.000259 -530.0886 -8.672898 -5.000259 -528.7503 -16.04796 -5.000259 -528.4637 -8.697953 -5.000259 -528.4637 -5.783981 -5.000259 -529.5243 -2.33786 -5.000259 -533.1622 -5.987366 -5.000259 -529.7277 -3.179718 -5.000259 -533.3878 -6.222961 -5.000259 -529.8927 -6.483627 -5.000259 -530.0142 -5.619019 -5.000259 -529.2887 -5.497467 -5.000259 -529.028 -2.222961 -5.000259 -528.4637 -5.423019 -5.000259 -528.7503 -5.397964 -5.000259 -528.4637 -0.2177429 -5.000259 -531.6777 -0.8340149 -5.000259 -532.294 -1.547958 -5.000259 -532.7938 0.8760834 -5.000259 -529.332 0.6504974 -5.000259 -530.1738 0.2821655 -5.000259 -530.9637 -26.69795 -5.000259 -528.4637 -26.6729 -5.000259 -528.7503 -26.59845 -5.000259 -529.028 -25.33447 -5.000259 -530.0886 -25.04796 -5.000259 -530.1137 -24.76144 -5.000259 -530.0886 -24.48363 -5.000259 -530.0142 -26.4769 -5.000259 -529.2887 -26.31194 -5.000259 -529.5243 -26.10855 -5.000259 -529.7277 -24.22296 -5.000259 -529.8927 -23.98737 -5.000259 -529.7277 -23.78398 -5.000259 -529.5243 -25.87296 -5.000259 -529.8927 -25.61229 -5.000259 -530.0142 -23.42302 -5.000259 -528.7503 -23.49747 -5.000259 -529.028 -23.61902 -5.000259 -529.2887 -23.61902 -5.000259 -527.6387 -23.78398 -5.000259 -527.4031 -16.04796 -5.000259 -523.4637 -23.39797 -5.000259 -528.4637 -23.42302 -5.000259 -528.1772 -23.49747 -5.000259 -527.8994 -23.98737 -5.000259 -527.1997 -24.22296 -5.000259 -527.0348 -24.48363 -5.000259 -526.9132 -25.61229 -5.000259 -526.9132 -25.87296 -5.000259 -527.0348 -26.10855 -5.000259 -527.1997 -26.31194 -5.000259 -527.4031 -26.4769 -5.000259 -527.6387 -26.59845 -5.000259 -527.8994 -26.6729 -5.000259 -528.1772 -24.76144 -5.000259 -526.8388 -25.04796 -5.000259 -526.8137 -25.33447 -5.000259 -526.8388 -41.39796 -5.000259 -528.4637 -41.42302 -5.000259 -528.1772 -41.49747 -5.000259 -527.8994 -41.61902 -5.000259 -527.6387 -44.59845 -5.000259 -527.8994 -42.22296 -5.000259 -527.0348 -42.48363 -5.000259 -526.9132 -50.74643 -5.000259 -530.1738 -50.972 -5.000259 -529.332 -44.69797 -5.000259 -528.4637 -44.6729 -5.000259 -528.1772 -41.78398 -5.000259 -527.4031 -41.98736 -5.000259 -527.1997 -44.10857 -5.000259 -527.1997 -43.87295 -5.000259 -527.0348 -43.61229 -5.000259 -526.9132 -44.31193 -5.000259 -527.4031 -44.4769 -5.000259 -527.6387 -42.76144 -5.000259 -526.8388 -43.04796 -5.000259 -526.8137 -43.33447 -5.000259 -526.8388 -5.783981 -5.000259 -527.4031 -5.987366 -5.000259 -527.1997 -2.222961 -5.000259 -523.4637 -6.222961 -5.000259 -527.0348 -6.483627 -5.000259 -526.9132 -6.761444 -5.000259 -526.8388 -7.047958 -5.000259 -526.8137 -7.334473 -5.000259 -526.8388 -7.612289 -5.000259 -526.9132 -7.872955 -5.000259 -527.0348 -8.108551 -5.000259 -527.1997 -8.311936 -5.000259 -527.4031 -5.423019 -5.000259 -528.1772 -5.497467 -5.000259 -527.8994 -5.619019 -5.000259 -527.6387 -8.476899 -5.000259 -527.6387 -8.59845 -5.000259 -527.8994 -8.672898 -5.000259 -528.1772 -42.48363 -5.000259 -520.0142 -42.22296 -5.000259 -519.8927 -41.42302 -5.000259 -518.1772 -41.49747 -5.000259 -517.8994 -34.04796 -5.000259 -514.6387 -41.61902 -5.000259 -517.6387 -41.78398 -5.000259 -517.4031 -42.76144 -5.000259 -520.0886 -41.98736 -5.000259 -519.7277 -41.78398 -5.000259 -519.5243 -41.61902 -5.000259 -519.2887 -41.49747 -5.000259 -519.028 -41.42302 -5.000259 -518.7503 -41.39796 -5.000259 -518.4637 -43.87295 -5.000259 -517.0348 -44.10857 -5.000259 -517.1997 -41.98736 -5.000259 -517.1997 -42.22296 -5.000259 -517.0348 -42.48363 -5.000259 -516.9132 -43.61229 -5.000259 -516.9132 -44.31193 -5.000259 -517.4031 -44.4769 -5.000259 -517.6387 -44.59845 -5.000259 -517.8994 -44.6729 -5.000259 -518.1772 -44.69797 -5.000259 -518.4637 -44.6729 -5.000259 -518.7503 -44.59845 -5.000259 -519.028 -44.4769 -5.000259 -519.2887 -44.31193 -5.000259 -519.5243 -44.10857 -5.000259 -519.7277 -43.87295 -5.000259 -519.8927 -43.61229 -5.000259 -520.0142 -42.76144 -5.000259 -516.8388 -43.04796 -5.000259 -516.8137 -43.33447 -5.000259 -516.8388 -23.42302 -5.000259 -518.7503 -16.04796 -5.000259 -514.6387 -23.39797 -5.000259 -518.4637 -23.42302 -5.000259 -518.1772 -26.6729 -5.000259 -518.7503 -26.59845 -5.000259 -519.028 -23.78398 -5.000259 -519.5243 -23.61902 -5.000259 -519.2887 -23.49747 -5.000259 -519.028 -26.69795 -5.000259 -518.4637 -26.6729 -5.000259 -518.1772 -24.76144 -5.000259 -520.0886 -24.48363 -5.000259 -520.0142 -24.22296 -5.000259 -519.8927 -23.98737 -5.000259 -519.7277 -26.4769 -5.000259 -519.2887 -26.31194 -5.000259 -519.5243 -26.10855 -5.000259 -519.7277 -23.49747 -5.000259 -517.8994 -23.61902 -5.000259 -517.6387 -23.78398 -5.000259 -517.4031 -23.98737 -5.000259 -517.1997 -24.22296 -5.000259 -517.0348 -24.48363 -5.000259 -516.9132 -24.76144 -5.000259 -516.8388 -25.04796 -5.000259 -516.8137 -25.33447 -5.000259 -516.8388 -25.61229 -5.000259 -516.9132 -25.87296 -5.000259 -517.0348 -26.10855 -5.000259 -517.1997 -26.31194 -5.000259 -517.4031 -26.4769 -5.000259 -517.6387 -26.59845 -5.000259 -517.8994 -25.87296 -5.000259 -519.8927 -25.61229 -5.000259 -520.0142 -6.222961 -5.000259 -519.8927 -6.483627 -5.000259 -520.0142 -6.761444 -5.000259 -520.0886 -5.987366 -5.000259 -519.7277 -5.783981 -5.000259 -519.5243 -5.619019 -5.000259 -519.2887 -5.397964 -5.000259 -518.4637 -2.222961 -5.000259 -514.6387 -5.423019 -5.000259 -518.7503 -5.497467 -5.000259 -519.028 -8.59845 -5.000259 -519.028 -8.476899 -5.000259 -519.2887 -5.423019 -5.000259 -518.1772 -5.497467 -5.000259 -517.8994 -5.619019 -5.000259 -517.6387 -6.222961 -5.000259 -517.0348 -6.483627 -5.000259 -516.9132 -8.108551 -5.000259 -517.1997 -7.872955 -5.000259 -517.0348 -7.612289 -5.000259 -516.9132 -8.311936 -5.000259 -517.4031 -8.476899 -5.000259 -517.6387 -8.59845 -5.000259 -517.8994 -5.783981 -5.000259 -517.4031 -5.987366 -5.000259 -517.1997 -8.672898 -5.000259 -518.1772 -8.697953 -5.000259 -518.4637 -8.672898 -5.000259 -518.7503 -8.311936 -5.000259 -519.5243 -8.108551 -5.000259 -519.7277 -7.872955 -5.000259 -519.8927 -6.761444 -5.000259 -516.8388 -7.047958 -5.000259 -516.8137 -7.334473 -5.000259 -516.8388 -7.612289 -5.000259 -520.0142 -7.334473 -5.000259 -520.0886 -7.047958 -5.000259 -520.1137 -5.423019 -8.00026 -528.1772 -5.397964 -8.00026 -528.4637 -2.222961 -8.00026 -528.4637 -41.49747 -8.00026 -529.028 -34.04796 -8.00026 -533.4637 -41.42302 -8.00026 -528.7503 -34.04796 -8.00026 -528.4637 -41.39796 -8.00026 -528.4637 -41.42302 -8.00026 -528.1772 -43.04796 -8.00026 -530.1137 -43.33447 -8.00026 -530.0886 -46.04796 -8.00026 -533.4637 -41.61902 -8.00026 -529.2887 -41.78398 -8.00026 -529.5243 -41.98736 -8.00026 -529.7277 -42.22296 -8.00026 -529.8927 -42.48363 -8.00026 -530.0142 -42.76144 -8.00026 -530.0886 -44.59845 -8.00026 -529.028 -49.87817 -8.00026 -531.6777 -44.4769 -8.00026 -529.2887 -49.2619 -8.00026 -532.294 -44.31193 -8.00026 -529.5243 -43.61229 -8.00026 -530.0142 -43.87295 -8.00026 -529.8927 -46.9162 -8.00026 -533.3878 -44.10857 -8.00026 -529.7277 -47.75806 -8.00026 -533.1622 -48.54796 -8.00026 -532.7938 -0.8340149 -8.00026 -532.294 -1.547958 -8.00026 -532.7938 -2.33786 -8.00026 -533.1622 -0.2177429 -8.00026 -531.6777 0.2821655 -8.00026 -530.9637 0.6504974 -8.00026 -530.1738 -6.483627 -8.00026 -530.0142 -6.761444 -8.00026 -530.0886 -4.047958 -8.00026 -533.4637 -5.423019 -8.00026 -528.7503 -5.497467 -8.00026 -529.028 -7.612289 -8.00026 -530.0142 -16.04796 -8.00026 -533.4637 -7.334473 -8.00026 -530.0886 -7.047958 -8.00026 -530.1137 -7.872955 -8.00026 -529.8927 -8.108551 -8.00026 -529.7277 -8.311936 -8.00026 -529.5243 -5.619019 -8.00026 -529.2887 -5.783981 -8.00026 -529.5243 -3.179718 -8.00026 -533.3878 -5.987366 -8.00026 -529.7277 -6.222961 -8.00026 -529.8927 -8.476899 -8.00026 -529.2887 -8.59845 -8.00026 -529.028 -16.04796 -8.00026 -528.4637 -8.672898 -8.00026 -528.7503 -23.39797 -8.00026 -528.4637 -23.42302 -8.00026 -528.7503 -24.48363 -8.00026 -530.0142 -24.76144 -8.00026 -530.0886 -25.04796 -8.00026 -530.1137 -25.33447 -8.00026 -530.0886 -25.61229 -8.00026 -530.0142 -23.61902 -8.00026 -529.2887 -23.78398 -8.00026 -529.5243 -25.87296 -8.00026 -529.8927 -26.10855 -8.00026 -529.7277 -26.31194 -8.00026 -529.5243 -23.49747 -8.00026 -529.028 -23.98737 -8.00026 -529.7277 -24.22296 -8.00026 -529.8927 -26.4769 -8.00026 -529.2887 -26.59845 -8.00026 -529.028 -26.6729 -8.00026 -528.7503 -26.69795 -8.00026 -528.4637 -26.6729 -8.00026 -528.1772 -26.59845 -8.00026 -527.8994 -34.04796 -8.00026 -523.4637 -26.4769 -8.00026 -527.6387 -26.31194 -8.00026 -527.4031 -24.48363 -8.00026 -526.9132 -24.22296 -8.00026 -527.0348 -16.04796 -8.00026 -523.4637 -23.98737 -8.00026 -527.1997 -23.78398 -8.00026 -527.4031 -23.61902 -8.00026 -527.6387 -23.49747 -8.00026 -527.8994 -23.42302 -8.00026 -528.1772 -26.10855 -8.00026 -527.1997 -25.87296 -8.00026 -527.0348 -25.61229 -8.00026 -526.9132 -25.33447 -8.00026 -526.8388 -25.04796 -8.00026 -526.8137 -24.76144 -8.00026 -526.8388 -44.59845 -8.00026 -527.8994 -44.6729 -8.00026 -528.1772 -44.69797 -8.00026 -528.4637 -50.972 -8.00026 -529.332 -44.6729 -8.00026 -528.7503 -50.74643 -8.00026 -530.1738 -50.37808 -8.00026 -530.9637 -42.22296 -8.00026 -527.0348 -41.98736 -8.00026 -527.1997 -41.49747 -8.00026 -527.8994 -44.4769 -8.00026 -527.6387 -44.31193 -8.00026 -527.4031 -44.10857 -8.00026 -527.1997 -43.87295 -8.00026 -527.0348 -43.61229 -8.00026 -526.9132 -43.33447 -8.00026 -526.8388 -43.04796 -8.00026 -526.8137 -42.76144 -8.00026 -526.8388 -42.48363 -8.00026 -526.9132 -41.78398 -8.00026 -527.4031 -41.61902 -8.00026 -527.6387 -8.476899 -8.00026 -527.6387 -8.311936 -8.00026 -527.4031 -8.108551 -8.00026 -527.1997 -7.872955 -8.00026 -527.0348 -7.612289 -8.00026 -526.9132 -7.334473 -8.00026 -526.8388 -2.222961 -8.00026 -523.4637 -7.047958 -8.00026 -526.8137 -6.761444 -8.00026 -526.8388 -6.483627 -8.00026 -526.9132 -6.222961 -8.00026 -527.0348 -5.987366 -8.00026 -527.1997 -5.783981 -8.00026 -527.4031 -5.619019 -8.00026 -527.6387 -5.497467 -8.00026 -527.8994 -8.697953 -8.00026 -528.4637 -8.672898 -8.00026 -528.1772 -8.59845 -8.00026 -527.8994 -2.222961 -8.00026 -514.6387 0.8760834 -8.00026 -529.332 -7.612289 -8.00026 -520.0142 -7.872955 -8.00026 -519.8927 -8.108551 -8.00026 -519.7277 -8.311936 -8.00026 -519.5243 -5.619019 -8.00026 -519.2887 -5.783981 -8.00026 -519.5243 -8.476899 -8.00026 -519.2887 -8.59845 -8.00026 -519.028 -8.672898 -8.00026 -518.7503 -16.04796 -8.00026 -514.6387 -8.59845 -8.00026 -517.8994 -8.476899 -8.00026 -517.6387 -6.761444 -8.00026 -516.8388 -6.483627 -8.00026 -516.9132 -6.222961 -8.00026 -517.0348 -5.987366 -8.00026 -517.1997 -5.783981 -8.00026 -517.4031 -5.619019 -8.00026 -517.6387 -5.497467 -8.00026 -517.8994 -5.497467 -8.00026 -519.028 -6.483627 -8.00026 -520.0142 -6.761444 -8.00026 -520.0886 -7.047958 -8.00026 -520.1137 -7.334473 -8.00026 -520.0886 -8.697953 -8.00026 -518.4637 -8.672898 -8.00026 -518.1772 -8.311936 -8.00026 -517.4031 -8.108551 -8.00026 -517.1997 -7.872955 -8.00026 -517.0348 -7.612289 -8.00026 -516.9132 -7.334473 -8.00026 -516.8388 -7.047958 -8.00026 -516.8137 -5.987366 -8.00026 -519.7277 -6.222961 -8.00026 -519.8927 -5.423019 -8.00026 -518.1772 -5.397964 -8.00026 -518.4637 -5.423019 -8.00026 -518.7503 -23.42302 -8.00026 -518.1772 -23.39797 -8.00026 -518.4637 -23.42302 -8.00026 -518.7503 -25.61229 -8.00026 -520.0142 -25.87296 -8.00026 -519.8927 -26.10855 -8.00026 -519.7277 -26.31194 -8.00026 -519.5243 -26.6729 -8.00026 -518.7503 -34.04796 -8.00026 -514.6387 -26.69795 -8.00026 -518.4637 -26.6729 -8.00026 -518.1772 -23.78398 -8.00026 -517.4031 -23.61902 -8.00026 -517.6387 -23.49747 -8.00026 -517.8994 -26.4769 -8.00026 -519.2887 -26.59845 -8.00026 -519.028 -26.59845 -8.00026 -517.8994 -26.4769 -8.00026 -517.6387 -26.31194 -8.00026 -517.4031 -24.48363 -8.00026 -516.9132 -24.22296 -8.00026 -517.0348 -23.98737 -8.00026 -517.1997 -23.49747 -8.00026 -519.028 -23.61902 -8.00026 -519.2887 -23.78398 -8.00026 -519.5243 -26.10855 -8.00026 -517.1997 -25.87296 -8.00026 -517.0348 -25.61229 -8.00026 -516.9132 -25.33447 -8.00026 -516.8388 -25.04796 -8.00026 -516.8137 -24.76144 -8.00026 -516.8388 -23.98737 -8.00026 -519.7277 -24.22296 -8.00026 -519.8927 -24.48363 -8.00026 -520.0142 -24.76144 -8.00026 -520.0886 -25.04796 -8.00026 -520.1137 -25.33447 -8.00026 -520.0886 -41.98736 -8.00026 -517.1997 -41.78398 -8.00026 -517.4031 -41.61902 -8.00026 -517.6387 -41.49747 -8.00026 -517.8994 -44.59845 -8.00026 -517.8994 -44.4769 -8.00026 -517.6387 -44.6729 -8.00026 -518.1772 -42.76144 -8.00026 -516.8388 -43.04796 -8.00026 -516.8137 -42.48363 -8.00026 -516.9132 -42.22296 -8.00026 -517.0348 -41.42302 -8.00026 -518.1772 -41.39796 -8.00026 -518.4637 -41.42302 -8.00026 -518.7503 -41.49747 -8.00026 -519.028 -44.31193 -8.00026 -517.4031 -44.10857 -8.00026 -517.1997 -43.87295 -8.00026 -517.0348 -43.61229 -8.00026 -516.9132 -43.33447 -8.00026 -516.8388 -41.61902 -8.00026 -519.2887 -41.78398 -8.00026 -519.5243 -41.98736 -8.00026 -519.7277 -42.22296 -8.00026 -519.8927 -42.48363 -8.00026 -520.0142 -42.76144 -8.00026 -520.0886 -43.04796 -8.00026 -520.1137 -43.33447 -8.00026 -520.0886 -43.61229 -8.00026 -520.0142 -43.87295 -8.00026 -519.8927 -44.10857 -8.00026 -519.7277 -44.31193 -8.00026 -519.5243 -44.4769 -8.00026 -519.2887 -44.59845 -8.00026 -519.028 -44.6729 -8.00026 -518.7503 -44.69797 -8.00026 -518.4637 -16.56351 -87.00026 518.4113 -16.38854 -87.00026 518.6612 -51.04796 -87.00026 520.5363 -35.6465 -87.00026 513.8918 -35.92296 -87.00026 514.0208 -51.04796 -87.00026 464.5363 -15.92296 -87.00026 494.0208 -16.17284 -87.00026 494.1957 -16.38854 -87.00026 494.4114 -16.56351 -87.00026 494.6613 -16.79796 -87.00026 515.5363 -16.79796 -87.00026 517.5363 -34.74408 -87.00026 519.2597 -16.77138 -87.00026 517.8402 -35.04796 -87.00026 519.2863 -35.6465 -87.00026 493.8918 -35.92296 -87.00026 494.0208 0.9520416 -87.00026 520.5363 -13.53241 -87.00026 518.4113 -13.4035 -87.00026 518.1348 -13.70738 -87.00026 494.4114 -13.92308 -87.00026 494.1957 0.9520416 -87.00026 464.5363 -16.69243 -87.00026 518.1348 -13.32454 -87.00026 517.8402 -13.29796 -87.00026 517.5363 -13.29796 -87.00026 515.5363 -16.77138 -87.00026 497.8402 -16.69243 -87.00026 498.1348 -15.04796 -87.00026 513.7863 -16.56351 -87.00026 498.4113 -16.38854 -87.00026 498.6611 -14.17296 -87.00026 494.0208 -14.44943 -87.00026 493.8918 -14.74408 -87.00026 493.8129 -15.04796 -87.00026 493.7863 -15.35184 -87.00026 493.8129 -15.6465 -87.00026 493.8918 -36.56351 -87.00026 498.4113 -33.32454 -87.00026 515.2324 -36.69241 -87.00026 498.1348 -33.4035 -87.00026 514.9378 -36.77138 -87.00026 497.8402 -33.53241 -87.00026 514.6613 -33.70738 -87.00026 514.4114 -33.92308 -87.00026 514.1957 -34.17296 -87.00026 514.0208 -34.44942 -87.00026 513.8918 -34.17296 -87.00026 519.0518 -33.92308 -87.00026 518.8769 -16.77138 -87.00026 515.2324 -33.70738 -87.00026 518.6612 -33.53241 -87.00026 518.4113 -33.4035 -87.00026 518.1348 -36.38853 -87.00026 498.6611 -36.17284 -87.00026 498.8768 -35.92296 -87.00026 499.0518 -33.4035 -87.00026 494.9378 -33.53241 -87.00026 494.6613 -16.77138 -87.00026 495.2324 -33.70738 -87.00026 494.4114 -16.69243 -87.00026 494.9378 -35.04796 -87.00026 493.7863 -34.74408 -87.00026 493.8129 -34.44942 -87.00026 493.8918 -35.35184 -87.00026 493.8129 -36.17284 -87.00026 514.1957 -36.38853 -87.00026 514.4114 -36.56351 -87.00026 514.6613 -36.69241 -87.00026 514.9378 -13.32454 -87.00026 495.2324 -13.4035 -87.00026 494.9378 -13.53241 -87.00026 494.6613 -34.44942 -87.00026 519.1807 -35.6465 -87.00026 499.1807 -35.35184 -87.00026 499.2597 -35.04796 -87.00026 499.2863 -33.92308 -87.00026 494.1957 -34.17296 -87.00026 494.0208 -36.17284 -87.00026 494.1957 -36.38853 -87.00026 494.4114 -36.56351 -87.00026 494.6613 -36.77138 -87.00026 515.2324 -36.79796 -87.00026 515.5363 -36.79796 -87.00026 517.5363 -36.77138 -87.00026 517.8402 -36.69241 -87.00026 518.1348 -36.56351 -87.00026 518.4113 -35.92296 -87.00026 519.0518 -35.6465 -87.00026 519.1807 -16.17284 -87.00026 518.8769 -15.92296 -87.00026 519.0518 -15.6465 -87.00026 519.1807 -14.44943 -87.00026 519.1807 -14.17296 -87.00026 519.0518 -13.32454 -87.00026 497.8402 -13.29796 -87.00026 497.5363 -13.29796 -87.00026 495.5363 -34.74408 -87.00026 499.2597 -16.56351 -87.00026 514.6613 -16.69243 -87.00026 514.9378 -34.74408 -87.00026 513.8129 -35.04796 -87.00026 513.7863 -35.35184 -87.00026 513.8129 -13.92308 -87.00026 518.8769 -13.70738 -87.00026 518.6612 -13.70738 -87.00026 514.4114 -13.92308 -87.00026 514.1957 -33.32454 -87.00026 517.8402 -33.29796 -87.00026 517.5363 -33.29796 -87.00026 515.5363 -36.38853 -87.00026 518.6612 -36.17284 -87.00026 518.8769 -35.35184 -87.00026 519.2597 -15.35184 -87.00026 519.2597 -15.04796 -87.00026 519.2863 -14.74408 -87.00026 519.2597 -13.32454 -87.00026 515.2324 -13.4035 -87.00026 514.9378 -13.53241 -87.00026 514.6613 -16.17284 -87.00026 498.8768 -15.92296 -87.00026 499.0518 -15.6465 -87.00026 499.1807 -14.17296 -87.00026 514.0208 -14.44943 -87.00026 513.8918 -14.74408 -87.00026 513.8129 -13.4035 -87.00026 498.1348 -13.53241 -87.00026 498.4113 -15.35184 -87.00026 513.8129 -33.53241 -87.00026 498.4113 -33.4035 -87.00026 498.1348 -33.32454 -87.00026 497.8402 -16.79796 -87.00026 497.5363 -33.29796 -87.00026 497.5363 -16.79796 -87.00026 495.5363 -33.29796 -87.00026 495.5363 -33.32454 -87.00026 495.2324 -14.44943 -87.00026 499.1807 -14.17296 -87.00026 499.0518 -15.6465 -87.00026 513.8918 -15.92296 -87.00026 514.0208 -16.17284 -87.00026 514.1957 -36.69241 -87.00026 494.9378 -36.77138 -87.00026 495.2324 -36.79796 -87.00026 495.5363 -13.92308 -87.00026 498.8768 -13.70738 -87.00026 498.6611 -36.79796 -87.00026 497.5363 -15.35184 -87.00026 499.2597 -15.04796 -87.00026 499.2863 -14.74408 -87.00026 499.2597 -34.44942 -87.00026 499.1807 -34.17296 -87.00026 499.0518 -16.38854 -87.00026 514.4114 -33.92308 -87.00026 498.8768 -33.70738 -87.00026 498.6611 -51.04796 -84.00026 520.5363 -51.04796 -84.00026 464.5363 0.9520416 -84.00026 520.5363 0.9520416 -84.00026 464.5363 -16.79796 -84.00026 497.5363 -16.79796 -84.00026 495.5363 -34.74408 -84.00026 493.8129 -16.77138 -84.00026 495.2324 -35.04796 -84.00026 493.7863 -16.79796 -84.00026 517.5363 -34.74408 -84.00026 513.8129 -16.77138 -84.00026 517.8402 -34.44942 -84.00026 513.8918 -34.17296 -84.00026 514.0208 -34.17296 -84.00026 494.0208 -33.92308 -84.00026 494.1957 -16.77138 -84.00026 497.8402 -35.6465 -84.00026 519.1807 -35.35184 -84.00026 519.2597 -35.04796 -84.00026 519.2863 -36.17284 -84.00026 498.8768 -36.38853 -84.00026 498.6611 -36.56351 -84.00026 498.4113 -36.69241 -84.00026 498.1348 -15.04796 -84.00026 519.2863 -15.35184 -84.00026 519.2597 -15.6465 -84.00026 519.1807 -15.92296 -84.00026 519.0518 -16.17284 -84.00026 518.8769 -16.38854 -84.00026 518.6612 -16.56351 -84.00026 518.4113 -16.69243 -84.00026 518.1348 -15.92296 -84.00026 514.0208 -15.6465 -84.00026 513.8918 -15.92296 -84.00026 499.0518 -35.92296 -84.00026 514.0208 -35.6465 -84.00026 513.8918 -35.35184 -84.00026 513.8129 -35.04796 -84.00026 513.7863 -34.44942 -84.00026 493.8918 -33.70738 -84.00026 494.4114 -33.53241 -84.00026 494.6613 -33.4035 -84.00026 494.9378 -35.04796 -84.00026 499.2863 -36.77138 -84.00026 515.2324 -36.69241 -84.00026 514.9378 -16.17284 -84.00026 498.8768 -16.38854 -84.00026 498.6611 -36.17284 -84.00026 514.1957 -16.56351 -84.00026 498.4113 -35.92296 -84.00026 519.0518 -36.17284 -84.00026 518.8769 -36.38853 -84.00026 518.6612 -36.56351 -84.00026 518.4113 -36.69241 -84.00026 518.1348 -36.77138 -84.00026 517.8402 -13.4035 -84.00026 518.1348 -13.53241 -84.00026 518.4113 -16.69243 -84.00026 514.9378 -16.77138 -84.00026 515.2324 -16.79796 -84.00026 515.5363 -33.92308 -84.00026 514.1957 -33.70738 -84.00026 514.4114 -33.53241 -84.00026 514.6613 -33.4035 -84.00026 518.1348 -33.53241 -84.00026 518.4113 -13.92308 -84.00026 494.1957 -13.70738 -84.00026 494.4114 -13.53241 -84.00026 494.6613 -13.4035 -84.00026 494.9378 -13.32454 -84.00026 495.2324 -13.32454 -84.00026 515.2324 -13.29796 -84.00026 515.5363 -33.4035 -84.00026 514.9378 -33.32454 -84.00026 515.2324 -33.29796 -84.00026 515.5363 -16.56351 -84.00026 514.6613 -16.38854 -84.00026 514.4114 -16.17284 -84.00026 514.1957 -15.04796 -84.00026 493.7863 -14.74408 -84.00026 493.8129 -13.29796 -84.00026 495.5363 -13.29796 -84.00026 497.5363 -13.32454 -84.00026 497.8402 -13.53241 -84.00026 498.4113 -14.74408 -84.00026 513.8129 -13.4035 -84.00026 498.1348 -14.17296 -84.00026 514.0208 -13.92308 -84.00026 514.1957 -13.29796 -84.00026 517.5363 -13.32454 -84.00026 517.8402 -33.29796 -84.00026 517.5363 -33.32454 -84.00026 517.8402 -14.44943 -84.00026 493.8918 -14.17296 -84.00026 494.0208 -14.44943 -84.00026 513.8918 -13.70738 -84.00026 514.4114 -13.53241 -84.00026 514.6613 -13.4035 -84.00026 514.9378 -13.70738 -84.00026 518.6612 -13.92308 -84.00026 518.8769 -14.17296 -84.00026 519.0518 -34.17296 -84.00026 519.0518 -34.44942 -84.00026 519.1807 -34.74408 -84.00026 519.2597 -33.4035 -84.00026 498.1348 -33.32454 -84.00026 497.8402 -16.69243 -84.00026 498.1348 -36.77138 -84.00026 495.2324 -36.69241 -84.00026 494.9378 -36.56351 -84.00026 494.6613 -36.38853 -84.00026 494.4114 -36.17284 -84.00026 494.1957 -35.92296 -84.00026 494.0208 -13.70738 -84.00026 498.6611 -13.92308 -84.00026 498.8768 -14.17296 -84.00026 499.0518 -33.70738 -84.00026 518.6612 -33.92308 -84.00026 518.8769 -33.53241 -84.00026 498.4113 -33.70738 -84.00026 498.6611 -33.92308 -84.00026 498.8768 -34.17296 -84.00026 499.0518 -36.56351 -84.00026 514.6613 -36.38853 -84.00026 514.4114 -34.74408 -84.00026 499.2597 -34.44942 -84.00026 499.1807 -36.79796 -84.00026 517.5363 -36.79796 -84.00026 515.5363 -35.6465 -84.00026 493.8918 -35.35184 -84.00026 493.8129 -14.44943 -84.00026 499.1807 -14.74408 -84.00026 499.2597 -15.04796 -84.00026 513.7863 -15.04796 -84.00026 499.2863 -15.35184 -84.00026 513.8129 -15.35184 -84.00026 499.2597 -15.6465 -84.00026 499.1807 -14.44943 -84.00026 519.1807 -14.74408 -84.00026 519.2597 -35.35184 -84.00026 499.2597 -35.6465 -84.00026 499.1807 -35.92296 -84.00026 499.0518 -16.69243 -84.00026 494.9378 -16.56351 -84.00026 494.6613 -16.38854 -84.00026 494.4114 -16.17284 -84.00026 494.1957 -15.92296 -84.00026 494.0208 -15.6465 -84.00026 493.8918 -15.35184 -84.00026 493.8129 -33.32454 -84.00026 495.2324 -33.29796 -84.00026 495.5363 -33.29796 -84.00026 497.5363 -36.77138 -84.00026 497.8402 -36.79796 -84.00026 497.5363 -36.79796 -84.00026 495.5363 -51.04796 -83.00026 524.5363 -51.04796 -9.00026 524.5363 -51.04796 -83.00026 521.5363 -51.04796 -9.00026 521.5363 0.9520416 -83.00026 521.5363 0.9520416 -9.00026 521.5363 0.9520416 -9.00026 524.5363 0.9520416 -83.00026 524.5363 0.9520416 -8.826615 524.5515 0.9520416 -8.30568 521.5971 0.9520416 -8.658249 524.5966 0.9520416 -7.632187 521.7775 0.9520416 -8.50026 524.6703 0.9520416 -7.000259 522.0722 0.9520416 -8.357483 524.7703 0.9520416 -6.429108 522.4721 0.9520416 -8.234208 524.8935 0.9520416 -5.936081 522.9652 0.9520416 -8.134232 525.0363 0.9520416 -5.536163 523.5363 0.9520416 -8.060578 525.1943 0.9520416 -5.241501 524.1682 0.9520416 -8.015458 525.3627 0.9520416 -5.061035 524.8417 0.9520416 -8.00026 525.5363 0.9520416 -5.000259 525.5363 -51.04796 -8.00026 525.5363 -51.04796 -5.000259 525.5363 -51.04796 -8.015458 525.3627 -51.04796 -5.061035 524.8417 -51.04796 -8.060578 525.1943 -51.04796 -5.241501 524.1682 -51.04796 -8.134232 525.0363 -51.04796 -5.536163 523.5363 -51.04796 -8.234208 524.8935 -51.04796 -5.936081 522.9652 -51.04796 -8.357483 524.7703 -51.04796 -6.429108 522.4721 -51.04796 -8.50026 524.6703 -51.04796 -7.000259 522.0722 -51.04796 -8.658249 524.5966 -51.04796 -7.632187 521.7775 -51.04796 -8.826615 524.5515 -51.04796 -8.30568 521.5971 -16.04796 -5.000259 525.5363 -47.87295 -5.000259 525.5363 -34.04796 -5.000259 525.5363 -16.04796 -8.00026 525.5363 -34.04796 -8.00026 525.5363 -47.87295 -8.00026 525.5363 -51.04796 -8.00026 541.5363 -51.04796 -5.000259 541.5363 -51.04796 -8.00026 536.5363 -51.04796 -5.000259 536.5363 -51.04796 -8.00026 527.7113 -51.04796 -5.000259 527.7113 0.9520416 -8.00026 527.7113 0.9520416 -5.000259 527.7113 0.9520416 -8.00026 536.5363 0.9520416 -5.000259 536.5363 0.9520416 -8.00026 541.5363 0.9520416 -5.000259 541.5363 -24.76144 -5.000259 533.1613 -25.04796 -5.000259 533.1863 -16.04796 -5.000259 536.5363 -6.761444 -5.000259 533.1613 -7.047958 -5.000259 533.1863 -5.423019 -5.000259 541.8228 -5.497467 -5.000259 542.1007 0.2821655 -5.000259 544.0363 -6.483627 -5.000259 543.0868 -6.761444 -5.000259 543.1613 -4.047958 -5.000259 546.5363 -8.59845 -5.000259 542.1007 -8.672898 -5.000259 541.8228 -16.04796 -5.000259 541.5363 -0.2177429 -5.000259 544.7503 -5.619019 -5.000259 542.3613 -0.8340149 -5.000259 545.3665 -1.547958 -5.000259 545.8664 -5.783981 -5.000259 542.5969 -2.33786 -5.000259 546.2348 -5.98735 -5.000259 542.8003 -3.179718 -5.000259 546.4603 -7.872955 -5.000259 542.9652 -8.108551 -5.000259 542.8003 -16.04796 -5.000259 546.5363 -8.311936 -5.000259 542.5969 -8.476899 -5.000259 542.3613 -6.222961 -5.000259 542.9652 -7.047958 -5.000259 543.1863 -7.334473 -5.000259 543.1613 -7.612289 -5.000259 543.0868 -43.04796 -5.000259 543.1863 -43.33447 -5.000259 543.1613 -46.04796 -5.000259 546.5363 -41.49747 -5.000259 542.1007 -41.61902 -5.000259 542.3613 -34.04796 -5.000259 546.5363 -41.78398 -5.000259 542.5969 -41.98736 -5.000259 542.8003 -42.22296 -5.000259 542.9652 -42.48363 -5.000259 543.0868 -42.76144 -5.000259 543.1613 -41.42302 -5.000259 541.8228 -34.04796 -5.000259 541.5363 -41.39796 -5.000259 541.5363 -44.31193 -5.000259 542.5969 -47.75806 -5.000259 546.2348 -44.10855 -5.000259 542.8003 -46.9162 -5.000259 546.4603 -43.87295 -5.000259 542.9652 -43.61229 -5.000259 543.0868 -44.4769 -5.000259 542.3613 -44.59845 -5.000259 542.1007 -47.87295 -5.000259 541.5363 -44.6729 -5.000259 541.8228 -44.69795 -5.000259 541.5363 -49.87817 -5.000259 544.7503 -49.2619 -5.000259 545.3665 -48.54796 -5.000259 545.8664 -50.972 -5.000259 542.4046 -50.74641 -5.000259 543.2464 -50.37808 -5.000259 544.0363 -23.39797 -5.000259 541.5363 -23.42302 -5.000259 541.8228 -23.49747 -5.000259 542.1007 -24.76144 -5.000259 543.1613 -25.04796 -5.000259 543.1863 -25.33447 -5.000259 543.1613 -25.61229 -5.000259 543.0868 -23.61902 -5.000259 542.3613 -23.78398 -5.000259 542.5969 -23.98737 -5.000259 542.8003 -25.87296 -5.000259 542.9652 -26.10855 -5.000259 542.8003 -26.31194 -5.000259 542.5969 -24.22296 -5.000259 542.9652 -24.48363 -5.000259 543.0868 -26.6729 -5.000259 541.8228 -26.59845 -5.000259 542.1007 -26.4769 -5.000259 542.3613 -26.4769 -5.000259 540.7113 -26.31194 -5.000259 540.4757 -34.04796 -5.000259 536.5363 -26.69795 -5.000259 541.5363 -26.6729 -5.000259 541.2498 -26.59845 -5.000259 540.972 -26.10855 -5.000259 540.2723 -25.87296 -5.000259 540.1074 -25.61229 -5.000259 539.9858 -24.48363 -5.000259 539.9858 -24.22296 -5.000259 540.1074 -23.98737 -5.000259 540.2723 -23.78398 -5.000259 540.4757 -23.61902 -5.000259 540.7113 -23.49747 -5.000259 540.972 -23.42302 -5.000259 541.2498 -25.33447 -5.000259 539.9114 -25.04796 -5.000259 539.8863 -24.76144 -5.000259 539.9114 -8.697953 -5.000259 541.5363 -8.672898 -5.000259 541.2498 -8.59845 -5.000259 540.972 -8.476899 -5.000259 540.7113 -5.497467 -5.000259 540.972 -7.872955 -5.000259 540.1074 -7.612289 -5.000259 539.9858 0.6505127 -5.000259 543.2464 0.8760834 -5.000259 542.4046 -5.397949 -5.000259 541.5363 -5.423019 -5.000259 541.2498 -8.311936 -5.000259 540.4757 -8.108551 -5.000259 540.2723 -5.98735 -5.000259 540.2723 -6.222961 -5.000259 540.1074 -6.483627 -5.000259 539.9858 -5.783981 -5.000259 540.4757 -5.619019 -5.000259 540.7113 -7.334473 -5.000259 539.9114 -7.047958 -5.000259 539.8863 -6.761444 -5.000259 539.9114 -44.31193 -5.000259 540.4757 -44.10855 -5.000259 540.2723 -47.87295 -5.000259 536.5363 -43.87295 -5.000259 540.1074 -43.61229 -5.000259 539.9858 -43.33447 -5.000259 539.9114 -43.04796 -5.000259 539.8863 -42.76144 -5.000259 539.9114 -42.48363 -5.000259 539.9858 -42.22296 -5.000259 540.1074 -41.98736 -5.000259 540.2723 -41.78398 -5.000259 540.4757 -44.6729 -5.000259 541.2498 -44.59845 -5.000259 540.972 -44.4769 -5.000259 540.7113 -41.61902 -5.000259 540.7113 -41.49747 -5.000259 540.972 -41.42302 -5.000259 541.2498 -7.612289 -5.000259 533.0868 -7.872955 -5.000259 532.9652 -8.672898 -5.000259 531.2498 -8.59845 -5.000259 530.972 -16.04796 -5.000259 527.7113 -8.476899 -5.000259 530.7113 -8.311936 -5.000259 530.4757 -7.334473 -5.000259 533.1613 -8.108551 -5.000259 532.8003 -8.311936 -5.000259 532.5969 -8.476899 -5.000259 532.3613 -8.59845 -5.000259 532.1007 -8.672898 -5.000259 531.8228 -8.697953 -5.000259 531.5363 -6.222961 -5.000259 530.1074 -5.98735 -5.000259 530.2723 -8.108551 -5.000259 530.2723 -7.872955 -5.000259 530.1074 -7.612289 -5.000259 529.9858 -6.483627 -5.000259 529.9858 -5.783981 -5.000259 530.4757 -5.619019 -5.000259 530.7113 -5.497467 -5.000259 530.972 -5.423019 -5.000259 531.2498 -5.397949 -5.000259 531.5363 -5.423019 -5.000259 531.8228 -5.497467 -5.000259 532.1007 -5.619019 -5.000259 532.3613 -5.783981 -5.000259 532.5969 -5.98735 -5.000259 532.8003 -6.222961 -5.000259 532.9652 -6.483627 -5.000259 533.0868 -7.334473 -5.000259 529.9114 -7.047958 -5.000259 529.8863 -6.761444 -5.000259 529.9114 -26.6729 -5.000259 531.8228 -34.04796 -5.000259 527.7113 -26.69795 -5.000259 531.5363 -26.6729 -5.000259 531.2498 -23.42302 -5.000259 531.8228 -23.49747 -5.000259 532.1007 -26.31194 -5.000259 532.5969 -26.4769 -5.000259 532.3613 -26.59845 -5.000259 532.1007 -23.39797 -5.000259 531.5363 -23.42302 -5.000259 531.2498 -25.33447 -5.000259 533.1613 -25.61229 -5.000259 533.0868 -25.87296 -5.000259 532.9652 -26.10855 -5.000259 532.8003 -23.61902 -5.000259 532.3613 -23.78398 -5.000259 532.5969 -23.98737 -5.000259 532.8003 -26.59845 -5.000259 530.972 -26.4769 -5.000259 530.7113 -26.31194 -5.000259 530.4757 -26.10855 -5.000259 530.2723 -25.87296 -5.000259 530.1074 -25.61229 -5.000259 529.9858 -25.33447 -5.000259 529.9114 -25.04796 -5.000259 529.8863 -24.76144 -5.000259 529.9114 -24.48363 -5.000259 529.9858 -24.22296 -5.000259 530.1074 -23.98737 -5.000259 530.2723 -23.78398 -5.000259 530.4757 -23.61902 -5.000259 530.7113 -23.49747 -5.000259 530.972 -24.22296 -5.000259 532.9652 -24.48363 -5.000259 533.0868 -43.87295 -5.000259 532.9652 -43.61229 -5.000259 533.0868 -43.33447 -5.000259 533.1613 -44.10855 -5.000259 532.8003 -44.31193 -5.000259 532.5969 -44.4769 -5.000259 532.3613 -44.69795 -5.000259 531.5363 -47.87295 -5.000259 527.7113 -44.6729 -5.000259 531.8228 -44.59845 -5.000259 532.1007 -41.49747 -5.000259 532.1007 -41.61902 -5.000259 532.3613 -44.6729 -5.000259 531.2498 -44.59845 -5.000259 530.972 -44.4769 -5.000259 530.7113 -43.87295 -5.000259 530.1074 -43.61229 -5.000259 529.9858 -41.98736 -5.000259 530.2723 -42.22296 -5.000259 530.1074 -42.48363 -5.000259 529.9858 -41.78398 -5.000259 530.4757 -41.61902 -5.000259 530.7113 -41.49747 -5.000259 530.972 -44.31193 -5.000259 530.4757 -44.10855 -5.000259 530.2723 -41.42302 -5.000259 531.2498 -41.39796 -5.000259 531.5363 -41.42302 -5.000259 531.8228 -41.78398 -5.000259 532.5969 -41.98736 -5.000259 532.8003 -42.22296 -5.000259 532.9652 -43.33447 -5.000259 529.9114 -43.04796 -5.000259 529.8863 -42.76144 -5.000259 529.9114 -42.48363 -5.000259 533.0868 -42.76144 -5.000259 533.1613 -43.04796 -5.000259 533.1863 -44.6729 -8.00026 541.2498 -44.69795 -8.00026 541.5363 -47.87295 -8.00026 541.5363 -8.59845 -8.00026 542.1007 -16.04796 -8.00026 546.5363 -8.672898 -8.00026 541.8228 -16.04796 -8.00026 541.5363 -8.697953 -8.00026 541.5363 -8.672898 -8.00026 541.2498 -7.047958 -8.00026 543.1863 -6.761444 -8.00026 543.1613 -4.047958 -8.00026 546.5363 -8.476899 -8.00026 542.3613 -8.311936 -8.00026 542.5969 -8.108551 -8.00026 542.8003 -7.872955 -8.00026 542.9652 -7.612289 -8.00026 543.0868 -7.334473 -8.00026 543.1613 -5.497467 -8.00026 542.1007 -0.2177429 -8.00026 544.7503 -5.619019 -8.00026 542.3613 -0.8340149 -8.00026 545.3665 -5.783981 -8.00026 542.5969 -6.483627 -8.00026 543.0868 -6.222961 -8.00026 542.9652 -3.179718 -8.00026 546.4603 -5.98735 -8.00026 542.8003 -2.33786 -8.00026 546.2348 -1.547958 -8.00026 545.8664 -49.2619 -8.00026 545.3665 -48.54796 -8.00026 545.8664 -47.75806 -8.00026 546.2348 -49.87817 -8.00026 544.7503 -50.37808 -8.00026 544.0363 -50.74641 -8.00026 543.2464 -43.61229 -8.00026 543.0868 -43.33447 -8.00026 543.1613 -46.04796 -8.00026 546.5363 -44.6729 -8.00026 541.8228 -44.59845 -8.00026 542.1007 -42.48363 -8.00026 543.0868 -34.04796 -8.00026 546.5363 -42.76144 -8.00026 543.1613 -43.04796 -8.00026 543.1863 -42.22296 -8.00026 542.9652 -41.98736 -8.00026 542.8003 -41.78398 -8.00026 542.5969 -44.4769 -8.00026 542.3613 -44.31193 -8.00026 542.5969 -46.9162 -8.00026 546.4603 -44.10855 -8.00026 542.8003 -43.87295 -8.00026 542.9652 -41.61902 -8.00026 542.3613 -41.49747 -8.00026 542.1007 -34.04796 -8.00026 541.5363 -41.42302 -8.00026 541.8228 -26.69795 -8.00026 541.5363 -26.6729 -8.00026 541.8228 -25.61229 -8.00026 543.0868 -25.33447 -8.00026 543.1613 -25.04796 -8.00026 543.1863 -24.76144 -8.00026 543.1613 -24.48363 -8.00026 543.0868 -26.4769 -8.00026 542.3613 -26.31194 -8.00026 542.5969 -24.22296 -8.00026 542.9652 -23.98737 -8.00026 542.8003 -23.78398 -8.00026 542.5969 -26.59845 -8.00026 542.1007 -26.10855 -8.00026 542.8003 -25.87296 -8.00026 542.9652 -23.61902 -8.00026 542.3613 -23.49747 -8.00026 542.1007 -23.42302 -8.00026 541.8228 -23.39797 -8.00026 541.5363 -23.42302 -8.00026 541.2498 -23.49747 -8.00026 540.972 -16.04796 -8.00026 536.5363 -23.61902 -8.00026 540.7113 -23.78398 -8.00026 540.4757 -25.61229 -8.00026 539.9858 -25.87296 -8.00026 540.1074 -34.04796 -8.00026 536.5363 -26.10855 -8.00026 540.2723 -26.31194 -8.00026 540.4757 -26.4769 -8.00026 540.7113 -26.59845 -8.00026 540.972 -26.6729 -8.00026 541.2498 -23.98737 -8.00026 540.2723 -24.22296 -8.00026 540.1074 -24.48363 -8.00026 539.9858 -24.76144 -8.00026 539.9114 -25.04796 -8.00026 539.8863 -25.33447 -8.00026 539.9114 -5.497467 -8.00026 540.972 -5.423019 -8.00026 541.2498 -5.397949 -8.00026 541.5363 0.8760834 -8.00026 542.4046 -5.423019 -8.00026 541.8228 0.6505127 -8.00026 543.2464 0.2821655 -8.00026 544.0363 -7.872955 -8.00026 540.1074 -8.108551 -8.00026 540.2723 -8.59845 -8.00026 540.972 -5.619019 -8.00026 540.7113 -5.783981 -8.00026 540.4757 -5.98735 -8.00026 540.2723 -6.222961 -8.00026 540.1074 -6.483627 -8.00026 539.9858 -6.761444 -8.00026 539.9114 -7.047958 -8.00026 539.8863 -7.334473 -8.00026 539.9114 -7.612289 -8.00026 539.9858 -8.311936 -8.00026 540.4757 -8.476899 -8.00026 540.7113 -41.61902 -8.00026 540.7113 -41.78398 -8.00026 540.4757 -41.98736 -8.00026 540.2723 -42.22296 -8.00026 540.1074 -42.48363 -8.00026 539.9858 -42.76144 -8.00026 539.9114 -47.87295 -8.00026 536.5363 -43.04796 -8.00026 539.8863 -43.33447 -8.00026 539.9114 -43.61229 -8.00026 539.9858 -43.87295 -8.00026 540.1074 -44.10855 -8.00026 540.2723 -44.31193 -8.00026 540.4757 -44.4769 -8.00026 540.7113 -44.59845 -8.00026 540.972 -41.39796 -8.00026 541.5363 -41.42302 -8.00026 541.2498 -41.49747 -8.00026 540.972 -47.87295 -8.00026 527.7113 -50.972 -8.00026 542.4046 -42.48363 -8.00026 533.0868 -42.22296 -8.00026 532.9652 -41.98736 -8.00026 532.8003 -41.78398 -8.00026 532.5969 -44.4769 -8.00026 532.3613 -44.31193 -8.00026 532.5969 -41.61902 -8.00026 532.3613 -41.49747 -8.00026 532.1007 -41.42302 -8.00026 531.8228 -34.04796 -8.00026 527.7113 -41.49747 -8.00026 530.972 -41.61902 -8.00026 530.7113 -43.33447 -8.00026 529.9114 -43.61229 -8.00026 529.9858 -43.87295 -8.00026 530.1074 -44.10855 -8.00026 530.2723 -44.31193 -8.00026 530.4757 -44.4769 -8.00026 530.7113 -44.59845 -8.00026 530.972 -44.59845 -8.00026 532.1007 -43.61229 -8.00026 533.0868 -43.33447 -8.00026 533.1613 -43.04796 -8.00026 533.1863 -42.76144 -8.00026 533.1613 -41.39796 -8.00026 531.5363 -41.42302 -8.00026 531.2498 -41.78398 -8.00026 530.4757 -41.98736 -8.00026 530.2723 -42.22296 -8.00026 530.1074 -42.48363 -8.00026 529.9858 -42.76144 -8.00026 529.9114 -43.04796 -8.00026 529.8863 -44.10855 -8.00026 532.8003 -43.87295 -8.00026 532.9652 -44.6729 -8.00026 531.2498 -44.69795 -8.00026 531.5363 -44.6729 -8.00026 531.8228 -26.6729 -8.00026 531.2498 -26.69795 -8.00026 531.5363 -26.6729 -8.00026 531.8228 -24.48363 -8.00026 533.0868 -24.22296 -8.00026 532.9652 -23.98737 -8.00026 532.8003 -23.78398 -8.00026 532.5969 -23.42302 -8.00026 531.8228 -16.04796 -8.00026 527.7113 -23.39797 -8.00026 531.5363 -23.42302 -8.00026 531.2498 -26.31194 -8.00026 530.4757 -26.4769 -8.00026 530.7113 -26.59845 -8.00026 530.972 -23.61902 -8.00026 532.3613 -23.49747 -8.00026 532.1007 -23.49747 -8.00026 530.972 -23.61902 -8.00026 530.7113 -23.78398 -8.00026 530.4757 -25.61229 -8.00026 529.9858 -25.87296 -8.00026 530.1074 -26.10855 -8.00026 530.2723 -26.59845 -8.00026 532.1007 -26.4769 -8.00026 532.3613 -26.31194 -8.00026 532.5969 -23.98737 -8.00026 530.2723 -24.22296 -8.00026 530.1074 -24.48363 -8.00026 529.9858 -24.76144 -8.00026 529.9114 -25.04796 -8.00026 529.8863 -25.33447 -8.00026 529.9114 -26.10855 -8.00026 532.8003 -25.87296 -8.00026 532.9652 -25.61229 -8.00026 533.0868 -25.33447 -8.00026 533.1613 -25.04796 -8.00026 533.1863 -24.76144 -8.00026 533.1613 -8.108551 -8.00026 530.2723 -8.311936 -8.00026 530.4757 -8.476899 -8.00026 530.7113 -8.59845 -8.00026 530.972 -5.497467 -8.00026 530.972 -5.619019 -8.00026 530.7113 -5.423019 -8.00026 531.2498 -7.334473 -8.00026 529.9114 -7.047958 -8.00026 529.8863 -7.612289 -8.00026 529.9858 -7.872955 -8.00026 530.1074 -8.672898 -8.00026 531.2498 -8.697953 -8.00026 531.5363 -8.672898 -8.00026 531.8228 -8.59845 -8.00026 532.1007 -5.783981 -8.00026 530.4757 -5.98735 -8.00026 530.2723 -6.222961 -8.00026 530.1074 -6.483627 -8.00026 529.9858 -6.761444 -8.00026 529.9114 -8.476899 -8.00026 532.3613 -8.311936 -8.00026 532.5969 -8.108551 -8.00026 532.8003 -7.872955 -8.00026 532.9652 -7.612289 -8.00026 533.0868 -7.334473 -8.00026 533.1613 -7.047958 -8.00026 533.1863 -6.761444 -8.00026 533.1613 -6.483627 -8.00026 533.0868 -6.222961 -8.00026 532.9652 -5.98735 -8.00026 532.8003 -5.783981 -8.00026 532.5969 -5.619019 -8.00026 532.3613 -5.497467 -8.00026 532.1007 -5.423019 -8.00026 531.8228 -5.397949 -8.00026 531.5363 0.9520416 -83.17391 521.5211 0.9520416 -83.69486 524.4755 0.9520416 -83.34229 521.476 0.9520416 -84.36835 524.2951 0.9520416 -83.50026 521.4024 0.9520416 -85.00026 524.0004 0.9520416 -83.64305 521.3023 0.9520416 -85.57141 523.6005 0.9520416 -83.76631 521.1791 0.9520416 -86.06444 523.1074 0.9520416 -83.86629 521.0363 0.9520416 -86.46437 522.5363 0.9520416 -83.93996 520.8783 0.9520416 -86.75904 521.9044 0.9520416 -83.98508 520.71 0.9520416 -86.9395 521.2309 -51.04796 -83.98508 520.71 -51.04796 -86.9395 521.2309 -51.04796 -83.93996 520.8783 -51.04796 -86.75904 521.9044 -51.04796 -83.86629 521.0363 -51.04796 -86.46437 522.5363 -51.04796 -83.76631 521.1791 -51.04796 -86.06444 523.1074 -51.04796 -83.64305 521.3023 -51.04796 -85.57141 523.6005 -51.04796 -83.50026 521.4024 -51.04796 -85.00026 524.0004 -51.04796 -83.34229 521.476 -51.04796 -84.36835 524.2951 -51.04796 -83.17391 521.5211 -51.04796 -83.69486 524.4755 0.9520416 -83.98795 464.3798 0.9520416 -86.95102 463.9105 0.9520416 -83.95133 464.2272 0.9520416 -86.80449 463.3002 0.9520416 -83.89127 464.0823 0.9520416 -86.56429 462.7203 0.9520416 -83.80928 463.9485 0.9520416 -86.23633 462.1851 0.9520416 -83.70737 463.8292 0.9520416 -85.82869 461.7078 0.9520416 -83.58805 463.7272 0.9520416 -85.35141 461.3002 0.9520416 -83.45426 463.6453 0.9520416 -84.81623 460.9722 0.9520416 -83.30928 463.5852 0.9520416 -84.23633 460.7321 0.9520416 -83.1567 463.5486 0.9520416 -83.62601 460.5855 0.9520416 -83.00026 463.5363 0.9520416 -83.00026 460.5363 -51.04796 -83.00026 463.5363 -51.04796 -83.00026 460.5363 -51.04796 -83.1567 463.5486 -51.04796 -83.62601 460.5855 -51.04796 -83.30928 463.5852 -51.04796 -84.23633 460.7321 -51.04796 -83.45426 463.6453 -51.04796 -84.81623 460.9722 -51.04796 -83.58805 463.7272 -51.04796 -85.35141 461.3002 -51.04796 -83.70737 463.8292 -51.04796 -85.82869 461.7078 -51.04796 -83.80928 463.9485 -51.04796 -86.23633 462.1851 -51.04796 -83.89127 464.0823 -51.04796 -86.56429 462.7203 -51.04796 -83.95133 464.2272 -51.04796 -86.80449 463.3002 -51.04796 -83.98795 464.3798 -51.04796 -86.95102 463.9105 -51.04796 -61.00026 463.5363 0.9520416 -61.00026 463.5363 -4.412628 -63.06836 460.5363 -4.047958 -63.10026 460.5363 -3.683304 -63.06836 460.5363 -3.329712 -62.97362 460.5363 -2.997955 -62.81891 460.5363 -44.6981 -62.60895 460.5363 -44.43927 -62.35011 460.5363 -5.397812 -59.39157 460.5363 -47.39781 -62.60895 460.5363 -47.09796 -62.81891 460.5363 -2.698105 -62.60895 460.5363 -2.43927 -62.35011 460.5363 -2.229309 -62.05026 460.5363 -2.0746 -61.7185 460.5363 -1.979858 -61.36493 460.5363 -1.947952 -61.00026 460.5363 0.8760834 -60.13202 460.5363 -1.979858 -60.6356 460.5363 0.6505127 -59.29016 460.5363 -2.0746 -60.28201 460.5363 0.2821655 -58.50026 460.5363 -2.229309 -59.95026 460.5363 -0.2177429 -57.78631 460.5363 -2.43927 -59.6504 460.5363 -0.8340149 -57.17004 460.5363 -2.698105 -59.39157 460.5363 -1.547958 -56.67013 460.5363 -2.997955 -59.18161 460.5363 -2.33786 -56.3018 460.5363 -3.329712 -59.0269 460.5363 -3.179718 -56.07622 460.5363 -3.683304 -58.93216 460.5363 -4.047958 -56.00026 460.5363 -4.047958 -58.90027 460.5363 -4.412628 -58.93216 460.5363 -44.99795 -62.81891 460.5363 -44.22931 -62.05026 460.5363 -44.0746 -61.7185 460.5363 -43.97986 -61.36493 460.5363 -5.656647 -59.6504 460.5363 -5.866608 -59.95026 460.5363 -45.6833 -63.06836 460.5363 -6.021317 -60.28201 460.5363 -46.04796 -63.10026 460.5363 -6.116058 -60.6356 460.5363 -6.147964 -61.00026 460.5363 -45.32971 -62.97362 460.5363 -44.22931 -59.95026 460.5363 -44.43927 -59.6504 460.5363 -44.6981 -59.39157 460.5363 -46.04796 -56.00026 460.5363 -44.99795 -59.18161 460.5363 -45.32971 -59.0269 460.5363 -46.7662 -62.97362 460.5363 -46.41261 -63.06836 460.5363 -5.656647 -62.35011 460.5363 -5.397812 -62.60895 460.5363 -5.097961 -62.81891 460.5363 -4.766205 -62.97362 460.5363 -6.116058 -61.36493 460.5363 -6.021317 -61.7185 460.5363 -5.866608 -62.05026 460.5363 -4.766205 -59.0269 460.5363 -5.097961 -59.18161 460.5363 -48.11606 -61.36493 460.5363 -48.02132 -61.7185 460.5363 -47.86661 -62.05026 460.5363 -47.65665 -62.35011 460.5363 -43.94795 -61.00026 460.5363 -43.97986 -60.6356 460.5363 -44.0746 -60.28201 460.5363 -45.6833 -58.93216 460.5363 -46.04796 -58.90027 460.5363 -46.9162 -56.07622 460.5363 -46.41261 -58.93216 460.5363 -47.75806 -56.3018 460.5363 -46.7662 -59.0269 460.5363 -48.54796 -56.67013 460.5363 -47.09796 -59.18161 460.5363 -49.2619 -57.17004 460.5363 -47.39781 -59.39157 460.5363 -49.87817 -57.78631 460.5363 -47.65665 -59.6504 460.5363 -50.37808 -58.50026 460.5363 -47.86661 -59.95026 460.5363 -50.74641 -59.29016 460.5363 -48.02132 -60.28201 460.5363 -50.972 -60.13202 460.5363 -48.11606 -60.6356 460.5363 -48.14796 -61.00026 460.5363 -45.6833 -63.06836 463.5363 -46.04796 -63.10026 463.5363 -4.766205 -62.97362 463.5363 -5.097961 -62.81891 463.5363 -45.6833 -58.93216 463.5363 -5.397812 -62.60895 463.5363 -5.656647 -62.35011 463.5363 -6.116058 -60.6356 463.5363 -6.021317 -60.28201 463.5363 -46.04796 -56.00026 463.5363 -5.866608 -59.95026 463.5363 -2.698105 -62.60895 463.5363 -2.997955 -62.81891 463.5363 -3.329712 -62.97362 463.5363 -44.6981 -59.39157 463.5363 -44.43927 -59.6504 463.5363 -4.412628 -63.06836 463.5363 -5.866608 -62.05026 463.5363 -6.021317 -61.7185 463.5363 -46.04796 -58.90027 463.5363 -6.116058 -61.36493 463.5363 -6.147964 -61.00026 463.5363 -44.99795 -59.18161 463.5363 -43.97986 -61.36493 463.5363 -44.0746 -61.7185 463.5363 -44.22931 -62.05026 463.5363 -44.43927 -62.35011 463.5363 -1.979858 -61.36493 463.5363 -2.0746 -61.7185 463.5363 -2.229309 -62.05026 463.5363 -2.43927 -62.35011 463.5363 -45.32971 -59.0269 463.5363 -44.22931 -59.95026 463.5363 -44.0746 -60.28201 463.5363 -43.97986 -60.6356 463.5363 -43.94795 -61.00026 463.5363 -4.047958 -63.10026 463.5363 -3.683304 -63.06836 463.5363 -44.6981 -62.60895 463.5363 -44.99795 -62.81891 463.5363 -45.32971 -62.97362 463.5363 -46.41261 -63.06836 463.5363 -46.7662 -62.97362 463.5363 -47.09796 -62.81891 463.5363 -5.656647 -59.6504 463.5363 -5.397812 -59.39157 463.5363 -4.047958 -56.00026 463.5363 -5.097961 -59.18161 463.5363 -4.766205 -59.0269 463.5363 -4.412628 -58.93216 463.5363 -4.047958 -58.90027 463.5363 -3.179718 -56.07622 463.5363 -3.683304 -58.93216 463.5363 -2.33786 -56.3018 463.5363 -3.329712 -59.0269 463.5363 -1.547958 -56.67013 463.5363 -2.997955 -59.18161 463.5363 -0.8340149 -57.17004 463.5363 -2.698105 -59.39157 463.5363 -0.2177429 -57.78631 463.5363 -2.43927 -59.6504 463.5363 0.2821655 -58.50026 463.5363 -2.229309 -59.95026 463.5363 0.6505127 -59.29016 463.5363 -2.0746 -60.28201 463.5363 0.8760834 -60.13202 463.5363 -1.979858 -60.6356 463.5363 -1.947952 -61.00026 463.5363 -47.39781 -62.60895 463.5363 -47.65665 -62.35011 463.5363 -47.86661 -62.05026 463.5363 -48.02132 -61.7185 463.5363 -46.41261 -58.93216 463.5363 -46.9162 -56.07622 463.5363 -46.7662 -59.0269 463.5363 -47.75806 -56.3018 463.5363 -47.09796 -59.18161 463.5363 -48.54796 -56.67013 463.5363 -47.39781 -59.39157 463.5363 -49.2619 -57.17004 463.5363 -47.65665 -59.6504 463.5363 -49.87817 -57.78631 463.5363 -47.86661 -59.95026 463.5363 -50.37808 -58.50026 463.5363 -48.02132 -60.28201 463.5363 -50.74641 -59.29016 463.5363 -48.11606 -60.6356 463.5363 -50.972 -60.13202 463.5363 -48.14796 -61.00026 463.5363 -48.11606 -61.36493 463.5363 61.04768 4.999741 -498.4637 61.04768 -5.000259 -498.4637 61.04768 4.999741 -0.9887161 61.04768 -5.000259 -0.9887161 61.04768 4.999741 14.06129 61.04768 -5.000259 14.06129 61.04768 4.999741 273.5363 61.04768 -5.000259 273.5363 61.04768 4.999741 511.5363 61.04768 -5.000259 511.5363 91.04769 -5.000259 -530.4637 91.04769 4.999741 -530.4637 91.04769 -5.000259 -523.4637 91.04769 4.999741 -523.4637 91.04769 -5.000259 -518.4637 91.04769 4.999741 -518.4637 91.04769 -5.000259 -0.9887161 91.04769 4.999741 -0.9887161 91.04769 -5.000259 14.06129 91.04769 4.999741 14.06129 91.04769 -5.000259 273.5363 91.04769 4.999741 273.5363 91.04769 -5.000259 536.5363 91.04769 4.999741 536.5363 91.04769 -5.000259 543.5363 91.04769 4.999741 543.5363 88.04769 -5.000259 546.5363 88.04769 4.999741 546.5363 79.82268 -5.000259 546.5363 79.82268 4.999741 546.5363 36.02269 -5.000259 546.5363 36.02269 4.999741 546.5363 -13.95232 -5.000259 546.5363 -13.95232 4.999741 546.5363 -31.9523 -5.000259 546.5363 -31.9523 4.999741 546.5363 -45.9523 -5.000259 546.5363 -45.9523 4.999741 546.5363 88.04769 4.999741 -533.4638 88.04769 -5.000259 -533.4638 79.82268 4.999741 -533.4638 79.82268 -5.000259 -533.4638 36.02269 4.999741 -533.4638 36.02269 -5.000259 -533.4638 -13.95232 4.999741 -533.4638 -13.95232 -5.000259 -533.4638 -31.9523 4.999741 -533.4638 -31.9523 -5.000259 -533.4638 -45.9523 4.999741 -533.4638 -45.9523 -5.000259 -533.4638 -30.16814 -5.000259 -518.8544 -30.20232 -5.000259 -518.4637 -31.9523 -5.000259 -518.4637 -12.16811 -5.000259 -518.8544 -12.20232 -5.000259 -518.4637 -13.95232 -5.000259 -518.4637 51.04768 -5.000259 -508.4637 36.02269 -5.000259 -508.4637 36.02269 -5.000259 -518.4637 -15.7365 -5.000259 -518.073 -15.70232 -5.000259 -518.4637 -33.73649 -5.000259 -518.073 -33.70232 -5.000259 -518.4637 -47.45232 -5.000259 -533.0618 -46.97836 -5.000259 -533.2828 -47.88068 -5.000259 -532.7619 -48.25043 -5.000259 -532.3921 -35.5616 -5.000259 -526.2479 -35.18275 -5.000259 -526.3494 -31.9523 -5.000259 -523.4637 -34.22871 -5.000259 -527.0175 -34.00374 -5.000259 -527.3387 -34.8273 -5.000259 -526.5151 -34.50603 -5.000259 -526.7401 -34.22871 -5.000259 -529.91 -34.50603 -5.000259 -530.1873 -31.9523 -5.000259 -532.0887 -34.8273 -5.000259 -530.4123 -35.18275 -5.000259 -530.578 -33.838 -5.000259 -527.6942 -33.73649 -5.000259 -528.073 -33.70232 -5.000259 -528.4638 -33.73649 -5.000259 -528.8544 -33.838 -5.000259 -529.2332 -34.00374 -5.000259 -529.5887 -47.90086 -5.000259 -527.3387 -47.6759 -5.000259 -527.0175 -48.9523 -5.000259 -523.4637 -35.5616 -5.000259 -530.6796 -35.95232 -5.000259 -530.7137 -45.9523 -5.000259 -530.7137 -46.34302 -5.000259 -530.6796 -48.06662 -5.000259 -529.2332 -48.16812 -5.000259 -528.8544 -48.9523 -5.000259 -530.4637 -47.39857 -5.000259 -526.7401 -47.07732 -5.000259 -526.5151 -46.72186 -5.000259 -526.3494 -46.72186 -5.000259 -530.578 -47.07732 -5.000259 -530.4123 -48.55038 -5.000259 -531.9638 -47.39857 -5.000259 -530.1873 -48.77138 -5.000259 -531.4898 -48.90672 -5.000259 -530.9847 -47.6759 -5.000259 -529.91 -47.90086 -5.000259 -529.5887 -48.2023 -5.000259 -528.4638 -48.16812 -5.000259 -528.073 -48.06662 -5.000259 -527.6942 -46.34302 -5.000259 -526.2479 -45.9523 -5.000259 -526.2138 -35.95232 -5.000259 -526.2138 -46.34302 -5.000259 -516.2479 -47.45232 -5.000259 -508.8656 -47.88068 -5.000259 -509.1656 -34.50603 -5.000259 -516.7401 -31.9523 -5.000259 -508.4637 -34.8273 -5.000259 -516.5151 -35.18275 -5.000259 -516.3494 -48.2023 -5.000259 -518.4637 -48.16812 -5.000259 -518.073 -48.9523 -5.000259 -518.4637 -48.06662 -5.000259 -517.6942 -48.9523 -5.000259 -511.4638 -47.90086 -5.000259 -517.3387 -47.6759 -5.000259 -517.0175 -47.39857 -5.000259 -516.7401 -47.07732 -5.000259 -516.5151 -48.90672 -5.000259 -510.9428 -46.72186 -5.000259 -516.3494 -48.25043 -5.000259 -509.5354 -48.55038 -5.000259 -509.9637 -48.77138 -5.000259 -510.4376 -46.97836 -5.000259 -508.6447 -45.9523 -5.000259 -516.2138 -46.47325 -5.000259 -508.5093 -45.9523 -5.000259 -508.4637 -35.95232 -5.000259 -516.2138 -35.5616 -5.000259 -516.2479 -34.22871 -5.000259 -517.0175 -34.00374 -5.000259 -517.3387 -33.838 -5.000259 -517.6942 -29.67592 -5.000259 -517.0175 -29.39858 -5.000259 -516.7401 -29.07732 -5.000259 -516.5151 -28.72185 -5.000259 -516.3494 -17.5616 -5.000259 -516.2479 -17.18276 -5.000259 -516.3494 -13.95232 -5.000259 -508.4637 -16.82732 -5.000259 -516.5151 -16.50603 -5.000259 -516.7401 -30.16814 -5.000259 -518.073 -30.06664 -5.000259 -517.6942 -29.90086 -5.000259 -517.3387 -28.34303 -5.000259 -516.2479 -27.95232 -5.000259 -516.2138 -17.95232 -5.000259 -516.2138 -16.22871 -5.000259 -517.0175 -16.00377 -5.000259 -517.3387 -15.838 -5.000259 -517.6942 1.172684 -5.000259 -516.5151 1.493973 -5.000259 -516.7401 1.771286 -5.000259 -517.0175 1.996262 -5.000259 -517.3387 -11.67592 -5.000259 -517.0175 -11.39857 -5.000259 -516.7401 -11.07732 -5.000259 -516.5151 -10.72185 -5.000259 -516.3494 -10.343 -5.000259 -516.2479 -9.952317 -5.000259 -516.2138 -12.16811 -5.000259 -518.073 -12.0666 -5.000259 -517.6942 -11.90086 -5.000259 -517.3387 0.04768371 -5.000259 -516.2138 0.4384003 -5.000259 -516.2479 0.8172455 -5.000259 -516.3494 77.2787 -5.000259 -3.246654 77.29769 -5.000259 -3.463715 79.82268 -5.000259 -0.9887161 74.8167 -5.000259 -3.680775 74.79769 -5.000259 -3.463715 54.46791 -5.000259 -507.8606 52.78416 -5.000259 -508.3118 79.82268 -5.000259 -518.4637 77.13024 -5.000259 -4.088715 77.22231 -5.000259 -3.891243 77.2787 -5.000259 -3.680775 74.8167 -5.000259 -3.246654 74.8731 -5.000259 -3.03619 74.96517 -5.000259 -2.838715 76.85118 -5.000259 -2.506161 77.00524 -5.000259 -2.660233 77.13024 -5.000259 -2.838715 77.22231 -5.000259 -3.03619 60.89577 -5.000259 -500.2002 60.44462 -5.000259 -501.884 59.70796 -5.000259 -503.4637 58.70814 -5.000259 -504.8916 57.47557 -5.000259 -506.1242 56.04768 -5.000259 -507.124 76.47521 -5.000259 -4.638332 76.26476 -5.000259 -4.694725 75.42269 -5.000259 -4.546249 75.24422 -5.000259 -4.421272 75.09014 -5.000259 -4.2672 75.09014 -5.000259 -2.660233 75.24422 -5.000259 -2.506161 75.42269 -5.000259 -2.381184 74.96517 -5.000259 -4.088715 74.8731 -5.000259 -3.891243 75.62017 -5.000259 -2.289101 75.83065 -5.000259 -2.232704 76.04769 -5.000259 -2.213715 76.26476 -5.000259 -2.232704 77.00524 -5.000259 -4.2672 76.85118 -5.000259 -4.421272 76.67269 -5.000259 -4.546249 76.04769 -5.000259 -4.713715 75.83065 -5.000259 -4.694725 75.62017 -5.000259 -4.638332 76.47521 -5.000259 -2.289101 76.67269 -5.000259 -2.381184 72.89769 -5.000259 1.080322 71.99813 -5.000259 1.710205 80.09725 -5.000259 1.710205 79.19771 -5.000259 1.080322 78.20241 -5.000259 0.6162186 77.14168 -5.000259 0.3319969 71.22161 -5.000259 2.486725 70.59172 -5.000259 3.386284 70.12764 -5.000259 4.381554 76.04769 -5.000259 0.2362823 74.95372 -5.000259 0.3319969 73.89296 -5.000259 0.6162186 69.8434 -5.000259 5.442299 69.7477 -5.000259 6.536285 69.8434 -5.000259 7.630264 70.12764 -5.000259 8.69101 70.59172 -5.000259 9.686287 71.22161 -5.000259 10.58585 71.99813 -5.000259 11.36237 72.89769 -5.000259 11.99224 73.89296 -5.000259 12.45634 74.95372 -5.000259 12.74057 79.82268 -5.000259 14.06129 76.04769 -5.000259 12.83628 77.14168 -5.000259 12.74057 78.20241 -5.000259 12.45634 79.19771 -5.000259 11.99224 80.09725 -5.000259 11.36237 77.2787 -5.000259 16.75334 77.29769 -5.000259 16.53629 77.2787 -5.000259 16.31922 77.22231 -5.000259 16.10876 74.8167 -5.000259 16.31922 74.79769 -5.000259 16.53629 74.8167 -5.000259 16.75334 77.13024 -5.000259 15.91129 77.00524 -5.000259 15.7328 76.85118 -5.000259 15.57873 74.8731 -5.000259 16.96381 74.96517 -5.000259 17.16129 76.04769 -5.000259 17.78629 76.26476 -5.000259 17.7673 79.82268 -5.000259 273.5363 76.67269 -5.000259 15.45375 76.47521 -5.000259 15.36167 76.26476 -5.000259 15.30527 75.42269 -5.000259 15.45375 75.24422 -5.000259 15.57873 75.09014 -5.000259 15.7328 75.09014 -5.000259 17.33977 75.24422 -5.000259 17.49384 75.42269 -5.000259 17.61882 76.85118 -5.000259 17.49384 77.00524 -5.000259 17.33977 77.13024 -5.000259 17.16129 77.22231 -5.000259 16.96381 74.96517 -5.000259 15.91129 74.8731 -5.000259 16.10876 75.62017 -5.000259 17.7109 75.83065 -5.000259 17.7673 76.04769 -5.000259 15.28629 75.83065 -5.000259 15.30527 75.62017 -5.000259 15.36167 76.47521 -5.000259 17.7109 76.67269 -5.000259 17.61882 59.70796 -5.000259 516.5363 60.44462 -5.000259 514.9565 79.82268 -5.000259 536.5363 56.04768 -5.000259 520.1965 54.46791 -5.000259 520.9332 52.78416 -5.000259 521.3843 51.04768 -5.000259 521.5363 36.02269 -5.000259 536.5363 36.02269 -5.000259 521.5363 57.47557 -5.000259 519.1967 58.70814 -5.000259 517.9642 60.89577 -5.000259 513.2727 2.162003 -5.000259 530.7668 1.996262 -5.000259 530.4113 -10.343 -5.000259 529.3205 -10.72185 -5.000259 529.422 -13.95232 -5.000259 521.5363 1.493973 -5.000259 533.2599 1.172684 -5.000259 533.4849 0.8172455 -5.000259 533.6506 1.771286 -5.000259 532.9826 1.996262 -5.000259 532.6613 2.162003 -5.000259 532.3059 2.263504 -5.000259 531.927 2.297684 -5.000259 531.5363 2.263504 -5.000259 531.1456 1.771286 -5.000259 530.09 1.493973 -5.000259 529.8127 1.172684 -5.000259 529.5877 -9.952317 -5.000259 529.2863 0.8172455 -5.000259 529.422 0.4384003 -5.000259 529.3205 0.04768371 -5.000259 529.2863 -11.67592 -5.000259 530.09 -11.90086 -5.000259 530.4113 -13.95232 -5.000259 536.5363 -11.67592 -5.000259 532.9826 -11.39857 -5.000259 533.2599 -11.07732 -5.000259 529.5877 -11.39857 -5.000259 529.8127 -12.20232 -5.000259 531.5363 -12.16811 -5.000259 531.927 -11.07732 -5.000259 533.4849 -10.72185 -5.000259 533.6506 -10.343 -5.000259 533.7521 -12.0666 -5.000259 530.7668 -12.16811 -5.000259 531.1456 -12.0666 -5.000259 532.3059 -11.90086 -5.000259 532.6613 -9.952317 -5.000259 533.7863 0.04768371 -5.000259 533.7863 0.4384003 -5.000259 533.7521 -28.34303 -5.000259 529.3205 -28.72185 -5.000259 529.422 -31.9523 -5.000259 521.5363 -17.5616 -5.000259 533.7521 -17.18276 -5.000259 533.6506 -16.22871 -5.000259 530.09 -16.50603 -5.000259 529.8127 -16.82732 -5.000259 529.5877 -17.18276 -5.000259 529.422 -29.67592 -5.000259 530.09 -29.90086 -5.000259 530.4113 -16.22871 -5.000259 532.9826 -16.00377 -5.000259 532.6613 -15.70232 -5.000259 531.5363 -15.7365 -5.000259 531.1456 -15.838 -5.000259 530.7668 -16.00377 -5.000259 530.4113 -29.07732 -5.000259 529.5877 -29.39858 -5.000259 529.8127 -31.9523 -5.000259 536.5363 -30.20232 -5.000259 531.5363 -30.16814 -5.000259 531.927 -29.67592 -5.000259 532.9826 -29.39858 -5.000259 533.2599 -29.07732 -5.000259 533.4849 -28.72185 -5.000259 533.6506 -16.82732 -5.000259 533.4849 -16.50603 -5.000259 533.2599 -17.5616 -5.000259 529.3205 -17.95232 -5.000259 529.2863 -27.95232 -5.000259 529.2863 -30.06664 -5.000259 530.7668 -30.16814 -5.000259 531.1456 -30.06664 -5.000259 532.3059 -29.90086 -5.000259 532.6613 -15.838 -5.000259 532.3059 -15.7365 -5.000259 531.927 -28.34303 -5.000259 533.7521 -27.95232 -5.000259 533.7863 -17.95232 -5.000259 533.7863 -35.5616 -5.000259 533.7521 -35.18275 -5.000259 533.6506 -47.90086 -5.000259 532.6613 -47.6759 -5.000259 532.9826 -48.9523 -5.000259 536.5363 -34.22871 -5.000259 530.09 -34.50603 -5.000259 529.8127 -34.8273 -5.000259 529.5877 -35.18275 -5.000259 529.422 -48.25043 -5.000259 522.6079 -47.88068 -5.000259 522.2382 -46.34302 -5.000259 529.3205 -47.07732 -5.000259 529.5877 -47.39857 -5.000259 529.8127 -48.9523 -5.000259 524.5363 -48.06662 -5.000259 532.3059 -34.22871 -5.000259 532.9826 -34.00374 -5.000259 532.6613 -33.70232 -5.000259 531.5363 -33.73649 -5.000259 531.1456 -33.838 -5.000259 530.7668 -34.00374 -5.000259 530.4113 -47.39857 -5.000259 533.2599 -47.07732 -5.000259 533.4849 -46.72186 -5.000259 533.6506 -34.8273 -5.000259 533.4849 -34.50603 -5.000259 533.2599 -47.45232 -5.000259 521.9382 -46.97836 -5.000259 521.7172 -45.9523 -5.000259 529.2863 -46.72186 -5.000259 529.422 -47.6759 -5.000259 530.09 -47.90086 -5.000259 530.4113 -48.06662 -5.000259 530.7668 -48.16812 -5.000259 531.1456 -48.2023 -5.000259 531.5363 -48.16812 -5.000259 531.927 -33.838 -5.000259 532.3059 -33.73649 -5.000259 531.927 -35.5616 -5.000259 529.3205 -35.95232 -5.000259 529.2863 -45.9523 -5.000259 521.5363 -46.47325 -5.000259 521.5819 -48.90672 -5.000259 524.0154 -48.77138 -5.000259 523.5102 -48.55038 -5.000259 523.0363 -46.34302 -5.000259 533.7521 -45.9523 -5.000259 533.7863 -35.95232 -5.000259 533.7863 -46.34302 -5.000259 539.3204 -46.72186 -5.000259 539.4219 -35.5616 -5.000259 543.7521 -35.18275 -5.000259 543.6506 -34.22871 -5.000259 540.09 -34.50603 -5.000259 539.8127 -34.8273 -5.000259 539.5877 -35.18275 -5.000259 539.4219 -47.6759 -5.000259 540.09 -47.90086 -5.000259 540.4113 -34.22871 -5.000259 542.9826 -34.00374 -5.000259 542.6613 -33.73649 -5.000259 541.1456 -33.70232 -5.000259 541.5363 -33.838 -5.000259 540.7668 -34.00374 -5.000259 540.4113 -47.07732 -5.000259 539.5877 -47.39857 -5.000259 539.8127 -34.8273 -5.000259 543.4849 -34.50603 -5.000259 543.2599 -35.5616 -5.000259 539.3204 -35.95232 -5.000259 539.2863 -45.9523 -5.000259 539.2863 -48.06662 -5.000259 540.7668 -48.16812 -5.000259 541.1456 -48.9523 -5.000259 543.5363 -48.2023 -5.000259 541.5363 -48.16812 -5.000259 541.927 -33.838 -5.000259 542.3058 -33.73649 -5.000259 541.927 -48.06662 -5.000259 542.3058 -47.90086 -5.000259 542.6613 -48.90672 -5.000259 544.0573 -47.6759 -5.000259 542.9826 -48.77138 -5.000259 544.5623 -47.39857 -5.000259 543.2599 -48.55038 -5.000259 545.0363 -47.07732 -5.000259 543.4849 -48.25043 -5.000259 545.4647 -47.88068 -5.000259 545.8344 -46.72186 -5.000259 543.6506 -47.45232 -5.000259 546.1343 -46.97836 -5.000259 546.3554 -46.34302 -5.000259 543.7521 -46.47325 -5.000259 546.4907 -45.9523 -5.000259 543.7863 -35.95232 -5.000259 543.7863 88.56865 -5.000259 546.4907 91.00212 -5.000259 544.0573 90.86678 -5.000259 544.5623 90.64577 -5.000259 545.0363 89.97606 -5.000259 545.8344 89.54769 -5.000259 546.1343 89.07375 -5.000259 546.3554 90.34584 -5.000259 545.4647 90.86678 -5.000259 -531.4898 91.00212 -5.000259 -530.9847 79.82268 -5.000259 -532.0887 79.82268 -5.000259 -523.4637 90.64577 -5.000259 -531.9638 89.07375 -5.000259 -533.2828 89.54769 -5.000259 -533.0618 89.97606 -5.000259 -532.7619 88.56865 -5.000259 -533.4182 90.34584 -5.000259 -532.3921 2.162003 -5.000259 -519.2332 1.996262 -5.000259 -519.5888 36.02269 -5.000259 -523.4637 2.162003 -5.000259 -517.6942 2.263504 -5.000259 -518.073 2.297684 -5.000259 -518.4637 2.263504 -5.000259 -518.8544 1.771286 -5.000259 -519.91 1.493973 -5.000259 -520.1873 1.172684 -5.000259 -520.4123 -9.952317 -5.000259 -520.7137 -10.343 -5.000259 -520.6796 -13.95232 -5.000259 -523.4637 -10.72185 -5.000259 -520.5781 -11.07732 -5.000259 -520.4123 -11.39857 -5.000259 -520.1873 0.8172455 -5.000259 -520.5781 0.4384003 -5.000259 -520.6796 0.04768371 -5.000259 -520.7137 -11.67592 -5.000259 -519.91 -11.90086 -5.000259 -519.5888 -12.0666 -5.000259 -519.2332 -46.34302 -5.000259 -520.6796 -46.72186 -5.000259 -520.5781 -34.22871 -5.000259 -519.91 -34.50603 -5.000259 -520.1873 -34.8273 -5.000259 -520.4123 -35.18275 -5.000259 -520.5781 -47.07732 -5.000259 -520.4123 -47.39857 -5.000259 -520.1873 -47.6759 -5.000259 -519.91 -33.73649 -5.000259 -518.8544 -33.838 -5.000259 -519.2332 -34.00374 -5.000259 -519.5888 -35.5616 -5.000259 -520.6796 -35.95232 -5.000259 -520.7137 -45.9523 -5.000259 -520.7137 -47.90086 -5.000259 -519.5888 -48.06662 -5.000259 -519.2332 -48.16812 -5.000259 -518.8544 -28.34303 -5.000259 -520.6796 -28.72185 -5.000259 -520.5781 -29.07732 -5.000259 -520.4123 -29.39858 -5.000259 -520.1873 -16.22871 -5.000259 -519.91 -16.50603 -5.000259 -520.1873 -16.82732 -5.000259 -520.4123 -17.18276 -5.000259 -520.5781 -29.67592 -5.000259 -519.91 -29.90086 -5.000259 -519.5888 -30.06664 -5.000259 -519.2332 -15.7365 -5.000259 -518.8544 -15.838 -5.000259 -519.2332 -16.00377 -5.000259 -519.5888 -17.5616 -5.000259 -520.6796 -17.95232 -5.000259 -520.7137 -27.95232 -5.000259 -520.7137 80.87377 -5.000259 10.58585 81.50365 -5.000259 9.686287 82.252 -5.000259 5.442299 81.96776 -5.000259 4.381554 81.50365 -5.000259 3.386284 80.87377 -5.000259 2.486725 81.96776 -5.000259 8.69101 82.252 -5.000259 7.630264 82.3477 -5.000259 6.536285 36.02269 -5.000259 -532.0887 -13.95232 -5.000259 -532.0887 -46.47325 -5.000259 -533.4182 -17.5616 -5.000259 -526.2479 -17.18276 -5.000259 -526.3494 -29.90086 -5.000259 -527.3387 -29.67592 -5.000259 -527.0175 -16.22871 -5.000259 -529.91 -16.50603 -5.000259 -530.1873 -16.82732 -5.000259 -530.4123 -17.18276 -5.000259 -530.578 -30.06664 -5.000259 -527.6942 -16.22871 -5.000259 -527.0175 -16.00377 -5.000259 -527.3387 -15.7365 -5.000259 -528.8544 -15.838 -5.000259 -529.2332 -16.00377 -5.000259 -529.5887 -28.34303 -5.000259 -530.6796 -28.72185 -5.000259 -530.578 -29.07732 -5.000259 -530.4123 -29.39858 -5.000259 -530.1873 -29.39858 -5.000259 -526.7401 -29.07732 -5.000259 -526.5151 -28.72185 -5.000259 -526.3494 -16.82732 -5.000259 -526.5151 -16.50603 -5.000259 -526.7401 -17.5616 -5.000259 -530.6796 -17.95232 -5.000259 -530.7137 -27.95232 -5.000259 -530.7137 -29.67592 -5.000259 -529.91 -29.90086 -5.000259 -529.5887 -30.06664 -5.000259 -529.2332 -30.16814 -5.000259 -528.8544 -30.20232 -5.000259 -528.4638 -30.16814 -5.000259 -528.073 -15.838 -5.000259 -527.6942 -15.7365 -5.000259 -528.073 -15.70232 -5.000259 -528.4638 -28.34303 -5.000259 -526.2479 -27.95232 -5.000259 -526.2138 -17.95232 -5.000259 -526.2138 0.8172455 -5.000259 -526.3494 1.172684 -5.000259 -526.5151 1.493973 -5.000259 -526.7401 1.771286 -5.000259 -527.0175 1.996262 -5.000259 -527.3387 2.297684 -5.000259 -528.4638 2.263504 -5.000259 -528.073 2.162003 -5.000259 -527.6942 2.263504 -5.000259 -528.8544 2.162003 -5.000259 -529.2332 1.996262 -5.000259 -529.5887 1.771286 -5.000259 -529.91 1.493973 -5.000259 -530.1873 1.172684 -5.000259 -530.4123 -9.952317 -5.000259 -530.7137 -10.343 -5.000259 -530.6796 0.8172455 -5.000259 -530.578 0.4384003 -5.000259 -530.6796 0.04768371 -5.000259 -530.7137 -12.0666 -5.000259 -527.6942 -11.90086 -5.000259 -527.3387 -11.67592 -5.000259 -527.0175 -11.39857 -5.000259 -526.7401 -10.72185 -5.000259 -530.578 -11.07732 -5.000259 -530.4123 -11.39857 -5.000259 -530.1873 -11.07732 -5.000259 -526.5151 -10.72185 -5.000259 -526.3494 -10.343 -5.000259 -526.2479 -11.67592 -5.000259 -529.91 -11.90086 -5.000259 -529.5887 -12.0666 -5.000259 -529.2332 -12.16811 -5.000259 -528.8544 -12.20232 -5.000259 -528.4638 -12.16811 -5.000259 -528.073 -9.952317 -5.000259 -526.2138 0.04768371 -5.000259 -526.2138 0.4384003 -5.000259 -526.2479 -16.00377 -5.000259 540.4113 -16.22871 -5.000259 540.09 -15.838 -5.000259 540.7668 -17.5616 -5.000259 543.7521 -17.18276 -5.000259 543.6506 -16.82732 -5.000259 543.4849 -16.50603 -5.000259 543.2599 -16.50603 -5.000259 539.8127 -16.82732 -5.000259 539.5877 -17.18276 -5.000259 539.4219 -16.22871 -5.000259 542.9826 -16.00377 -5.000259 542.6613 -15.838 -5.000259 542.3058 -15.7365 -5.000259 541.927 -15.70232 -5.000259 541.5363 -15.7365 -5.000259 541.1456 -29.90086 -5.000259 542.6613 -29.67592 -5.000259 542.9826 -30.06664 -5.000259 542.3058 -17.5616 -5.000259 539.3204 -17.95232 -5.000259 539.2863 -27.95232 -5.000259 539.2863 -28.34303 -5.000259 539.3204 -28.72185 -5.000259 539.4219 -29.07732 -5.000259 539.5877 -29.39858 -5.000259 539.8127 -29.39858 -5.000259 543.2599 -29.07732 -5.000259 543.4849 -28.72185 -5.000259 543.6506 -29.67592 -5.000259 540.09 -29.90086 -5.000259 540.4113 -30.06664 -5.000259 540.7668 -30.16814 -5.000259 541.1456 -30.20232 -5.000259 541.5363 -30.16814 -5.000259 541.927 -28.34303 -5.000259 543.7521 -27.95232 -5.000259 543.7863 -17.95232 -5.000259 543.7863 0.8172455 -5.000259 543.6506 1.172684 -5.000259 543.4849 1.493973 -5.000259 543.2599 1.771286 -5.000259 542.9826 1.996262 -5.000259 542.6613 2.162003 -5.000259 542.3058 2.263504 -5.000259 541.927 2.297684 -5.000259 541.5363 2.263504 -5.000259 541.1456 2.162003 -5.000259 540.7668 1.996262 -5.000259 540.4113 1.771286 -5.000259 540.09 1.493973 -5.000259 539.8127 1.172684 -5.000259 539.5877 -9.952317 -5.000259 539.2863 -10.343 -5.000259 539.3204 0.8172455 -5.000259 539.4219 0.4384003 -5.000259 539.3204 0.04768371 -5.000259 539.2863 -12.0666 -5.000259 542.3058 -11.90086 -5.000259 542.6613 -11.67592 -5.000259 542.9826 -11.39857 -5.000259 543.2599 -10.72185 -5.000259 539.4219 -11.07732 -5.000259 539.5877 -11.39857 -5.000259 539.8127 -11.07732 -5.000259 543.4849 -10.72185 -5.000259 543.6506 -10.343 -5.000259 543.7521 -11.67592 -5.000259 540.09 -11.90086 -5.000259 540.4113 -12.0666 -5.000259 540.7668 -12.16811 -5.000259 541.1456 -12.20232 -5.000259 541.5363 -12.16811 -5.000259 541.927 -9.952317 -5.000259 543.7863 0.04768371 -5.000259 543.7863 0.4384003 -5.000259 543.7521 80.87377 4.999741 10.58585 80.09725 4.999741 11.36237 79.82268 4.999741 14.06129 -15.7365 4.999741 -518.8544 -15.70232 4.999741 -518.4637 -13.95232 4.999741 -518.4637 -33.73649 4.999741 -518.8544 -33.70232 4.999741 -518.4637 -31.9523 4.999741 -518.4637 -30.16814 4.999741 -518.073 -30.20232 4.999741 -518.4637 -12.16811 4.999741 -518.073 -12.20232 4.999741 -518.4637 88.56865 4.999741 546.4907 89.07375 4.999741 546.3554 89.54769 4.999741 546.1343 89.97606 4.999741 545.8344 90.34584 4.999741 545.4647 90.64577 4.999741 545.0363 91.00212 4.999741 544.0573 90.86678 4.999741 544.5623 -46.34302 4.999741 543.7521 -46.72186 4.999741 543.6506 -47.45232 4.999741 546.1343 -47.90086 4.999741 540.4113 -47.6759 4.999741 540.09 -48.9523 4.999741 536.5363 -48.06662 4.999741 542.3058 -48.16812 4.999741 541.927 -48.9523 4.999741 543.5363 -47.39857 4.999741 539.8127 -47.07732 4.999741 539.5877 -46.72186 4.999741 539.4219 -47.88068 4.999741 545.8344 -47.07732 4.999741 543.4849 -48.25043 4.999741 545.4647 -48.55038 4.999741 545.0363 -47.39857 4.999741 543.2599 -48.77138 4.999741 544.5623 -48.90672 4.999741 544.0573 -47.6759 4.999741 542.9826 -47.90086 4.999741 542.6613 -48.2023 4.999741 541.5363 -48.16812 4.999741 541.1456 -48.06662 4.999741 540.7668 -34.00374 4.999741 542.6613 -34.22871 4.999741 542.9826 -33.838 4.999741 542.3058 -46.34302 4.999741 539.3204 -45.9523 4.999741 539.2863 -31.9523 4.999741 536.5363 -35.95232 4.999741 539.2863 -35.5616 4.999741 539.3204 -35.18275 4.999741 539.4219 -34.8273 4.999741 539.5877 -34.50603 4.999741 539.8127 -34.50603 4.999741 543.2599 -34.8273 4.999741 543.4849 -35.18275 4.999741 543.6506 -34.22871 4.999741 540.09 -34.00374 4.999741 540.4113 -33.838 4.999741 540.7668 -33.73649 4.999741 541.1456 -33.70232 4.999741 541.5363 -33.73649 4.999741 541.927 -35.5616 4.999741 543.7521 -35.95232 4.999741 543.7863 -45.9523 4.999741 543.7863 -46.47325 4.999741 546.4907 -46.97836 4.999741 546.3554 -46.34302 4.999741 533.7521 -46.72186 4.999741 533.6506 -46.34302 4.999741 529.3205 -47.45232 4.999741 521.9382 -47.88068 4.999741 522.2382 -34.00374 4.999741 532.6613 -34.22871 4.999741 532.9826 -33.838 4.999741 532.3059 -47.6759 4.999741 532.9826 -47.90086 4.999741 532.6613 -48.16812 4.999741 531.1456 -48.9523 4.999741 524.5363 -48.2023 4.999741 531.5363 -48.06662 4.999741 530.7668 -47.90086 4.999741 530.4113 -47.6759 4.999741 530.09 -48.25043 4.999741 522.6079 -48.55038 4.999741 523.0363 -46.72186 4.999741 529.422 -34.50603 4.999741 529.8127 -31.9523 4.999741 521.5363 -34.8273 4.999741 529.5877 -35.18275 4.999741 529.422 -34.50603 4.999741 533.2599 -34.8273 4.999741 533.4849 -35.18275 4.999741 533.6506 -47.07732 4.999741 533.4849 -47.39857 4.999741 533.2599 -47.39857 4.999741 529.8127 -47.07732 4.999741 529.5877 -48.90672 4.999741 524.0154 -48.77138 4.999741 523.5102 -46.97836 4.999741 521.7172 -45.9523 4.999741 529.2863 -46.47325 4.999741 521.5819 -45.9523 4.999741 521.5363 -35.95232 4.999741 529.2863 -35.5616 4.999741 529.3205 -34.22871 4.999741 530.09 -34.00374 4.999741 530.4113 -33.838 4.999741 530.7668 -33.73649 4.999741 531.1456 -33.70232 4.999741 531.5363 -33.73649 4.999741 531.927 -48.06662 4.999741 532.3059 -48.16812 4.999741 531.927 -35.5616 4.999741 533.7521 -35.95232 4.999741 533.7863 -45.9523 4.999741 533.7863 -29.90086 4.999741 530.4113 -29.67592 4.999741 530.09 -17.5616 4.999741 529.3205 -17.18276 4.999741 529.422 -13.95232 4.999741 521.5363 -30.06664 4.999741 530.7668 -28.34303 4.999741 533.7521 -28.72185 4.999741 533.6506 -29.07732 4.999741 533.4849 -29.39858 4.999741 533.2599 -29.39858 4.999741 529.8127 -29.07732 4.999741 529.5877 -28.72185 4.999741 529.422 -29.67592 4.999741 532.9826 -29.90086 4.999741 532.6613 -30.06664 4.999741 532.3059 -30.16814 4.999741 531.927 -30.20232 4.999741 531.5363 -30.16814 4.999741 531.1456 -16.22871 4.999741 530.09 -16.00377 4.999741 530.4113 -28.34303 4.999741 529.3205 -27.95232 4.999741 529.2863 -17.95232 4.999741 529.2863 -16.82732 4.999741 529.5877 -16.50603 4.999741 529.8127 -13.95232 4.999741 536.5363 -15.70232 4.999741 531.5363 -15.7365 4.999741 531.927 -16.22871 4.999741 532.9826 -16.50603 4.999741 533.2599 -16.82732 4.999741 533.4849 -17.18276 4.999741 533.6506 -15.838 4.999741 530.7668 -15.7365 4.999741 531.1456 -15.838 4.999741 532.3059 -16.00377 4.999741 532.6613 -17.5616 4.999741 533.7521 -17.95232 4.999741 533.7863 -27.95232 4.999741 533.7863 1.172684 4.999741 529.5877 1.493973 4.999741 529.8127 36.02269 4.999741 521.5363 -10.343 4.999741 533.7521 -10.72185 4.999741 533.6506 -11.67592 4.999741 530.09 -11.39857 4.999741 529.8127 -11.07732 4.999741 529.5877 -10.72185 4.999741 529.422 -10.343 4.999741 529.3205 -9.952317 4.999741 529.2863 -9.952317 4.999741 533.7863 -11.67592 4.999741 532.9826 -11.90086 4.999741 532.6613 -12.20232 4.999741 531.5363 -12.16811 4.999741 531.1456 -12.0666 4.999741 530.7668 -11.90086 4.999741 530.4113 2.263504 4.999741 531.1456 2.297684 4.999741 531.5363 36.02269 4.999741 536.5363 2.263504 4.999741 531.927 1.771286 4.999741 532.9826 1.493973 4.999741 533.2599 1.172684 4.999741 533.4849 -11.07732 4.999741 533.4849 -11.39857 4.999741 533.2599 0.04768371 4.999741 529.2863 0.4384003 4.999741 529.3205 0.8172455 4.999741 529.422 1.771286 4.999741 530.09 1.996262 4.999741 530.4113 2.162003 4.999741 530.7668 2.162003 4.999741 532.3059 1.996262 4.999741 532.6613 0.8172455 4.999741 533.6506 0.4384003 4.999741 533.7521 0.04768371 4.999741 533.7863 -12.0666 4.999741 532.3059 -12.16811 4.999741 531.927 60.89577 4.999741 513.2727 60.44462 4.999741 514.9565 79.82268 4.999741 536.5363 59.70796 4.999741 516.5363 58.70814 4.999741 517.9642 51.04768 4.999741 521.5363 52.78416 4.999741 521.3843 79.82268 4.999741 273.5363 57.47557 4.999741 519.1967 56.04768 4.999741 520.1965 54.46791 4.999741 520.9332 77.2787 4.999741 16.31922 77.29769 4.999741 16.53629 76.85118 4.999741 15.57873 77.00524 4.999741 15.7328 74.96517 4.999741 17.16129 74.8731 4.999741 16.96381 74.8167 4.999741 16.75334 77.13024 4.999741 15.91129 77.22231 4.999741 16.10876 74.79769 4.999741 16.53629 74.8167 4.999741 16.31922 74.8731 4.999741 16.10876 75.24422 4.999741 15.57873 75.42269 4.999741 15.45375 77.2787 4.999741 16.75334 77.22231 4.999741 16.96381 76.04769 4.999741 17.78629 75.83065 4.999741 17.7673 74.96517 4.999741 15.91129 75.09014 4.999741 15.7328 77.13024 4.999741 17.16129 77.00524 4.999741 17.33977 76.85118 4.999741 17.49384 76.67269 4.999741 17.61882 75.09014 4.999741 17.33977 75.24422 4.999741 17.49384 76.26476 4.999741 15.30527 76.47521 4.999741 15.36167 76.67269 4.999741 15.45375 76.47521 4.999741 17.7109 76.26476 4.999741 17.7673 75.62017 4.999741 15.36167 75.83065 4.999741 15.30527 76.04769 4.999741 15.28629 75.62017 4.999741 17.7109 75.42269 4.999741 17.61882 70.59172 4.999741 3.386284 70.12764 4.999741 4.381554 69.8434 4.999741 5.442299 71.22161 4.999741 2.486725 71.99813 4.999741 1.710205 72.89769 4.999741 1.080322 79.19771 4.999741 11.99224 78.20241 4.999741 12.45634 77.14168 4.999741 12.74057 70.59172 4.999741 9.686287 70.12764 4.999741 8.69101 69.8434 4.999741 7.630264 69.7477 4.999741 6.536285 76.04769 4.999741 0.2362823 79.82268 4.999741 -0.9887161 74.95372 4.999741 0.3319969 73.89296 4.999741 0.6162186 77.14168 4.999741 0.3319969 78.20241 4.999741 0.6162186 79.19771 4.999741 1.080322 72.89769 4.999741 11.99224 71.99813 4.999741 11.36237 71.22161 4.999741 10.58585 76.04769 4.999741 12.83628 74.95372 4.999741 12.74057 73.89296 4.999741 12.45634 51.04768 4.999741 -508.4637 52.78416 4.999741 -508.3118 79.82268 4.999741 -518.4637 54.46791 4.999741 -507.8606 56.04768 4.999741 -507.124 74.96517 4.999741 -2.838715 74.8731 4.999741 -3.03619 77.2787 4.999741 -3.680775 77.29769 4.999741 -3.463715 77.2787 4.999741 -3.246654 77.22231 4.999741 -3.03619 74.8167 4.999741 -3.246654 74.79769 4.999741 -3.463715 74.8167 4.999741 -3.680775 76.85118 4.999741 -4.421272 77.00524 4.999741 -4.2672 77.13024 4.999741 -4.088715 77.22231 4.999741 -3.891243 77.13024 4.999741 -2.838715 77.00524 4.999741 -2.660233 76.85118 4.999741 -2.506161 75.42269 4.999741 -2.381184 75.24422 4.999741 -2.506161 75.09014 4.999741 -2.660233 74.8731 4.999741 -3.891243 74.96517 4.999741 -4.088715 75.09014 4.999741 -4.2672 75.24422 4.999741 -4.421272 57.47557 4.999741 -506.1242 58.70814 4.999741 -504.8916 59.70796 4.999741 -503.4637 76.04769 4.999741 -4.713715 76.26476 4.999741 -4.694725 76.67269 4.999741 -2.381184 76.47521 4.999741 -2.289101 76.26476 4.999741 -2.232704 76.47521 4.999741 -4.638332 76.67269 4.999741 -4.546249 76.04769 4.999741 -2.213715 75.83065 4.999741 -2.232704 75.62017 4.999741 -2.289101 60.44462 4.999741 -501.884 60.89577 4.999741 -500.2002 75.42269 4.999741 -4.546249 75.62017 4.999741 -4.638332 75.83065 4.999741 -4.694725 2.162003 4.999741 -517.6942 1.996262 4.999741 -517.3387 36.02269 4.999741 -508.4637 1.771286 4.999741 -517.0175 1.493973 4.999741 -516.7401 1.172684 4.999741 -516.5151 -9.952317 4.999741 -516.2138 -10.343 4.999741 -516.2479 -13.95232 4.999741 -508.4637 -10.72185 4.999741 -516.3494 -11.07732 4.999741 -516.5151 -11.39857 4.999741 -516.7401 0.8172455 4.999741 -516.3494 0.4384003 4.999741 -516.2479 0.04768371 4.999741 -516.2138 -11.67592 4.999741 -517.0175 -11.90086 4.999741 -517.3387 -12.0666 4.999741 -517.6942 -16.22871 4.999741 -517.0175 -16.50603 4.999741 -516.7401 -16.82732 4.999741 -516.5151 -17.18276 4.999741 -516.3494 -28.34303 4.999741 -516.2479 -28.72185 4.999741 -516.3494 -31.9523 4.999741 -508.4637 -29.07732 4.999741 -516.5151 -29.39858 4.999741 -516.7401 -15.7365 4.999741 -518.073 -15.838 4.999741 -517.6942 -16.00377 4.999741 -517.3387 -17.5616 4.999741 -516.2479 -17.95232 4.999741 -516.2138 -27.95232 4.999741 -516.2138 -29.67592 4.999741 -517.0175 -29.90086 4.999741 -517.3387 -30.06664 4.999741 -517.6942 -34.22871 4.999741 -517.0175 -34.50603 4.999741 -516.7401 -34.8273 4.999741 -516.5151 -35.18275 4.999741 -516.3494 -47.07732 4.999741 -516.5151 -47.39857 4.999741 -516.7401 -48.9523 4.999741 -511.4638 -48.25043 4.999741 -509.5354 -47.88068 4.999741 -509.1656 -46.34302 4.999741 -516.2479 -33.73649 4.999741 -518.073 -33.838 4.999741 -517.6942 -34.00374 4.999741 -517.3387 -46.72186 4.999741 -516.3494 -47.45232 4.999741 -508.8656 -46.97836 4.999741 -508.6447 -45.9523 4.999741 -516.2138 -47.6759 4.999741 -517.0175 -47.90086 4.999741 -517.3387 -48.9523 4.999741 -518.4637 -48.06662 4.999741 -517.6942 -48.16812 4.999741 -518.073 -35.5616 4.999741 -516.2479 -35.95232 4.999741 -516.2138 -45.9523 4.999741 -508.4637 -46.47325 4.999741 -508.5093 -48.90672 4.999741 -510.9428 -48.77138 4.999741 -510.4376 -48.55038 4.999741 -509.9637 -46.34302 4.999741 -526.2479 -46.72186 4.999741 -526.3494 -48.9523 4.999741 -523.4637 -47.6759 4.999741 -527.0175 -47.90086 4.999741 -527.3387 -47.07732 4.999741 -526.5151 -47.39857 4.999741 -526.7401 -35.95232 4.999741 -530.7137 -35.5616 4.999741 -530.6796 -31.9523 4.999741 -532.0887 -48.06662 4.999741 -527.6942 -48.16812 4.999741 -528.073 -48.9523 4.999741 -530.4637 -48.2023 4.999741 -528.4638 -48.16812 4.999741 -528.8544 -34.00374 4.999741 -527.3387 -34.22871 4.999741 -527.0175 -31.9523 4.999741 -523.4637 -48.06662 4.999741 -529.2332 -47.90086 4.999741 -529.5887 -48.90672 4.999741 -530.9847 -47.6759 4.999741 -529.91 -48.77138 4.999741 -531.4898 -47.39857 4.999741 -530.1873 -48.55038 4.999741 -531.9638 -47.07732 4.999741 -530.4123 -48.25043 4.999741 -532.3921 -46.72186 4.999741 -530.578 -46.34302 4.999741 -530.6796 -33.838 4.999741 -527.6942 -45.9523 4.999741 -530.7137 -35.18275 4.999741 -530.578 -34.8273 4.999741 -530.4123 -34.50603 4.999741 -530.1873 -34.50603 4.999741 -526.7401 -34.8273 4.999741 -526.5151 -35.18275 4.999741 -526.3494 -34.22871 4.999741 -529.91 -34.00374 4.999741 -529.5887 -33.838 4.999741 -529.2332 -33.73649 4.999741 -528.8544 -33.70232 4.999741 -528.4638 -33.73649 4.999741 -528.073 -35.5616 4.999741 -526.2479 -35.95232 4.999741 -526.2138 -45.9523 4.999741 -526.2138 -46.47325 4.999741 -533.4182 -46.97836 4.999741 -533.2828 -47.88068 4.999741 -532.7619 -47.45232 4.999741 -533.0618 90.64577 4.999741 -531.9638 89.07375 4.999741 -533.2828 88.56865 4.999741 -533.4182 90.34584 4.999741 -532.3921 89.97606 4.999741 -532.7619 89.54769 4.999741 -533.0618 79.82268 4.999741 -532.0887 90.86678 4.999741 -531.4898 91.00212 4.999741 -530.9847 -13.95232 4.999741 -523.4637 -11.67592 4.999741 -519.91 -11.39857 4.999741 -520.1873 36.02269 4.999741 -523.4637 0.8172455 4.999741 -520.5781 1.172684 4.999741 -520.4123 1.493973 4.999741 -520.1873 1.771286 4.999741 -519.91 1.996262 4.999741 -519.5888 2.162003 4.999741 -519.2332 2.263504 4.999741 -518.8544 36.02269 4.999741 -518.4637 2.297684 4.999741 -518.4637 2.263504 4.999741 -518.073 -11.07732 4.999741 -520.4123 -10.72185 4.999741 -520.5781 -10.343 4.999741 -520.6796 -12.16811 4.999741 -518.8544 -12.0666 4.999741 -519.2332 -11.90086 4.999741 -519.5888 -9.952317 4.999741 -520.7137 0.04768371 4.999741 -520.7137 0.4384003 4.999741 -520.6796 -47.90086 4.999741 -519.5888 -47.6759 4.999741 -519.91 -47.39857 4.999741 -520.1873 -47.07732 4.999741 -520.4123 -46.72186 4.999741 -520.5781 -35.5616 4.999741 -520.6796 -35.18275 4.999741 -520.5781 -34.8273 4.999741 -520.4123 -34.50603 4.999741 -520.1873 -48.2023 4.999741 -518.4637 -48.16812 4.999741 -518.8544 -48.06662 4.999741 -519.2332 -46.34302 4.999741 -520.6796 -45.9523 4.999741 -520.7137 -35.95232 4.999741 -520.7137 -34.22871 4.999741 -519.91 -34.00374 4.999741 -519.5888 -33.838 4.999741 -519.2332 -29.67592 4.999741 -519.91 -29.39858 4.999741 -520.1873 -29.07732 4.999741 -520.4123 -28.72185 4.999741 -520.5781 -17.5616 4.999741 -520.6796 -17.18276 4.999741 -520.5781 -16.82732 4.999741 -520.4123 -16.50603 4.999741 -520.1873 -30.16814 4.999741 -518.8544 -30.06664 4.999741 -519.2332 -29.90086 4.999741 -519.5888 -28.34303 4.999741 -520.6796 -27.95232 4.999741 -520.7137 -17.95232 4.999741 -520.7137 -16.22871 4.999741 -519.91 -16.00377 4.999741 -519.5888 -15.838 4.999741 -519.2332 81.96776 4.999741 8.69101 81.50365 4.999741 9.686287 80.09725 4.999741 1.710205 80.87377 4.999741 2.486725 81.50365 4.999741 3.386284 81.96776 4.999741 4.381554 82.252 4.999741 5.442299 82.3477 4.999741 6.536285 82.252 4.999741 7.630264 -29.90086 4.999741 540.4113 -29.67592 4.999741 540.09 -17.5616 4.999741 539.3204 -17.18276 4.999741 539.4219 -30.06664 4.999741 540.7668 -28.34303 4.999741 543.7521 -28.72185 4.999741 543.6506 -29.07732 4.999741 543.4849 -29.39858 4.999741 543.2599 -29.39858 4.999741 539.8127 -29.07732 4.999741 539.5877 -28.72185 4.999741 539.4219 -29.67592 4.999741 542.9826 -29.90086 4.999741 542.6613 -30.06664 4.999741 542.3058 -30.16814 4.999741 541.927 -30.20232 4.999741 541.5363 -30.16814 4.999741 541.1456 -16.22871 4.999741 540.09 -16.00377 4.999741 540.4113 -28.34303 4.999741 539.3204 -27.95232 4.999741 539.2863 -17.95232 4.999741 539.2863 -16.82732 4.999741 539.5877 -16.50603 4.999741 539.8127 -15.70232 4.999741 541.5363 -15.7365 4.999741 541.927 -16.22871 4.999741 542.9826 -16.50603 4.999741 543.2599 -16.82732 4.999741 543.4849 -17.18276 4.999741 543.6506 -15.838 4.999741 540.7668 -15.7365 4.999741 541.1456 -15.838 4.999741 542.3058 -16.00377 4.999741 542.6613 -17.5616 4.999741 543.7521 -17.95232 4.999741 543.7863 -27.95232 4.999741 543.7863 -11.67592 4.999741 540.09 -11.39857 4.999741 539.8127 2.162003 4.999741 542.3058 1.996262 4.999741 542.6613 -10.343 4.999741 543.7521 -10.72185 4.999741 543.6506 -11.07732 4.999741 539.5877 -10.72185 4.999741 539.4219 -10.343 4.999741 539.3204 1.493973 4.999741 539.8127 1.172684 4.999741 539.5877 0.8172455 4.999741 539.4219 -9.952317 4.999741 543.7863 -11.67592 4.999741 542.9826 -11.90086 4.999741 542.6613 -12.20232 4.999741 541.5363 -12.16811 4.999741 541.1456 -12.0666 4.999741 540.7668 -11.90086 4.999741 540.4113 1.771286 4.999741 542.9826 1.493973 4.999741 543.2599 1.172684 4.999741 543.4849 -11.07732 4.999741 543.4849 -11.39857 4.999741 543.2599 -9.952317 4.999741 539.2863 0.04768371 4.999741 539.2863 0.4384003 4.999741 539.3204 1.771286 4.999741 540.09 1.996262 4.999741 540.4113 2.162003 4.999741 540.7668 2.263504 4.999741 541.1456 2.297684 4.999741 541.5363 2.263504 4.999741 541.927 0.8172455 4.999741 543.6506 0.4384003 4.999741 543.7521 0.04768371 4.999741 543.7863 -12.0666 4.999741 542.3058 -12.16811 4.999741 541.927 79.82268 4.999741 -523.4637 -28.34303 4.999741 -526.2479 -28.72185 4.999741 -526.3494 -16.00377 4.999741 -527.3387 -16.22871 4.999741 -527.0175 -29.67592 4.999741 -529.91 -29.39858 4.999741 -530.1873 -29.07732 4.999741 -530.4123 -28.72185 4.999741 -530.578 -15.838 4.999741 -527.6942 -29.67592 4.999741 -527.0175 -29.90086 4.999741 -527.3387 -30.16814 4.999741 -528.8544 -30.06664 4.999741 -529.2332 -29.90086 4.999741 -529.5887 -17.5616 4.999741 -530.6796 -17.18276 4.999741 -530.578 -13.95232 4.999741 -532.0887 -16.82732 4.999741 -530.4123 -16.50603 4.999741 -530.1873 -16.50603 4.999741 -526.7401 -16.82732 4.999741 -526.5151 -17.18276 4.999741 -526.3494 -29.07732 4.999741 -526.5151 -29.39858 4.999741 -526.7401 -28.34303 4.999741 -530.6796 -27.95232 4.999741 -530.7137 -17.95232 4.999741 -530.7137 -16.22871 4.999741 -529.91 -16.00377 4.999741 -529.5887 -15.838 4.999741 -529.2332 -15.7365 4.999741 -528.8544 -15.70232 4.999741 -528.4638 -15.7365 4.999741 -528.073 -30.06664 4.999741 -527.6942 -30.16814 4.999741 -528.073 -30.20232 4.999741 -528.4638 -17.5616 4.999741 -526.2479 -17.95232 4.999741 -526.2138 -27.95232 4.999741 -526.2138 -11.67592 4.999741 -529.91 -11.39857 4.999741 -530.1873 2.162003 4.999741 -527.6942 1.996262 4.999741 -527.3387 -10.343 4.999741 -526.2479 -10.72185 4.999741 -526.3494 -11.07732 4.999741 -530.4123 -10.72185 4.999741 -530.578 -10.343 4.999741 -530.6796 1.493973 4.999741 -530.1873 36.02269 4.999741 -532.0887 1.172684 4.999741 -530.4123 0.8172455 4.999741 -530.578 -9.952317 4.999741 -526.2138 -11.67592 4.999741 -527.0175 -11.90086 4.999741 -527.3387 -12.16811 4.999741 -528.8544 -12.0666 4.999741 -529.2332 -11.90086 4.999741 -529.5887 1.771286 4.999741 -527.0175 1.493973 4.999741 -526.7401 1.172684 4.999741 -526.5151 -11.07732 4.999741 -526.5151 -11.39857 4.999741 -526.7401 -9.952317 4.999741 -530.7137 0.04768371 4.999741 -530.7137 0.4384003 4.999741 -530.6796 1.771286 4.999741 -529.91 1.996262 4.999741 -529.5887 2.162003 4.999741 -529.2332 2.263504 4.999741 -528.8544 2.297684 4.999741 -528.4638 2.263504 4.999741 -528.073 0.8172455 4.999741 -526.3494 0.4384003 4.999741 -526.2479 0.04768371 4.999741 -526.2138 -12.0666 4.999741 -527.6942 -12.16811 4.999741 -528.073 -12.20232 4.999741 -528.4638</float_array>
          <technique_common>
            <accessor source="#BOX_PAD1_0_simple_005-mesh-positions-array" count="4166" stride="3">
              <param name="X" type="float"/>
              <param name="Y" type="float"/>
              <param name="Z" type="float"/>
            </accessor>
          </technique_common>
        </source>
        <source id="BOX_PAD1_0_simple_005-mesh-normals">
          <float_array id="BOX_PAD1_0_simple_005-mesh-normals-array" count="9657">0 -1 0 0 -1 2.43795e-5 0 -1 -1.36141e-5 0 -1 -1.56038e-5 0 -1 -2.54155e-5 0 -1 2.93225e-5 0 -1 4.49526e-6 0 -1 2.12607e-6 0 -1 -1.84361e-6 0 -1 -1.16776e-4 0 -1 8.37968e-5 0 -1 -1.58045e-5 0 -1 3.92797e-6 0 -1 -2.12602e-6 0 -1 3.83866e-5 0 -1 -3.66037e-6 0 -1 -3.09338e-6 0 -1 6.96297e-6 0 -1 2.62199e-4 0 -1 3.21303e-5 0 -1 -7.94752e-7 0 -1 2.09219e-5 0 -1 -3.36508e-5 0 -1 -9.59152e-6 0 -1 3.61317e-5 0 -1 -3.00867e-6 0 -1 -3.19872e-7 0 -1 -8.31596e-6 0 -1 7.66261e-6 0 -1 -6.18646e-6 0 -1 -3.77658e-6 0 -1 1.62633e-5 0 -1 -9.59156e-6 0 -1 2.05595e-5 0 -1 8.46351e-6 0 -1 4.72824e-5 0 -1 5.10967e-6 0 -1 -9.18771e-7 0 -1 8.90279e-5 0 -1 -3.84106e-5 0 -1 2.43794e-5 0 -1 -1.3899e-5 0 -1 -4.03273e-5 0 -1 5.53632e-5 0 -1 -1.61827e-5 0 -1 -1.56038e-5 0 -1 1.61633e-5 0 -1 -5.73606e-5 0 -1 7.72485e-6 0 -1 7.07064e-5 0 -1 -3.28411e-5 0 -1 3.41245e-5 0 -1 -5.2082e-5 0 -1 1.47886e-5 0 -1 -4.70881e-7 0 -0.9999991 0.001398563 0 -1 -6.09959e-5 0 -1 7.94752e-7 0 -1 7.79862e-7 0 -1 -8.09053e-5 0 -1 3.7436e-5 0 -1 -1.75389e-5 0 -1 3.7436e-5 0 -1 -4.29808e-5 0 -1 -8.05935e-5 0 -1 -5.39948e-5 0 -1 4.43903e-5 0 -1 -4.85528e-5 0 -1 7.51202e-6 0 -1 -8.05934e-5 0 -1 1.8887e-5 0 -1 -5.81619e-5 0 -1 1.88834e-5 0 -1 6.37877e-6 0 -1 5.13178e-6 0 -1 -2.16209e-6 0 -1 1.62628e-5 0 -1 -4.39293e-6 0 -1 -3.1839e-7 0 -1 -1.81028e-5 0 -1 9.24556e-6 0 -1 4.08697e-5 0 -1 -5.7927e-6 0 -1 -1.63911e-5 0 -1 -4.72824e-5 0 -1 2.50113e-5 0 -1 -1.46633e-5 0 -1 4.85379e-5 0 -1 -1.49316e-5 0 -1 1.49301e-5 0 -1 1.07875e-5 0 -1 -3.28406e-5 0 -1 -1.25295e-6 0 -1 -4.08697e-5 0 -1 5.79221e-6 0 -1 1.64675e-5 0 -1 -3.42269e-5 0 -1 1.8718e-5 0 -1 4.90248e-5 0 -1 -4.77583e-7 0 -1 8.96212e-7 0 1 -7.51202e-6 0 1 2.57044e-5 0 1 9.55042e-6 0 1 0 0 1 1.99006e-5 0 1 1.40381e-5 0 1 -3.09806e-5 0 1 -4.07413e-6 0 1 9.73648e-6 0 1 4.29808e-5 0 1 -3.7436e-5 0 1 1.56038e-5 0 1 -1.83404e-5 0 1 -7.71607e-6 0 1 8.40243e-6 0 1 -1.58044e-5 0 1 -3.66108e-6 0 1 1.38991e-5 0 1 -8.46351e-6 0 1 1.22257e-5 0 1 -3.29434e-6 0 1 -3.18259e-5 0 1 7.46464e-6 0 1 4.00492e-6 0 1 -9.24556e-6 0 1 1.81028e-5 0 1 -8.63971e-6 0 1 3.13581e-6 0 1 -1.83404e-5 0 1 -1.31409e-4 0 1 8.35387e-5 0 1 -3.68628e-6 0 1 5.80973e-6 0 1 -1.46431e-6 0 1 1.75389e-5 0 1 2.46307e-6 0 1 -2.05597e-5 0 1 2.14012e-5 0 1 -3.7436e-5 0 1 4.29809e-5 0 1 1.92534e-5 0 1 -5.39948e-5 0 1 7.45618e-6 0 1 -4.64001e-5 0 1 1.18744e-6 0 1 -8.46351e-6 0 1 3.43265e-6 0 1 2.54154e-5 0 1 -1.29516e-5 0 1 9.81912e-6 0 1 -2.26584e-6 0 1 -1.29515e-5 0 1 1.25295e-6 0 1 3.51309e-5 0 1 -1.85928e-5 0 1 4.12831e-5 0 1 -4.21643e-6 0 1 -1.94994e-6 0 1 -3.29434e-6 0 1 -2.51445e-6 0 1 -7.45694e-6 0 1 2.19741e-6 0 1 -7.94729e-6 0 1 -5.66609e-5 0 1 4.26671e-5 0 1 3.04815e-5 0 0.9999998 7.49411e-4 0 1 -1.21298e-5 0 1 5.13194e-6 0 1 -2.16209e-6 0 1 1.09384e-6 0 1 -1.2571e-5 0 1 1.61827e-5 0 1 3.18259e-5 0 1 -4.17318e-5 0 1 -7.19728e-6 0 1 -2.32277e-7 0 1 -4.0365e-6 0 1 2.22157e-6 0 1 2.79845e-6 0 1 -2.68276e-6 0 1 7.82252e-6 0 1 3.19872e-7 0 1 -4.15801e-6 0 1 -4.05661e-6 0 1 -2.78735e-6 0 1 2.73193e-6 0 1 1.66202e-5 0 1 -2.75779e-6 0 1 2.74921e-6 0 1 -1.66185e-5 1 0 0 -1 0 0 0 0 1 0 0 -1 1 0 0 1 0 0 1 0 0 1 0 0 1 0 0 1 0 0 -1 5.49249e-6 0 -1 -1.83056e-6 0 -1 1.83075e-6 0 -1 -2.74597e-6 0 -1 5.85892e-5 0 -1 -3.66118e-6 0 -1 1.83064e-6 0 0 0.9961944 -0.08715909 0 0.08709985 -0.9961996 0 0.2588502 -0.9659175 0 0.4226243 -0.906305 0 0.5735549 -0.8191671 0 0.7071177 -0.7070959 0 0.819164 -0.5735594 0 0.819164 -0.5735593 0 0.9062972 -0.422641 0 0.965927 -0.2588148 0 0.9961945 -0.08715933 0 0.9961944 -0.08715939 0 -0.9961919 0.08718866 0 -0.996192 0.08718723 0 -0.9961919 0.08718866 0 -0.9961917 0.08719056 0 -0.9659497 0.2587302 0 -0.9659496 0.2587303 0 -0.9062816 0.4226746 0 -0.9062815 0.4226746 0 -0.8191908 0.5735211 0 -0.8191908 0.5735211 0 -0.707063 0.7071506 0 -0.5735446 0.8191744 0 -0.4226075 0.9063128 0 -0.2587741 0.965938 0 -0.08718866 0.9961919 0 1 2.09683e-6 0 1 -6.75011e-7 0 1 5.52253e-7 0 1 -1.17517e-6 0 1 -8.67184e-7 0 1 0 0 1 -1.54814e-6 0 1 1.34752e-7 0 1 1.05284e-6 0 1 1.99475e-7 0 1 0 0 1 9.10225e-7 0 1 -1.39064e-7 0 1 -2.46674e-7 0 1 -2.0966e-6 0 1 1.64872e-6 0 1 -1.24498e-7 0 1 1.68851e-7 0 1 2.48356e-7 0 1 2.7188e-7 0 1 -2.8123e-7 0 1 0 0 1 1.99476e-7 0 1 0 0 1 5.52249e-7 0 1 0 0 1 0 0 1 -5.25988e-7 0 1 0 0 1 -5.5225e-7 0 1 6.74955e-7 0 1 -5.52245e-7 0 1 8.67185e-7 0 1 -5.25984e-7 0 1 -7.35862e-7 0 1 -1.98706e-7 0 1 0 0 1 0 0 1 5.26071e-7 0 1 -6.75016e-7 0 1 5.5225e-7 0 1 -8.67191e-7 0 1 5.26072e-7 0 1 0 0 1 5.52245e-7 0 1 7.20703e-7 0 1 -2.35188e-7 0 1 -2.6591e-7 0 1 1.23667e-6 0 1 -6.91894e-7 0 1 8.60029e-7 0 1 -8.05385e-7 0 1 7.46043e-7 0 1 0 0 1 9.25632e-7 0 1 -7.20765e-7 0 1 2.35162e-7 0 1 7.35941e-7 0 1 0 0 1 0 0 1 -5.25983e-7 0 1 0 0 1 -5.52253e-7 0 1 -5.52249e-7 0 1 0 0 1 -5.25984e-7 0 1 -1.42096e-7 0 1 8.41083e-7 0 1 -1.68248e-7 0 1 1.51877e-7 0 1 -1.64853e-6 0 1 7.3594e-7 0 1 1.98687e-7 0 1 -7.20768e-7 0 1 3.90744e-7 0 1 -1.60128e-7 0 1 2.00952e-6 0 1 -2.14642e-7 0 1 0 0 1 1.68249e-7 0 1 -6.75017e-7 0 1 -6.1405e-7 0 1 0 0 1 -1.84095e-7 0 1 0 0 1 1.6014e-7 0 1 -3.90744e-7 0 1 -1.49542e-6 0 1 0 0 1 5.26073e-7 0 1 -1.98706e-7 0 1 -7.70945e-7 0 1 7.03905e-7 0 1 -6.62254e-7 0 1 -2.37338e-7 0 1 -1.60216e-7 0 1 -1.65495e-6 0 1 1.54129e-6 0 1 -1.49731e-6 0 1 1.15374e-6 0 1 7.20701e-7 0 1 7.32364e-7 0 1 -7.64798e-7 0 1 0 0 1 7.03903e-7 0 1 -6.94547e-7 0 1 -1.98706e-7 0 1 -7.70942e-7 0 1 7.03907e-7 0 1 -7.64797e-7 0 1 7.32366e-7 0 1 -6.75019e-7 0 1 0 0 1 1.03132e-6 0 1 -1.40467e-7 0 1 -1.40468e-7 0 1 -6.62249e-7 0 1 1.03132e-6 0 1 0 0 1 7.03913e-7 0 1 -6.94547e-7 0 1 7.20701e-7 0 1 -2.2472e-7 0 1 -7.64798e-7 0 1 0 0 1 0 0 1 -9.0778e-7 0 1 8.16962e-7 0 1 -7.46106e-7 0 1 8.0532e-7 0 1 8.16811e-7 0 1 -6.78701e-7 0 1 1.11508e-6 0 1 -7.03849e-7 0 1 0 0 1 0 0 1 5.51977e-7 0 -1 1.19322e-6 0 -1 -7.94579e-7 0 -1 1.0856e-6 0 -1 -9.20797e-7 0 -1 1.82045e-6 0 -1 1.9865e-7 0 -1 -1.99475e-7 0 -1 6.75011e-7 0 -1 8.16795e-7 0 -1 -2.69503e-7 0 -1 1.88377e-7 0 -1 -4.50923e-7 0 -1 -1.11495e-6 0 -1 -1.07549e-6 0 -1 0 0 -1 -1.03208e-6 0 -1 -2.69503e-7 0 -1 5.49573e-7 0 -1 1.70349e-6 0 -1 -5.02044e-7 0 -1 0 0 -1 1.67367e-6 0 -1 -1.99476e-7 0 -1 1.79872e-7 0 -1 1.82035e-6 0 -1 1.98706e-7 0 -1 8.16796e-7 0 -1 -1.36005e-6 0 -1 6.57798e-7 0 -1 -4.44751e-7 0 -1 -2.70163e-6 0 -1 -2.59928e-7 0 -1 -1.07549e-6 0 -1 -4.50919e-7 0 -1 1.98706e-7 0 -1 0 0 -1 -5.02045e-7 0 -1 6.75019e-7 0 -1 -5.02041e-7 0 -1 -1.11496e-6 0 -1 -4.50918e-7 0 -1 0 0 -1 1.11494e-6 0 -1 -3.01715e-6 0 -1 -3.01715e-6 0 -1 4.50843e-7 0 -1 1.0756e-6 0 -1 -1.98687e-7 0 -1 -8.16871e-7 0 -1 0 0 -1 5.02041e-7 0 -1 -8.16871e-7 0 -1 -2.35162e-7 0 -1 1.07561e-6 0 -1 1.07561e-6 0 -1 -1.98687e-7 0 -1 -8.16867e-7 0 -1 0 0 -1 1.11495e-6 0 -1 -3.01715e-6 0 -1 -3.08226e-6 0 -1 4.73056e-7 0 -1 -9.1277e-7 0 -1 0 0 -1 5.49088e-7 0 -1 -4.82615e-7 0 -1 4.19321e-6 0 -1 -2.27028e-7 0 -1 0 0 -1 5.02044e-7 0 -1 -5.4951e-7 0 -1 1.28397e-6 0 -1 -1.1209e-6 0 -1 -1.58827e-7 0 -1 -1.17774e-6 0 -1 2.20612e-7 0 -1 4.50843e-7 0 -1 -8.16871e-7 0 -1 -2.35162e-7 0 -1 1.07561e-6 0 -1 0 0 -1 -5.02048e-7 0 -1 1.98707e-7 0 -1 1.0288e-6 0 -1 -1.19012e-6 0 -1 -8.66771e-7 0 -1 -7.32364e-7 0 -1 -5.49088e-7 0 -1 0 0 -1 3.08226e-6 0 -1 3.01715e-6 0 -1 -1.24634e-7 0 -1 1.32598e-6 0 -1 -4.21401e-6 0 -1 -4.3422e-6 0 -1 1.43367e-6 0 -1 -1.36392e-7 0 -1 -8.16811e-7 0 -1 -9.75538e-7 0 -1 1.18265e-6 0 -1 -1.16464e-6 0 -1 2.2472e-7 0 -1 1.02879e-6 0 -1 -1.24634e-7 0 -1 5.58224e-7 0 -1 -1.01511e-6 0 -1 -8.66771e-7 0 -1 -4.21405e-6 0 -1 -4.21401e-6 0 -1 5.67647e-7 0 -1 -8.6677e-7 0 -1 -2.06204e-7 0 -1 -1.11496e-6 0 -1 6.75016e-7 0 -1 8.16795e-7 0 -1 -1.24634e-7 0 -1 0 0 -1 1.4307e-6 0 -1 -1.28866e-6 0 -1 3.20431e-7 0 -1 -4.21403e-6 0 -1 5.67646e-7 0 -1 -1.24634e-7 0 -1 5.58227e-7 0 -1 -8.6677e-7 0 -1 -7.81488e-7 0 -1 1.12098e-6 0 -1 -1.9474e-7 0 -1 -1.50249e-6 0 -1 3.8458e-7 0 -1 1.90407e-6 0 -1 -1.54129e-6 0 -1 -4.5092e-7 0 -1 0 0 -1 -2.84192e-7 0 -1 -2.20612e-7 0 -1 1.38378e-6 -1 -1.83064e-6 0 -1 -1.09835e-5 0 -1 2.74597e-6 0 -1 -1.83075e-6 0 -1 1.83067e-6 0 -1 -2.92877e-5 0 -1 1.8307e-6 0 1 0 0 1 0 0 1 0 0 1 0 0 0 -0.08710175 -0.9961994 0 -0.08709943 -0.9961997 0 -0.2588456 -0.9659187 0 -0.2588388 -0.9659205 0 -0.4226333 -0.9063008 0 -0.5735636 -0.8191611 0 -0.5735509 -0.8191699 0 -0.7071135 -0.7071 0 -0.707127 -0.7070866 0 -0.819149 -0.5735808 0 -0.8191491 -0.5735808 0 -0.9063076 -0.422619 0 -0.9659245 -0.2588242 0 -0.9659178 -0.2588494 0 -0.9961972 -0.08712756 0 -0.9961948 -0.08715432 0 0.9961942 0.08716195 0 0.9962036 0.08705502 0 0.965916 0.2588559 0 0.9659429 0.2587554 0 0.9062713 0.4226968 0 0.9062713 0.4226967 0 0.8192573 0.5734263 0 0.8192067 0.5734986 0 0.7070394 0.7071741 0 0.7069856 0.707228 0 0.5735636 0.8191611 0 0.4226333 0.9063008 0 0.2587504 0.9659442 0 0.08719098 0.9961916 -1 2.03236e-6 0 -1 -1.62591e-5 0 -1 4.06478e-6 0 -1 -6.09627e-6 0 -1 -4.06425e-6 0 -1 3.25098e-5 0 -1 4.06431e-6 0 -1 -6.50364e-5 0 -1 -1.01606e-6 0 -1 6.50195e-5 0 -1 -6.60462e-6 0 -1 -4.57228e-6 0 1 0 0 1 0 0 1 1.27008e-7 0 1 0 0 1 1.5877e-7 0 1 0 0 1 0 0 1 5.08097e-7 0 0 -0.996918 0.07845127 0 -0.972367 0.2334578 0 -0.9723738 0.2334295 0 -0.923871 0.3827041 0 -0.9238815 0.3826786 0 -0.8526318 0.5225123 0 -0.7604128 0.6494401 0 -0.6494679 0.7603892 0 -0.5224693 0.8526582 0 -0.3826909 0.9238766 0 -0.3826907 0.9238765 0 -0.2334784 0.972362 0 -0.2334716 0.9723636 0 -0.0784229 0.9969202 0 -0.07842528 0.9969201 0 0.07838398 -0.9969233 0 0.07837462 -0.996924 0 0.2335568 -0.9723432 0 0.3825452 -0.9239369 0 0.3825875 -0.9239194 0 0.5225666 -0.8525985 0 0.5225666 -0.8525986 0 0.6493821 -0.7604624 0 0.6493821 -0.7604624 0 0.7604424 -0.6494055 0 0.7603832 -0.6494747 0 0.8526185 -0.522534 0 0.8526718 -0.522447 0 0.9238746 -0.3826953 0 0.9238747 -0.3826953 0 0.9723873 -0.2333729 0 0.9723874 -0.2333729 0 0.9969133 -0.07851076 -7.13323e-6 0 1 1.04421e-5 0 1 8.64865e-5 0 1 -4.41376e-5 0 1 -6.54455e-6 0 1 -1.24821e-4 0 1 2.88581e-5 0 1 2.88569e-5 0 1 4.84802e-5 0 1 -8.65737e-5 0 1 8.65751e-5 0 1 -1.01004e-4 0 1 7.21443e-5 0 1 -5.04998e-5 0 1 2.07419e-4 0 1 -2.0741e-4 0 1 2.20235e-5 0 1 -9.78832e-6 0 1 2.26811e-6 0 1 -9.59146e-6 0 1 6.59311e-6 0 1 -2.12217e-5 0 1 1.52919e-5 0 1 -2.67707e-6 0 1 1.87233e-4 0 1 -1.8796e-4 0 1 7.13323e-6 0 1 -1.26022e-4 0 1 3.79064e-5 0 1 -1.3247e-5 0 1 8.16705e-6 0 1 -2.13661e-6 0 1 2.0088e-5 0 1 -3.57106e-5 0 1 1.8796e-4 0 1 -1.87233e-4 0 1 2.79059e-5 0 1 -1.1973e-4 0 1 4.41376e-5 0 1 -6.2884e-6 0 1 8.756e-6 0 1 -9.69618e-5 0 1 2.34475e-5 0 1 5.05001e-5 0 1 -7.21433e-5 0 1 4.84807e-5 0 1 1.01002e-4 0 1 -4.84819e-5 0 1 2.88588e-5 0 1 8.65737e-5 0 1 -2.42407e-5 0 1 6.06017e-6 0 1 -2.88569e-5 0 1 -1.21202e-5 0 1 -4.89285e-5 0 -1 1.86697e-5 0 -1 -4.378e-6 0 -1 -8.14484e-5 0 -1 -4.79577e-6 0 -1 2.19784e-6 0 -1 -8.42824e-6 0 -1 -3.31917e-5 0 -1 3.34801e-6 0 -1 5.78171e-5 0 -1 6.09088e-5 0 -1 1.93849e-4 0 -1 -1.55851e-5 0 -1 2.75242e-5 0 -1 4.79573e-6 0 -1 -8.87129e-6 0 -1 3.79064e-5 0 -1 -1.03327e-4 0 -1 -5.83331e-6 0 -1 5.09516e-6 0 -1 8.14484e-5 0 -1 -1.45626e-4 0 -1 1.19611e-4 0 -1 -8.11603e-5 0 -1 8.11644e-5 0 -1 -3.60715e-5 0 -1 -1.01001e-4 0 -1 4.84807e-5 0 -1 -1.44289e-5 0 -1 5.77158e-5 0 -1 6.06017e-6 0 -1 -1.30891e-5 0 -1 -8.32139e-5 0 -1 -3.03006e-6 0 -1 6.06013e-6 0 -1 -2.30867e-4 0 -1 4.84821e-5 0 -1 -1.15432e-4 0 -1 2.42402e-5 0 -1 1.1543e-4 0 -1 -2.42405e-5 0 -1 2.42406e-5 0 -1 -6.09088e-5 0 -1 -0.9961961 0 -0.08714044 -0.965916 0 -0.2588561 -0.9659516 0 -0.2587227 -0.9062935 0 -0.422649 -0.8190988 0 -0.5736526 -0.8191866 0 -0.5735273 -0.7070401 0 -0.7071735 -0.7071735 0 -0.7070401 -0.5735788 0 -0.8191505 -0.4225952 0 -0.9063186 -0.2587708 0 -0.9659388 -0.08750301 0 -0.9961643 -0.08697354 0 -0.9962107 0.08697354 0 -0.9962107 0.08750301 0 -0.9961643 0.2587833 0 -0.9659354 0.422576 0 -0.9063275 0.5735788 0 -0.8191505 0.7071735 0 -0.7070401 0.7070401 0 -0.7071735 0.8191866 0 -0.5735273 0.8190988 0 -0.5736526 0.9063127 0 -0.422608 0.9659392 0 -0.2587694 0.9659034 0 -0.2589028 0.9961961 0 -0.08714044 0.9961961 0 0.08714044 0.9659214 0 0.2588361 0.9063602 0 0.4225057 0.906265 0 0.4227102 0.8190988 0 0.5736526 0.7071735 0 0.7070401 0.5735788 0 0.8191505 0.422576 0 0.9063275 0.2587833 0 0.9659354 0.2590322 0 0.9658687 0.08697354 0 0.9962107 0.08723831 0 0.9961876 -0.08723831 0 0.9961876 -0.08697354 0 0.9962107 -0.2590197 0 0.9658721 -0.2587708 0 0.9659388 -0.4225952 0 0.9063186 -0.5735788 0 0.8191505 -0.7071735 0 0.7070401 -0.8190988 0 0.5736526 -0.9062458 0 0.4227513 -0.9063411 0 0.4225469 -0.9659339 0 0.2587894 -0.9961961 0 0.08714044 -0.9659034 0 -0.2589028 -0.9659392 0 -0.2587694 -0.9063127 0 -0.422608 0.2587708 0 -0.9659388 0.4225952 0 -0.9063186 0.4225952 0 0.9063186 0.2587708 0 0.9659388 0.2590197 0 0.9658721 -0.906265 0 0.4227102 -0.9063602 0 0.4225057 -0.9659214 0 0.2588361 0.8191866 0 0.5735273 0.7070401 0 0.7071735 0.4228143 0 0.9062164 0.2585219 0 0.9660055 -0.2585219 0 0.9660055 -0.4228143 0 0.9062164 -0.7070401 0 0.7071735 -0.8191866 0 0.5735273 0.4227951 0 0.9062254 0.2585344 0 0.9660021 0.08712244 -0.9961977 0 0.2588118 -0.9659278 0 0.4226367 -0.9062992 0 0.5735827 -0.8191478 0 0.7071068 -0.7071068 0 0.8191432 -0.5735892 0 0.8191523 -0.5735762 0 0.9062992 -0.4226367 0 0.9659287 -0.2588083 0 0.9659269 -0.2588152 0 0.9961941 -0.0871638 0 0.9961943 0.08716142 0 0.9961945 0.08715897 0 0.965925 0.2588222 0 0.9062992 0.4226367 0 0.8191432 0.5735892 0 0.8191523 0.5735762 0 0.7071068 0.7071068 0 0.5735827 0.8191478 0 0.4226367 0.9062992 0 0.2588118 0.9659278 0 0.0871638 0.9961941 0 -0.0871638 0.9961941 0 -0.2588118 0.9659278 0 -0.4226367 0.9062992 0 -0.5735827 0.8191478 0 -0.7071068 0.7071068 0 -0.8191432 0.5735892 0 -0.8191523 0.5735762 0 -0.9062992 0.4226367 0 -0.965925 0.2588222 0 -0.9961943 0.08716142 0 -0.9961945 0.08715897 0 -0.9961941 -0.0871638 0 -0.9659287 -0.2588083 0 -0.9659269 -0.2588152 0 -0.9062992 -0.4226367 0 -0.8191432 -0.5735892 0 -0.8191523 -0.5735762 0 -0.7071068 -0.7071068 0 -0.5735827 -0.8191478 0 -0.4226367 -0.9062992 0 -0.2588118 -0.9659278 0 -0.08712244 -0.9961977 0 0.2588152 -0.9659269 0 0.2588083 -0.9659287 0 0.5735892 -0.8191432 0 0.5735762 -0.8191523 0 0.7070999 -0.7071138 0 0.7071138 -0.7070999 0 0.9063045 -0.4226253 0 0.9062939 -0.4226481 0 0.9659323 -0.2587954 0 0.9659234 -0.2588282 0 0.9961953 -0.08715003 0 0.9961929 -0.08717763 0 0.996193 0.08717519 0 0.9961957 0.0871452 0 0.9659215 0.2588351 0 0.9659285 0.2588092 0 0.9062939 0.4226481 0 0.9063045 0.4226253 0 0.7071138 0.7070999 0 0.7070999 0.7071138 0 0.5735762 0.8191523 0 0.5735892 0.8191432 0 0.2588083 0.9659287 0 0.2588152 0.9659269 0 -0.08715897 0.9961945 0 -0.08716142 0.9961943 0 -0.2588222 0.965925 0 -0.5735892 0.8191432 0 -0.5735762 0.8191523 0 -0.7070999 0.7071138 0 -0.7071138 0.7070999 0 -0.9063045 0.4226253 0 -0.9062939 0.4226481 0 -0.9659285 0.2588092 0 -0.9659215 0.2588351 0 -0.9961954 0.08714765 0 -0.9961933 0.0871728 0 -0.9961929 -0.08717763 0 -0.9961953 -0.08715003 0 -0.9659252 -0.2588213 0 -0.9659304 -0.2588023 0 -0.9062939 -0.4226481 0 -0.9063045 -0.4226253 0 -0.7071138 -0.7070999 0 -0.7070999 -0.7071138 0 -0.5735762 -0.8191523 0 -0.5735892 -0.8191432 0 -0.2588222 -0.965925 0 -0.08712005 -0.9961979 0 -0.08711761 -0.9961981 0 0.996195 0.08715188 0 0.9659227 0.2588306 0 0.9063133 0.4226065 0 0.9063092 0.4226155 0 0.8191464 0.5735846 0 0.8191541 0.5735736 0 0.7071068 0.7071068 0 0.5735763 0.8191522 0 0.422618 0.9063079 0 0.4226084 0.9063124 0 0.2588306 0.9659227 0 0.08715236 0.996195 0 -0.08715289 0.996195 0 -0.08715188 0.996195 0 -0.2588306 0.9659227 0 -0.4226203 0.9063069 0 -0.4226062 0.9063134 0 -0.5735791 0.8191502 0 -0.5735736 0.8191541 0 -0.7071068 0.7071068 0 -0.8191464 0.5735846 0 -0.8191541 0.5735736 0 -0.9063066 0.422621 0 -0.9063025 0.4226299 0 -0.9659286 0.2588088 0 -0.9659258 0.2588197 0 -0.996195 0.08715188 0 0.08721029 0 0.99619 0.08711761 0 0.9961981 0.2588306 0 0.9659227 0.4225317 0 0.9063482 0.4226852 0 0.9062767 0.5735843 0 0.8191466 0.5735215 0 0.8191905 0.7071185 0 0.7070952 0.7071185 0 0.7070952 0.8191848 0 0.5735297 0.8191233 0 0.5736175 0.906305 0 0.4226245 0.906305 0 0.4226244 0.9659243 0 0.2588248 0.9961958 0 0.08714377 0.9961944 0 0.08715999 -0.9961944 0 0.08715999 -0.9961958 0 0.08714377 -0.9659287 0 0.2588084 -0.9062982 0 0.4226388 -0.8191233 0 0.5736175 -0.8191848 0 0.5735297 -0.7071185 0 0.7070952 -0.7071185 0 0.7070952 -0.5735216 0 0.8191906 -0.5735841 0 0.8191466 -0.4226851 0 0.9062767 -0.4225318 0 0.9063482 -0.2588306 0 0.9659227 -0.08711767 0 0.9961981 -0.08721029 0 0.99619 0.08686923 0 0.9962198 0.08715003 0 0.9961952 0.2588908 0 0.9659067 0.2588907 0 0.9659066 0.4224759 0 0.9063742 0.4227083 0 0.9062658 0.5735573 0 0.8191655 0.5735573 0 0.8191655 0.7070802 0 0.7071334 0.7070803 0 0.7071333 0.8192503 0 0.5734363 0.8191571 0 0.5735691 0.9063034 0 0.4226279 0.9659234 0 0.258828 0.9961968 0 0.08713179 0.996199 0 0.08710724 0.996199 0 -0.08710724 0.9659234 0 -0.258828 0.9659045 0 -0.2588988 0.9063034 0 -0.4226279 0.8191571 0 -0.5735691 0.7070802 0 -0.7071334 0.7070803 0 -0.7071333 0.5735573 0 -0.8191655 0.573747 0 -0.8190326 0.4224759 0 -0.9063742 0.4227083 0 -0.9062658 0.2588908 0 -0.9659067 0.2586268 0 -0.9659774 0.08715003 0 -0.9961953 0.08715003 0 -0.9961952 -0.08715003 0 -0.9961953 -0.08715003 0 -0.9961952 -0.2586268 0 -0.9659774 -0.2588907 0 -0.9659066 -0.4227083 0 -0.9062658 -0.4224759 0 -0.9063742 -0.5737472 0 -0.8190326 -0.5735573 0 -0.8191655 -0.7070802 0 -0.7071334 -0.7070803 0 -0.7071333 -0.8191571 0 -0.5735691 -0.9063034 0 -0.4226279 -0.9659045 0 -0.2588988 -0.9659234 0 -0.258828 -0.996199 0 -0.08710724 -0.996199 0 0.08710724 -0.9961968 0 0.08713179 -0.9659234 0 0.258828 -0.9063034 0 0.4226279 -0.8191571 0 0.5735691 -0.8192503 0 0.5734363 -0.7070802 0 0.7071334 -0.7070803 0 0.7071333 -0.5735573 0 0.8191655 -0.5735573 0 0.8191655 -0.4227083 0 0.9062658 -0.4224759 0 0.9063742 -0.2588908 0 0.9659067 -0.2588907 0 0.9659066 -0.08715003 0 0.9961953 -0.08686923 0 0.9962197 0.5735324 0 0.819183 0.5735324 0 0.819183 0.7071068 0 0.7071069 0.7071068 0 0.7071068 0.9961923 0 0.08718448 0.9961944 0 0.08715993 0.9961944 0 -0.08715987 0.9961944 0 -0.08715993 0.7071068 0 -0.7071069 0.7071068 0 -0.7071068 0.5735324 0 -0.819183 0.5737221 0 -0.81905 0 -1 7.66249e-6 0 -1 -3.20735e-7 0 -1 -5.33297e-6 0 -1 -3.00866e-6 0 -1 -2.58391e-5 0 -1 -7.02364e-5 0 -1 4.72961e-5 0 -1 -1.99911e-5 0 -1 -3.36508e-5 0 -1 1.46649e-5 0 1 -1.56488e-4 0 1 -1.08385e-5 0 1 -8.6498e-6 0 1 3.37234e-5 0 1 1.46981e-5 0 0.9999999 -5.81649e-4 0 1 -3.98309e-6 0 0.9999998 -7.40483e-4 0 1 -3.79703e-5 0 1 1.73528e-5 0 1 6.39519e-6 0 1 2.29709e-7 0 1 -4.05966e-6 0 1 -1.30932e-6 0 1 7.11653e-6 0 1 1.05903e-5 -1 -9.15322e-7 0 -1 5.85857e-5 0 -1 -3.66139e-6 0 -1 -2.74588e-6 0 -1 -3.66107e-6 0 1 -9.15241e-7 0 1 0 0 0 0.9961937 0.08716696 0 0.08718866 0.9961919 0 0.9961938 0.08716666 0 0.9961937 0.08716696 0 0.2588447 0.965919 0 0.4226243 0.906305 0 0.5735549 0.8191671 0 0.7071177 0.7070959 0 0.8191353 0.5736004 0 0.9063212 0.4225896 0 0.9659215 0.2588353 0 0.9961938 0.08716648 0 0.9961937 0.08716815 0 -0.9961927 -0.087179 0 -0.9961917 -0.08719056 0 -0.996192 -0.08718723 0 -0.9961919 -0.08718866 0 -0.9961919 -0.08718866 0 -0.9659044 -0.2588995 0 -0.9063776 -0.4224686 0 -0.9063776 -0.4224686 0 -0.8191167 -0.5736269 0 -0.8191168 -0.5736269 0 -0.7069755 -0.7072381 0 -0.5738206 -0.8189811 0 -0.5738207 -0.8189811 0 -0.4226075 -0.9063128 0 -0.2587741 -0.965938 0 -0.08718866 -0.9961919 0 1 1.67381e-6 0 1 -1.05283e-6 0 1 1.0856e-6 0 1 1.82041e-6 0 1 -5.13469e-7 0 1 6.75011e-7 0 1 8.16795e-7 0 1 1.9865e-7 0 1 -1.99462e-7 0 1 -2.69533e-7 0 1 1.88377e-7 0 1 -4.50994e-7 0 1 -1.11481e-6 0 1 6.75017e-7 0 1 -5.02044e-7 0 1 -1.11481e-6 0 1 0 0 1 -1.03193e-6 0 1 -2.69533e-7 0 1 2.64777e-6 0 1 -5.13467e-7 0 1 1.6738e-6 0 1 5.49637e-7 0 1 1.70331e-6 0 1 -5.92998e-7 0 1 -2.70161e-6 0 1 5.75589e-7 0 1 -1.07538e-6 0 1 1.98725e-7 0 1 3.01648e-6 0 1 3.01646e-6 0 1 6.75019e-7 0 1 -5.02041e-7 0 1 0 0 1 -5.02045e-7 0 1 -1.11481e-6 0 1 -4.50996e-7 0 1 1.0756e-6 0 1 -1.98687e-7 0 1 -8.16943e-7 0 1 0 0 1 1.1148e-6 0 1 0 0 1 5.0194e-7 0 1 -8.16945e-7 0 1 -2.35162e-7 0 1 1.07561e-6 0 1 -3.01783e-6 0 1 -3.01781e-6 0 1 4.50843e-7 0 1 1.07561e-6 0 1 -1.98687e-7 0 1 -8.16938e-7 0 1 1.1148e-6 0 1 2.1937e-7 0 1 -2.09638e-6 0 1 4.6485e-7 0 1 5.01942e-7 0 1 0 0 1 -9.12857e-7 0 1 -3.08288e-6 0 1 4.73056e-7 0 1 -1.58839e-7 0 1 -1.17763e-6 0 1 2.20641e-7 0 1 -3.01783e-6 0 1 4.50843e-7 0 1 0 0 1 5.01942e-7 0 1 -5.4951e-7 0 1 1.28406e-6 0 1 -1.12097e-6 0 1 -2.35162e-7 0 1 1.07561e-6 0 1 -8.66857e-7 0 1 -7.32436e-7 0 1 -5.02048e-7 0 1 1.98728e-7 0 1 -1.12664e-6 0 1 1.02878e-6 0 1 -1.24651e-7 0 1 1.32577e-6 0 1 -8.169e-7 0 1 -9.75623e-7 0 1 1.87488e-6 0 1 -8.09194e-7 0 1 7.96774e-7 0 1 -1.57319e-6 0 1 7.46106e-7 0 1 -5.49088e-7 0 1 -1.18997e-6 0 1 -4.732e-7 0 1 -4.21542e-6 0 1 -4.34351e-6 0 1 6.03299e-7 0 1 -1.12664e-6 0 1 1.02878e-6 0 1 8.16795e-7 0 1 1.98725e-7 0 1 -8.66857e-7 0 1 -7.32437e-7 0 1 -1.2465e-7 0 1 1.32577e-6 0 1 -4.21538e-6 0 1 -4.21539e-6 0 1 5.67647e-7 0 1 -1.2465e-7 0 1 5.58103e-7 0 1 -8.66854e-7 0 1 -2.06204e-7 0 1 -7.81488e-7 0 1 1.12098e-6 0 1 8.16796e-7 0 1 -4.13739e-7 0 1 1.43081e-6 0 1 -1.50232e-6 0 1 -7.32436e-7 0 1 9.26504e-7 0 1 -1.9476e-7 0 1 1.02878e-6 0 1 -1.01501e-6 0 1 1.98724e-7 0 1 0 0 1 3.20495e-7 0 1 5.6765e-7 0 1 -4.50994e-7 0 1 0 0 1 -2.84245e-7 0 1 -2.20584e-7 0 -1 -6.75011e-7 0 -1 5.02048e-7 0 -1 9.90946e-7 0 -1 0 0 -1 1.3759e-6 0 -1 -1.98644e-7 0 -1 4.70057e-6 0 -1 -1.5957e-6 0 -1 -1.79863e-7 0 -1 -1.82041e-6 0 -1 -1.7138e-6 0 -1 -2.78129e-7 0 -1 1.29963e-7 0 -1 1.64454e-7 0 -1 -5.49637e-7 0 -1 2.48995e-7 0 -1 0 0 -1 -2.8765e-6 0 -1 1.51966e-6 0 -1 9.06262e-7 0 -1 -1.98657e-7 0 -1 -1.59572e-6 0 -1 -8.16796e-7 0 -1 -2.35214e-7 0 -1 1.07538e-6 0 -1 3.21756e-6 0 -1 3.21757e-6 0 -1 -4.2093e-6 0 -1 0 0 -1 -1.98725e-7 0 -1 -8.16795e-7 0 -1 0 0 -1 9.90946e-7 0 -1 1.07538e-6 0 -1 -1.07561e-6 0 -1 8.16945e-7 0 -1 6.75015e-7 0 -1 0 0 -1 -5.01942e-7 0 -1 8.16943e-7 0 -1 2.35162e-7 0 -1 -1.0756e-6 0 -1 0 0 -1 -9.90934e-7 0 -1 -3.219e-6 0 -1 -3.21902e-6 0 -1 4.20791e-6 0 -1 2.3783e-7 0 -1 -4.19277e-6 0 -1 4.82615e-7 0 -1 0 0 -1 0 0 -1 2.35162e-7 0 -1 7.46106e-7 0 -1 -5.48978e-7 0 -1 -1.05775e-6 0 -1 -6.30741e-7 0 -1 4.20787e-6 0 -1 -9.9093e-7 0 -1 6.75019e-7 0 -1 8.16938e-7 0 -1 -5.01942e-7 0 -1 0 0 -1 4.20787e-6 0 -1 -4.54622e-6 0 -1 3.53025e-6 0 -1 -1.34586e-6 0 -1 1.58839e-7 0 -1 1.12097e-6 0 -1 -2.27845e-6 0 -1 5.4951e-7 0 -1 -1.07561e-6 0 -1 1.98687e-7 0 -1 -1.38374e-6 0 -1 1.36005e-6 0 -1 -1.98724e-7 0 -1 8.66857e-7 0 -1 -1.71694e-6 0 -1 1.9476e-7 0 -1 1.28877e-6 0 -1 -1.43081e-6 0 -1 -3.52934e-6 0 -1 -4.20928e-6 0 -1 -1.02878e-6 0 -1 2.06204e-7 0 -1 -5.58103e-7 0 -1 1.2465e-7 0 -1 5.29807e-6 0 -1 -7.5926e-6 0 -1 5.12792e-6 0 -1 -1.58815e-7 0 -1 1.34588e-6 0 -1 1.54129e-6 0 -1 -1.49716e-6 0 -1 -3.84612e-7 0 -1 -1.02878e-6 0 -1 1.01501e-6 0 -1 1.12664e-6 0 -1 -1.02879e-6 0 -1 2.06204e-7 0 -1 -1.98725e-7 0 -1 8.66854e-7 0 -1 7.32436e-7 0 -1 1.2465e-7 0 -1 -5.58103e-7 0 -1 -6.75016e-7 0 -1 1.2465e-7 0 -1 -1.17847e-6 0 -1 -4.49642e-6 0 -1 -4.49641e-6 0 -1 5.29806e-6 0 -1 7.32436e-7 0 -1 8.66857e-7 0 -1 -1.17847e-6 0 -1 1.24651e-7 0 -1 -1.02878e-6 0 -1 1.015e-6 0 -1 -1.98728e-7 0 -1 -6.16858e-7 0 -1 1.3641e-7 0 -1 -8.04398e-7 0 -1 4.63308e-6 0 -1 -4.20928e-6 0 -1 -6.5741e-6 0 -1 6.30933e-7 0 -1 1.05775e-6 0 -1 -7.46106e-7 0 -1 -2.24742e-7 0 -1 1.31397e-6 0 -1 -1.18267e-6 0.996195 0 -0.08715188 0.996195 0 -0.08715188 0.9659307 0 -0.2588014 0.9659181 0 -0.2588481 0.9062883 0 -0.4226602 0.9063216 0 -0.4225888 0.8191541 0 -0.5735736 0.7071651 0 -0.7070484 0.7070719 0 -0.7071418 0.5735215 0 -0.8191905 0.5735843 0 -0.8191466 0.4226852 0 -0.9062767 0.4226084 0 -0.9063124 0.2588306 0 -0.9659227 0.08702498 0 -0.9962062 0.08721029 0 -0.99619 -0.08721029 0 -0.99619 -0.08702498 0 -0.9962062 -0.2588306 0 -0.9659227 -0.4226084 0 -0.9063124 -0.4226851 0 -0.9062767 -0.5735841 0 -0.8191466 -0.5735216 0 -0.8191906 -0.7070718 0 -0.7071418 -0.7071653 0 -0.7070484 -0.8191541 0 -0.5735736 -0.9063149 0 -0.422603 -0.9062815 0 -0.4226745 -0.9659225 0 -0.2588318 -0.9659349 0 -0.2587851 -0.996195 0 -0.08715188 -0.996195 0 -0.08715188 0.08686918 0 0.9962198 0.08743083 0 0.9961706 0.2588909 0 0.9659067 0.2583627 0 0.9660481 0.4227082 0 0.9062659 0.5737472 0 0.8190326 0.9063539 0 0.4225196 0.9658856 0 0.2589696 0.9962011 0 0.08708274 0.9062528 0 -0.4227364 0.8192503 0 -0.5734363 0.8190641 0 -0.5737022 0.7073631 0 -0.7068504 0.5733674 0 -0.8192984 0.4227082 0 -0.9062659 0.2588909 0 -0.9659067 0.08686918 0 -0.9962198 -0.08715003 0 -0.9961952 -0.08686923 0 -0.9962198 -0.2588909 0 -0.9659067 -0.2588908 0 -0.9659067 -0.4227082 0 -0.9062659 -0.5735573 0 -0.8191655 -0.5733674 0 -0.8192984 -0.7073631 0 -0.7068504 -0.8190641 0 -0.5737022 -0.8192503 0 -0.5734363 -0.9062528 0 -0.4227364 -0.9962011 0 0.08708274 -0.9658856 0 0.2589696 -0.9063539 0 0.4225196 -0.5737472 0 0.8190326 -0.4227082 0 0.9062659 -0.2583628 0 0.9660481 -0.08743083 0 0.9961706 -0.08686923 0 0.9962198 0.5737222 0 0.81905 0.9961966 0 0.08713537 0.9961923 0 0.08718448 0.7073896 0 -0.7068239 0.5733425 0 -0.8193159 0 -1 -3.61373e-5 0 -1 9.59152e-6 0 -1 1.36127e-5 0 -1 1.56053e-5 0 -1 2.54154e-5 0 -1 -3.83828e-5 0 -1 3.66041e-6 0 -1 -2.43816e-5 0 -1 6.7969e-6 0 -1 3.09352e-6 0 -1 -7.66306e-6 0 -1 3.20735e-7 0 -1 5.33347e-6 0 -1 3.00817e-6 0 -1 -2.93252e-5 0 -1 -4.49561e-6 0 -1 -2.12602e-6 0 -1 1.84368e-6 0 -1 1.16835e-4 0 -1 -8.37968e-5 0 -1 1.58063e-5 0 -1 -3.92801e-6 0 -1 2.12609e-6 0 -1 2.58365e-5 0 -1 -6.96257e-6 0 -1 6.18677e-6 0 -1 -1.62639e-5 0 -1 9.5916e-6 0 -1 -2.05566e-5 0 -1 -8.46302e-6 0 -1 -2.622e-4 0 -1 -3.213e-5 0 -1 7.9474e-7 0 -1 7.02367e-5 0 -1 -4.73144e-5 0 -1 1.998e-5 0 -1 -2.43819e-5 0 -1 1.38991e-5 0 -1 4.03357e-5 0 -1 -5.53576e-5 0 -1 1.61827e-5 0 -1 1.56053e-5 0 -1 -1.61632e-5 0 -1 5.73793e-5 0 -1 -7.72482e-6 0 -1 -7.0697e-5 0 -1 3.28463e-5 0 -1 -4.72869e-5 0 -1 -5.1093e-6 0 -1 9.18767e-7 0 -1 -7.94747e-7 0 -1 -7.79869e-7 0 -1 8.09294e-5 0 -1 -3.7436e-5 0 -1 1.75389e-5 0 -1 -3.4121e-5 0 -1 5.20763e-5 0 -1 -1.47916e-5 0 -1 -3.7436e-5 0 -1 4.29938e-5 0 -1 8.04958e-5 0 -1 5.40064e-5 0 -1 -4.43902e-5 0 -1 4.8473e-5 0 -1 -7.51202e-6 0 -1 8.04959e-5 0 -1 -1.88867e-5 0 -1 5.81742e-5 0 -1 -1.88813e-5 0 -1 -6.37834e-6 0 -1 -5.13194e-6 0 -1 2.16209e-6 0 -1 -1.62643e-5 0 -1 4.39261e-6 0 -1 3.1839e-7 0 -1 1.81015e-5 0 -1 -9.24539e-6 0 -1 4.72769e-5 0 -1 -2.50134e-5 0 -1 1.46633e-5 0 -1 -4.8533e-5 0 -1 1.49301e-5 0 -1 3.36576e-5 0 -1 -1.46633e-5 0 -1 -4.08739e-5 0 -1 5.79172e-6 0 -1 1.63937e-5 0 -1 -1.07867e-5 0 -1 3.28467e-5 0 -1 1.25294e-6 0 -1 -4.90195e-5 0 -1 4.77584e-7 0 -1 -8.96224e-7 0 -1 4.08664e-5 0 -1 -1.64662e-5 0 -1 3.42272e-5 0 -1 -1.87178e-5 0 1 2.51495e-6 0 1 1.3172e-4 0 1 -8.34635e-5 0 1 3.09804e-5 0 1 4.07411e-6 0 1 -9.73711e-6 0 1 7.51202e-6 0 1 -2.56622e-5 0 1 -9.55039e-6 0 1 -1.99071e-5 0 1 -1.40381e-5 0 1 -1.92555e-5 0 1 5.40064e-5 0 1 -7.45617e-6 0 1 1.56605e-4 0 1 1.08363e-5 0 1 8.65109e-6 0 1 -8.40241e-6 0 1 1.58026e-5 0 1 1.39613e-5 0 1 -3.37206e-5 0 1 -1.4698e-5 0 0.9999999 5.80046e-4 0 1 3.9831e-6 0 1 -4.29938e-5 0 1 3.7436e-5 0 1 -1.56053e-5 0 1 1.83404e-5 0 0.9999998 7.3199e-4 0 1 3.79704e-5 0 1 -1.3899e-5 0 1 8.46302e-6 0 1 -1.2225e-5 0 1 3.29502e-6 0 1 -1.73509e-5 0 1 2.78791e-6 0 1 -6.39519e-6 0 1 -1.18742e-6 0 1 3.686e-6 0 1 -4.00433e-6 0 1 9.24539e-6 0 1 -1.81015e-5 0 1 8.64042e-6 0 1 -3.1355e-6 0 1 1.83403e-5 0 1 -2.74894e-6 0 1 1.66185e-5 0 1 2.26563e-6 0 1 1.29528e-5 0 1 -5.80996e-6 0 1 1.4642e-6 0 1 -1.75389e-5 0 1 -2.46311e-6 0 1 2.05567e-5 0 1 -2.13988e-5 0 1 3.7436e-5 0 1 -4.29938e-5 0 1 -3.04815e-5 0 0.9999998 -7.3199e-4 0 1 1.21311e-5 0 1 -1.38991e-5 0 1 1.29528e-5 0 1 -1.25294e-6 0 1 -3.1826e-5 0 1 4.1748e-5 0 1 7.19728e-6 0 1 -2.29709e-7 0 1 4.05967e-6 0 1 -2.22162e-6 0 1 1.30934e-6 0 1 -7.11663e-6 0 1 3.29503e-6 0 1 3.09339e-6 0 1 3.68607e-6 0 1 5.66602e-5 0 1 -4.26155e-5 0 1 -1.09383e-6 0 1 1.25718e-5 0 1 -1.61817e-5 0 1 -1.05892e-5 0 1 -2.19741e-6 0 1 7.94726e-6 0 1 -7.82123e-6 0 1 -3.19872e-7 0 1 4.15769e-6 0 1 4.05691e-6 0 1 -2.73166e-6 0 1 -2.79823e-6 0 1 2.68325e-6 1 0 0 1 0 0 1 0 0 -1 5.49193e-6 0 -1 -1.83086e-6 0 -1 -3.66097e-6 0 0 0.08710175 -0.9961994 0 0.9961944 -0.08715897 0 0.9961944 -0.08715939 0 0.2588447 -0.965919 0 0.9063056 -0.4226231 0 0.9659215 -0.2588353 0 0.9961945 -0.08715891 0 0.9961944 -0.08716052 0 -0.9961927 0.087179 0 -0.9961917 0.08719056 0 -0.996192 0.08718729 0 -0.9961919 0.08718866 0 -0.9659278 0.2588119 0 -0.9659278 0.258812 0 -0.906315 0.4226027 0 -0.9063151 0.4226027 0 -0.8192319 0.5734623 0 -0.8192319 0.5734624 0 -0.7069755 0.7072381 0 -0.5735858 0.8191456 0 1 -1.67355e-6 0 1 1.05305e-6 0 1 -1.0856e-6 0 1 -1.82015e-6 0 1 5.13475e-7 0 1 -6.75015e-7 0 1 -1.98668e-7 0 1 1.99462e-7 0 1 2.69472e-7 0 1 -1.88377e-7 0 1 1.1148e-6 0 1 -6.75019e-7 0 1 0 0 1 1.03222e-6 0 1 2.69474e-7 0 1 -2.64741e-6 0 1 5.13473e-7 0 1 -1.67358e-6 0 1 -5.49509e-7 0 1 -1.70368e-6 0 1 5.93007e-7 0 1 2.70159e-6 0 1 -5.75558e-7 0 1 4.50847e-7 0 1 0 0 1 2.35214e-7 0 1 -1.07538e-6 0 1 -1.07538e-6 0 1 -2.1937e-7 0 1 2.09683e-6 0 1 -4.64882e-7 0 1 7.46114e-7 0 1 9.12688e-7 0 1 3.08167e-6 0 1 -4.73195e-7 0 1 1.58813e-7 0 1 1.17765e-6 0 1 -2.20588e-7 0 1 0 0 1 5.49637e-7 0 1 -1.28387e-6 0 1 1.12099e-6 0 1 8.66686e-7 0 1 7.32436e-7 0 1 -1.98687e-7 0 1 1.12689e-6 0 1 -1.02857e-6 0 1 1.24618e-7 0 1 -1.32577e-6 0 1 8.16901e-7 0 1 9.75429e-7 0 1 -1.87525e-6 0 1 8.09022e-7 0 1 -7.96929e-7 0 1 1.5729e-6 0 1 -7.4611e-7 0 1 5.48979e-7 0 1 1.18997e-6 0 1 4.73047e-7 0 1 4.21267e-6 0 1 4.34094e-6 0 1 -6.03533e-7 0 1 -1.02858e-6 0 1 -1.98686e-7 0 1 7.32436e-7 0 1 1.24617e-7 0 1 -1.32578e-6 0 1 4.2127e-6 0 1 4.21268e-6 0 1 -5.67879e-7 0 1 1.24618e-7 0 1 -5.58225e-7 0 1 8.66684e-7 0 1 2.06244e-7 0 1 7.81374e-7 0 1 -1.12096e-6 0 1 4.13807e-7 0 1 -1.43057e-6 0 1 1.50233e-6 0 1 7.32436e-7 0 1 8.66685e-7 0 1 -9.26665e-7 0 1 1.94721e-7 0 1 -1.02857e-6 0 1 1.01522e-6 0 1 -3.20366e-7 0 1 4.50843e-7 0 1 0 0 1 2.84146e-7 0 1 2.2064e-7 0 -1 6.75015e-7 0 -1 -9.90934e-7 0 -1 0 0 -1 -1.3763e-6 0 -1 1.98644e-7 0 -1 -4.70056e-6 0 -1 1.5957e-6 0 -1 1.79888e-7 0 -1 1.82015e-6 0 -1 1.7138e-6 0 -1 2.78131e-7 0 -1 -1.29964e-7 0 -1 -1.64445e-7 0 -1 5.49509e-7 0 -1 -2.48998e-7 0 -1 2.877e-6 0 -1 -1.51964e-6 0 -1 -9.06153e-7 0 -1 1.98675e-7 0 -1 1.5957e-6 0 -1 1.98686e-7 0 -1 -2.37847e-7 0 -1 4.19366e-6 0 -1 -4.82614e-7 0 -1 0 0 -1 -7.46114e-7 0 -1 5.49086e-7 0 -1 1.05776e-6 0 -1 6.30926e-7 0 -1 9.90942e-7 0 -1 -6.75017e-7 0 -1 0 0 -1 4.54788e-6 0 -1 -3.52941e-6 0 -1 1.34589e-6 0 -1 -1.58813e-7 0 -1 -1.12099e-6 0 -1 2.27786e-6 0 -1 -5.49637e-7 0 -1 -8.16795e-7 0 -1 1.38383e-6 0 -1 -1.36006e-6 0 -1 1.98687e-7 0 -1 -8.66685e-7 0 -1 1.71695e-6 0 -1 -1.94721e-7 0 -1 -1.28876e-6 0 -1 1.43057e-6 0 -1 3.53024e-6 0 -1 1.02857e-6 0 -1 -2.06244e-7 0 -1 5.58225e-7 0 -1 -1.24618e-7 0 -1 -5.30021e-6 0 -1 7.59702e-6 0 -1 -5.12586e-6 0 -1 1.58839e-7 0 -1 -1.34586e-6 0 -1 -1.54103e-6 0 -1 1.49742e-6 0 -1 3.84552e-7 0 -1 1.02858e-6 0 -1 -1.01521e-6 0 -1 -1.12689e-6 0 -1 1.02857e-6 0 -1 -8.66686e-7 0 -1 -2.06243e-7 0 -1 1.98687e-7 0 -1 -8.66684e-7 0 -1 -7.32437e-7 0 -1 -1.24617e-7 0 -1 5.58228e-7 0 -1 1.17847e-6 0 -1 4.49352e-6 0 -1 4.49355e-6 0 -1 -5.30016e-6 0 -1 -7.32436e-7 0 -1 1.17846e-6 0 -1 -1.24618e-7 0 -1 1.02857e-6 0 -1 -1.01521e-6 0 -1 6.16995e-7 0 -1 -1.36375e-7 0 -1 8.04711e-7 0 -1 -4.63033e-6 0 -1 6.5769e-6 0 -1 -6.3073e-7 0 -1 -1.05775e-6 0 -1 -5.48979e-7 0 -1 7.4611e-7 0 -1 2.247e-7 0 -1 -1.31427e-6 0 -1 1.18242e-6 1 0 0 1 9.15563e-7 0 1 0 0 1 0 0 -1 1.83032e-6 0 -1 -9.15375e-6 0 -1 2.74605e-6 0 -1 -1.09842e-5 0 -1 9.15322e-7 0 0 -0.08718633 0.9961921 0 -0.2588456 0.9659187 0 -0.2588388 0.9659205 0 -0.4226333 0.9063008 0 -0.5735636 0.8191611 0 -0.5735509 0.8191699 0 -0.7071135 0.7071 0 -0.707127 0.7070866 0 -0.8191203 0.5736219 0 -0.9063231 0.4225854 0 -0.9659245 0.2588242 0 -0.9659178 0.2588494 0 -0.9961966 0.08713519 0 -0.9961943 0.08716189 0 0.9961943 -0.08716189 0 0.9962036 -0.08705502 0 0.9658926 -0.2589434 0 0.9659195 -0.2588429 0 0.9063338 -0.4225626 0 0.9063338 -0.4225625 0 0.8191421 -0.5735908 0 0.8190914 -0.573663 0 0.7070394 -0.7071741 0 0.7069856 -0.707228 0 0.5737985 -0.8189966 0 0.5737985 -0.8189967 0 0.4226333 -0.9063008 0 0.2587504 -0.9659442 0 0.08719098 -0.9961916 1 0 0 1 0 0 1 0 0 1 -1.27008e-7 0 1 1.5876e-7 0 1 -1.01606e-6 0 1 0 0 1 0 0 -1 -3.04809e-6 0 -1 -6.6044e-6 0 -1 -2.03206e-6 0 -1 -2.03199e-6 0 -1 1.01614e-5 0 -1 2.03199e-6 0 -1 1.62591e-5 0 -1 -2.03221e-6 0 0 -0.996918 -0.07845127 0 -0.9723617 -0.2334799 0 -0.9723685 -0.2334516 0 -0.923871 -0.3827041 0 -0.9238815 -0.3826786 0 -0.8526585 -0.5224689 0 -0.8526584 -0.5224689 0 -0.7604128 -0.6494401 0 -0.6494117 -0.7604371 0 -0.6494116 -0.7604371 0 -0.5225399 -0.8526148 0 -0.52254 -0.8526148 0 -0.3826493 -0.9238937 0 -0.2334784 -0.972362 0 -0.2334716 -0.9723636 0 -0.07847124 -0.9969164 0 -0.07847356 -0.9969162 0 0.07857728 0.9969081 0 0.07856786 0.9969089 0 0.2333729 0.9723874 0 0.3827111 0.9238681 0 0.3827534 0.9238505 0 0.5224252 0.8526851 0 0.6494945 0.7603664 0 0.6494945 0.7603663 0 0.7604424 0.6494055 0 0.7603832 0.6494747 0 0.8526185 0.522534 0 0.8526718 0.522447 0 0.9238462 0.3827641 0 0.9238461 0.3827641 0 0.9723874 0.2333729 0 0.9723873 0.2333729 0 0.9969133 0.07851076 2.75188e-4 0 -1 -2.63359e-4 0 -1 2.05845e-4 0 -1 -4.17684e-6 0 -1 8.42689e-5 0 -1 9.56315e-5 0 -1 -6.54455e-6 0 -1 3.41749e-5 0 -1 2.88581e-5 0 -1 -2.88569e-5 0 -1 4.84802e-5 0 -1 -8.65738e-5 0 -1 -5.77158e-5 0 -1 1.01004e-4 0 -1 -8.65745e-5 0 -1 9.69621e-5 0 -1 -2.88577e-5 0 -1 -1.58714e-4 0 -1 -2.16437e-5 0 -1 2.16428e-5 0 -1 -2.20235e-5 0 -1 1.22354e-5 0 -1 -4.53622e-6 0 -1 -1.19893e-5 0 -1 -2.1977e-6 0 -1 6.3214e-6 0 -1 2.57652e-5 0 -1 3.03168e-5 0 -1 -6.11675e-6 0 -1 -1.20468e-5 0 -1 2.08036e-4 0 -1 -3.41746e-5 0 -1 -2.05845e-4 0 -1 1.53541e-4 0 -1 3.69345e-5 0 -1 5.29881e-6 0 -1 -2.35678e-4 0 -1 -4.27322e-6 0 -1 -2.1762e-5 0 -1 2.3807e-5 0 -1 3.41746e-5 0 -1 -2.08036e-4 0 -1 -3.41749e-5 0 -1 7.98201e-5 0 -1 -9.56315e-5 0 -1 2.16299e-6 0 -1 2.09613e-6 0 -1 -6.567e-6 0 -1 -9.69618e-5 0 -1 2.16438e-5 0 -1 1.58715e-4 0 -1 -9.69626e-5 0 -1 2.88573e-5 0 -1 8.65732e-5 0 -1 1.44294e-5 0 -1 2.42407e-5 0 -1 -2.88579e-5 0 -1 2.88569e-5 0 -1 -1.21202e-5 0 -1 4.89285e-5 0 1 -1.24464e-5 0 1 8.05164e-6 0 1 -1.6769e-5 0 1 6.567e-6 0 1 -1.92135e-4 0 1 -1.19894e-5 0 1 4.39569e-6 0 1 6.32118e-6 0 1 -5.02201e-6 0 1 3.91116e-5 0 1 3.41749e-5 0 1 1.31133e-4 0 1 -5.14939e-5 0 1 6.23405e-6 0 1 -3.66989e-5 0 1 1.19893e-5 0 1 -4.43564e-6 0 1 -6.32139e-6 0 1 3.69345e-5 0 1 -2.43745e-4 0 1 7.69997e-5 0 1 -6.72562e-5 0 1 1.92135e-4 0 1 6.69268e-6 0 1 -1.24822e-4 0 1 -6.83492e-5 0 1 3.60713e-5 0 1 9.69618e-5 0 1 -3.60731e-5 0 1 1.44286e-5 0 1 -9.69626e-5 0 1 5.77146e-5 0 1 8.65732e-5 0 1 -7.21469e-5 0 1 -2.88579e-5 0 1 -2.88571e-5 0 1 5.14939e-5 0 1 4.1607e-5 0 1 -3.41749e-5 0 1 -5.45412e-5 0 1 2.30862e-4 0 1 -2.42405e-5 0 1 -1.21201e-5 0 1 2.4241e-5 0 1 -1.15432e-4 0 1 2.42402e-5 0 1 2.42405e-5 0 1 -1.15427e-4 0 1 2.42406e-5 0 1 0.9961941 0 0.08716362 0.9659339 0 0.2587894 0.9063411 0 0.4225469 0.9062935 0 0.422649 0.5733997 0 0.8192758 0.4230333 0 0.9061142 -0.2585344 0 0.9660021 -0.2587833 0 0.9659354 -0.4230142 0 0.9061232 -0.422576 0 0.9063275 -0.5733997 0 0.8192758 -0.9063127 0 0.422608 -0.9961941 0 0.08716362 -0.9961981 0 -0.08711731 -0.906265 0 -0.4227102 -0.8192743 0 -0.573402 -0.422576 0 -0.9063275 -0.2587833 0 -0.9659354 0.8192743 0 -0.573402 0.9062458 0 -0.4227513 0.9062935 0 -0.422649 0.9659516 0 -0.2587227 0.965916 0 -0.2588561 0.9961981 0 -0.08711731 0.9063127 0 0.422608 -0.4230333 0 0.9061142 0.906265 0 -0.4227102 -0.5737577 0 -0.8190251 -0.08723831 0 -0.9961876 0.08723831 0 -0.9961876 0.5737577 0 -0.8190251 -0.4227951 0 0.9062254 -0.2588152 -0.9659269 0 -0.2588083 -0.9659287 0 -0.9659323 -0.2587954 0 -0.9659234 -0.2588282 0 -0.2588083 0.9659287 0 -0.2588152 0.9659269 0 0.9659252 -0.2588213 0 0.9659304 -0.2588023 0 0.08716022 0.9961943 0 0.2588222 0.965925 0 0.2588222 -0.965925 0 0.08711886 -0.996198 0 -0.9961949 0.08715391 0 -0.9659227 0.2588306 0 -0.906311 0.4226113 0 -0.9063113 0.4226107 0 -0.4226158 0.906309 0 -0.4226107 0.9063113 0 0.9063066 0.422621 0 0.9063025 0.4226299 0 0.9659272 0.2588143 0 0.9961949 0.08715391 0 -0.9961958 0 0.08714377 -0.9659181 0 0.2588481 -0.9659307 0 0.2588014 -0.906305 0 0.4226244 -0.906305 0 0.4226245 -0.7070718 0 0.7071418 -0.7071653 0 0.7070484 -0.5735215 0 0.8191905 -0.4226084 0 0.9063124 -0.08711761 0 0.9961981 0.08721029 0 0.99619 0.4226084 0 0.9063124 0.5735216 0 0.8191906 0.7071651 0 0.7070484 0.7070719 0 0.7071418 0.9062982 0 0.4226388 0.9659349 0 0.2587851 0.9659225 0 0.2588318 0.9961944 0 0.08715999 -0.5735324 0 -0.819183 -0.5733425 0 -0.8193159 -0.7071068 0 -0.7071068 -0.7073896 0 -0.7068239 -0.9961944 0 -0.08715993 -0.9961923 0 0.08718448 -0.9961966 0 0.08713537 -0.7071068 0 0.7071068 -0.5737222 0 0.81905 -0.5735324 0 0.819183 0 -1 -2.6843e-6 0 -1 3.11504e-7 0 -1 1.22169e-6 0 -1 4.39573e-7 0 -1 -7.37288e-7 0 -1 1.54374e-6 0 -1 -6.03398e-7 0 -1 -1.11172e-6 0 -1 -6.25354e-7 0 -1 1.01129e-6 0 -1 -7.01151e-7 0 -1 0 0 -1 -3.90359e-7 0 -1 4.23664e-6 0 -1 -7.07772e-7 0 -1 -6.49477e-7 0 -1 1.03576e-6 0 -1 -1.70037e-7 0 -1 -5.12566e-7 0 -1 7.96396e-7 0 -1 -8.61934e-7 0 -1 1.09664e-6 0 -1 -1.11862e-6 0 -1 1.38167e-6 0 -1 -8.91854e-7 0 -1 -2.29783e-7 0 -1 3.97886e-7 0 -1 -3.11691e-7 0 -1 0 0 -1 4.05172e-7 0 -1 3.93765e-7 0 -1 -9.26338e-7 0 -1 0 0 -1 2.87367e-7 0 -1 0 0 -1 5.21927e-7 0 -1 -4.21158e-7 0 -1 0 0 -1 1.94852e-7 0 -1 -1.27364e-7 0 -1 -1.20346e-7 0 -1 1.5068e-7 0 -1 -5.75307e-7 0 -1 -6.35046e-7 0 -1 1.79559e-7 0 -1 2.19583e-7 0 -1 -1.12432e-6 0 -1 -6.35001e-7 0 -1 2.21209e-7 0 -1 4.28474e-7 0 -1 -1.15062e-6 0 -1 3.57087e-7 0 -1 2.21191e-7 0 -1 -1.12433e-6 0 -1 0 0 -1 0 0 -1 -1.1507e-6 0 -1 1.50681e-7 0 -1 1.50681e-7 0 -1 -6.35059e-7 0 -1 0 0 -1 2.19595e-7 0 -1 -1.12433e-6 0 -1 -7.43083e-7 0 -1 -4.05759e-7 0 -1 -6.35004e-7 0 -1 2.21208e-7 0 -1 -5.75309e-7 0 -1 1.50692e-7 0 -1 -1.12431e-6 0 -1 0 0 -1 0 0 -1 1.68268e-6 0 -1 0 0 -1 -2.61644e-6 0 -1 1.37991e-7 0 -1 -5.19443e-6 0 -1 5.03317e-6 0 -1 -4.13753e-7 0 -1 6.73917e-7 0 -1 0 0 -1 9.893e-7 0 -1 4.28135e-7 0 -1 0 0 -1 -2.14778e-7 0 -1 1.34595e-7 0 -1 1.48076e-7 0 -1 6.97253e-6 0 -1 -4.77604e-6 0 -1 5.24625e-7 0 -1 -7.98637e-7 0 -1 4.55809e-7 0 -1 9.54463e-6 0 -1 -1.17519e-5 0 -1 4.89988e-7 0 -1 -9.82274e-6 0 -1 5.64967e-6 0 -1 0 0 -1 0 0 -1 0 0 -1 0 0 -1 2.40226e-4 0 -1 -1.74644e-5 0 -1 2.3207e-6 0 -1 -1.29934e-6 0 -1 4.05928e-7 0 -1 -4.40919e-7 0 -1 1.26134e-7 0 -1 2.89514e-7 0 -1 9.74354e-7 0 -1 -6.15364e-7 0 -1 -1.78145e-7 0 -1 3.78498e-7 0 -1 -3.78429e-7 0 -1 7.45219e-7 0 -1 2.35042e-7 0 -1 -2.89512e-7 0 -1 -1.34967e-7 0 -1 0 0 -1 1.78143e-7 0 -1 3.07681e-7 0 -1 -9.74335e-7 0 -1 5.60504e-7 0 -1 8.81828e-7 0 -1 -4.05926e-7 0 -1 -5.25872e-7 0 -1 -9.89254e-7 0 -1 -5.03307e-6 0 -1 3.35821e-6 0 -1 3.44726e-7 0 -1 7.98603e-7 0 -1 -2.32075e-6 0 -1 3.09333e-6 0 -1 4.77593e-6 0 -1 0 0 -1 2.4203e-7 0 -1 1.70921e-6 0 -1 -6.73929e-7 0 -1 4.13753e-7 0 -1 0 0 -1 0 0 -1 0 0 -1 -1.12994e-5 0 -1 9.82274e-6 0 -1 -6.53317e-7 0 -1 1.17519e-5 0 -1 -6.78589e-6 0 -1 0 0 -1 0 0 -1 1.00325e-6 0 -1 0 0 -1 3.23953e-7 0 -1 0 0 -1 -4.19201e-7 0 -1 -2.24951e-6 0 -1 1.15061e-6 0 -1 -4.44355e-7 0 -1 1.95601e-6 0 -1 -9.57775e-7 0 -1 9.45812e-7 0 -1 6.06319e-7 0 -1 7.43083e-7 0 -1 -1.34903e-6 0 -1 2.61644e-6 0 -1 0 0 -1 -1.68324e-6 0 -1 0 0 -1 -5.89857e-7 0 -1 -5.71327e-7 0 -1 -2.21208e-7 0 -1 3.17502e-7 0 -1 6.97243e-7 0 -1 9.16249e-7 0 -1 -1.34216e-6 0 -1 4.33175e-7 0 -1 -5.81056e-7 0 -1 0 0 -1 1.55752e-7 0 -1 -4.76446e-6 0 -1 -3.6785e-6 0 -1 1.1507e-6 0 -1 -2.68433e-6 0 -1 6.35059e-7 0 -1 -2.21191e-7 0 -1 -3.57105e-7 0 -1 0 0 -1 1.55752e-7 0 -1 -5.52162e-7 0 -1 0 0 -1 0 0 -1 -5.71324e-7 0 -1 -2.21209e-7 0 -1 3.17501e-7 0 -1 6.62508e-7 0 -1 -1.17972e-6 0 -1 4.39594e-7 0 -1 9.16253e-7 0 -1 1.22174e-6 0 -1 4.39566e-7 0 -1 -7.37371e-7 0 -1 1.15062e-6 0 -1 -1.50669e-7 0 -1 -1.50669e-7 0 -1 4.33177e-7 0 -1 -5.52199e-7 0 -1 0 0 -1 1.55753e-7 0 -1 -6.2535e-7 0 -1 6.625e-7 0 -1 -2.68451e-6 0 -1 3.93772e-7 0 -1 3.93772e-7 0 -1 -2.68436e-6 0 -1 6.35046e-7 0 -1 -2.21202e-7 0 -1 -3.57092e-7 0 -1 -2.99221e-7 0 -1 3.1148e-7 0 -1 -5.52129e-7 0 -1 0 0 -1 -1.7955e-7 0 -1 -1.70041e-7 0 -1 1.22171e-6 0 -1 4.39577e-7 0 -1 -7.37371e-7 0 -1 1.27362e-7 0 -1 -2.87352e-7 0 -1 0 0 -1 4.92654e-7 0 -1 -1.67969e-7 0 -1 1.92703e-7 0 -1 -6.25338e-7 0 -1 6.62488e-7 0 -1 1.15061e-6 0 -1 -1.50667e-7 0 -1 -1.3775e-6 0 -1 -1.94841e-7 0 -1 7.79243e-7 0 -1 -6.85458e-7 0 -1 4.21133e-7 0 -1 4.05193e-7 0 -1 3.9377e-7 0 -1 1.17966e-6 0 -1 -4.39573e-7 0 -1 -7.63556e-7 0 -1 -3.94253e-7 0 -1 0 0 -1 -3.11504e-7 0 -1 1.70037e-7 0 -1 1.77985e-7 0 -1 2.6843e-6 0 -1 -3.93765e-7 0 -1 -4.05172e-7 0 -1 3.11679e-7 0 -1 -3.97981e-7 0 -1 2.47411e-7 0 -1 -6.25407e-7 0 -1 6.62556e-7 0 -1 2.29754e-7 0 -1 -7.48407e-7 0 -1 -3.21345e-7 0 -1 8.61934e-7 0 -1 2.46215e-7 0 -1 -3.71657e-7 0 -1 -2.5528e-7 0 -1 -5.0225e-6 0 -1 -8.24523e-7 0 -1 8.58493e-7 0 -1 -5.25661e-7 0 -1 1.29033e-7 0 -1 -2.39548e-6 0 -1 2.24917e-6 0 -1 -6.06319e-7 0 -1 -9.70348e-7 0 -1 9.57923e-7 0 -1 6.29436e-7 0 -1 8.41351e-7 0 -1 -1.59472e-6 0 -1 2.68433e-6 0 -1 -9.16249e-7 0 -1 -4.39592e-7 0 -1 3.6785e-6 0 -1 0 0 -1 -7.19077e-6 0 -1 1.1796e-6 0 -1 -1.55765e-7 0 -1 -2.19586e-7 0 -1 1.12411e-6 0 -1 1.17968e-6 0 -1 -4.39577e-7 0 -1 -7.63564e-7 0 -1 1.70041e-7 0 -1 1.12412e-6 0 -1 2.68436e-6 0 -1 -3.9377e-7 0 -1 -4.05193e-7 0 -1 0 0 -1 9.26173e-7 0 -1 -3.05128e-7 0 -1 2.68451e-6 0 -1 -9.16253e-7 0 -1 -4.39594e-7 0 -1 -4.39566e-7 0 -1 -7.63589e-7 0 -1 -1.55766e-7 0 -1 -2.19602e-7 0 -1 1.12414e-6 0 -1 1.12413e-6 0 -1 0 0 -1 -1.55765e-7 0 -1 -3.93772e-7 0 -1 -3.93772e-7 0 -1 2.89509e-7 0 -1 1.26135e-7 0 -1 2.35045e-7 0 -1 4.40387e-7 0 -1 -3.78433e-7 0 -1 3.43425e-6 0 -1 -2.68429e-6 0 -1 1.54375e-6 0 -1 -6.03382e-7 0 -1 -1.11175e-6 0 -1 1.55764e-7 0 -1 0 0 -1 -1.9519e-7 0 -1 4.23686e-6 0 -1 -1.33403e-6 0 -1 -6.03411e-7 0 -1 -1.17959e-6 0 -1 4.3959e-7 0 -1 9.16235e-7 0 -1 1.22172e-6 0 -1 4.39562e-7 0 -1 -7.37292e-7 0 -1 -7.07776e-7 0 -1 -7.07781e-7 0 -1 1.54367e-6 0 -1 -1.95192e-7 0 -1 0 0 -1 -7.01144e-7 0 -1 -6.25341e-7 0 -1 -6.25346e-7 0 -1 1.01132e-6 0 -1 -2.68448e-6 0 -1 3.93762e-7 0 -1 3.93765e-7 0 -1 1.7373e-7 0 -1 -8.4135e-7 0 -1 -4.44433e-7 0 -1 2.39587e-6 0 -1 6.36232e-7 0 -1 -1.99164e-6 0 -1 8.73104e-7 0 -1 -1.6788e-6 0 -1 4.13854e-6 0 -1 2.1668e-7 0 -1 -7.2037e-5 0 -1 1.55763e-7 0 -1 -5.89792e-7 0 -1 4.23662e-6 0 -1 -1.33403e-6 0 -1 -6.03408e-7 0 -1 9.16235e-7 0 -1 -1.34214e-6 0 -1 1.54366e-6 0 -1 -1.9519e-7 0 -1 0 0 -1 -7.37945e-7 0 -1 6.97236e-7 0 -1 -4.76441e-6 0 -1 -3.67849e-6 0 -1 2.53288e-7 0 -1 7.63578e-7 0 -1 1.17967e-6 0 -1 -4.39562e-7 0 -1 -7.63578e-7 0 -1 -1.17967e-6 0 -1 0 0 -1 6.6258e-7 0 -1 -6.62592e-7 0 -1 6.25338e-7 0 -1 2.68429e-6 0 -1 -3.93765e-7 0 -1 -3.93762e-7 0 -1 2.68448e-6 0 -1 -9.16235e-7 0 -1 -4.3959e-7 0 -1 1.17959e-6 0 -1 -1.55763e-7 0 -1 0 0 -1 -6.62586e-7 0 -1 6.6261e-7 0 -1 -6.254e-7 0 -1 1.59472e-6 0 -1 1.95569e-6 0 -1 -6.29533e-7 0 -1 6.29435e-7 0 -1 -1.95569e-6 0 -1 8.4135e-7 0 -1 -1.59472e-6 0 -1 3.67849e-6 0 -1 0 0 -1 -7.19054e-6 0 -1 -9.16235e-7 0 -1 -4.39588e-7 0 -1 1.17958e-6 0 -1 -1.55763e-7 0 -1 0 0 -1 -6.97324e-7 0 -1 6.97331e-7 0 -1 -6.254e-7 0 -1 1.65266e-7 0 -1 -1.34966e-7 0 1 1.26643e-7 0 1 -3.34362e-7 0 1 1.64903e-6 0 1 -8.58493e-7 0 1 5.0225e-6 0 1 -4.69762e-7 0 1 1.03573e-6 0 1 -1.70037e-7 0 1 -5.12566e-7 0 1 -2.46215e-7 0 1 -8.61934e-7 0 1 1.09664e-6 0 1 -1.11862e-6 0 1 1.38182e-6 0 1 -8.91962e-7 0 1 -2.29754e-7 0 1 3.97981e-7 0 1 -3.11679e-7 0 1 0 0 1 4.05172e-7 0 1 3.93765e-7 0 1 -2.6843e-6 0 1 7.63556e-7 0 1 4.39573e-7 0 1 1.17966e-6 0 1 -4.39573e-7 0 1 -7.63556e-7 0 1 -1.17966e-6 0 1 3.11504e-7 0 1 0 0 1 6.6258e-7 0 1 -6.62556e-7 0 1 6.25407e-7 0 1 2.6843e-6 0 1 -3.93765e-7 0 1 3.40373e-7 0 1 6.93974e-7 0 1 -3.94234e-7 0 1 0 0 1 2.87352e-7 0 1 -4.21133e-7 0 1 1.17979e-6 0 1 -4.39577e-7 0 1 -7.63564e-7 0 1 1.70041e-7 0 1 1.77996e-7 0 1 0 0 1 5.21958e-7 0 1 -1.27362e-7 0 1 -1.20346e-7 0 1 1.50667e-7 0 1 -5.75307e-7 0 1 -6.35046e-7 0 1 1.7955e-7 0 1 0 0 1 5.52129e-7 0 1 -6.62488e-7 0 1 6.25338e-7 0 1 3.11691e-7 0 1 -1.92703e-7 0 1 2.68436e-6 0 1 -3.9377e-7 0 1 -4.05193e-7 0 1 -1.15062e-6 0 1 2.68451e-6 0 1 -9.16253e-7 0 1 -4.39594e-7 0 1 -6.35001e-7 0 1 2.21209e-7 0 1 4.28495e-7 0 1 1.17972e-6 0 1 -1.55753e-7 0 1 0 0 1 -6.62508e-7 0 1 5.52199e-7 0 1 -4.33177e-7 0 1 0 0 1 -1.1507e-6 0 1 1.50669e-7 0 1 1.50669e-7 0 1 5.71368e-7 0 1 2.21191e-7 0 1 -3.96913e-7 0 1 -6.625e-7 0 1 1.1798e-6 0 1 -4.39566e-7 0 1 -7.63589e-7 0 1 -4.3318e-7 0 1 5.52162e-7 0 1 0 0 1 -1.55752e-7 0 1 2.68433e-6 0 1 -3.93772e-7 0 1 -3.93772e-7 0 1 -6.35004e-7 0 1 2.21208e-7 0 1 -5.75303e-7 0 1 1.5068e-7 0 1 -1.55752e-7 0 1 5.81056e-7 0 1 0 0 1 0 0 1 9.57775e-7 0 1 -1.59472e-6 0 1 -1.22166e-6 0 1 -4.39592e-7 0 1 5.89857e-7 0 1 1.68324e-6 0 1 0 0 1 -2.61644e-6 0 1 1.38025e-7 0 1 -4.05694e-7 0 1 1.83652e-6 0 1 -1.95601e-6 0 1 4.44355e-7 0 1 3.6785e-6 0 1 0 0 1 -7.19077e-6 0 1 6.25341e-7 0 1 -6.97243e-7 0 1 0 0 1 3.50426e-7 0 1 -1.82224e-7 0 1 0 0 1 4.55812e-7 0 1 0 0 1 9.89254e-7 0 1 -5.19459e-6 0 1 3.25381e-6 0 1 -4.13753e-7 0 1 -1.70921e-6 0 1 1.40494e-6 0 1 -4.77593e-6 0 1 0 0 1 3.15664e-7 0 1 0 0 1 3.6644e-7 0 1 2.32075e-6 0 1 -1.29934e-6 0 1 -3.1076e-7 0 1 2.43064e-7 0 1 0 0 1 9.54499e-6 0 1 -1.17519e-5 0 1 4.89988e-7 0 1 -9.82274e-6 0 1 5.64967e-6 0 1 2.79118e-7 0 1 -2.09175e-7 0 1 0 0 1 -1.34967e-7 0 1 0 0 1 4.05926e-7 0 1 -4.40915e-7 0 1 -2.35042e-7 0 1 -4.4039e-7 0 1 3.78429e-7 0 1 1.12101e-6 0 1 4.40919e-7 0 1 -4.05928e-7 0 1 1.34967e-7 0 1 1.26134e-7 0 1 9.74335e-7 0 1 -6.15362e-7 0 1 -1.78143e-7 0 1 3.78497e-7 0 1 -3.90686e-7 0 1 -1.34595e-7 0 1 -5.25865e-7 0 1 -9.893e-7 0 1 -3.25386e-6 0 1 3.35812e-6 0 1 2.42044e-7 0 1 1.70925e-6 0 1 3.4473e-7 0 1 4.77604e-6 0 1 -1.40494e-6 0 1 7.98637e-7 0 1 0 0 1 -1.47659e-7 0 1 3.81827e-7 0 1 0 0 1 -2.3207e-6 0 1 3.09333e-6 0 1 0 0 1 0 0 1 -1.12994e-5 0 1 9.82274e-6 0 1 -6.53317e-7 0 1 1.17519e-5 0 1 -6.78564e-6 0 1 1.30777e-7 0 1 -3.57894e-7 0 1 0 0 1 0 0 1 0 0 1 -2.24917e-6 0 1 7.43083e-7 0 1 -1.34903e-6 0 1 1.15062e-6 0 1 -4.28472e-7 0 1 -2.21208e-7 0 1 2.61644e-6 0 1 0 0 1 -1.68268e-6 0 1 6.35004e-7 0 1 0 0 1 -2.19581e-7 0 1 1.12431e-6 0 1 6.35059e-7 0 1 -2.21191e-7 0 1 -3.57087e-7 0 1 1.1507e-6 0 1 -4.28474e-7 0 1 -2.21209e-7 0 1 1.12433e-6 0 1 0 0 1 0 0 1 1.15062e-6 0 1 -1.50681e-7 0 1 -1.50681e-7 0 1 6.34995e-7 0 1 0 0 1 -2.19599e-7 0 1 1.12433e-6 0 1 6.35046e-7 0 1 -2.21202e-7 0 1 -3.57072e-7 0 1 -2.99221e-7 0 1 1.12432e-6 0 1 0 0 1 -1.79559e-7 0 1 1.27364e-7 0 1 -2.87367e-7 0 1 -6.36314e-7 0 1 9.26338e-7 0 1 1.15061e-6 0 1 -1.5068e-7 0 1 -1.37738e-6 0 1 -1.94852e-7 0 1 7.79263e-7 0 1 -6.85419e-7 0 1 4.21158e-7 0 1 -3.94253e-7 0 1 1.70037e-7 0 1 1.77985e-7 0 1 -3.97886e-7 0 1 2.47411e-7 0 1 2.29783e-7 0 1 -7.48321e-7 0 1 -3.21345e-7 0 1 8.61934e-7 0 1 -7.96396e-7 0 1 -4.23664e-6 0 1 1.11172e-6 0 1 6.03398e-7 0 1 -1.54374e-6 0 1 3.90359e-7 0 1 0 0 1 7.01151e-7 0 1 6.25354e-7 0 1 -4.05172e-7 0 1 -1.2713e-7 0 1 -3.4343e-6 0 1 -1.69083e-6 0 1 -5.89801e-7 0 1 1.73731e-7 0 1 -8.41351e-7 0 1 -4.44433e-7 0 1 2.39548e-6 0 1 -6.29436e-7 0 1 -9.70348e-7 0 1 9.45812e-7 0 1 6.06319e-7 0 1 9.16249e-7 0 1 -1.34216e-6 0 1 -1.12411e-6 0 1 1.55765e-7 0 1 -4.76446e-6 0 1 -3.6785e-6 0 1 -1.70041e-7 0 1 -2.68436e-6 0 1 7.63564e-7 0 1 4.39577e-7 0 1 3.05128e-7 0 1 -3.11691e-7 0 1 0 0 1 4.05193e-7 0 1 3.9377e-7 0 1 -1.17968e-6 0 1 2.19586e-7 0 1 -1.12412e-6 0 1 -1.1796e-6 0 1 4.39594e-7 0 1 9.16253e-7 0 1 -2.68433e-6 0 1 7.63589e-7 0 1 4.39566e-7 0 1 -1.12414e-6 0 1 0 0 1 1.55766e-7 0 1 -2.68451e-6 0 1 3.93772e-7 0 1 3.93772e-7 0 1 1.55765e-7 0 1 2.19599e-7 0 1 -1.12413e-6 0 1 -1.26135e-7 0 1 -2.89509e-7 0 1 3.78433e-7 0 1 -3.78431e-7 0 1 -2.35045e-7 0 1 -2.68429e-6 0 1 2.68448e-6 0 1 -9.16235e-7 0 1 -4.3959e-7 0 1 -1.17959e-6 0 1 4.3959e-7 0 1 9.16235e-7 0 1 1.17959e-6 0 1 -1.55763e-7 0 1 0 0 1 -6.6261e-7 0 1 6.62586e-7 0 1 -6.25341e-7 0 1 1.55764e-7 0 1 -2.68448e-6 0 1 3.93762e-7 0 1 3.93765e-7 0 1 1.22172e-6 0 1 4.39562e-7 0 1 -7.37292e-7 0 1 1.17967e-6 0 1 -4.39562e-7 0 1 -7.63578e-7 0 1 -6.25338e-7 0 1 6.62592e-7 0 1 0 0 1 -1.55764e-7 0 1 2.68429e-6 0 1 -3.93765e-7 0 1 -3.93762e-7 0 1 -5.89792e-7 0 1 -2.39548e-6 0 1 9.16235e-7 0 1 -1.34214e-6 0 1 -1.55763e-7 0 1 6.97324e-7 0 1 0 0 1 1.55763e-7 0 1 8.4135e-7 0 1 -1.59472e-6 0 1 -1.22165e-6 0 1 -4.39588e-7 0 1 5.89792e-7 0 1 -4.76441e-6 0 1 -3.67849e-6 0 1 -4.44433e-7 0 1 1.95569e-6 0 1 -9.57923e-7 0 1 9.57923e-7 0 1 6.29533e-7 0 1 3.67849e-6 0 1 0 0 1 -7.19054e-6 0 1 6.254e-7 0 1 -6.97331e-7 0 1 4.04641e-7 0 1 0 0 1 0 0 1 2.51833e-7 0 1 -1.29033e-7 0 1 -1.54367e-6 0 1 6.03411e-7 0 1 1.33403e-6 0 1 0 0 1 1.95192e-7 0 1 1.11175e-6 0 1 6.03382e-7 0 1 5.89795e-7 0 1 -4.23686e-6 0 1 7.07781e-7 0 1 7.07776e-7 0 1 1.9519e-7 0 1 0 0 1 7.01144e-7 0 1 6.25346e-7 0 1 -1.01133e-6 0 1 -7.71831e-7 0 1 -2.39587e-6 0 1 1.33403e-6 0 1 -2.11831e-6 0 1 0 0 1 1.9519e-7 0 1 -6.21496e-6 0 1 -4.13854e-6 0 1 -4.56313e-7 0 1 1.99164e-6 0 1 -9.61308e-7 0 1 6.29436e-7 0 1 -1.06474e-6 0 1 7.37945e-7 0 1 0 0 1 0 -0.08714663 0 -0.9961955 -0.08665245 0 -0.9962387 -0.2587086 0 -0.9659555 -0.2589409 0 -0.9658932 -0.4225745 0 -0.9063283 -0.422779 0 -0.9062328 -0.5736294 0 -0.8191149 -0.7071457 0 -0.7070679 -0.8191443 0 -0.5735877 -0.8189802 0 -0.5738217 -0.9064131 0 -0.4223924 -0.9063242 0 -0.422583 -0.9659093 0 -0.2588813 -0.9659259 0 -0.2588191 -0.9961937 0 -0.0871669 -0.9961957 0 -0.08714532 -0.9961975 0 0.08712369 -0.9961937 0 0.0871669 -0.9659425 0 0.2587568 -0.9659093 0 0.2588813 -0.9064131 0 0.4223924 -0.9063242 0 0.422583 -0.8191443 0 0.5735877 -0.8189802 0 0.5738217 -0.7071457 0 0.7070679 -0.5736294 0 0.8191149 -0.4225745 0 0.9063283 -0.422779 0 0.9062328 -0.2587086 0 0.9659555 -0.2589409 0 0.9658932 -0.08714663 0 0.9961955 -0.08665245 0 0.9962387 0.08665913 0 0.9962381 0.08715343 0 0.9961949 0.2589409 0 0.9658932 0.2587086 0 0.9659555 0.4227492 0 0.9062468 0.4225447 0 0.9063422 0.573666 0 0.8190894 0.8190169 0 0.5737695 0.8191809 0 0.5735355 0.9063242 0 0.422583 0.9064131 0 0.4223924 0.9659093 0 0.2588813 0.9659425 0 0.2587568 0.996187 0 0.08724415 0.9961908 0 0.08720088 0.9961888 0 -0.08722251 0.996187 0 -0.08724415 0.9659259 0 -0.2588191 0.9659093 0 -0.2588813 0.9063242 0 -0.422583 0.9064131 0 -0.4223924 0.8190169 0 -0.5737695 0.8191809 0 -0.5735355 0.573666 0 -0.8190894 0.4227492 0 -0.9062468 0.4225447 0 -0.9063422 0.2589409 0 -0.9658932 0.2587086 0 -0.9659555 0.08665913 0 -0.9962381 0.08715343 0 -0.9961949 -0.9659425 0 -0.2587568 -0.9961975 0 -0.08712369 -0.9961957 0 0.08714532 -0.9659259 0 0.2588191 -0.4223699 0 0.9064236 0.4223401 0 0.9064375 0.9659259 0 0.2588191 0.9961888 0 0.08722251 0.9961908 0 -0.08720088 0.9659425 0 -0.2587568 0.08665245 0 0.9962387 0.08714663 0 0.9961955 0.4227641 0 0.9062399 0.422355 0 0.9064306 0.7071263 0 0.7070874 0.8191626 0 0.5735616 0.9063094 0 0.422615 0.9961957 0 0.08714532 0.9961937 0 0.0871669 0.9961975 0 -0.08712369 0.9961957 0 -0.08714532 0.9063094 0 -0.422615 0.8189986 0 -0.5737956 0.8191626 0 -0.5735616 0.7071263 0 -0.7070874 0.4227641 0 -0.9062399 0.4225596 0 -0.9063352 0.08665245 0 -0.9962387 0.08714663 0 -0.9961955 -0.4225596 0 -0.9063352 -0.4227641 0 -0.9062399 -0.5736477 0 -0.8191022 -0.5736477 0 0.8191022 -0.422355 0 0.9064306 -0.4227641 0 0.9062399 0.4225596 0 0.9063352 0.8189986 0 0.5737956 0.9063983 0 0.4224244 0.9961975 0 0.08712369 0.9961937 0 -0.0871669 0.9063983 0 -0.4224244 -0.4225596 0 0.9063352 -0.8191809 0 -0.5735355 -0.8190169 0 -0.5737695 -0.9063833 0 -0.4224563 -0.9062945 0 -0.4226469 -0.9063833 0 0.4224563 -0.9062945 0 0.4226469 -0.8191809 0 0.5735355 -0.8190169 0 0.5737695 0.2589604 0 0.965888 0.258728 0 0.9659503 0.9062945 0 0.4226469 0.9063833 0 0.4224563 0.9062945 0 -0.4226469 0.9063833 0 -0.4224563 0.2589604 0 -0.965888 0.258728 0 -0.9659503 0.2584763 0 0.9660177 0.7068577 0 -0.7073558 -0.7068966 0 -0.7073169 -0.2584763 0 0.9660177 0.7068772 0 -0.7073364 0.2584957 0 0.9660125 0.9961953 0 -0.08714884 0.9659225 0 -0.2588317 0.9063164 0 -0.4225998 0.81915 0 -0.5735794 0.5735715 0 -0.8191556 0.4226196 0 -0.9063072 0.2588152 0 -0.9659268 0.08715695 0 -0.9961947 -0.0871545 0 -0.9961949 -0.2588222 0 -0.965925 -0.4226089 0 -0.9063121 -0.5735845 0 -0.8191464 -0.81915 0 -0.5735794 -0.9063057 0 -0.4226226 -0.9659225 0 -0.2588317 -0.9961953 0 -0.08714884 -0.9961954 0 0.08714824 -0.9659225 0 0.2588317 -0.9063045 0 0.4226253 -0.81915 0 0.5735794 -0.5735892 0 0.8191431 -0.4226089 0 0.9063121 -0.258819 0 0.9659259 -0.08715796 0 0.9961946 0.0871604 0 0.9961943 0.258812 0 0.9659277 0.4226196 0 0.9063072 0.5735761 0 0.8191523 0.81915 0 0.5735794 0.9063152 0 0.4226025 0.9659225 0 0.2588317 0.9961954 0 0.08714824 0.9961859 0 -0.08725661 0.9659228 0 -0.2588306 0.9063302 0 -0.4225701 0.8191629 0 -0.5735611 0.7070806 0 -0.7071331 0.5736175 0 -0.8191233 0.4226066 0 -0.9063133 0.2588131 0 -0.9659275 0.08715999 0 -0.9961944 -0.08714783 0 -0.9961954 -0.2588481 0 -0.9659181 -0.4226066 0 -0.9063133 -0.5735517 0 -0.8191694 -0.7071506 0 -0.707063 -0.8190971 0 -0.573655 -0.9063302 0 -0.4225701 -0.9659228 0 -0.2588306 -0.9961981 0 -0.08711761 -0.9961981 0 0.08711761 -0.9659239 0 0.2588262 -0.9063272 0 0.4225769 -0.8191029 0 0.5736469 -0.7071506 0 0.707063 -0.5735517 0 0.8191694 -0.4226066 0 0.9063133 -0.2588318 0 0.9659225 -0.08714783 0 0.9961954 0.08715999 0 0.9961944 0.2587968 0 0.9659318 0.4226066 0 0.9063133 0.5736175 0 0.8191233 0.7070806 0 0.7071331 0.8191686 0 0.5735529 0.9063272 0 0.4225769 0.9659239 0 0.2588262 0.9961859 0 0.08725661 0.9961858 0 -0.08725816 0.9063334 0 -0.4225634 0.7070928 0 -0.7071208 0.7070858 0 -0.7071278 0.5736222 0 -0.8191201 0.5736128 0 -0.8191267 0.4225865 0 -0.9063227 0.422598 0 -0.9063173 0.0871669 0 -0.9961937 0.08715301 0 -0.996195 -0.08714085 0 -0.996196 -0.08715474 0 -0.9961948 -0.422598 0 -0.9063173 -0.4225865 0 -0.9063227 -0.573547 0 -0.8191727 -0.5735563 0 -0.8191661 -0.7071558 0 -0.7070578 -0.7071628 0 -0.7070508 -0.9063334 0 -0.4225634 -0.9961979 0 -0.08711916 -0.9961983 0 0.08711552 -0.9961982 0 0.08711671 -0.9659228 0 0.2588306 -0.9063259 0 0.4225795 -0.9063284 0 0.4225741 -0.8190971 0 0.573655 -0.7071628 0 0.7070508 -0.7071558 0 0.7070578 -0.5735563 0 0.8191661 -0.573547 0 0.8191727 -0.4225865 0 0.9063227 -0.422598 0 0.9063173 -0.2588481 0 0.9659181 -0.08715474 0 0.9961948 -0.08714085 0 0.996196 0.08715301 0 0.996195 0.0871669 0 0.9961937 0.2588131 0 0.9659275 0.422598 0 0.9063173 0.4225865 0 0.9063227 0.5736128 0 0.8191267 0.5736222 0 0.8191201 0.7070858 0 0.7071278 0.7070928 0 0.7071208 0.8191629 0 0.5735611 0.9063284 0 0.4225741 0.9063259 0 0.4225795 0.9659228 0 0.2588306 0.996186 0 0.08725571 0.9961861 0 0.08725452 -0.08711761 0 0.9961981 -0.08717322 0 0.9961932 -0.2588262 0 0.9659239 -0.4225998 0 0.9063164 -0.5735716 0 0.8191554 -0.5736092 0 0.8191292 -0.707091 0 0.7071226 -0.8191602 0 0.5735648 -0.9062983 0 0.4226388 -0.9063083 0 0.4226173 -0.9659299 0 0.2588037 -0.9961948 0 0.0871551 -0.9961953 0 -0.08715027 -0.9961948 0 -0.0871551 -0.9659337 0 -0.2587898 -0.9659262 0 -0.2588177 -0.9062983 0 -0.4226388 -0.9063083 0 -0.4226173 -0.8191786 0 -0.5735385 -0.8191418 0 -0.5735912 -0.7071191 0 -0.7070946 -0.707091 0 -0.7071226 -0.5736092 0 -0.8191292 -0.573534 0 -0.8191817 -0.4226459 0 -0.906295 -0.4225998 0 -0.9063164 -0.2588262 0 -0.9659239 -0.2587739 0 -0.965938 -0.08722883 0 -0.9961884 -0.08706206 0 -0.996203 0.08739203 0 -0.996174 0.08702141 0 -0.9962065 0.2588393 0 -0.9659204 0.2590136 0 -0.9658737 0.4226107 0 -0.9063113 0.5735133 0 -0.8191963 0.5736386 0 -0.8191086 0.7070543 0 -0.7071593 0.8191398 0 -0.573594 0.9063316 0 -0.4225673 0.9659209 0 -0.2588372 0.9961978 0 -0.08712059 -0.08720928 0 0.99619 -0.258832 0 0.9659224 -0.4225995 0 0.9063166 -0.573527 0 0.8191867 -0.5736523 0 0.819099 -0.7071768 0 0.7070368 -0.7070835 0 0.7071301 -0.8191125 0 0.5736331 -0.9063095 0 0.4226149 -0.9659335 0 0.2587906 -0.9961939 0 0.08716577 -0.9961967 0 0.08713334 -0.9961939 0 -0.08716577 -0.9961953 0 -0.08714956 -0.9659335 0 -0.2587906 -0.9063095 0 -0.4226149 -0.9062761 0 -0.4226864 -0.8191125 0 -0.5736331 -0.8192353 0 -0.5734577 -0.7070835 0 -0.7071301 -0.5737776 0 -0.8190112 -0.573527 0 -0.8191867 -0.4225995 0 -0.9063166 -0.4224461 0 -0.9063881 -0.2590063 0 -0.9658756 -0.258832 0 -0.9659224 -0.08702397 0 -0.9962062 -0.08739459 0 -0.9961738 -0.08702397 0 0.9962062 -0.08739459 0 0.9961738 -0.4227529 0 0.9062451 -0.9063428 0 0.4225433 -0.9659085 0 0.2588839 0.9961963 0 0.0871368 0.9659335 0 0.2587906 0.9659085 0 0.2588839 0.9063316 0 0.4225673 0.8191398 0 0.573594 0.7070543 0 0.7071593 0.7071477 0 0.707066 0.5735133 0 0.8191963 0.4227641 0 0.9062398 0.4226107 0 0.9063113 0.2588393 0 0.9659204 0.08739203 0 0.996174 0.08702141 0 0.9962065 -0.9659209 0 -0.2588372 -0.9063428 0 -0.4225433 -0.5736523 0 -0.819099</float_array>
          <technique_common>
            <accessor source="#BOX_PAD1_0_simple_005-mesh-normals-array" count="3219" stride="3">
              <param name="X" type="float"/>
              <param name="Y" type="float"/>
              <param name="Z" type="float"/>
            </accessor>
          </technique_common>
        </source>
        <vertices id="BOX_PAD1_0_simple_005-mesh-vertices">
          <input semantic="POSITION" source="#BOX_PAD1_0_simple_005-mesh-positions"/>
        </vertices>
        <triangles count="8555">
          <input semantic="VERTEX" source="#BOX_PAD1_0_simple_005-mesh-vertices" offset="0"/>
          <input semantic="NORMAL" source="#BOX_PAD1_0_simple_005-mesh-normals" offset="1"/>
          <p>4 0 5 0 6 0 7 0 8 0 9 0 10 1 11 1 12 1 13 0 14 0 15 0 15 2 14 2 16 2 15 0 16 0 17 0 18 3 19 3 20 3 10 4 12 4 21 4 22 0 23 0 24 0 24 5 23 5 25 5 24 0 25 0 26 0 26 6 25 6 27 6 26 0 27 0 28 0 28 0 29 0 26 0 26 7 29 7 30 7 26 8 30 8 31 8 32 9 33 9 34 9 33 10 35 10 34 10 34 0 35 0 36 0 34 11 36 11 37 11 22 0 38 0 23 0 23 12 38 12 39 12 23 13 39 13 40 13 4 0 6 0 41 0 20 0 42 0 18 0 18 14 42 14 43 14 18 0 43 0 44 0 45 0 46 0 47 0 47 15 46 15 48 15 47 0 48 0 49 0 11 0 50 0 12 0 12 16 50 16 51 16 12 17 51 17 52 17 13 0 15 0 34 0 34 18 15 18 53 18 34 19 53 19 32 19 40 0 54 0 23 0 23 0 54 0 55 0 23 20 55 20 56 20 57 0 58 0 59 0 59 21 58 21 60 21 59 22 60 22 61 22 62 0 63 0 12 0 12 23 63 23 64 23 64 24 65 24 12 24 12 25 65 25 66 25 12 26 66 26 9 26 9 27 66 27 67 27 9 28 67 28 68 28 68 0 69 0 9 0 9 29 69 29 70 29 9 30 70 30 71 30 8 31 72 31 9 31 9 32 72 32 73 32 9 0 73 0 6 0 6 0 73 0 74 0 6 33 74 33 75 33 76 0 77 0 12 0 12 34 77 34 78 34 12 0 78 0 21 0 79 35 80 35 56 35 56 36 80 36 81 36 56 37 81 37 23 37 82 0 83 0 59 0 83 38 84 38 59 38 59 39 84 39 85 39 59 0 85 0 57 0 71 40 86 40 9 40 9 41 86 41 87 41 9 0 87 0 88 0 75 0 89 0 6 0 6 42 89 42 90 42 6 0 90 0 91 0 91 43 92 43 6 43 6 44 92 44 93 44 6 45 93 45 94 45 6 46 95 46 96 46 5 0 97 0 6 0 6 47 97 47 98 47 6 48 98 48 99 48 100 0 101 0 18 0 102 49 103 49 12 49 12 0 103 0 104 0 12 50 104 50 76 50 37 0 105 0 34 0 34 51 105 51 106 51 34 52 106 52 81 52 81 0 106 0 107 0 81 53 107 53 23 53 62 0 12 0 108 0 108 54 12 54 52 54 108 0 52 0 59 0 59 55 52 55 109 55 59 56 109 56 82 56 31 0 110 0 26 0 26 57 110 57 111 57 26 58 111 58 112 58 101 59 113 59 18 59 18 60 113 60 114 60 18 0 114 0 19 0 115 61 116 61 12 61 94 0 117 0 6 0 6 62 117 62 118 62 6 63 118 63 95 63 96 0 119 0 6 0 6 64 119 64 17 64 6 65 17 65 41 65 41 66 17 66 16 66 99 0 120 0 6 0 6 67 120 67 121 67 6 68 121 68 18 68 18 69 121 69 122 69 18 70 122 70 100 70 44 71 123 71 18 71 18 72 123 72 124 72 18 0 124 0 12 0 12 73 124 73 125 73 12 0 125 0 115 0 49 74 126 74 47 74 47 75 126 75 127 75 47 0 127 0 128 0 116 76 129 76 12 76 12 77 129 77 130 77 12 78 130 78 102 78 102 0 130 0 131 0 102 79 131 79 132 79 132 80 131 80 133 80 134 81 135 81 136 81 136 82 135 82 137 82 136 83 137 83 138 83 134 84 136 84 47 84 47 85 136 85 139 85 47 0 139 0 45 0 45 86 139 86 140 86 45 87 140 87 141 87 141 88 140 88 142 88 141 0 142 0 61 0 61 0 142 0 143 0 61 89 143 89 59 89 144 0 145 0 131 0 88 0 146 0 9 0 9 90 146 90 147 90 9 91 147 91 148 91 145 0 149 0 131 0 131 92 149 92 150 92 131 0 150 0 133 0 79 93 151 93 80 93 80 94 151 94 152 94 80 0 152 0 153 0 153 95 152 95 154 95 153 96 154 96 138 96 138 97 154 97 155 97 138 0 155 0 136 0 148 0 156 0 9 0 9 98 156 98 26 98 9 99 26 99 7 99 7 0 26 0 112 0 128 100 157 100 47 100 47 0 157 0 158 0 47 0 158 0 131 0 131 0 158 0 159 0 131 0 159 0 144 0 160 101 161 101 162 101 162 102 161 102 163 102 162 103 163 103 164 103 164 104 165 104 162 104 162 105 165 105 166 105 162 106 166 106 167 106 168 104 162 104 169 104 169 104 162 104 170 104 171 107 172 107 162 107 162 108 172 108 173 108 162 109 173 109 174 109 175 104 176 104 177 104 168 104 178 104 162 104 162 110 178 110 179 110 162 111 179 111 180 111 180 104 181 104 162 104 162 112 181 112 182 112 162 113 182 113 183 113 184 104 185 104 160 104 186 104 187 104 188 104 188 114 187 114 189 114 176 104 190 104 177 104 177 115 190 115 191 115 177 116 191 116 192 116 193 104 194 104 195 104 195 117 194 117 196 117 195 104 196 104 197 104 198 118 199 118 200 118 200 104 201 104 198 104 198 119 201 119 202 119 198 120 202 120 203 120 160 121 204 121 205 121 186 104 206 104 187 104 187 122 206 122 207 122 187 123 207 123 208 123 209 104 210 104 211 104 203 104 212 104 198 104 198 104 212 104 213 104 198 124 213 124 214 124 215 125 216 125 217 125 217 126 216 126 214 126 198 127 218 127 219 127 205 104 220 104 160 104 160 128 220 128 221 128 160 129 221 129 184 129 222 104 223 104 224 104 225 104 226 104 227 104 227 104 226 104 228 104 229 104 230 104 177 104 177 130 230 130 231 130 177 131 231 131 175 131 198 132 232 132 233 132 214 104 216 104 198 104 198 133 216 133 234 133 198 134 234 134 218 134 219 135 235 135 198 135 198 136 235 136 236 136 198 104 236 104 160 104 160 137 236 137 237 137 160 138 237 138 204 138 185 104 238 104 160 104 160 139 238 139 239 139 160 140 239 140 240 140 167 104 241 104 162 104 162 141 241 141 242 141 162 142 242 142 170 142 170 143 242 143 224 143 189 104 243 104 188 104 188 144 243 144 244 144 188 104 244 104 211 104 211 145 244 145 245 145 211 104 245 104 209 104 246 104 247 104 226 104 226 146 247 146 248 146 226 147 248 147 249 147 249 148 250 148 226 148 226 149 250 149 251 149 226 150 251 150 228 150 233 104 252 104 198 104 198 151 252 151 253 151 198 152 253 152 199 152 215 104 254 104 216 104 216 153 254 153 255 153 216 104 255 104 256 104 257 104 258 104 259 104 259 104 258 104 260 104 211 154 261 154 188 154 188 155 261 155 262 155 188 156 262 156 263 156 263 157 262 157 258 157 263 104 258 104 264 104 264 104 258 104 257 104 260 158 265 158 266 158 183 104 267 104 162 104 162 104 267 104 268 104 162 159 268 159 193 159 229 104 269 104 230 104 230 160 269 160 270 160 230 104 270 104 225 104 225 161 270 161 271 161 225 104 271 104 226 104 271 104 272 104 226 104 226 162 272 162 273 162 226 163 273 163 274 163 256 104 275 104 216 104 216 104 275 104 276 104 216 104 276 104 277 104 277 104 276 104 278 104 277 104 278 104 279 104 279 104 278 104 280 104 279 104 280 104 210 104 210 104 280 104 281 104 210 104 281 104 211 104 240 104 282 104 160 104 160 164 282 164 283 164 160 165 283 165 161 165 284 104 285 104 224 104 224 166 285 166 286 166 224 167 286 167 170 167 287 104 258 104 288 104 288 168 258 168 289 168 197 169 290 169 195 169 195 170 290 170 260 170 195 104 260 104 291 104 291 104 260 104 266 104 195 104 292 104 193 104 193 104 292 104 293 104 193 171 293 171 162 171 162 172 293 172 294 172 162 173 294 173 171 173 223 104 295 104 224 104 224 174 295 174 296 174 224 175 296 175 284 175 287 104 297 104 258 104 258 176 297 176 298 176 258 177 298 177 260 177 260 178 298 178 299 178 260 179 299 179 265 179 174 104 300 104 162 104 162 180 300 180 301 180 162 104 301 104 226 104 226 104 301 104 302 104 226 181 302 181 246 181 274 104 303 104 226 104 226 182 303 182 304 182 226 183 304 183 198 183 198 184 304 184 305 184 198 185 305 185 232 185 192 104 306 104 177 104 177 186 306 186 307 186 177 104 307 104 289 104 289 104 307 104 308 104 289 187 308 187 288 187 208 104 309 104 187 104 187 188 309 188 310 188 187 104 310 104 311 104 311 189 310 189 312 189 311 104 312 104 313 104 313 104 312 104 314 104 313 104 314 104 224 104 224 190 314 190 315 190 224 191 315 191 222 191 6 192 162 192 9 192 9 192 162 192 226 192 160 193 18 193 198 193 198 193 18 193 12 193 316 194 317 194 318 194 318 194 317 194 319 194 320 195 321 195 322 195 322 195 321 195 323 195 323 192 321 192 316 192 316 192 321 192 317 192 319 193 320 193 318 193 318 193 320 193 322 193 317 192 321 192 324 192 324 196 321 196 325 196 324 192 325 192 326 192 326 197 325 197 327 197 326 192 327 192 328 192 328 192 327 192 329 192 328 192 329 192 330 192 330 198 329 198 331 198 330 192 331 192 332 192 332 199 331 199 333 199 332 192 333 192 334 192 334 192 333 192 335 192 334 192 335 192 336 192 336 200 335 200 337 200 336 192 337 192 338 192 338 201 337 201 339 201 338 192 339 192 340 192 340 192 339 192 341 192 342 193 343 193 344 193 344 193 343 193 345 193 344 193 345 193 346 193 346 193 345 193 347 193 346 193 347 193 348 193 348 193 347 193 349 193 348 193 349 193 350 193 350 202 349 202 351 202 350 193 351 193 352 193 352 203 351 203 353 203 352 193 353 193 354 193 354 204 353 204 355 204 354 193 355 193 356 193 356 205 355 205 357 205 356 206 357 206 358 206 358 207 357 207 359 207 358 193 359 193 319 193 319 208 359 208 320 208 360 209 341 209 339 209 321 210 320 210 359 210 321 210 359 210 325 210 325 211 359 211 357 211 325 211 357 211 327 211 327 212 357 212 355 212 327 212 355 212 329 212 329 213 355 213 353 213 329 213 353 213 331 213 331 214 353 214 351 214 331 214 351 214 333 214 333 215 351 215 349 215 333 216 349 216 335 216 335 217 349 217 347 217 335 217 347 217 337 217 337 218 347 218 345 218 337 218 345 218 339 218 345 219 343 219 361 219 345 219 361 219 339 219 339 219 361 219 362 219 339 220 362 220 360 220 363 221 342 221 344 221 338 222 340 222 364 222 363 223 344 223 365 223 364 224 365 224 338 224 338 223 365 223 344 223 338 225 344 225 336 225 336 226 344 226 346 226 336 227 346 227 334 227 334 228 346 228 348 228 334 229 348 229 332 229 332 230 348 230 350 230 332 231 350 231 330 231 330 231 350 231 352 231 330 232 352 232 328 232 328 232 352 232 354 232 328 233 354 233 326 233 326 233 354 233 356 233 326 234 356 234 324 234 324 234 356 234 358 234 324 235 358 235 317 235 317 235 358 235 319 235 366 193 367 193 368 193 368 193 367 193 369 193 368 193 369 193 370 193 370 193 369 193 371 193 370 193 371 193 342 193 342 193 371 193 343 193 340 192 341 192 372 192 372 192 341 192 373 192 372 192 373 192 374 192 374 192 373 192 375 192 374 192 375 192 376 192 376 192 375 192 377 192 373 104 341 104 360 104 378 236 379 236 380 236 381 104 382 104 383 104 384 104 385 104 386 104 386 104 385 104 387 104 386 104 387 104 388 104 384 104 389 104 385 104 385 237 389 237 390 237 385 238 390 238 391 238 392 239 393 239 394 239 391 104 395 104 385 104 385 240 395 240 396 240 385 241 396 241 383 241 383 242 396 242 397 242 383 243 397 243 381 243 394 104 393 104 398 104 398 244 393 244 399 244 398 104 399 104 400 104 382 104 401 104 383 104 383 245 401 245 402 245 383 104 402 104 403 104 403 246 402 246 404 246 403 104 404 104 405 104 405 247 404 247 392 247 405 104 392 104 406 104 406 104 392 104 394 104 407 104 408 104 380 104 380 248 408 248 409 248 409 104 410 104 380 104 380 104 410 104 411 104 380 249 411 249 412 249 413 104 414 104 415 104 416 104 417 104 418 104 418 104 417 104 415 104 418 104 415 104 419 104 419 104 415 104 414 104 379 250 420 250 380 250 380 251 420 251 421 251 380 252 421 252 407 252 421 104 422 104 407 104 407 253 422 253 423 253 407 254 423 254 424 254 424 255 423 255 425 255 424 256 425 256 415 256 415 257 425 257 426 257 415 258 426 258 413 258 416 104 427 104 417 104 417 259 427 259 428 259 417 260 428 260 429 260 430 104 431 104 432 104 432 104 431 104 417 104 432 104 417 104 433 104 433 104 417 104 429 104 434 261 435 261 436 261 437 104 434 104 438 104 438 104 434 104 387 104 438 104 387 104 439 104 434 104 436 104 440 104 440 262 436 262 441 262 440 263 441 263 442 263 442 104 443 104 440 104 440 264 443 264 444 264 440 265 444 265 445 265 446 104 431 104 447 104 447 104 431 104 440 104 447 104 440 104 448 104 448 104 440 104 445 104 437 104 449 104 434 104 434 266 449 266 450 266 434 267 450 267 451 267 451 104 452 104 434 104 434 268 452 268 453 268 434 269 453 269 435 269 446 104 454 104 431 104 431 270 454 270 455 270 431 104 455 104 417 104 417 271 455 271 456 271 417 272 457 272 458 272 417 104 458 104 385 104 385 273 458 273 459 273 385 274 459 274 460 274 456 104 461 104 417 104 417 275 461 275 462 275 417 276 462 276 463 276 463 104 464 104 417 104 417 277 464 277 465 277 417 278 465 278 457 278 460 104 466 104 385 104 385 279 466 279 467 279 385 280 467 280 468 280 468 104 469 104 385 104 385 281 469 281 470 281 385 104 470 104 387 104 387 282 470 282 471 282 387 270 471 270 439 270 400 104 399 104 472 104 472 283 399 283 473 283 472 104 473 104 474 104 474 284 473 284 475 284 474 285 475 285 367 285 367 286 475 286 476 286 367 104 476 104 369 104 476 104 477 104 369 104 369 287 477 287 478 287 369 288 478 288 479 288 479 104 480 104 369 104 369 289 480 289 481 289 369 290 481 290 482 290 483 104 484 104 434 104 434 291 484 291 485 291 434 104 485 104 387 104 387 292 485 292 486 292 387 293 486 293 388 293 482 104 487 104 369 104 369 294 487 294 488 294 369 104 488 104 434 104 434 295 488 295 489 295 434 296 489 296 490 296 490 104 491 104 434 104 434 297 491 297 492 297 434 298 492 298 483 298 493 104 494 104 440 104 440 299 494 299 495 299 440 300 495 300 496 300 496 104 497 104 440 104 440 301 497 301 498 301 440 104 498 104 499 104 499 302 498 302 500 302 500 104 501 104 499 104 499 303 501 303 502 303 499 304 502 304 503 304 499 104 504 104 380 104 380 305 504 305 505 305 380 306 505 306 378 306 430 104 506 104 431 104 431 307 506 307 507 307 431 104 507 104 440 104 440 308 507 308 508 308 440 309 508 309 493 309 503 104 509 104 499 104 499 310 509 310 510 310 499 311 510 311 504 311 373 104 511 104 375 104 375 104 511 104 499 104 375 104 499 104 377 104 377 104 499 104 380 104 377 104 380 104 512 104 512 104 380 104 412 104 513 104 514 104 440 104 515 104 516 104 517 104 517 104 516 104 518 104 519 312 520 312 511 312 511 313 520 313 521 313 511 314 521 314 522 314 523 104 524 104 499 104 499 315 524 315 525 315 514 104 526 104 440 104 440 260 526 260 527 260 440 316 527 316 528 316 515 104 529 104 516 104 516 317 529 317 530 317 516 318 530 318 531 318 522 104 532 104 511 104 511 319 532 319 533 319 511 320 533 320 534 320 535 104 536 104 499 104 499 321 536 321 537 321 499 322 537 322 523 322 525 323 538 323 499 323 499 324 538 324 539 324 499 104 539 104 440 104 440 273 539 273 540 273 440 325 540 325 513 325 528 104 541 104 440 104 440 326 541 326 542 326 440 104 542 104 516 104 516 327 542 327 543 327 516 328 543 328 518 328 531 104 544 104 516 104 516 329 544 329 545 329 516 104 545 104 511 104 511 330 545 330 546 330 511 331 546 331 519 331 534 332 547 332 511 332 511 333 547 333 548 333 511 104 548 104 499 104 499 334 548 334 549 334 499 335 549 335 535 335 550 104 551 104 440 104 552 104 553 104 516 104 440 336 554 336 555 336 556 104 557 104 434 104 552 104 516 104 558 104 553 104 559 104 516 104 516 337 559 337 560 337 516 338 560 338 561 338 555 104 562 104 440 104 440 276 562 276 563 276 440 339 563 339 550 339 561 104 564 104 516 104 516 340 564 340 565 340 516 104 565 104 440 104 440 341 565 341 566 341 440 271 566 271 554 271 551 104 567 104 440 104 440 272 567 272 568 272 440 104 568 104 434 104 434 273 568 273 569 273 434 274 569 274 556 274 570 104 571 104 434 104 434 342 571 342 572 342 434 104 572 104 573 104 573 343 572 343 574 343 573 344 574 344 575 344 575 104 576 104 573 104 573 345 576 345 577 345 573 346 577 346 578 346 557 104 579 104 434 104 434 280 579 280 580 280 434 347 580 347 570 347 578 104 581 104 573 104 573 348 581 348 582 348 573 349 582 349 583 349 583 104 584 104 573 104 573 350 584 350 585 350 573 104 585 104 516 104 516 351 585 351 586 351 516 352 586 352 558 352 587 104 573 104 588 104 588 104 573 104 371 104 588 104 371 104 589 104 587 104 590 104 573 104 573 353 590 353 591 353 573 354 591 354 592 354 593 104 594 104 573 104 573 355 594 355 595 355 573 104 595 104 434 104 434 356 595 356 596 356 596 104 597 104 434 104 434 357 597 357 598 357 434 237 598 237 599 237 369 358 600 358 601 358 602 104 603 104 371 104 592 104 604 104 573 104 573 337 604 337 605 337 573 359 605 359 593 359 599 104 606 104 434 104 434 360 606 360 607 360 434 240 607 240 608 240 609 104 610 104 369 104 369 361 610 361 611 361 369 104 601 104 371 104 371 362 601 362 612 362 371 363 612 363 602 363 611 104 613 104 369 104 369 364 613 364 614 364 369 365 614 365 600 365 603 104 615 104 371 104 371 366 615 366 616 366 371 367 616 367 617 367 617 104 618 104 371 104 371 368 618 368 619 368 371 369 619 369 589 369 608 104 620 104 434 104 434 370 620 370 621 370 434 104 621 104 369 104 369 371 621 371 622 371 369 372 622 372 609 372 373 104 360 104 511 104 511 104 360 104 362 104 511 104 362 104 516 104 516 104 362 104 361 104 516 104 361 104 573 104 573 104 361 104 343 104 573 104 343 104 371 104 623 0 624 0 625 0 626 0 627 0 628 0 625 0 624 0 629 0 629 373 624 373 630 373 629 374 630 374 631 374 631 0 630 0 632 0 632 375 630 375 633 375 632 376 633 376 634 376 634 377 633 377 635 377 634 0 635 0 636 0 637 0 638 0 639 0 636 0 635 0 628 0 628 378 635 378 640 378 628 379 640 379 626 379 638 0 641 0 639 0 639 380 641 380 642 380 639 381 642 381 643 381 627 0 644 0 628 0 628 382 644 382 645 382 628 383 645 383 639 383 639 384 645 384 646 384 639 385 646 385 637 385 643 0 647 0 648 0 649 0 650 0 651 0 652 0 653 0 654 0 655 386 656 386 657 386 654 387 653 387 651 387 651 388 653 388 658 388 651 389 658 389 649 389 659 0 660 0 661 0 661 390 660 390 662 390 661 391 662 391 663 391 664 0 665 0 654 0 654 392 665 392 666 392 654 393 666 393 652 393 650 394 667 394 651 394 651 395 667 395 668 395 651 0 668 0 669 0 669 396 668 396 670 396 669 0 670 0 671 0 671 397 670 397 672 397 655 0 657 0 654 0 654 398 657 398 673 398 654 399 673 399 664 399 674 400 675 400 661 400 675 401 676 401 661 401 661 0 676 0 677 0 661 402 677 402 678 402 672 403 659 403 671 403 671 0 659 0 661 0 671 404 661 404 679 404 679 0 661 0 678 0 648 405 680 405 681 405 654 406 682 406 683 406 643 0 648 0 639 0 639 0 648 0 681 0 639 407 681 407 684 407 682 0 654 0 685 0 685 0 654 0 639 0 685 0 639 0 686 0 683 0 687 0 654 0 654 408 687 408 688 408 654 409 688 409 689 409 684 0 690 0 639 0 639 410 690 410 691 410 639 411 691 411 692 411 693 0 655 0 694 0 694 0 655 0 654 0 694 0 654 0 695 0 695 0 654 0 689 0 692 0 696 0 639 0 639 412 696 412 697 412 639 413 697 413 686 413 698 0 699 0 700 0 699 0 701 0 700 0 700 414 701 414 702 414 700 415 702 415 703 415 703 0 704 0 700 0 700 416 704 416 705 416 700 0 705 0 706 0 706 417 705 417 707 417 706 418 707 418 708 418 693 0 709 0 655 0 655 419 709 419 710 419 655 0 710 0 700 0 700 420 710 420 711 420 700 421 711 421 698 421 708 0 712 0 706 0 706 422 712 422 713 422 706 423 713 423 714 423 714 0 715 0 706 0 706 424 715 424 716 424 706 0 716 0 648 0 648 425 716 425 717 425 648 426 717 426 680 426 718 0 719 0 706 0 647 0 720 0 648 0 648 427 720 427 721 427 648 0 721 0 706 0 706 428 721 428 722 428 706 429 722 429 718 429 719 0 723 0 706 0 706 430 723 430 724 430 706 431 724 431 725 431 725 0 726 0 706 0 706 432 726 432 727 432 706 0 727 0 368 0 368 433 727 433 728 433 368 434 728 434 729 434 730 0 731 0 368 0 368 435 731 435 732 435 368 0 732 0 366 0 729 0 733 0 368 0 368 436 733 436 734 436 368 437 734 437 730 437 625 0 735 0 623 0 623 438 735 438 736 438 623 439 736 439 737 439 737 440 736 440 366 440 737 0 366 0 738 0 738 0 366 0 732 0 739 0 740 0 700 0 700 441 740 441 741 441 700 442 741 442 742 442 663 0 743 0 661 0 661 443 743 443 744 443 661 0 744 0 745 0 745 444 744 444 746 444 745 445 746 445 747 445 747 0 748 0 745 0 745 446 748 446 749 446 745 447 749 447 750 447 750 0 751 0 745 0 745 448 751 448 752 448 745 0 752 0 700 0 700 417 752 417 753 417 700 449 753 449 739 449 742 0 754 0 700 0 700 450 754 450 755 450 700 0 755 0 655 0 655 451 755 451 756 451 655 452 756 452 656 452 757 0 758 0 368 0 759 0 760 0 706 0 706 453 760 453 761 453 706 454 761 454 762 454 762 0 763 0 706 0 706 381 763 381 764 381 706 455 764 455 765 455 765 0 766 0 767 0 767 456 766 456 768 456 368 457 769 457 770 457 768 0 771 0 767 0 767 458 771 458 772 458 767 459 772 459 773 459 758 0 774 0 368 0 368 460 774 460 775 460 368 461 775 461 769 461 770 0 776 0 368 0 368 462 776 462 777 462 368 0 777 0 706 0 706 463 777 463 778 463 706 384 778 384 759 384 773 0 779 0 767 0 767 464 779 464 780 464 767 465 780 465 781 465 781 0 782 0 767 0 767 466 782 466 783 466 767 0 783 0 370 0 370 467 783 467 784 467 784 0 785 0 370 0 370 468 785 468 786 468 370 469 786 469 787 469 787 0 788 0 370 0 370 470 788 470 789 470 370 471 789 471 790 471 790 0 791 0 370 0 370 472 791 472 792 472 370 0 792 0 368 0 368 473 792 473 793 473 368 474 793 474 757 474 794 0 795 0 796 0 767 475 797 475 798 475 799 0 800 0 767 0 767 476 800 476 801 476 767 477 801 477 802 477 765 0 767 0 706 0 706 0 767 0 798 0 706 478 798 478 803 478 804 0 700 0 805 0 805 0 700 0 706 0 805 0 706 0 806 0 806 0 706 0 807 0 794 0 796 0 808 0 795 0 809 0 796 0 796 479 809 479 810 479 796 459 810 459 811 459 812 0 813 0 796 0 796 480 813 480 814 480 796 0 814 0 767 0 767 481 814 481 815 481 767 482 815 482 799 482 802 0 816 0 767 0 767 483 816 483 817 483 767 484 817 484 797 484 804 0 818 0 700 0 700 485 818 485 819 485 700 408 819 408 820 408 820 0 821 0 700 0 700 486 821 486 822 486 700 487 822 487 823 487 811 0 824 0 796 0 796 488 824 488 825 488 796 465 825 465 812 465 803 0 826 0 706 0 706 399 826 399 827 399 706 410 827 410 828 410 828 0 829 0 706 0 706 489 829 489 830 489 706 412 830 412 807 412 831 0 745 0 832 0 832 0 745 0 833 0 834 0 835 0 836 0 836 490 835 490 837 490 836 491 837 491 838 491 839 0 840 0 836 0 836 492 840 492 841 492 836 0 841 0 796 0 796 493 841 493 842 493 796 494 842 494 843 494 843 0 844 0 796 0 796 495 844 495 845 495 796 496 845 496 846 496 846 0 847 0 796 0 796 497 847 497 848 497 796 484 848 484 849 484 831 0 850 0 745 0 745 498 850 498 851 498 745 499 851 499 852 499 838 0 853 0 836 0 836 500 853 500 854 500 836 501 854 501 839 501 852 0 855 0 745 0 745 502 855 502 856 502 745 0 856 0 836 0 836 503 856 503 857 503 836 504 857 504 834 504 849 0 858 0 796 0 796 0 858 0 700 0 796 0 700 0 808 0 808 0 700 0 823 0 858 0 859 0 700 0 700 398 859 398 860 398 700 399 860 399 861 399 861 0 862 0 700 0 700 392 862 392 863 392 700 393 863 393 864 393 864 0 865 0 700 0 700 505 865 505 866 505 700 506 866 506 745 506 745 507 866 507 867 507 745 508 867 508 833 508 674 509 661 509 376 509 376 0 661 0 745 0 376 0 745 0 374 0 374 0 745 0 836 0 374 0 836 0 372 0 370 0 342 0 767 0 767 0 342 0 363 0 767 0 363 0 796 0 796 0 363 0 365 0 796 0 365 0 836 0 836 0 365 0 364 0 836 0 364 0 372 0 372 0 364 0 340 0 651 194 415 194 654 194 654 194 415 194 417 194 654 194 417 194 639 194 639 194 417 194 385 194 639 194 385 194 628 194 628 194 385 194 383 194 318 193 322 193 868 193 868 510 322 510 869 510 868 193 869 193 870 193 870 511 869 511 871 511 870 193 871 193 872 193 872 512 871 512 873 512 872 193 873 193 874 193 874 513 873 513 875 513 874 193 875 193 876 193 876 514 875 514 877 514 876 515 877 515 878 515 878 516 877 516 879 516 878 193 879 193 880 193 880 193 879 193 881 193 880 193 881 193 882 193 882 193 881 193 883 193 882 193 883 193 160 193 160 193 883 193 18 193 162 192 6 192 884 192 884 192 6 192 885 192 884 192 885 192 886 192 886 192 885 192 887 192 886 192 887 192 888 192 888 192 887 192 889 192 888 192 889 192 890 192 890 192 889 192 891 192 890 192 891 192 892 192 892 517 891 517 893 517 892 192 893 192 894 192 894 518 893 518 895 518 894 192 895 192 896 192 896 192 895 192 897 192 896 192 897 192 898 192 898 519 897 519 899 519 898 192 899 192 316 192 316 520 899 520 323 520 322 521 323 521 899 521 322 522 899 522 869 522 869 523 899 523 897 523 869 524 897 524 871 524 871 525 897 525 895 525 871 525 895 525 873 525 873 526 895 526 893 526 873 527 893 527 875 527 875 528 893 528 891 528 875 529 891 529 877 529 877 530 891 530 889 530 877 531 889 531 879 531 879 532 889 532 887 532 879 532 887 532 881 532 881 533 887 533 885 533 881 534 885 534 883 534 883 535 885 535 6 535 883 536 6 536 18 536 160 537 162 537 882 537 882 538 162 538 884 538 882 539 884 539 880 539 880 540 884 540 886 540 880 541 886 541 878 541 878 542 886 542 888 542 878 543 888 543 876 543 876 544 888 544 890 544 876 545 890 545 874 545 874 546 890 546 892 546 874 547 892 547 872 547 872 547 892 547 894 547 872 548 894 548 870 548 870 548 894 548 896 548 870 549 896 549 868 549 868 549 896 549 898 549 868 550 898 550 318 550 318 550 898 550 316 550 198 193 12 193 900 193 900 193 12 193 901 193 900 193 901 193 902 193 902 193 901 193 903 193 902 193 903 193 904 193 904 551 903 551 905 551 904 552 905 552 906 552 906 553 905 553 907 553 906 193 907 193 908 193 908 554 907 554 909 554 908 193 909 193 910 193 910 555 909 555 911 555 910 556 911 556 912 556 912 557 911 557 913 557 912 558 913 558 914 558 914 559 913 559 915 559 914 560 915 560 916 560 916 561 915 561 917 561 916 193 917 193 918 193 918 562 917 562 919 562 920 192 921 192 922 192 922 563 921 563 923 563 922 192 923 192 924 192 924 564 923 564 925 564 924 192 925 192 926 192 926 565 925 565 927 565 926 192 927 192 928 192 928 566 927 566 929 566 928 192 929 192 930 192 930 567 929 567 931 567 930 192 931 192 932 192 932 568 931 568 933 568 932 192 933 192 934 192 934 569 933 569 935 569 934 570 935 570 936 570 936 192 935 192 937 192 936 192 937 192 938 192 938 192 937 192 939 192 938 192 939 192 226 192 226 192 939 192 9 192 12 571 9 571 939 571 12 571 939 571 901 571 901 572 939 572 937 572 901 573 937 573 903 573 903 574 937 574 935 574 903 575 935 575 905 575 905 576 935 576 933 576 905 576 933 576 907 576 907 577 933 577 931 577 907 577 931 577 909 577 909 578 931 578 929 578 909 578 929 578 911 578 911 579 929 579 927 579 911 579 927 579 913 579 913 580 927 580 925 580 913 581 925 581 915 581 915 582 925 582 923 582 915 583 923 583 917 583 917 584 923 584 921 584 917 585 921 585 919 585 918 586 920 586 916 586 916 587 920 587 922 587 916 588 922 588 914 588 914 588 922 588 924 588 914 589 924 589 912 589 912 590 924 590 926 590 912 591 926 591 910 591 910 592 926 592 928 592 910 593 928 593 908 593 908 594 928 594 930 594 908 595 930 595 906 595 906 596 930 596 932 596 906 597 932 597 904 597 904 598 932 598 934 598 904 599 934 599 902 599 902 600 934 600 936 600 902 601 936 601 900 601 900 602 936 602 938 602 900 603 938 603 198 603 198 603 938 603 226 603 3 192 921 192 940 192 940 192 921 192 920 192 941 193 918 193 2 193 2 193 918 193 919 193 942 194 943 194 919 194 943 194 944 194 919 194 919 604 944 604 945 604 919 605 945 605 946 605 947 194 948 194 949 194 921 606 950 606 951 606 946 194 952 194 919 194 919 607 952 607 953 607 919 608 953 608 2 608 2 609 953 609 954 609 2 194 954 194 955 194 955 194 956 194 2 194 2 194 956 194 957 194 2 194 957 194 958 194 958 610 957 610 959 610 958 194 959 194 960 194 960 611 959 611 961 611 960 612 961 612 962 612 962 194 961 194 963 194 962 194 963 194 964 194 964 613 963 613 965 613 964 194 965 194 966 194 966 614 965 614 967 614 966 194 967 194 968 194 968 615 967 615 969 615 968 194 969 194 970 194 970 616 969 616 971 616 970 194 971 194 972 194 972 617 971 617 973 617 972 194 973 194 974 194 974 618 973 618 975 618 974 619 975 619 976 619 947 194 949 194 977 194 948 620 978 620 949 620 949 621 978 621 979 621 949 622 979 622 980 622 981 194 982 194 983 194 983 623 982 623 984 623 983 194 984 194 985 194 985 624 984 624 986 624 985 194 986 194 987 194 981 194 983 194 949 194 949 625 983 625 988 625 949 626 988 626 977 626 989 194 990 194 974 194 974 627 990 627 991 627 974 194 991 194 992 194 992 628 991 628 993 628 992 629 993 629 994 629 951 194 995 194 921 194 921 630 995 630 996 630 921 631 996 631 985 631 997 194 998 194 921 194 921 632 998 632 999 632 921 194 999 194 919 194 919 633 999 633 1000 633 919 634 1000 634 942 634 987 194 1001 194 985 194 985 635 1001 635 1002 635 985 194 1002 194 921 194 921 636 1002 636 1003 636 921 637 1003 637 997 637 976 194 1004 194 974 194 974 638 1004 638 1005 638 974 639 1005 639 949 639 1006 194 1007 194 3 194 3 194 1007 194 1008 194 3 640 1008 640 921 640 921 641 1008 641 1009 641 921 642 1009 642 950 642 980 194 1010 194 949 194 949 194 1010 194 1011 194 949 194 1011 194 974 194 974 643 1011 643 1012 643 974 644 1012 644 989 644 994 194 1013 194 992 194 992 618 1013 618 1014 618 992 645 1014 645 1015 645 1015 646 1014 646 1016 646 1015 194 1016 194 1017 194 1017 647 1016 647 1018 647 1017 194 1018 194 1019 194 1019 648 1018 648 1020 648 1019 649 1020 649 1021 649 1021 650 1020 650 1022 650 1021 651 1022 651 1023 651 1023 652 1022 652 1024 652 1023 194 1024 194 1025 194 1025 653 1024 653 1026 653 1025 654 1026 654 1027 654 1027 194 1026 194 1028 194 1027 655 1028 655 1029 655 1029 656 1028 656 1030 656 1029 657 1030 657 3 657 3 194 1030 194 1031 194 3 194 1031 194 1006 194 1032 195 1033 195 920 195 1034 658 1035 658 1036 658 1036 659 1035 659 1037 659 1036 195 1037 195 1038 195 1039 195 1040 195 1041 195 1041 660 1040 660 1042 660 1043 195 1044 195 918 195 918 661 1044 661 1045 661 1046 195 1047 195 1048 195 1038 195 1049 195 1036 195 1036 662 1049 662 1050 662 1036 195 1050 195 1051 195 1051 663 1050 663 1052 663 1051 664 1052 664 1053 664 1046 665 1048 665 1054 665 1055 195 1056 195 918 195 918 666 1056 666 1057 666 918 667 1057 667 1058 667 1059 668 1060 668 941 668 941 195 1060 195 1061 195 941 195 1061 195 918 195 918 669 1061 669 1062 669 918 195 1062 195 1043 195 1034 195 1036 195 1048 195 1048 670 1036 670 1063 670 1048 671 1063 671 1054 671 1047 195 1064 195 1048 195 1048 672 1064 672 1065 672 1048 673 1065 673 1066 673 1066 195 1067 195 1048 195 1048 195 1067 195 1055 195 1048 195 1055 195 1068 195 1068 195 1055 195 918 195 1068 195 918 195 1069 195 1069 195 918 195 1045 195 1058 195 1070 195 918 195 918 674 1070 674 1071 674 918 195 1071 195 920 195 920 675 1071 675 1072 675 920 676 1072 676 1032 676 1033 195 1073 195 920 195 920 677 1073 677 1074 677 920 678 1074 678 1075 678 1042 195 1076 195 1041 195 1041 195 1076 195 1077 195 1041 195 1077 195 1078 195 1078 679 1077 679 1079 679 1078 680 1079 680 1080 680 1080 195 1081 195 1078 195 1078 681 1081 681 1082 681 1078 195 1082 195 1083 195 1083 682 1082 682 1084 682 1083 195 1084 195 1085 195 1085 683 1084 683 1086 683 1085 195 1086 195 1087 195 1087 684 1086 684 1088 684 1087 685 1088 685 1089 685 1089 686 1088 686 1090 686 1089 195 1090 195 1091 195 1091 195 1090 195 1092 195 1091 195 1092 195 1093 195 1093 687 1092 687 1094 687 1093 195 1094 195 1095 195 1095 195 1094 195 1096 195 1095 688 1096 688 1097 688 1097 195 1096 195 1098 195 1097 195 1098 195 941 195 941 195 1098 195 1099 195 941 195 1099 195 1059 195 1075 195 1100 195 920 195 920 195 1100 195 1101 195 920 689 1101 689 940 689 940 690 1101 690 1102 690 940 195 1102 195 1103 195 1053 195 1039 195 1051 195 1051 195 1039 195 1041 195 1051 195 1041 195 1104 195 1104 691 1041 691 1105 691 1104 195 1105 195 1106 195 1106 692 1105 692 1107 692 1106 195 1107 195 1108 195 1108 195 1107 195 1109 195 1108 195 1109 195 1110 195 1110 195 1109 195 1111 195 1110 693 1111 693 1112 693 1112 694 1111 694 1113 694 1112 695 1113 695 1114 695 1114 696 1113 696 1115 696 1114 697 1115 697 1116 697 1116 698 1115 698 1117 698 1116 195 1117 195 1118 195 1118 699 1117 699 1119 699 1118 195 1119 195 1120 195 1120 195 1119 195 940 195 1120 195 940 195 1121 195 1121 700 940 700 1103 700 1041 104 1078 104 992 104 992 104 1078 104 974 104 311 701 13 701 187 701 187 701 13 701 34 701 187 702 34 702 189 702 189 703 34 703 81 703 189 704 81 704 243 704 243 704 81 704 80 704 243 705 80 705 244 705 244 706 80 706 153 706 244 707 153 707 245 707 245 708 153 708 138 708 245 709 138 709 209 709 209 709 138 709 137 709 209 710 137 710 210 710 210 710 137 710 135 710 210 711 135 711 279 711 279 711 135 711 134 711 279 712 134 712 277 712 277 713 134 713 47 713 277 714 47 714 216 714 216 715 47 715 131 715 216 716 131 716 234 716 234 716 131 716 130 716 234 717 130 717 218 717 218 717 130 717 129 717 218 718 129 718 219 718 219 718 129 718 116 718 219 719 116 719 235 719 235 720 116 720 115 720 235 721 115 721 236 721 236 722 115 722 125 722 236 723 125 723 237 723 237 723 125 723 124 723 237 724 124 724 204 724 204 725 124 725 123 725 204 726 123 726 205 726 205 726 123 726 44 726 220 727 43 727 221 727 221 727 43 727 42 727 221 728 42 728 184 728 184 728 42 728 20 728 184 729 20 729 185 729 185 730 20 730 19 730 185 731 19 731 238 731 238 731 19 731 114 731 238 732 114 732 239 732 239 732 114 732 113 732 239 733 113 733 240 733 240 733 113 733 101 733 240 734 101 734 282 734 282 734 101 734 100 734 282 735 100 735 283 735 283 736 100 736 122 736 283 737 122 737 161 737 161 738 122 738 121 738 161 739 121 739 163 739 163 740 121 740 120 740 163 741 120 741 164 741 164 742 120 742 99 742 164 743 99 743 165 743 165 743 99 743 98 743 165 744 98 744 166 744 166 744 98 744 97 744 166 745 97 745 167 745 167 745 97 745 5 745 167 746 5 746 241 746 241 746 5 746 4 746 241 747 4 747 242 747 242 748 4 748 41 748 242 749 41 749 224 749 224 749 41 749 16 749 224 750 16 750 313 750 313 750 16 750 14 750 43 192 220 192 44 192 44 192 220 192 205 192 14 193 13 193 313 193 313 193 13 193 311 193 268 701 90 701 193 701 193 701 90 701 89 701 193 751 89 751 194 751 194 752 89 752 75 752 194 753 75 753 196 753 196 753 75 753 74 753 196 705 74 705 197 705 197 706 74 706 73 706 197 707 73 707 290 707 290 708 73 708 72 708 290 709 72 709 260 709 260 709 72 709 8 709 260 710 8 710 259 710 259 710 8 710 7 710 259 711 7 711 257 711 257 711 7 711 112 711 257 712 112 712 264 712 264 713 112 713 111 713 264 714 111 714 263 714 263 715 111 715 110 715 263 754 110 754 188 754 188 754 110 754 31 754 188 755 31 755 186 755 186 755 31 755 30 755 186 718 30 718 206 718 206 718 30 718 29 718 206 719 29 719 207 719 207 720 29 720 28 720 207 721 28 721 208 721 208 722 28 722 27 722 208 723 27 723 309 723 309 723 27 723 25 723 309 724 25 724 310 724 310 725 25 725 23 725 310 726 23 726 312 726 312 726 23 726 107 726 314 727 106 727 315 727 315 727 106 727 105 727 315 728 105 728 222 728 222 728 105 728 37 728 222 729 37 729 223 729 223 730 37 730 36 730 223 731 36 731 295 731 295 731 36 731 35 731 295 732 35 732 296 732 296 732 35 732 33 732 296 733 33 733 284 733 284 733 33 733 32 733 284 756 32 756 285 756 285 756 32 756 53 756 285 757 53 757 286 757 286 758 53 758 15 758 286 737 15 737 170 737 170 738 15 738 17 738 170 739 17 739 169 739 169 740 17 740 119 740 169 741 119 741 168 741 168 742 119 742 96 742 168 743 96 743 178 743 178 743 96 743 95 743 178 744 95 744 179 744 179 744 95 744 118 744 179 745 118 745 180 745 180 745 118 745 117 745 180 746 117 746 181 746 181 746 117 746 94 746 181 759 94 759 182 759 182 760 94 760 93 760 182 761 93 761 183 761 183 761 93 761 92 761 183 750 92 750 267 750 267 750 92 750 91 750 106 192 314 192 107 192 107 192 314 192 312 192 91 193 90 193 267 193 267 193 90 193 268 193 302 701 148 701 246 701 246 701 148 701 147 701 246 751 147 751 247 751 247 752 147 752 146 752 247 753 146 753 248 753 248 753 146 753 88 753 248 705 88 705 249 705 249 706 88 706 87 706 249 707 87 707 250 707 250 708 87 708 86 708 250 709 86 709 251 709 251 709 86 709 71 709 251 710 71 710 228 710 228 710 71 710 70 710 228 711 70 711 227 711 227 711 70 711 69 711 227 712 69 712 225 712 225 713 69 713 68 713 225 714 68 714 230 714 230 715 68 715 67 715 230 754 67 754 231 754 231 754 67 754 66 754 231 755 66 755 175 755 175 755 66 755 65 755 175 718 65 718 176 718 176 718 65 718 64 718 176 719 64 719 190 719 190 720 64 720 63 720 190 721 63 721 191 721 191 722 63 722 62 722 191 723 62 723 192 723 192 723 62 723 108 723 192 724 108 724 306 724 306 725 108 725 59 725 306 726 59 726 307 726 307 726 59 726 143 726 308 727 142 727 288 727 288 727 142 727 140 727 288 728 140 728 287 728 287 728 140 728 139 728 287 729 139 729 297 729 297 730 139 730 136 730 297 762 136 762 298 762 298 731 136 731 155 731 298 732 155 732 299 732 299 763 155 763 154 763 299 733 154 733 265 733 265 733 154 733 152 733 265 756 152 756 266 756 266 764 152 764 151 764 266 765 151 765 291 765 291 758 151 758 79 758 291 738 79 738 195 738 195 737 79 737 56 737 195 740 56 740 292 740 292 739 56 739 55 739 292 741 55 741 293 741 293 766 55 766 54 766 293 767 54 767 294 767 294 743 54 743 40 743 294 744 40 744 171 744 171 744 40 744 39 744 171 768 39 768 172 768 172 745 39 745 38 745 172 746 38 746 173 746 173 769 38 769 22 769 173 759 22 759 174 759 174 760 22 760 24 760 174 761 24 761 300 761 300 761 24 761 26 761 300 750 26 750 301 750 301 750 26 750 156 750 142 192 308 192 143 192 143 192 308 192 307 192 156 193 148 193 301 193 301 193 148 193 302 193 269 701 61 701 270 701 270 701 61 701 60 701 270 702 60 702 271 702 271 703 60 703 58 703 271 704 58 704 272 704 272 704 58 704 57 704 272 705 57 705 273 705 273 706 57 706 85 706 273 707 85 707 274 707 274 708 85 708 84 708 274 709 84 709 303 709 303 709 84 709 83 709 303 710 83 710 304 710 304 710 83 710 82 710 304 711 82 711 305 711 305 711 82 711 109 711 305 712 109 712 232 712 232 713 109 713 52 713 232 714 52 714 233 714 233 715 52 715 51 715 233 716 51 716 252 716 252 716 51 716 50 716 252 717 50 717 253 717 253 717 50 717 11 717 253 718 11 718 199 718 199 718 11 718 10 718 199 719 10 719 200 719 200 720 10 720 21 720 200 721 21 721 201 721 201 722 21 722 78 722 201 723 78 723 202 723 202 723 78 723 77 723 202 724 77 724 203 724 203 725 77 725 76 725 203 726 76 726 212 726 212 726 76 726 104 726 213 727 103 727 214 727 214 727 103 727 102 727 214 728 102 728 217 728 217 728 102 728 132 728 217 729 132 729 215 729 215 730 132 730 133 730 215 762 133 762 254 762 254 731 133 731 150 731 254 732 150 732 255 732 255 763 150 763 149 763 255 733 149 733 256 733 256 733 149 733 145 733 256 734 145 734 275 734 275 770 145 770 144 770 275 771 144 771 276 771 276 736 144 736 159 736 276 738 159 738 278 738 278 737 159 737 158 737 278 740 158 740 280 740 280 739 158 739 157 739 280 741 157 741 281 741 281 766 157 766 128 766 281 767 128 767 211 767 211 743 128 743 127 743 211 744 127 744 261 744 261 744 127 744 126 744 261 768 126 768 262 768 262 745 126 745 49 745 262 746 49 746 258 746 258 769 49 769 48 769 258 747 48 747 289 747 289 748 48 748 46 748 289 749 46 749 177 749 177 749 46 749 45 749 177 750 45 750 229 750 229 750 45 750 141 750 103 192 213 192 104 192 104 192 213 192 212 192 141 193 61 193 229 193 229 193 61 193 269 193 1051 772 1014 772 1036 772 1036 772 1014 772 1013 772 1036 773 1013 773 1063 773 1063 773 1013 773 994 773 1063 774 994 774 1054 774 1054 774 994 774 993 774 1054 775 993 775 1046 775 1046 775 993 775 991 775 1046 776 991 776 1047 776 1047 776 991 776 990 776 1047 777 990 777 1064 777 1064 778 990 778 989 778 1064 779 989 779 1065 779 1065 779 989 779 1012 779 1065 780 1012 780 1066 780 1066 781 1012 781 1011 781 1066 782 1011 782 1067 782 1067 782 1011 782 1010 782 1067 783 1010 783 1055 783 1055 784 1010 784 980 784 1055 785 980 785 1056 785 1056 785 980 785 979 785 1056 786 979 786 1057 786 1057 786 979 786 978 786 1057 787 978 787 1058 787 1058 788 978 788 948 788 1058 789 948 789 1070 789 1070 789 948 789 947 789 1070 790 947 790 1071 790 1071 790 947 790 977 790 1071 791 977 791 1072 791 1072 791 977 791 988 791 1072 792 988 792 1032 792 1032 792 988 792 983 792 1032 793 983 793 1033 793 1033 793 983 793 985 793 1033 794 985 794 1073 794 1073 794 985 794 996 794 1073 795 996 795 1074 795 1074 795 996 795 995 795 1074 796 995 796 1075 796 1075 796 995 796 951 796 1075 797 951 797 1100 797 1100 797 951 797 950 797 1100 798 950 798 1101 798 1101 798 950 798 1009 798 1101 799 1009 799 1102 799 1102 800 1009 800 1008 800 1102 801 1008 801 1103 801 1103 801 1008 801 1007 801 1103 802 1007 802 1121 802 1121 802 1007 802 1006 802 1121 803 1006 803 1120 803 1120 804 1006 804 1031 804 1120 805 1031 805 1118 805 1118 805 1031 805 1030 805 1118 806 1030 806 1116 806 1116 807 1030 807 1028 807 1116 808 1028 808 1114 808 1114 808 1028 808 1026 808 1114 809 1026 809 1112 809 1112 810 1026 810 1024 810 1112 811 1024 811 1110 811 1110 811 1024 811 1022 811 1110 812 1022 812 1108 812 1108 812 1022 812 1020 812 1108 813 1020 813 1106 813 1106 813 1020 813 1018 813 1106 814 1018 814 1104 814 1104 814 1018 814 1016 814 1104 815 1016 815 1051 815 1051 815 1016 815 1014 815 1082 772 975 772 1084 772 1084 772 975 772 973 772 1084 816 973 816 1086 816 1086 817 973 817 971 817 1086 774 971 774 1088 774 1088 774 971 774 969 774 1088 818 969 818 1090 818 1090 819 969 819 967 819 1090 820 967 820 1092 820 1092 821 967 821 965 821 1092 777 965 777 1094 777 1094 778 965 778 963 778 1094 822 963 822 1096 822 1096 823 963 823 961 823 1096 824 961 824 1098 824 1098 825 961 825 959 825 1098 826 959 826 1099 826 1099 827 959 827 957 827 1099 828 957 828 1059 828 1059 829 957 829 956 829 1059 830 956 830 1060 830 1060 831 956 831 955 831 1060 832 955 832 1061 832 1061 833 955 833 954 833 1061 787 954 787 1062 787 1062 788 954 788 953 788 1062 834 953 834 1043 834 1043 835 953 835 952 835 1043 836 952 836 1044 836 1044 837 952 837 946 837 1044 791 946 791 1045 791 1045 791 946 791 945 791 1045 838 945 838 1069 838 1069 839 945 839 944 839 1069 793 944 793 1068 793 1068 793 944 793 943 793 1068 840 943 840 1048 840 1048 841 943 841 942 841 1048 842 942 842 1034 842 1034 842 942 842 1000 842 1034 796 1000 796 1035 796 1035 796 1000 796 999 796 1035 843 999 843 1037 843 1037 844 999 844 998 844 1037 845 998 845 1038 845 1038 846 998 846 997 846 1038 799 997 799 1049 799 1049 800 997 800 1003 800 1049 847 1003 847 1050 847 1050 848 1003 848 1002 848 1050 849 1002 849 1052 849 1052 850 1002 850 1001 850 1052 851 1001 851 1053 851 1053 852 1001 852 987 852 1053 853 987 853 1039 853 1039 854 987 854 986 854 1039 855 986 855 1040 855 1040 856 986 856 984 856 1040 857 984 857 1042 857 1042 858 984 858 982 858 1042 809 982 809 1076 809 1076 810 982 810 981 810 1076 859 981 859 1077 859 1077 860 981 860 949 860 1077 861 949 861 1079 861 1079 862 949 862 1005 862 1079 813 1005 813 1080 813 1080 813 1005 813 1004 813 1080 863 1004 863 1081 863 1081 863 1004 863 976 863 1081 864 976 864 1082 864 1082 865 976 865 975 865 3 866 940 866 1119 866 3 866 1119 866 1029 866 1029 867 1119 867 1117 867 1029 867 1117 867 1027 867 1027 868 1117 868 1115 868 1027 869 1115 869 1025 869 1025 870 1115 870 1113 870 1025 871 1113 871 1023 871 1023 872 1113 872 1111 872 1023 872 1111 872 1021 872 1021 873 1111 873 1109 873 1021 873 1109 873 1019 873 1019 874 1109 874 1107 874 1019 875 1107 875 1017 875 1017 876 1107 876 1105 876 1017 876 1105 876 1015 876 1015 877 1105 877 1041 877 1015 877 1041 877 992 877 974 878 1078 878 1083 878 974 879 1083 879 972 879 972 880 1083 880 1085 880 972 880 1085 880 970 880 970 881 1085 881 1087 881 970 882 1087 882 968 882 968 883 1087 883 1089 883 968 884 1089 884 966 884 966 885 1089 885 1091 885 966 885 1091 885 964 885 964 886 1091 886 1093 886 964 887 1093 887 962 887 962 888 1093 888 1095 888 962 889 1095 889 960 889 960 890 1095 890 1097 890 960 891 1097 891 958 891 958 892 1097 892 941 892 958 892 941 892 2 892 415 893 651 893 669 893 415 894 669 894 424 894 424 895 669 895 671 895 424 895 671 895 407 895 407 896 671 896 679 896 407 897 679 897 408 897 408 898 679 898 678 898 408 899 678 899 409 899 409 900 678 900 677 900 409 901 677 901 410 901 410 902 677 902 676 902 410 903 676 903 411 903 411 904 676 904 675 904 411 905 675 905 412 905 412 906 675 906 674 906 412 906 674 906 512 906 512 907 674 907 376 907 512 908 376 908 377 908 367 909 366 909 736 909 367 910 736 910 474 910 474 911 736 911 735 911 474 911 735 911 472 911 472 912 735 912 625 912 472 912 625 912 400 912 400 913 625 913 629 913 400 914 629 914 398 914 398 915 629 915 631 915 398 916 631 916 394 916 394 917 631 917 632 917 394 918 632 918 406 918 406 919 632 919 634 919 406 920 634 920 405 920 405 921 634 921 636 921 405 921 636 921 403 921 403 922 636 922 628 922 403 923 628 923 383 923 814 924 585 924 815 924 815 925 585 925 584 925 815 926 584 926 799 926 799 927 584 927 583 927 799 928 583 928 800 928 800 929 583 929 582 929 800 930 582 930 801 930 801 931 582 931 581 931 801 932 581 932 802 932 802 933 581 933 578 933 802 934 578 934 816 934 816 935 578 935 577 935 816 936 577 936 817 936 817 936 577 936 576 936 817 937 576 937 797 937 797 937 576 937 575 937 797 938 575 938 798 938 798 939 575 939 574 939 798 940 574 940 803 940 803 940 574 940 572 940 803 941 572 941 826 941 826 942 572 942 571 942 826 943 571 943 827 943 827 943 571 943 570 943 827 944 570 944 828 944 828 944 570 944 580 944 828 945 580 945 829 945 829 946 580 946 579 946 829 947 579 947 830 947 830 948 579 948 557 948 830 949 557 949 807 949 807 950 557 950 556 950 807 951 556 951 806 951 806 952 556 952 569 952 806 953 569 953 805 953 805 954 569 954 568 954 805 955 568 955 804 955 804 956 568 956 567 956 804 957 567 957 818 957 818 958 567 958 551 958 818 959 551 959 819 959 819 960 551 960 550 960 819 961 550 961 820 961 820 962 550 962 563 962 820 963 563 963 821 963 821 964 563 964 562 964 821 965 562 965 822 965 822 965 562 965 555 965 822 966 555 966 823 966 823 966 555 966 554 966 823 967 554 967 808 967 808 968 554 968 566 968 808 969 566 969 794 969 794 969 566 969 565 969 794 970 565 970 795 970 795 971 565 971 564 971 795 972 564 972 809 972 809 972 564 972 561 972 809 973 561 973 810 973 810 973 561 973 560 973 810 974 560 974 811 974 811 975 560 975 559 975 811 976 559 976 824 976 824 977 559 977 553 977 824 978 553 978 825 978 825 979 553 979 552 979 825 980 552 980 812 980 812 981 552 981 558 981 812 982 558 982 813 982 813 983 558 983 586 983 813 984 586 984 814 984 814 985 586 985 585 985 705 924 436 924 707 924 707 925 436 925 435 925 707 926 435 926 708 926 708 927 435 927 453 927 708 928 453 928 712 928 712 929 453 929 452 929 712 930 452 930 713 930 713 931 452 931 451 931 713 932 451 932 714 932 714 933 451 933 450 933 714 934 450 934 715 934 715 935 450 935 449 935 715 936 449 936 716 936 716 936 449 936 437 936 716 937 437 937 717 937 717 937 437 937 438 937 717 938 438 938 680 938 680 939 438 939 439 939 680 940 439 940 681 940 681 940 439 940 471 940 681 941 471 941 684 941 684 942 471 942 470 942 684 943 470 943 690 943 690 943 470 943 469 943 690 944 469 944 691 944 691 944 469 944 468 944 691 945 468 945 692 945 692 946 468 946 467 946 692 947 467 947 696 947 696 948 467 948 466 948 696 949 466 949 697 949 697 950 466 950 460 950 697 951 460 951 686 951 686 952 460 952 459 952 686 953 459 953 685 953 685 954 459 954 458 954 685 955 458 955 682 955 682 956 458 956 457 956 682 957 457 957 683 957 683 958 457 958 465 958 683 959 465 959 687 959 687 960 465 960 464 960 687 961 464 961 688 961 688 962 464 962 463 962 688 963 463 963 689 963 689 964 463 964 462 964 689 965 462 965 695 965 695 965 462 965 461 965 695 966 461 966 694 966 694 966 461 966 456 966 694 967 456 967 693 967 693 968 456 968 455 968 693 969 455 969 709 969 709 969 455 969 454 969 709 970 454 970 710 970 710 971 454 971 446 971 710 972 446 972 711 972 711 972 446 972 447 972 711 973 447 973 698 973 698 973 447 973 448 973 698 974 448 974 699 974 699 975 448 975 445 975 699 976 445 976 701 976 701 977 445 977 444 977 701 978 444 978 702 978 702 979 444 979 443 979 702 980 443 980 703 980 703 981 443 981 442 981 703 982 442 982 704 982 704 983 442 983 441 983 704 984 441 984 705 984 705 985 441 985 436 985 727 924 488 924 728 924 728 925 488 925 487 925 728 926 487 926 729 926 729 927 487 927 482 927 729 928 482 928 733 928 733 929 482 929 481 929 733 986 481 986 734 986 734 987 481 987 480 987 734 988 480 988 730 988 730 989 480 989 479 989 730 934 479 934 731 934 731 935 479 935 478 935 731 936 478 936 732 936 732 936 478 936 477 936 732 937 477 937 738 937 738 937 477 937 476 937 738 990 476 990 737 990 737 991 476 991 475 991 737 992 475 992 623 992 623 993 475 993 473 993 623 941 473 941 624 941 624 942 473 942 399 942 624 943 399 943 630 943 630 943 399 943 393 943 630 944 393 944 633 944 633 944 393 944 392 944 633 994 392 994 635 994 635 995 392 995 404 995 635 996 404 996 640 996 640 997 404 997 402 997 640 949 402 949 626 949 626 950 402 950 401 950 626 951 401 951 627 951 627 952 401 952 382 952 627 953 382 953 644 953 644 954 382 954 381 954 644 955 381 955 645 955 645 956 381 956 397 956 645 957 397 957 646 957 646 958 397 958 396 958 646 959 396 959 637 959 637 960 396 960 395 960 637 961 395 961 638 961 638 962 395 962 391 962 638 963 391 963 641 963 641 964 391 964 390 964 641 965 390 965 642 965 642 965 390 965 389 965 642 966 389 966 643 966 643 966 389 966 384 966 643 967 384 967 647 967 647 968 384 968 386 968 647 969 386 969 720 969 720 969 386 969 388 969 720 970 388 970 721 970 721 971 388 971 486 971 721 972 486 972 722 972 722 972 486 972 485 972 722 973 485 973 718 973 718 973 485 973 484 973 718 974 484 974 719 974 719 975 484 975 483 975 719 976 483 976 723 976 723 977 483 977 492 977 723 978 492 978 724 978 724 979 492 979 491 979 724 980 491 980 725 980 725 981 491 981 490 981 725 982 490 982 726 982 726 983 490 983 489 983 726 984 489 984 727 984 727 985 489 985 488 985 783 924 588 924 784 924 784 925 588 925 589 925 784 926 589 926 785 926 785 927 589 927 619 927 785 928 619 928 786 928 786 929 619 929 618 929 786 986 618 986 787 986 787 987 618 987 617 987 787 988 617 988 788 988 788 989 617 989 616 989 788 934 616 934 789 934 789 935 616 935 615 935 789 936 615 936 790 936 790 936 615 936 603 936 790 937 603 937 791 937 791 937 603 937 602 937 791 990 602 990 792 990 792 991 602 991 612 991 792 992 612 992 793 992 793 993 612 993 601 993 793 941 601 941 757 941 757 942 601 942 600 942 757 943 600 943 758 943 758 943 600 943 614 943 758 944 614 944 774 944 774 944 614 944 613 944 774 994 613 994 775 994 775 995 613 995 611 995 775 996 611 996 769 996 769 997 611 997 610 997 769 949 610 949 770 949 770 950 610 950 609 950 770 951 609 951 776 951 776 952 609 952 622 952 776 953 622 953 777 953 777 954 622 954 621 954 777 955 621 955 778 955 778 956 621 956 620 956 778 957 620 957 759 957 759 958 620 958 608 958 759 959 608 959 760 959 760 960 608 960 607 960 760 961 607 961 761 961 761 962 607 962 606 962 761 963 606 963 762 963 762 964 606 964 599 964 762 965 599 965 763 965 763 965 599 965 598 965 763 966 598 966 764 966 764 966 598 966 597 966 764 967 597 967 765 967 765 968 597 968 596 968 765 969 596 969 766 969 766 969 596 969 595 969 766 970 595 970 768 970 768 971 595 971 594 971 768 972 594 972 771 972 771 972 594 972 593 972 771 973 593 973 772 973 772 973 593 973 605 973 772 974 605 974 773 974 773 975 605 975 604 975 773 976 604 976 779 976 779 977 604 977 592 977 779 978 592 978 780 978 780 979 592 979 591 979 780 980 591 980 781 980 781 981 591 981 590 981 781 982 590 982 782 982 782 983 590 983 587 983 782 984 587 984 783 984 783 985 587 985 588 985 841 924 546 924 842 924 842 925 546 925 545 925 842 926 545 926 843 926 843 927 545 927 544 927 843 928 544 928 844 928 844 929 544 929 531 929 844 930 531 930 845 930 845 931 531 931 530 931 845 932 530 932 846 932 846 933 530 933 529 933 846 934 529 934 847 934 847 935 529 935 515 935 847 936 515 936 848 936 848 936 515 936 517 936 848 937 517 937 849 937 849 937 517 937 518 937 849 938 518 938 858 938 858 939 518 939 543 939 858 940 543 940 859 940 859 940 543 940 542 940 859 941 542 941 860 941 860 942 542 942 541 942 860 943 541 943 861 943 861 943 541 943 528 943 861 944 528 944 862 944 862 944 528 944 527 944 862 945 527 945 863 945 863 946 527 946 526 946 863 947 526 947 864 947 864 948 526 948 514 948 864 949 514 949 865 949 865 950 514 950 513 950 865 951 513 951 866 951 866 952 513 952 540 952 866 953 540 953 867 953 867 954 540 954 539 954 867 955 539 955 833 955 833 956 539 956 538 956 833 957 538 957 832 957 832 958 538 958 525 958 832 959 525 959 831 959 831 960 525 960 524 960 831 961 524 961 850 961 850 962 524 962 523 962 850 963 523 963 851 963 851 964 523 964 537 964 851 965 537 965 852 965 852 965 537 965 536 965 852 966 536 966 855 966 855 966 536 966 535 966 855 967 535 967 856 967 856 968 535 968 549 968 856 969 549 969 857 969 857 969 549 969 548 969 857 970 548 970 834 970 834 971 548 971 547 971 834 972 547 972 835 972 835 972 547 972 534 972 835 973 534 973 837 973 837 973 534 973 533 973 837 974 533 974 838 974 838 975 533 975 532 975 838 976 532 976 853 976 853 977 532 977 522 977 853 978 522 978 854 978 854 979 522 979 521 979 854 980 521 980 839 980 839 981 521 981 520 981 839 982 520 982 840 982 840 983 520 983 519 983 840 984 519 984 841 984 841 985 519 985 546 985 752 924 500 924 753 924 753 925 500 925 498 925 753 926 498 926 739 926 739 927 498 927 497 927 739 928 497 928 740 928 740 929 497 929 496 929 740 930 496 930 741 930 741 931 496 931 495 931 741 932 495 932 742 932 742 933 495 933 494 933 742 934 494 934 754 934 754 935 494 935 493 935 754 936 493 936 755 936 755 936 493 936 508 936 755 937 508 937 756 937 756 937 508 937 507 937 756 938 507 938 656 938 656 939 507 939 506 939 656 940 506 940 657 940 657 940 506 940 430 940 657 941 430 941 673 941 673 942 430 942 432 942 673 943 432 943 664 943 664 943 432 943 433 943 664 944 433 944 665 944 665 944 433 944 429 944 665 945 429 945 666 945 666 946 429 946 428 946 666 947 428 947 652 947 652 948 428 948 427 948 652 949 427 949 653 949 653 950 427 950 416 950 653 951 416 951 658 951 658 952 416 952 418 952 658 953 418 953 649 953 649 954 418 954 419 954 649 955 419 955 650 955 650 956 419 956 414 956 650 957 414 957 667 957 667 958 414 958 413 958 667 959 413 959 668 959 668 960 413 960 426 960 668 961 426 961 670 961 670 962 426 962 425 962 670 963 425 963 672 963 672 964 425 964 423 964 672 965 423 965 659 965 659 965 423 965 422 965 659 966 422 966 660 966 660 966 422 966 421 966 660 967 421 967 662 967 662 968 421 968 420 968 662 969 420 969 663 969 663 969 420 969 379 969 663 970 379 970 743 970 743 971 379 971 378 971 743 972 378 972 744 972 744 972 378 972 505 972 744 973 505 973 746 973 746 973 505 973 504 973 746 974 504 974 747 974 747 975 504 975 510 975 747 976 510 976 748 976 748 977 510 977 509 977 748 978 509 978 749 978 749 979 509 979 503 979 749 980 503 980 750 980 750 981 503 981 502 981 750 982 502 982 751 982 751 983 502 983 501 983 751 984 501 984 752 984 752 985 501 985 500 985 83 24 84 24 9 24 9 32 84 32 85 32 9 0 85 0 57 0 12 998 52 998 109 998 12 999 109 999 9 999 9 1000 109 1000 82 1000 9 1001 82 1001 83 1001 108 0 62 0 60 0 60 0 62 0 63 0 57 0 58 0 68 0 68 1002 58 1002 60 1002 68 0 60 0 67 0 67 0 60 0 66 0 57 0 68 0 9 0 63 1003 64 1003 60 1003 60 1004 64 1004 65 1004 60 1005 65 1005 66 1005 61 0 143 0 60 0 60 1006 143 1006 59 1006 60 1007 59 1007 108 1007 313 104 263 104 224 104 224 130 263 130 188 130 224 131 188 131 186 131 260 1008 259 1008 211 1008 211 1009 259 1009 257 1009 211 1010 257 1010 264 1010 211 1011 261 1011 260 1011 260 1012 261 1012 262 1012 260 1013 262 1013 290 1013 290 1014 262 1014 258 1014 189 104 264 104 187 104 187 1015 264 1015 263 1015 187 104 263 104 311 104 311 104 263 104 313 104 186 104 206 104 224 104 224 1016 206 1016 207 1016 224 115 207 115 208 115 208 104 309 104 224 104 224 1017 309 1017 310 1017 224 186 310 186 312 186 189 104 243 104 264 104 264 1018 243 1018 244 1018 264 104 244 104 211 104 312 104 314 104 224 104 258 1019 298 1019 290 1019 290 1020 298 1020 299 1020 290 179 299 179 265 179 195 104 197 104 291 104 291 1021 197 1021 290 1021 291 1022 290 1022 266 1022 266 104 290 104 265 104 225 1023 271 1023 272 1023 225 104 272 104 226 104 323 192 1122 192 316 192 316 192 1122 192 1123 192 316 194 1123 194 318 194 318 194 1123 194 1124 194 1125 195 1122 195 322 195 322 195 1122 195 323 195 1124 193 1125 193 318 193 318 193 1125 193 322 193 1125 193 1124 193 1126 193 1126 1024 1124 1024 1127 1024 1126 1025 1127 1025 1128 1025 1128 1026 1127 1026 1129 1026 1128 193 1129 193 1130 193 1130 1027 1129 1027 1131 1027 1130 193 1131 193 1132 193 1132 204 1131 204 1133 204 1132 193 1133 193 1134 193 1134 510 1133 510 1135 510 1134 193 1135 193 1136 193 1136 193 1135 193 1137 193 1136 193 1137 193 1138 193 1138 1028 1137 1028 1139 1028 1138 193 1139 193 1140 193 1140 193 1139 193 1141 193 1140 193 1141 193 1142 193 1142 193 1141 193 1143 193 1144 192 1145 192 1146 192 1146 192 1145 192 1147 192 1146 192 1147 192 1148 192 1148 192 1147 192 1149 192 1148 192 1149 192 1150 192 1150 192 1149 192 1151 192 1150 192 1151 192 1152 192 1152 192 1151 192 1153 192 1152 192 1153 192 1154 192 1154 519 1153 519 1155 519 1154 192 1155 192 1156 192 1156 198 1155 198 1157 198 1156 1029 1157 1029 1158 1029 1158 192 1157 192 1159 192 1158 192 1159 192 1160 192 1160 197 1159 197 1161 197 1160 192 1161 192 1122 192 1122 1030 1161 1030 1123 1030 1162 1031 1143 1031 1141 1031 1124 1032 1123 1032 1161 1032 1145 1033 1163 1033 1147 1033 1147 1034 1163 1034 1164 1034 1124 1032 1161 1032 1127 1032 1127 1035 1161 1035 1159 1035 1127 1035 1159 1035 1129 1035 1129 1036 1159 1036 1157 1036 1129 1036 1157 1036 1131 1036 1131 1037 1157 1037 1155 1037 1131 1037 1155 1037 1133 1037 1133 1038 1155 1038 1153 1038 1133 1038 1153 1038 1135 1038 1135 1039 1153 1039 1151 1039 1135 1039 1151 1039 1137 1039 1137 1040 1151 1040 1149 1040 1137 1040 1149 1040 1139 1040 1139 1041 1149 1041 1147 1041 1139 1041 1147 1041 1141 1041 1141 1042 1147 1042 1164 1042 1141 1043 1164 1043 1162 1043 1165 1044 1166 1044 1146 1044 1146 1045 1166 1045 1167 1045 1146 1046 1167 1046 1144 1046 1142 1047 1165 1047 1140 1047 1140 1048 1165 1048 1146 1048 1140 1049 1146 1049 1138 1049 1138 1049 1146 1049 1148 1049 1138 1050 1148 1050 1136 1050 1136 1051 1148 1051 1150 1051 1136 1052 1150 1052 1134 1052 1134 1053 1150 1053 1152 1053 1134 1054 1152 1054 1132 1054 1132 1054 1152 1054 1154 1054 1132 1055 1154 1055 1130 1055 1130 1056 1154 1056 1156 1056 1130 1057 1156 1057 1128 1057 1128 1057 1156 1057 1158 1057 1128 1058 1158 1058 1126 1058 1126 1058 1158 1058 1160 1058 1126 1059 1160 1059 1125 1059 1125 1059 1160 1059 1122 1059 1168 192 1169 192 1170 192 1170 192 1169 192 1171 192 1170 192 1171 192 1172 192 1172 192 1171 192 1173 192 1172 192 1173 192 1144 192 1144 192 1173 192 1145 192 1142 193 1143 193 1174 193 1174 193 1143 193 1175 193 1174 193 1175 193 1176 193 1176 193 1175 193 1177 193 1176 193 1177 193 1178 193 1178 193 1177 193 1179 193 1180 104 1181 104 1182 104 1183 104 1184 104 1177 104 1185 104 1186 104 1187 104 1188 1060 1189 1060 1190 1060 1191 104 1192 104 1193 104 1187 104 1186 104 1194 104 1194 1061 1186 1061 1195 1061 1194 104 1195 104 1196 104 1196 104 1195 104 1197 104 1197 1062 1195 1062 1198 1062 1197 104 1198 104 1199 104 1199 1063 1198 1063 1200 1063 1199 1064 1200 1064 1201 1064 1202 104 1203 104 1204 104 1203 104 1205 104 1204 104 1204 1065 1205 1065 1206 1065 1204 1066 1206 1066 1191 1066 1201 104 1200 104 1190 104 1190 1067 1200 1067 1207 1067 1190 1068 1207 1068 1188 1068 1189 104 1208 104 1190 104 1190 1069 1208 1069 1209 1069 1190 1070 1209 1070 1204 1070 1204 1071 1209 1071 1210 1071 1204 1072 1210 1072 1202 1072 1211 104 1212 104 1213 104 1214 104 1215 104 1216 104 1216 1073 1215 1073 1217 1073 1216 1074 1217 1074 1218 1074 1218 104 1219 104 1216 104 1216 1075 1219 1075 1220 1075 1216 1076 1220 1076 1213 1076 1213 1077 1220 1077 1221 1077 1213 1078 1221 1078 1211 1078 1214 104 1216 104 1222 104 1222 104 1216 104 1223 104 1222 104 1223 104 1224 104 1225 1079 1226 1079 1227 1079 1227 1080 1226 1080 1228 1080 1227 104 1228 104 1229 104 1229 104 1228 104 1213 104 1229 104 1213 104 1230 104 1230 1081 1213 1081 1212 1081 1231 104 1232 104 1233 104 1233 1082 1232 1082 1234 1082 1233 1083 1234 1083 1235 1083 1236 1084 1237 1084 1233 1084 1225 1085 1231 1085 1226 1085 1226 104 1231 104 1233 104 1226 104 1233 104 1238 104 1238 104 1233 104 1237 104 1239 104 1240 104 1233 104 1233 1086 1240 1086 1241 1086 1233 104 1241 104 1236 104 1193 1087 1242 1087 1243 1087 1191 104 1193 104 1204 104 1204 104 1193 104 1243 104 1204 1088 1243 1088 1244 1088 1204 1089 1245 1089 1246 1089 1204 104 1246 104 1216 104 1216 1090 1246 1090 1247 1090 1216 1071 1247 1071 1248 1071 1244 104 1249 104 1204 104 1204 1091 1249 1091 1250 1091 1204 1092 1250 1092 1251 1092 1248 104 1252 104 1216 104 1216 1093 1252 1093 1253 1093 1216 1094 1253 1094 1254 1094 1251 104 1255 104 1204 104 1204 1095 1255 1095 1256 1095 1204 1096 1256 1096 1245 1096 1257 104 1223 104 1258 104 1258 104 1223 104 1216 104 1258 104 1216 104 1259 104 1259 104 1216 104 1254 104 1260 104 1261 104 1262 104 1257 104 1263 104 1223 104 1223 1097 1263 1097 1264 1097 1223 104 1264 104 1262 104 1262 1098 1264 1098 1265 1098 1262 1099 1265 1099 1260 1099 1261 104 1266 104 1262 104 1262 1100 1266 1100 1267 1100 1262 1101 1267 1101 1268 1101 1269 104 1270 104 1182 104 1182 1102 1270 1102 1271 1102 1182 1103 1271 1103 1272 1103 1272 104 1273 104 1182 104 1182 1104 1273 1104 1274 1104 1182 104 1274 104 1193 104 1193 1105 1274 1105 1275 1105 1193 1106 1275 1106 1242 1106 1268 104 1276 104 1262 104 1262 1107 1276 1107 1277 1107 1262 104 1277 104 1182 104 1182 1108 1277 1108 1278 1108 1182 1109 1278 1109 1269 1109 1192 104 1279 104 1193 104 1193 1110 1279 1110 1280 1110 1193 104 1280 104 1182 104 1182 1111 1280 1111 1281 1111 1182 1112 1281 1112 1282 1112 1179 104 1177 104 1283 104 1182 1113 1284 1113 1285 1113 1187 104 1286 104 1185 104 1185 1114 1286 1114 1287 1114 1185 1115 1287 1115 1288 1115 1288 1116 1287 1116 1179 1116 1288 104 1179 104 1289 104 1289 104 1179 104 1283 104 1282 104 1290 104 1182 104 1182 1117 1290 1117 1291 1117 1182 1118 1291 1118 1284 1118 1292 104 1177 104 1293 104 1293 104 1177 104 1294 104 1292 104 1295 104 1177 104 1177 364 1295 364 1296 364 1177 1119 1296 1119 1283 1119 1285 104 1297 104 1182 104 1182 1107 1297 1107 1298 1107 1182 104 1298 104 1177 104 1177 1120 1298 1120 1299 1120 1177 1121 1299 1121 1294 1121 1300 104 1301 104 1302 104 1302 1122 1301 1122 1303 1122 1302 1123 1303 1123 1304 1123 1304 104 1305 104 1302 104 1302 1124 1305 1124 1306 1124 1302 104 1306 104 1262 104 1262 1125 1306 1125 1307 1125 1262 1126 1307 1126 1308 1126 1308 104 1309 104 1262 104 1262 1127 1309 1127 1310 1127 1262 1128 1310 1128 1311 1128 1235 104 1312 104 1233 104 1233 1129 1312 1129 1313 1129 1233 104 1313 104 1302 104 1302 1130 1313 1130 1314 1130 1302 1131 1314 1131 1300 1131 1311 104 1315 104 1262 104 1262 1104 1315 1104 1316 1104 1262 104 1316 104 1223 104 1223 1132 1316 1132 1317 1132 1223 1133 1317 1133 1224 1133 1318 104 1319 104 1182 104 1320 104 1321 104 1322 104 1322 1134 1321 1134 1323 1134 1322 1135 1323 1135 1324 1135 1177 104 1184 104 1182 104 1182 1090 1184 1090 1325 1090 1182 1071 1325 1071 1318 1071 1319 104 1326 104 1182 104 1182 1136 1326 1136 1327 1136 1182 1065 1327 1065 1328 1065 1328 104 1329 104 1182 104 1182 1137 1329 1137 1330 1137 1182 104 1330 104 1322 104 1322 1138 1330 1138 1331 1138 1322 1139 1331 1139 1320 1139 1332 104 1333 104 1175 104 1324 104 1334 104 1322 104 1322 1140 1334 1140 1335 1140 1322 1141 1335 1141 1336 1141 1332 104 1175 104 1337 104 1333 104 1338 104 1175 104 1175 1142 1338 1142 1339 1142 1175 1143 1339 1143 1340 1143 1340 1144 1341 1144 1175 1144 1175 1145 1341 1145 1342 1145 1175 104 1342 104 1177 104 1177 1146 1342 1146 1343 1146 1177 1147 1343 1147 1344 1147 1344 104 1345 104 1177 104 1177 1148 1345 1148 1346 1148 1177 1149 1346 1149 1347 1149 1347 104 1348 104 1177 104 1177 1150 1348 1150 1349 1150 1177 1151 1349 1151 1183 1151 1336 104 1350 104 1322 104 1322 1152 1350 1152 1351 1152 1322 104 1351 104 1175 104 1175 1153 1351 1153 1352 1153 1175 1154 1352 1154 1337 1154 1262 104 1353 104 1354 104 1354 1155 1353 1155 1355 1155 1354 1156 1355 1156 1356 1156 1182 1088 1357 1088 1358 1088 1359 104 1360 104 1262 104 1262 1157 1360 1157 1361 1157 1262 1158 1361 1158 1353 1158 1357 104 1182 104 1362 104 1362 104 1182 104 1322 104 1362 104 1322 104 1363 104 1182 104 1181 104 1262 104 1262 1090 1181 1090 1364 1090 1262 1071 1364 1071 1365 1071 1365 104 1366 104 1262 104 1262 1093 1366 1093 1367 1093 1262 1094 1367 1094 1359 1094 1358 104 1368 104 1182 104 1182 1091 1368 1091 1369 1091 1182 1092 1369 1092 1370 1092 1356 104 1371 104 1354 104 1354 1159 1371 1159 1372 1159 1354 1160 1372 1160 1373 1160 1373 104 1374 104 1354 104 1354 1161 1374 1161 1375 1161 1354 1162 1375 1162 1376 1162 1376 104 1377 104 1354 104 1354 1163 1377 1163 1378 1163 1354 104 1378 104 1322 104 1322 1164 1378 1164 1379 1164 1322 1165 1379 1165 1380 1165 1380 104 1381 104 1322 104 1322 1166 1381 1166 1382 1166 1322 1167 1382 1167 1383 1167 1383 104 1384 104 1322 104 1322 1168 1384 1168 1385 1168 1322 1169 1385 1169 1363 1169 1370 104 1386 104 1182 104 1182 1095 1386 1095 1387 1095 1182 1096 1387 1096 1180 1096 1388 104 1302 104 1389 104 1389 104 1302 104 1390 104 1388 104 1391 104 1302 104 1302 1170 1391 1170 1392 1170 1302 1171 1392 1171 1393 1171 1394 104 1395 104 1396 104 1396 104 1395 104 1302 104 1396 104 1302 104 1397 104 1397 104 1302 104 1393 104 1262 1172 1398 1172 1399 1172 1394 104 1400 104 1395 104 1395 1173 1400 1173 1401 1173 1395 1174 1401 1174 1402 1174 1395 1175 1403 1175 1404 1175 1405 104 1354 104 1406 104 1406 104 1354 104 1407 104 1405 104 1408 104 1354 104 1354 1176 1408 1176 1409 1176 1354 1159 1409 1159 1410 1159 1402 104 1411 104 1395 104 1395 1177 1411 1177 1412 1177 1395 1178 1412 1178 1403 1178 1410 104 1413 104 1354 104 1354 1179 1413 1179 1414 1179 1354 104 1414 104 1262 104 1262 1180 1414 1180 1415 1180 1262 1181 1415 1181 1398 1181 1399 104 1416 104 1262 104 1262 1074 1416 1074 1417 1074 1262 1182 1417 1182 1418 1182 1404 104 1419 104 1395 104 1395 1183 1419 1183 1420 1183 1395 104 1420 104 1354 104 1354 1164 1420 1164 1421 1164 1354 1184 1421 1184 1407 1184 1418 104 1422 104 1262 104 1262 1185 1422 1185 1423 1185 1262 1186 1423 1186 1302 1186 1302 1187 1423 1187 1424 1187 1302 1188 1424 1188 1390 1188 1239 104 1233 104 1169 104 1169 104 1233 104 1302 104 1169 104 1302 104 1171 104 1171 104 1302 104 1395 104 1171 104 1395 104 1173 104 1175 104 1143 104 1322 104 1322 104 1143 104 1162 104 1322 104 1162 104 1354 104 1354 104 1162 104 1164 104 1354 104 1164 104 1395 104 1395 104 1164 104 1163 104 1395 104 1163 104 1173 104 1173 104 1163 104 1145 104 1172 0 1144 0 1167 0 1425 0 1426 0 1427 0 1428 0 1429 0 1430 0 1430 0 1429 0 1431 0 1430 0 1431 0 1432 0 1432 0 1431 0 1433 0 1434 0 1435 0 1436 0 1428 0 1437 0 1429 0 1429 1189 1437 1189 1438 1189 1429 1190 1438 1190 1439 1190 1439 0 1440 0 1429 0 1429 1191 1440 1191 1441 1191 1429 1192 1441 1192 1436 1192 1436 1193 1441 1193 1442 1193 1436 0 1442 0 1434 0 1443 0 1444 0 1445 0 1445 1194 1444 1194 1446 1194 1445 1195 1446 1195 1447 1195 1435 0 1448 0 1436 0 1436 1196 1448 1196 1449 1196 1436 0 1449 0 1450 0 1450 1197 1449 1197 1451 1197 1450 0 1451 0 1452 0 1452 1198 1451 1198 1447 1198 1452 0 1447 0 1453 0 1453 1199 1447 1199 1446 1199 1454 1200 1427 1200 1455 1200 1455 1201 1427 1201 1456 1201 1454 0 1457 0 1427 0 1427 0 1457 0 1458 0 1427 1202 1458 1202 1459 1202 1460 0 1461 0 1462 0 1426 0 1463 0 1427 0 1427 1203 1463 1203 1464 1203 1427 1204 1464 1204 1456 1204 1465 0 1466 0 1467 0 1467 0 1466 0 1462 0 1467 0 1462 0 1468 0 1468 0 1462 0 1461 0 1465 0 1469 0 1466 0 1466 1205 1469 1205 1470 1205 1466 442 1470 442 1471 442 1464 1206 1472 1206 1456 1206 1456 1207 1472 1207 1473 1207 1456 0 1473 0 1474 0 1474 1208 1473 1208 1475 1208 1474 0 1475 0 1462 0 1462 1209 1475 1209 1476 1209 1462 1210 1476 1210 1460 1210 1471 0 1477 0 1466 0 1466 1211 1477 1211 1478 1211 1466 0 1478 0 1479 0 1479 1212 1478 1212 1480 1212 1479 1213 1481 1213 1482 1213 1483 0 1484 0 1466 0 1466 1214 1484 1214 1485 1214 1466 0 1485 0 1429 0 1429 1215 1485 1215 1486 1215 1429 1216 1486 1216 1487 1216 1488 0 1489 0 1466 0 1487 0 1490 0 1429 0 1429 1217 1490 1217 1491 1217 1429 423 1491 423 1492 423 1479 0 1482 0 1466 0 1466 1218 1482 1218 1493 1218 1466 1219 1493 1219 1488 1219 1489 0 1494 0 1466 0 1466 1220 1494 1220 1495 1220 1466 1221 1495 1221 1483 1221 1492 0 1496 0 1429 0 1429 1211 1496 1211 1497 1211 1429 0 1497 0 1431 0 1497 0 1498 0 1431 0 1431 1222 1498 1222 1499 1222 1431 1223 1499 1223 1500 1223 1500 0 1501 0 1502 0 1502 1224 1501 1224 1503 1224 1502 1225 1503 1225 1504 1225 1505 0 1506 0 1507 0 1507 1226 1506 1226 1508 1226 1507 1227 1508 1227 1509 1227 1509 0 1510 0 1507 0 1507 1228 1510 1228 1511 1228 1507 0 1511 0 1479 0 1479 1229 1511 1229 1512 1229 1479 1230 1512 1230 1481 1230 1504 0 1513 0 1502 0 1502 1231 1513 1231 1514 1231 1502 1232 1514 1232 1515 1232 1515 0 1516 0 1502 0 1502 1233 1516 1233 1517 1233 1502 0 1517 0 1507 0 1507 1234 1517 1234 1518 1234 1507 1235 1518 1235 1505 1235 1519 0 1176 0 1520 0 1520 0 1176 0 1178 0 1520 0 1178 0 1521 0 1521 1236 1178 1236 1522 1236 1521 1237 1522 1237 1523 1237 1523 1238 1522 1238 1524 1238 1523 0 1524 0 1443 0 1443 1239 1524 1239 1525 1239 1443 0 1525 0 1444 0 1502 1240 1526 1240 1527 1240 1500 0 1502 0 1431 0 1431 0 1502 0 1528 0 1431 1241 1528 1241 1433 1241 1519 0 1529 0 1176 0 1176 1242 1529 1242 1530 1242 1176 1243 1530 1243 1531 1243 1531 0 1532 0 1176 0 1176 1244 1532 1244 1533 1244 1176 1245 1533 1245 1534 1245 1535 0 1536 0 1502 0 1502 1246 1536 1246 1537 1246 1502 1247 1537 1247 1526 1247 1527 0 1538 0 1502 0 1502 1248 1538 1248 1539 1248 1502 1249 1539 1249 1528 1249 1540 0 1541 0 1507 0 1507 1250 1541 1250 1542 1250 1507 1251 1542 1251 1543 1251 1543 0 1544 0 1507 0 1507 1252 1544 1252 1545 1252 1507 0 1545 0 1546 0 1546 1253 1545 1253 1547 1253 1546 1254 1547 1254 1548 1254 1548 0 1549 0 1546 0 1546 1255 1549 1255 1550 1255 1546 1256 1550 1256 1551 1256 1551 0 1552 0 1546 0 1546 1257 1552 1257 1553 1257 1546 0 1553 0 1427 0 1427 1258 1553 1258 1554 1258 1427 1259 1554 1259 1425 1259 1480 0 1555 0 1479 0 1479 1260 1555 1260 1556 1260 1479 0 1556 0 1507 0 1507 1261 1556 1261 1557 1261 1507 1224 1557 1224 1540 1224 1172 0 1558 0 1170 0 1170 0 1558 0 1546 0 1170 0 1546 0 1168 0 1168 0 1546 0 1427 0 1168 1262 1427 1262 1559 1262 1559 1263 1427 1263 1459 1263 1560 0 1561 0 1507 0 1507 1205 1561 1205 1562 1205 1507 442 1562 442 1563 442 1564 0 1565 0 1546 0 1563 0 1566 0 1507 0 1507 1211 1566 1211 1567 1211 1507 1264 1567 1264 1568 1264 1569 1265 1570 1265 1571 1265 1572 0 1573 0 1558 0 1558 1266 1573 1266 1574 1266 1558 1267 1574 1267 1575 1267 1575 0 1576 0 1558 0 1558 1268 1576 1268 1577 1268 1558 1269 1577 1269 1578 1269 1564 0 1546 0 1579 0 1580 0 1581 0 1546 0 1546 1270 1581 1270 1582 1270 1546 0 1582 0 1507 0 1507 1215 1582 1215 1583 1215 1507 1271 1583 1271 1560 1271 1568 0 1584 0 1569 0 1569 1272 1584 1272 1585 1272 1569 1273 1585 1273 1570 1273 1571 0 1586 0 1569 0 1569 1274 1586 1274 1587 1274 1569 1275 1587 1275 1588 1275 1588 0 1589 0 1569 0 1569 1276 1589 1276 1590 1276 1569 0 1590 0 1558 0 1558 1277 1590 1277 1591 1277 1558 1278 1591 1278 1572 1278 1565 0 1592 0 1546 0 1546 1279 1592 1279 1593 1279 1546 1280 1593 1280 1580 1280 1578 0 1594 0 1558 0 1558 1281 1594 1281 1595 1281 1558 0 1595 0 1546 0 1546 1282 1595 1282 1596 1282 1546 1283 1596 1283 1579 1283 1569 1284 1597 1284 1598 1284 1568 0 1569 0 1507 0 1507 0 1569 0 1598 0 1507 1285 1598 1285 1599 1285 1600 0 1601 0 1502 0 1502 1217 1601 1217 1602 1217 1502 423 1602 423 1603 423 1502 0 1604 0 1605 0 1605 1286 1604 1286 1606 1286 1605 1287 1606 1287 1607 1287 1608 0 1609 0 1569 0 1569 1265 1609 1265 1610 1265 1569 1288 1610 1288 1597 1288 1603 0 1611 0 1502 0 1502 1211 1611 1211 1612 1211 1502 1289 1612 1289 1604 1289 1607 0 1613 0 1605 0 1605 1290 1613 1290 1614 1290 1605 1291 1614 1291 1615 1291 1616 0 1617 0 1569 0 1569 1292 1617 1292 1618 1292 1569 1293 1618 1293 1608 1293 1599 0 1619 0 1507 0 1507 1219 1619 1219 1620 1219 1507 1294 1620 1294 1621 1294 1615 0 1622 0 1605 0 1605 1295 1622 1295 1623 1295 1605 1296 1623 1296 1624 1296 1624 0 1625 0 1605 0 1605 1297 1625 1297 1626 1297 1605 0 1626 0 1569 0 1569 1298 1626 1298 1627 1298 1569 1299 1627 1299 1616 1299 1621 0 1628 0 1507 0 1507 1220 1628 1220 1629 1220 1507 1221 1629 1221 1630 1221 1630 0 1631 0 1507 0 1507 1214 1631 1214 1632 1214 1507 0 1632 0 1502 0 1502 1215 1632 1215 1633 1215 1502 1216 1633 1216 1600 1216 1634 0 1635 0 1605 0 1605 1300 1635 1300 1636 1300 1605 1301 1636 1301 1637 1301 1638 0 1639 0 1174 0 1638 0 1174 0 1640 0 1641 0 1605 0 1642 0 1642 0 1605 0 1174 0 1641 0 1643 0 1605 0 1605 1302 1643 1302 1644 1302 1605 1303 1644 1303 1634 1303 1637 0 1645 0 1605 0 1605 1304 1645 1304 1646 1304 1605 0 1646 0 1502 0 1502 1305 1646 1305 1647 1305 1502 1306 1647 1306 1648 1306 1639 0 1649 0 1174 0 1174 1307 1649 1307 1650 1307 1174 1308 1650 1308 1651 1308 1651 0 1652 0 1174 0 1174 1309 1652 1309 1653 1309 1174 1310 1653 1310 1642 1310 1648 0 1654 0 1502 0 1502 1189 1654 1189 1655 1189 1502 1190 1655 1190 1656 1190 1656 0 1657 0 1502 0 1502 1191 1657 1191 1658 1191 1502 1311 1658 1311 1659 1311 1534 0 1535 0 1176 0 1176 0 1535 0 1502 0 1176 0 1502 0 1660 0 1660 0 1502 0 1659 0 1660 1312 1661 1312 1176 1312 1176 1313 1661 1313 1662 1313 1176 1314 1662 1314 1663 1314 1663 0 1664 0 1176 0 1176 437 1664 437 1665 437 1176 1315 1665 1315 1666 1315 1666 0 1667 0 1176 0 1176 1316 1667 1316 1668 1316 1176 0 1668 0 1174 0 1174 1317 1668 1317 1669 1317 1174 1318 1669 1318 1640 1318 1172 0 1167 0 1558 0 1558 0 1167 0 1166 0 1558 0 1166 0 1569 0 1569 0 1166 0 1165 0 1569 0 1165 0 1605 0 1605 0 1165 0 1142 0 1605 0 1142 0 1174 0 1436 195 1190 195 1429 195 1429 195 1190 195 1204 195 1429 195 1204 195 1466 195 1466 195 1204 195 1216 195 1466 195 1216 195 1462 195 1462 195 1216 195 1213 195 1169 1319 1168 1319 1559 1319 1169 1320 1559 1320 1239 1320 1239 1321 1559 1321 1459 1321 1239 1322 1459 1322 1240 1322 1240 1323 1459 1323 1458 1323 1240 1324 1458 1324 1241 1324 1241 1325 1458 1325 1457 1325 1241 1325 1457 1325 1236 1325 1236 1326 1457 1326 1454 1326 1236 1327 1454 1327 1237 1327 1237 1328 1454 1328 1455 1328 1237 1329 1455 1329 1238 1329 1238 1330 1455 1330 1456 1330 1238 1331 1456 1331 1226 1331 1226 1332 1456 1332 1474 1332 1226 1332 1474 1332 1228 1332 1228 1333 1474 1333 1462 1333 1228 1334 1462 1334 1213 1334 1190 1335 1436 1335 1450 1335 1190 1336 1450 1336 1201 1336 1201 1337 1450 1337 1452 1337 1201 1337 1452 1337 1199 1337 1199 1338 1452 1338 1453 1338 1199 1339 1453 1339 1197 1339 1197 1340 1453 1340 1446 1340 1197 1341 1446 1341 1196 1341 1196 1342 1446 1342 1444 1342 1196 1343 1444 1343 1194 1343 1194 1344 1444 1344 1525 1344 1194 1344 1525 1344 1187 1344 1187 1345 1525 1345 1524 1345 1187 1346 1524 1346 1286 1346 1286 1347 1524 1347 1522 1347 1286 1348 1522 1348 1287 1348 1287 1349 1522 1349 1178 1349 1287 1350 1178 1350 1179 1350 1485 1351 1246 1351 1486 1351 1486 1352 1246 1352 1245 1352 1486 1353 1245 1353 1487 1353 1487 1354 1245 1354 1256 1354 1487 1355 1256 1355 1490 1355 1490 929 1256 929 1255 929 1490 930 1255 930 1491 930 1491 1356 1255 1356 1251 1356 1491 933 1251 933 1492 933 1492 933 1251 933 1250 933 1492 935 1250 935 1496 935 1496 935 1250 935 1249 935 1496 1357 1249 1357 1497 1357 1497 936 1249 936 1244 936 1497 1358 1244 1358 1498 1358 1498 937 1244 937 1243 937 1498 1359 1243 1359 1499 1359 1499 938 1243 938 1242 938 1499 940 1242 940 1500 940 1500 940 1242 940 1275 940 1500 941 1275 941 1501 941 1501 941 1275 941 1274 941 1501 1360 1274 1360 1503 1360 1503 1360 1274 1360 1273 1360 1503 1361 1273 1361 1504 1361 1504 1362 1273 1362 1272 1362 1504 1363 1272 1363 1513 1363 1513 946 1272 946 1271 946 1513 1364 1271 1364 1514 1364 1514 947 1271 947 1270 947 1514 1365 1270 1365 1515 1365 1515 950 1270 950 1269 950 1515 1366 1269 1366 1516 1366 1516 951 1269 951 1278 951 1516 1367 1278 1367 1517 1367 1517 953 1278 953 1277 953 1517 1368 1277 1368 1518 1368 1518 1369 1277 1369 1276 1369 1518 1370 1276 1370 1505 1370 1505 1371 1276 1371 1268 1371 1505 1372 1268 1372 1506 1372 1506 959 1268 959 1267 959 1506 1373 1267 1373 1508 1373 1508 1374 1267 1374 1266 1374 1508 964 1266 964 1509 964 1509 1375 1266 1375 1261 1375 1509 1376 1261 1376 1510 1376 1510 1377 1261 1377 1260 1377 1510 1378 1260 1378 1511 1378 1511 1378 1260 1378 1265 1378 1511 968 1265 968 1512 968 1512 968 1265 968 1264 968 1512 969 1264 969 1481 969 1481 969 1264 969 1263 969 1481 971 1263 971 1482 971 1482 1379 1263 1379 1257 1379 1482 972 1257 972 1493 972 1493 1380 1257 1380 1258 1380 1493 973 1258 973 1488 973 1488 1381 1258 1381 1259 1381 1488 974 1259 974 1489 974 1489 974 1259 974 1254 974 1489 977 1254 977 1494 977 1494 977 1254 977 1253 977 1494 1382 1253 1382 1495 1382 1495 978 1253 978 1252 978 1495 1383 1252 1383 1483 1383 1483 980 1252 980 1248 980 1483 1384 1248 1384 1484 1384 1484 982 1248 982 1247 982 1484 1385 1247 1385 1485 1385 1485 1386 1247 1386 1246 1386 1632 1351 1181 1351 1633 1351 1633 1352 1181 1352 1180 1352 1633 1353 1180 1353 1600 1353 1600 1354 1180 1354 1387 1354 1600 1355 1387 1355 1601 1355 1601 929 1387 929 1386 929 1601 930 1386 930 1602 930 1602 1356 1386 1356 1370 1356 1602 933 1370 933 1603 933 1603 933 1370 933 1369 933 1603 935 1369 935 1611 935 1611 935 1369 935 1368 935 1611 1357 1368 1357 1612 1357 1612 936 1368 936 1358 936 1612 1358 1358 1358 1604 1358 1604 937 1358 937 1357 937 1604 1359 1357 1359 1606 1359 1606 938 1357 938 1362 938 1606 940 1362 940 1607 940 1607 940 1362 940 1363 940 1607 941 1363 941 1613 941 1613 941 1363 941 1385 941 1613 1360 1385 1360 1614 1360 1614 1360 1385 1360 1384 1360 1614 1361 1384 1361 1615 1361 1615 1362 1384 1362 1383 1362 1615 1363 1383 1363 1622 1363 1622 946 1383 946 1382 946 1622 1364 1382 1364 1623 1364 1623 947 1382 947 1381 947 1623 1365 1381 1365 1624 1365 1624 950 1381 950 1380 950 1624 1366 1380 1366 1625 1366 1625 951 1380 951 1379 951 1625 1367 1379 1367 1626 1367 1626 953 1379 953 1378 953 1626 1368 1378 1368 1627 1368 1627 1369 1378 1369 1377 1369 1627 1370 1377 1370 1616 1370 1616 1371 1377 1371 1376 1371 1616 1372 1376 1372 1617 1372 1617 959 1376 959 1375 959 1617 1373 1375 1373 1618 1373 1618 1374 1375 1374 1374 1374 1618 964 1374 964 1608 964 1608 1375 1374 1375 1373 1375 1608 1376 1373 1376 1609 1376 1609 1377 1373 1377 1372 1377 1609 1378 1372 1378 1610 1378 1610 1378 1372 1378 1371 1378 1610 968 1371 968 1597 968 1597 968 1371 968 1356 968 1597 969 1356 969 1598 969 1598 969 1356 969 1355 969 1598 971 1355 971 1599 971 1599 1379 1355 1379 1353 1379 1599 972 1353 972 1619 972 1619 1380 1353 1380 1361 1380 1619 973 1361 973 1620 973 1620 1381 1361 1381 1360 1381 1620 974 1360 974 1621 974 1621 974 1360 974 1359 974 1621 977 1359 977 1628 977 1628 977 1359 977 1367 977 1628 1382 1367 1382 1629 1382 1629 978 1367 978 1366 978 1629 1383 1366 1383 1630 1383 1630 980 1366 980 1365 980 1630 1384 1365 1384 1631 1384 1631 982 1365 982 1364 982 1631 1385 1364 1385 1632 1385 1632 1386 1364 1386 1181 1386 1660 1351 1184 1351 1661 1351 1661 1352 1184 1352 1183 1352 1661 1353 1183 1353 1662 1353 1662 1354 1183 1354 1349 1354 1662 1355 1349 1355 1663 1355 1663 929 1349 929 1348 929 1663 986 1348 986 1664 986 1664 1387 1348 1387 1347 1387 1664 989 1347 989 1665 989 1665 989 1347 989 1346 989 1665 935 1346 935 1666 935 1666 935 1346 935 1345 935 1666 1357 1345 1357 1667 1357 1667 936 1345 936 1344 936 1667 1358 1344 1358 1668 1358 1668 937 1344 937 1343 937 1668 1388 1343 1388 1669 1388 1669 1389 1343 1389 1342 1389 1669 993 1342 993 1640 993 1640 993 1342 993 1341 993 1640 941 1341 941 1638 941 1638 941 1341 941 1340 941 1638 1360 1340 1360 1639 1360 1639 1360 1340 1360 1339 1360 1639 1361 1339 1361 1649 1361 1649 1362 1339 1362 1338 1362 1649 1390 1338 1390 1650 1390 1650 995 1338 995 1333 995 1650 1391 1333 1391 1651 1391 1651 996 1333 996 1332 996 1651 1365 1332 1365 1652 1365 1652 950 1332 950 1337 950 1652 1366 1337 1366 1653 1366 1653 951 1337 951 1352 951 1653 1367 1352 1367 1642 1367 1642 953 1352 953 1351 953 1642 1368 1351 1368 1641 1368 1641 1369 1351 1369 1350 1369 1641 1370 1350 1370 1643 1370 1643 1371 1350 1371 1336 1371 1643 1372 1336 1372 1644 1372 1644 959 1336 959 1335 959 1644 1373 1335 1373 1634 1373 1634 1374 1335 1374 1334 1374 1634 964 1334 964 1635 964 1635 1375 1334 1375 1324 1375 1635 1376 1324 1376 1636 1376 1636 1377 1324 1377 1323 1377 1636 1378 1323 1378 1637 1378 1637 1378 1323 1378 1321 1378 1637 968 1321 968 1645 968 1645 968 1321 968 1320 968 1645 969 1320 969 1646 969 1646 969 1320 969 1331 969 1646 971 1331 971 1647 971 1647 1379 1331 1379 1330 1379 1647 972 1330 972 1648 972 1648 1380 1330 1380 1329 1380 1648 973 1329 973 1654 973 1654 1381 1329 1381 1328 1381 1654 974 1328 974 1655 974 1655 974 1328 974 1327 974 1655 977 1327 977 1656 977 1656 977 1327 977 1326 977 1656 1382 1326 1382 1657 1382 1657 978 1326 978 1319 978 1657 1383 1319 1383 1658 1383 1658 980 1319 980 1318 980 1658 1384 1318 1384 1659 1384 1659 982 1318 982 1325 982 1659 1385 1325 1385 1660 1385 1660 1386 1325 1386 1184 1386 1434 1351 1208 1351 1435 1351 1435 1352 1208 1352 1189 1352 1435 1353 1189 1353 1448 1353 1448 1354 1189 1354 1188 1354 1448 1355 1188 1355 1449 1355 1449 929 1188 929 1207 929 1449 986 1207 986 1451 986 1451 1387 1207 1387 1200 1387 1451 989 1200 989 1447 989 1447 989 1200 989 1198 989 1447 935 1198 935 1445 935 1445 935 1198 935 1195 935 1445 1357 1195 1357 1443 1357 1443 936 1195 936 1186 936 1443 1358 1186 1358 1523 1358 1523 937 1186 937 1185 937 1523 1388 1185 1388 1521 1388 1521 1389 1185 1389 1288 1389 1521 993 1288 993 1520 993 1520 993 1288 993 1289 993 1520 941 1289 941 1519 941 1519 941 1289 941 1283 941 1519 1360 1283 1360 1529 1360 1529 1360 1283 1360 1296 1360 1529 1361 1296 1361 1530 1361 1530 1362 1296 1362 1295 1362 1530 1390 1295 1390 1531 1390 1531 995 1295 995 1292 995 1531 1391 1292 1391 1532 1391 1532 996 1292 996 1293 996 1532 1365 1293 1365 1533 1365 1533 950 1293 950 1294 950 1533 1366 1294 1366 1534 1366 1534 951 1294 951 1299 951 1534 1367 1299 1367 1535 1367 1535 953 1299 953 1298 953 1535 1368 1298 1368 1536 1368 1536 1369 1298 1369 1297 1369 1536 1370 1297 1370 1537 1370 1537 1371 1297 1371 1285 1371 1537 1372 1285 1372 1526 1372 1526 959 1285 959 1284 959 1526 1373 1284 1373 1527 1373 1527 1374 1284 1374 1291 1374 1527 964 1291 964 1538 964 1538 1375 1291 1375 1290 1375 1538 1376 1290 1376 1539 1376 1539 1377 1290 1377 1282 1377 1539 1378 1282 1378 1528 1378 1528 1378 1282 1378 1281 1378 1528 968 1281 968 1433 968 1433 968 1281 968 1280 968 1433 969 1280 969 1432 969 1432 969 1280 969 1279 969 1432 971 1279 971 1430 971 1430 1379 1279 1379 1192 1379 1430 972 1192 972 1428 972 1428 1380 1192 1380 1191 1380 1428 973 1191 973 1437 973 1437 1381 1191 1381 1206 1381 1437 974 1206 974 1438 974 1438 974 1206 974 1205 974 1438 977 1205 977 1439 977 1439 977 1205 977 1203 977 1439 1382 1203 1382 1440 1382 1440 978 1203 978 1202 978 1440 1383 1202 1383 1441 1383 1441 980 1202 980 1210 980 1441 1384 1210 1384 1442 1384 1442 982 1210 982 1209 982 1442 1385 1209 1385 1434 1385 1434 1386 1209 1386 1208 1386 1468 1351 1211 1351 1467 1351 1467 1352 1211 1352 1221 1352 1467 1353 1221 1353 1465 1353 1465 1354 1221 1354 1220 1354 1465 1355 1220 1355 1469 1355 1469 929 1220 929 1219 929 1469 930 1219 930 1470 930 1470 1356 1219 1356 1218 1356 1470 933 1218 933 1471 933 1471 933 1218 933 1217 933 1471 935 1217 935 1477 935 1477 935 1217 935 1215 935 1477 1357 1215 1357 1478 1357 1478 936 1215 936 1214 936 1478 1358 1214 1358 1480 1358 1480 937 1214 937 1222 937 1480 1359 1222 1359 1555 1359 1555 938 1222 938 1224 938 1555 940 1224 940 1556 940 1556 940 1224 940 1317 940 1556 941 1317 941 1557 941 1557 941 1317 941 1316 941 1557 1360 1316 1360 1540 1360 1540 1360 1316 1360 1315 1360 1540 1361 1315 1361 1541 1361 1541 1362 1315 1362 1311 1362 1541 1363 1311 1363 1542 1363 1542 946 1311 946 1310 946 1542 1364 1310 1364 1543 1364 1543 947 1310 947 1309 947 1543 1365 1309 1365 1544 1365 1544 950 1309 950 1308 950 1544 1366 1308 1366 1545 1366 1545 951 1308 951 1307 951 1545 1367 1307 1367 1547 1367 1547 953 1307 953 1306 953 1547 1368 1306 1368 1548 1368 1548 1369 1306 1369 1305 1369 1548 1370 1305 1370 1549 1370 1549 1371 1305 1371 1304 1371 1549 1372 1304 1372 1550 1372 1550 959 1304 959 1303 959 1550 1373 1303 1373 1551 1373 1551 1374 1303 1374 1301 1374 1551 964 1301 964 1552 964 1552 1375 1301 1375 1300 1375 1552 1376 1300 1376 1553 1376 1553 1377 1300 1377 1314 1377 1553 1378 1314 1378 1554 1378 1554 1378 1314 1378 1313 1378 1554 968 1313 968 1425 968 1425 968 1313 968 1312 968 1425 969 1312 969 1426 969 1426 969 1312 969 1235 969 1426 971 1235 971 1463 971 1463 1379 1235 1379 1234 1379 1463 972 1234 972 1464 972 1464 1380 1234 1380 1232 1380 1464 973 1232 973 1472 973 1472 1381 1232 1381 1231 1381 1472 974 1231 974 1473 974 1473 974 1231 974 1225 974 1473 977 1225 977 1475 977 1475 977 1225 977 1227 977 1475 1382 1227 1382 1476 1382 1476 978 1227 978 1229 978 1476 1383 1229 1383 1460 1383 1460 980 1229 980 1230 980 1460 1384 1230 1384 1461 1384 1461 982 1230 982 1212 982 1461 1385 1212 1385 1468 1385 1468 1386 1212 1386 1211 1386 1582 1351 1424 1351 1583 1351 1583 1352 1424 1352 1423 1352 1583 1353 1423 1353 1560 1353 1560 1354 1423 1354 1422 1354 1560 1355 1422 1355 1561 1355 1561 929 1422 929 1418 929 1561 930 1418 930 1562 930 1562 1356 1418 1356 1417 1356 1562 933 1417 933 1563 933 1563 933 1417 933 1416 933 1563 935 1416 935 1566 935 1566 935 1416 935 1399 935 1566 1357 1399 1357 1567 1357 1567 936 1399 936 1398 936 1567 1358 1398 1358 1568 1358 1568 937 1398 937 1415 937 1568 1359 1415 1359 1584 1359 1584 938 1415 938 1414 938 1584 940 1414 940 1585 940 1585 940 1414 940 1413 940 1585 941 1413 941 1570 941 1570 941 1413 941 1410 941 1570 1360 1410 1360 1571 1360 1571 1360 1410 1360 1409 1360 1571 1361 1409 1361 1586 1361 1586 1362 1409 1362 1408 1362 1586 1363 1408 1363 1587 1363 1587 946 1408 946 1405 946 1587 1364 1405 1364 1588 1364 1588 947 1405 947 1406 947 1588 1365 1406 1365 1589 1365 1589 950 1406 950 1407 950 1589 1366 1407 1366 1590 1366 1590 951 1407 951 1421 951 1590 1367 1421 1367 1591 1367 1591 953 1421 953 1420 953 1591 1368 1420 1368 1572 1368 1572 1369 1420 1369 1419 1369 1572 1370 1419 1370 1573 1370 1573 1371 1419 1371 1404 1371 1573 1372 1404 1372 1574 1372 1574 959 1404 959 1403 959 1574 1373 1403 1373 1575 1373 1575 1374 1403 1374 1412 1374 1575 964 1412 964 1576 964 1576 1375 1412 1375 1411 1375 1576 1376 1411 1376 1577 1376 1577 1377 1411 1377 1402 1377 1577 1378 1402 1378 1578 1378 1578 1378 1402 1378 1401 1378 1578 968 1401 968 1594 968 1594 968 1401 968 1400 968 1594 969 1400 969 1595 969 1595 969 1400 969 1394 969 1595 971 1394 971 1596 971 1596 1379 1394 1379 1396 1379 1596 972 1396 972 1579 972 1579 1380 1396 1380 1397 1380 1579 973 1397 973 1564 973 1564 1381 1397 1381 1393 1381 1564 974 1393 974 1565 974 1565 974 1393 974 1392 974 1565 977 1392 977 1592 977 1592 977 1392 977 1391 977 1592 1382 1391 1382 1593 1382 1593 978 1391 978 1388 978 1593 1383 1388 1383 1580 1383 1580 980 1388 980 1389 980 1580 1384 1389 1384 1581 1384 1581 982 1389 982 1390 982 1581 1385 1390 1385 1582 1385 1582 1386 1390 1386 1424 1386 1670 0 1671 0 1672 0 1673 0 1674 0 1675 0 1676 1392 1677 1392 1675 1392 1675 1393 1677 1393 1678 1393 1675 0 1678 0 1679 0 1680 0 1681 0 1682 0 1682 1394 1681 1394 1683 1394 1682 0 1683 0 1684 0 1685 0 1686 0 1675 0 1687 1395 1688 1395 1689 1395 1690 1396 1691 1396 1692 1396 1670 0 1672 0 1693 0 1689 0 1694 0 1687 0 1687 1397 1694 1397 1695 1397 1687 0 1695 0 1696 0 1697 0 1698 0 1699 0 1699 1398 1698 1398 1700 1398 1699 0 1700 0 1701 0 1691 1399 1702 1399 1692 1399 1692 1400 1702 1400 1703 1400 1692 1401 1703 1401 1704 1401 1704 0 1705 0 1692 0 1692 1402 1705 1402 1706 1402 1692 1403 1706 1403 1675 1403 1675 1404 1706 1404 1707 1404 1675 1405 1707 1405 1676 1405 1708 0 1709 0 1710 0 1710 1406 1709 1406 1711 1406 1710 0 1711 0 1712 0 1712 1407 1711 1407 1713 1407 1712 0 1713 0 1714 0 1714 0 1715 0 1712 0 1712 1408 1715 1408 1716 1408 1712 1409 1716 1409 1717 1409 1718 1410 1719 1410 1720 1410 1719 1411 1721 1411 1720 1411 1720 0 1721 0 1722 0 1720 1412 1722 1412 1723 1412 1708 0 1724 0 1709 0 1709 1413 1724 1413 1725 1413 1709 1414 1725 1414 1726 1414 1727 0 1728 0 1729 0 1729 0 1728 0 1730 0 1679 0 1731 0 1732 0 1732 1415 1731 1415 1729 1415 1732 0 1729 0 1733 0 1733 0 1729 0 1734 0 1679 0 1732 0 1675 0 1675 1416 1732 1416 1735 1416 1675 1417 1735 1417 1685 1417 1674 1418 1736 1418 1675 1418 1675 1419 1736 1419 1737 1419 1675 0 1737 0 1672 0 1672 0 1737 0 1738 0 1672 1420 1738 1420 1739 1420 1740 0 1741 0 1692 0 1692 1421 1741 1421 1742 1421 1692 0 1742 0 1690 0 1680 0 1682 0 1720 0 1720 1422 1682 1422 1743 1422 1720 1423 1743 1423 1718 1423 1726 0 1744 0 1709 0 1709 0 1744 0 1745 0 1709 1424 1745 1424 1746 1424 1730 1425 1747 1425 1729 1425 1729 1426 1747 1426 1748 1426 1729 1427 1748 1427 1734 1427 1686 1428 1749 1428 1675 1428 1675 1429 1749 1429 1750 1429 1675 0 1750 0 1751 0 1739 0 1752 0 1672 0 1672 1430 1752 1430 1753 1430 1672 0 1753 0 1754 0 1754 1431 1755 1431 1672 1431 1672 1432 1755 1432 1756 1432 1672 1433 1756 1433 1757 1433 1672 1434 1758 1434 1759 1434 1671 0 1760 0 1672 0 1672 1435 1760 1435 1761 1435 1672 1436 1761 1436 1762 1436 1763 0 1764 0 1687 0 1765 1437 1766 1437 1692 1437 1692 0 1766 0 1767 0 1692 1438 1767 1438 1740 1438 1768 1439 1769 1439 1746 1439 1746 1440 1769 1440 1770 1440 1746 1441 1770 1441 1709 1441 1717 0 1771 0 1712 0 1712 1442 1771 1442 1772 1442 1712 1443 1772 1443 1773 1443 1764 1444 1774 1444 1687 1444 1687 1445 1774 1445 1775 1445 1687 0 1775 0 1688 0 1776 1446 1777 1446 1692 1446 1723 0 1778 0 1720 0 1720 1447 1778 1447 1779 1447 1720 1448 1779 1448 1770 1448 1770 0 1779 0 1780 0 1770 1449 1780 1449 1709 1449 1757 0 1781 0 1672 0 1672 1450 1781 1450 1782 1450 1672 1451 1782 1451 1758 1451 1759 0 1783 0 1672 0 1672 1452 1783 1452 1684 1452 1672 1453 1684 1453 1693 1453 1693 1454 1684 1454 1683 1454 1762 0 1784 0 1672 0 1672 1455 1784 1455 1785 1455 1672 1456 1785 1456 1687 1456 1687 1457 1785 1457 1786 1457 1687 1458 1786 1458 1763 1458 1696 1459 1787 1459 1687 1459 1687 1460 1787 1460 1788 1460 1687 0 1788 0 1692 0 1692 1461 1788 1461 1789 1461 1692 0 1789 0 1776 0 1701 1462 1790 1462 1699 1462 1699 1463 1790 1463 1791 1463 1699 0 1791 0 1792 0 1777 1464 1793 1464 1692 1464 1692 1465 1793 1465 1794 1465 1692 1466 1794 1466 1765 1466 1765 0 1794 0 1795 0 1765 1467 1795 1467 1796 1467 1796 1468 1795 1468 1797 1468 1798 1469 1799 1469 1699 1469 1699 1470 1799 1470 1800 1470 1699 0 1800 0 1697 0 1697 1471 1800 1471 1801 1471 1697 1472 1801 1472 1802 1472 1802 1473 1801 1473 1803 1473 1802 0 1803 0 1804 0 1804 0 1803 0 1805 0 1804 0 1805 0 1729 0 1729 1474 1805 1474 1806 1474 1729 1475 1806 1475 1727 1475 1807 0 1808 0 1795 0 1798 1476 1809 1476 1799 1476 1799 1477 1809 1477 1810 1477 1799 1478 1810 1478 1811 1478 1751 0 1812 0 1675 0 1675 1479 1812 1479 1813 1479 1675 1480 1813 1480 1814 1480 1808 0 1815 0 1795 0 1795 1481 1815 1481 1816 1481 1795 0 1816 0 1797 0 1814 0 1817 0 1675 0 1675 1482 1817 1482 1712 1482 1675 1483 1712 1483 1673 1483 1673 0 1712 0 1773 0 1792 1484 1818 1484 1699 1484 1699 0 1818 0 1819 0 1699 0 1819 0 1795 0 1795 0 1819 0 1820 0 1795 0 1820 0 1807 0 1768 1485 1821 1485 1769 1485 1769 82 1821 82 1822 82 1769 0 1822 0 1823 0 1823 1486 1822 1486 1824 1486 1823 1487 1824 1487 1811 1487 1811 1488 1824 1488 1825 1488 1811 0 1825 0 1799 0 1672 193 1826 193 1675 193 1675 193 1826 193 1827 193 1828 192 1687 192 1829 192 1829 192 1687 192 1692 192 1830 104 1831 104 1832 104 1832 1489 1831 1489 1833 1489 1832 104 1833 104 1834 104 1835 104 1836 104 1837 104 1837 1490 1836 1490 1838 1490 1837 1491 1838 1491 1839 1491 1840 104 1841 104 1842 104 1843 104 1826 104 1844 104 1844 104 1826 104 1845 104 1846 1492 1847 1492 1826 1492 1826 1493 1847 1493 1848 1493 1826 1494 1848 1494 1849 1494 1828 1495 1850 1495 1826 1495 1826 1496 1850 1496 1851 1496 1826 1497 1851 1497 1852 1497 1852 104 1853 104 1826 104 1826 1498 1853 1498 1854 1498 1826 1499 1854 1499 1855 1499 1855 104 1856 104 1826 104 1826 1500 1856 1500 1857 1500 1826 1501 1857 1501 1845 1501 1845 1502 1857 1502 1837 1502 1858 104 1859 104 1860 104 1861 1503 1862 1503 1860 1503 1860 1504 1862 1504 1863 1504 1860 1505 1863 1505 1864 1505 1830 104 1832 104 1842 104 1842 1490 1832 1490 1865 1490 1842 1491 1865 1491 1840 1491 1841 104 1866 104 1842 104 1842 1506 1866 1506 1867 1506 1842 1507 1867 1507 1868 1507 1869 1508 1870 1508 1871 1508 1860 1509 1872 1509 1861 1509 1861 1510 1872 1510 1873 1510 1861 1511 1873 1511 1874 1511 1874 1512 1873 1512 1875 1512 1843 104 1876 104 1826 104 1826 1513 1876 1513 1877 1513 1826 1514 1877 1514 1878 1514 1878 104 1879 104 1826 104 1826 1515 1879 1515 1880 1515 1826 1516 1880 1516 1881 1516 1882 104 1883 104 1828 104 1884 104 1864 104 1885 104 1885 1517 1864 1517 1836 1517 1885 104 1836 104 1886 104 1886 104 1836 104 1835 104 1839 104 1887 104 1837 104 1837 1518 1887 1518 1888 1518 1837 1506 1888 1506 1889 1506 1890 104 1891 104 1837 104 1829 1519 1892 1519 1893 1519 1893 104 1894 104 1829 104 1829 1520 1894 1520 1895 1520 1829 1521 1895 1521 1896 1521 1828 1522 1897 1522 1898 1522 1889 104 1899 104 1837 104 1837 1523 1899 1523 1900 1523 1837 1524 1900 1524 1901 1524 1884 104 1902 104 1864 104 1864 1525 1902 1525 1903 1525 1864 104 1903 104 1860 104 1860 1526 1903 1526 1904 1526 1860 104 1904 104 1858 104 1829 1527 1905 1527 1906 1527 1896 104 1907 104 1829 104 1829 104 1907 104 1908 104 1829 1528 1908 1528 1909 1528 1910 1529 1911 1529 1912 1529 1912 1530 1911 1530 1909 1530 1829 1531 1913 1531 1914 1531 1898 104 1915 104 1828 104 1828 1532 1915 1532 1916 1532 1828 1533 1916 1533 1882 1533 1901 104 1917 104 1837 104 1837 1534 1917 1534 1918 1534 1837 1535 1918 1535 1890 1535 1906 104 1919 104 1829 104 1829 1536 1919 1536 1920 1536 1829 1537 1920 1537 1892 1537 1909 104 1911 104 1829 104 1829 1538 1911 1538 1921 1538 1829 1539 1921 1539 1913 1539 1914 1540 1922 1540 1829 1540 1829 1541 1922 1541 1923 1541 1829 104 1923 104 1828 104 1828 1542 1923 1542 1924 1542 1828 1543 1924 1543 1897 1543 1883 104 1925 104 1828 104 1828 1544 1925 1544 1926 1544 1828 1545 1926 1545 1927 1545 1928 104 1929 104 1837 104 1837 1546 1929 1546 1930 1546 1837 1547 1930 1547 1845 1547 1931 104 1875 104 1932 104 1932 1548 1875 1548 1933 1548 1934 104 1935 104 1827 104 1827 1520 1935 1520 1936 1520 1936 104 1937 104 1827 104 1827 1549 1937 1549 1938 1549 1827 1550 1938 1550 1939 1550 1910 104 1940 104 1911 104 1911 1551 1940 1551 1941 1551 1911 104 1941 104 1942 104 1891 104 1943 104 1837 104 1837 1552 1943 1552 1944 1552 1837 1553 1944 1553 1928 1553 1931 104 1945 104 1875 104 1875 1554 1945 1554 1946 1554 1875 1555 1946 1555 1874 1555 1874 1556 1946 1556 1947 1556 1874 1557 1947 1557 1948 1557 1871 104 1949 104 1869 104 1869 104 1949 104 1950 104 1869 104 1950 104 1951 104 1951 1558 1950 1558 1874 1558 1951 1559 1874 1559 1952 1559 1952 104 1874 104 1948 104 1881 104 1953 104 1826 104 1826 104 1953 104 1954 104 1826 1560 1954 1560 1870 1560 1939 104 1955 104 1827 104 1827 1561 1955 1561 1956 1561 1827 1562 1956 1562 1834 1562 1942 104 1957 104 1911 104 1911 104 1957 104 1958 104 1911 104 1958 104 1959 104 1959 104 1958 104 1960 104 1959 104 1960 104 1961 104 1961 104 1960 104 1962 104 1961 104 1962 104 1859 104 1859 104 1962 104 1963 104 1859 104 1963 104 1860 104 1927 104 1964 104 1828 104 1828 1563 1964 1563 1965 1563 1828 1564 1965 1564 1850 1564 1869 104 1966 104 1870 104 1870 104 1966 104 1967 104 1870 1565 1967 1565 1826 1565 1826 1566 1967 1566 1968 1566 1826 1567 1968 1567 1846 1567 1833 104 1969 104 1834 104 1834 1568 1969 1568 1970 1568 1834 104 1970 104 1827 104 1827 1569 1970 1569 1971 1569 1827 1570 1971 1570 1972 1570 1972 104 1973 104 1827 104 1827 1571 1973 1571 1974 1571 1827 1572 1974 1572 1829 1572 1829 1573 1974 1573 1975 1573 1829 1574 1975 1574 1905 1574 1868 104 1976 104 1842 104 1842 1524 1976 1524 1977 1524 1842 104 1977 104 1933 104 1933 104 1977 104 1978 104 1933 1575 1978 1575 1932 1575 1849 104 1979 104 1826 104 1826 1576 1979 1576 1980 1576 1826 104 1980 104 1827 104 1827 104 1980 104 1981 104 1827 1577 1981 1577 1934 1577 1982 193 1983 193 1984 193 1984 193 1983 193 1985 193 1984 195 1985 195 1986 195 1986 195 1985 195 1987 195 1988 194 1983 194 1989 194 1989 194 1983 194 1982 194 1987 192 1988 192 1986 192 1986 192 1988 192 1989 192 1988 192 1987 192 1990 192 1990 196 1987 196 1991 196 1990 192 1991 192 1992 192 1992 1578 1991 1578 1993 1578 1992 192 1993 192 1994 192 1994 192 1993 192 1995 192 1994 192 1995 192 1996 192 1996 197 1995 197 1997 197 1996 192 1997 192 1998 192 1998 518 1997 518 1999 518 1998 192 1999 192 2000 192 2000 192 1999 192 2001 192 2000 192 2001 192 2002 192 2002 1579 2001 1579 2003 1579 2002 192 2003 192 2004 192 2004 1580 2003 1580 2005 1580 2004 192 2005 192 2006 192 2006 192 2005 192 2007 192 2008 193 2009 193 2010 193 2010 193 2009 193 2011 193 2010 193 2011 193 2012 193 2012 193 2011 193 2013 193 2012 193 2013 193 2014 193 2014 193 2013 193 2015 193 2014 193 2015 193 2016 193 2016 1581 2015 1581 2017 1581 2016 193 2017 193 2018 193 2018 1582 2017 1582 2019 1582 2018 193 2019 193 2020 193 2020 208 2019 208 2021 208 2020 193 2021 193 2022 193 2022 1027 2021 1027 2023 1027 2022 206 2023 206 2024 206 2024 1583 2023 1583 2025 1583 2024 193 2025 193 1983 193 1983 516 2025 516 1985 516 2026 219 2007 219 2005 219 1987 1584 1985 1584 2025 1584 2009 1585 2027 1585 2011 1585 2011 1586 2027 1586 2028 1586 1987 1584 2025 1584 1991 1584 1991 1587 2025 1587 2023 1587 1991 1587 2023 1587 1993 1587 1993 212 2023 212 2021 212 1993 212 2021 212 1995 212 1995 213 2021 213 2019 213 1995 213 2019 213 1997 213 1997 214 2019 214 2017 214 1997 214 2017 214 1999 214 1999 215 2017 215 2015 215 1999 216 2015 216 2001 216 2001 1588 2015 1588 2013 1588 2001 1588 2013 1588 2003 1588 2003 1589 2013 1589 2011 1589 2003 1589 2011 1589 2005 1589 2005 1590 2011 1590 2028 1590 2005 1591 2028 1591 2026 1591 2029 1592 2030 1592 2010 1592 2010 1593 2030 1593 2031 1593 2010 1594 2031 1594 2008 1594 2006 1595 2029 1595 2004 1595 2004 223 2029 223 2010 223 2004 1596 2010 1596 2002 1596 2002 1597 2010 1597 2012 1597 2002 1598 2012 1598 2000 1598 2000 1599 2012 1599 2014 1599 2000 1600 2014 1600 1998 1600 1998 1601 2014 1601 2016 1601 1998 1602 2016 1602 1996 1602 1996 1602 2016 1602 2018 1602 1996 1603 2018 1603 1994 1603 1994 1603 2018 1603 2020 1603 1994 233 2020 233 1992 233 1992 233 2020 233 2022 233 1992 234 2022 234 1990 234 1990 234 2022 234 2024 234 1990 235 2024 235 1988 235 1988 235 2024 235 1983 235 2032 193 2033 193 2034 193 2034 193 2033 193 2035 193 2034 193 2035 193 2036 193 2036 193 2035 193 2037 193 2036 193 2037 193 2008 193 2008 193 2037 193 2009 193 2006 192 2007 192 2038 192 2038 192 2007 192 2039 192 2038 192 2039 192 2040 192 2040 192 2039 192 2041 192 2040 192 2041 192 2042 192 2042 192 2041 192 2043 192 2044 104 2045 104 2046 104 2047 104 2048 104 2041 104 2049 104 2050 104 2051 104 2052 1604 2053 1604 2054 1604 2055 104 2056 104 2057 104 2051 104 2050 104 2058 104 2058 1605 2050 1605 2059 1605 2058 104 2059 104 2060 104 2060 104 2059 104 2061 104 2061 1606 2059 1606 2062 1606 2061 104 2062 104 2063 104 2063 1607 2062 1607 2064 1607 2063 1608 2064 1608 2065 1608 2066 104 2067 104 2068 104 2067 104 2069 104 2068 104 2068 1609 2069 1609 2070 1609 2068 1104 2070 1104 2055 1104 2065 104 2064 104 2054 104 2054 1610 2064 1610 2071 1610 2054 1611 2071 1611 2052 1611 2053 104 2072 104 2054 104 2054 1612 2072 1612 2073 1612 2054 1613 2073 1613 2068 1613 2068 1126 2073 1126 2074 1126 2068 1614 2074 1614 2066 1614 2075 104 2076 104 2077 104 2078 104 2079 104 2080 104 2080 1615 2079 1615 2081 1615 2080 1117 2081 1117 2082 1117 2082 104 2083 104 2080 104 2080 1113 2083 1113 2084 1113 2080 1616 2084 1616 2077 1616 2077 1617 2084 1617 2085 1617 2077 1618 2085 1618 2075 1618 2078 104 2080 104 2086 104 2086 104 2080 104 2087 104 2086 104 2087 104 2088 104 2089 1619 2090 1619 2091 1619 2091 1620 2090 1620 2092 1620 2091 104 2092 104 2093 104 2093 104 2092 104 2077 104 2093 104 2077 104 2094 104 2094 1621 2077 1621 2076 1621 2095 104 2096 104 2097 104 2097 1622 2096 1622 2098 1622 2097 1623 2098 1623 2099 1623 2100 1624 2101 1624 2097 1624 2089 1625 2095 1625 2090 1625 2090 104 2095 104 2097 104 2090 104 2097 104 2102 104 2102 104 2097 104 2101 104 2103 104 2104 104 2097 104 2097 1626 2104 1626 2105 1626 2097 104 2105 104 2100 104 2057 1097 2106 1097 2107 1097 2055 104 2057 104 2068 104 2068 104 2057 104 2107 104 2068 1098 2107 1098 2108 1098 2068 1107 2109 1107 2110 1107 2068 104 2110 104 2080 104 2080 1108 2110 1108 2111 1108 2080 1109 2111 1109 2112 1109 2108 104 2113 104 2068 104 2068 275 2113 275 2114 275 2068 1117 2114 1117 2115 1117 2112 104 2116 104 2080 104 2080 1102 2116 1102 2117 1102 2080 1103 2117 1103 2118 1103 2115 104 2119 104 2068 104 2068 1101 2119 1101 2120 1101 2068 1627 2120 1627 2109 1627 2121 104 2087 104 2122 104 2122 104 2087 104 2080 104 2122 104 2080 104 2123 104 2123 104 2080 104 2118 104 2124 104 2125 104 2126 104 2121 104 2127 104 2087 104 2087 1087 2127 1087 2128 1087 2087 104 2128 104 2126 104 2126 1088 2128 1088 2129 1088 2126 1172 2129 1172 2124 1172 2125 104 2130 104 2126 104 2126 1628 2130 1628 2131 1628 2126 1095 2131 1095 2132 1095 2133 104 2134 104 2046 104 2046 1093 2134 1093 2135 1093 2046 1094 2135 1094 2136 1094 2136 104 2137 104 2046 104 2046 1157 2137 1157 2138 1157 2046 104 2138 104 2057 104 2057 1629 2138 1629 2139 1629 2057 1630 2139 1630 2106 1630 2132 104 2140 104 2126 104 2126 1089 2140 1089 2141 1089 2126 104 2141 104 2046 104 2046 1090 2141 1090 2142 1090 2046 1071 2142 1071 2133 1071 2056 104 2143 104 2057 104 2057 1631 2143 1631 2144 1631 2057 104 2144 104 2046 104 2046 1181 2144 1181 2145 1181 2046 1172 2145 1172 2146 1172 2043 104 2041 104 2147 104 2046 1075 2148 1075 2149 1075 2051 104 2150 104 2049 104 2049 1632 2150 1632 2151 1632 2049 1633 2151 1633 2152 1633 2152 1634 2151 1634 2043 1634 2152 104 2043 104 2153 104 2153 104 2043 104 2147 104 2146 104 2154 104 2046 104 2046 1074 2154 1074 2155 1074 2046 1182 2155 1182 2148 1182 2156 104 2041 104 2157 104 2157 104 2041 104 2158 104 2156 104 2159 104 2041 104 2041 1635 2159 1635 2160 1635 2041 1636 2160 1636 2147 1636 2149 104 2161 104 2046 104 2046 1089 2161 1089 2162 1089 2046 104 2162 104 2041 104 2041 1637 2162 1637 2163 1637 2041 1638 2163 1638 2158 1638 2164 104 2165 104 2166 104 2166 1639 2165 1639 2167 1639 2166 1640 2167 1640 2168 1640 2168 104 2169 104 2166 104 2166 1641 2169 1641 2170 1641 2166 104 2170 104 2126 104 2126 1090 2170 1090 2171 1090 2126 1071 2171 1071 2172 1071 2172 104 2173 104 2126 104 2126 1642 2173 1642 2174 1642 2126 1136 2174 1136 2175 1136 2099 104 2176 104 2097 104 2097 1643 2176 1643 2177 1643 2097 104 2177 104 2166 104 2166 1644 2177 1644 2178 1644 2166 1645 2178 1645 2164 1645 2175 104 2179 104 2126 104 2126 1066 2179 1066 2180 1066 2126 104 2180 104 2087 104 2087 1629 2180 1629 2181 1629 2087 1630 2181 1630 2088 1630 2182 104 2183 104 2046 104 2184 104 2185 104 2186 104 2186 1646 2185 1646 2187 1646 2186 1647 2187 1647 2188 1647 2041 104 2048 104 2046 104 2046 1125 2048 1125 2189 1125 2046 1126 2189 1126 2182 1126 2183 104 2190 104 2046 104 2046 1128 2190 1128 2191 1128 2046 1609 2191 1609 2192 1609 2192 104 2193 104 2046 104 2046 1648 2193 1648 2194 1648 2046 104 2194 104 2186 104 2186 1649 2194 1649 2195 1649 2186 1650 2195 1650 2184 1650 2196 104 2197 104 2039 104 2188 104 2198 104 2186 104 2186 1651 2198 1651 2199 1651 2186 1652 2199 1652 2200 1652 2196 104 2039 104 2201 104 2197 104 2202 104 2039 104 2039 1653 2202 1653 2203 1653 2039 1654 2203 1654 2204 1654 2204 1655 2205 1655 2039 1655 2039 1656 2205 1656 2206 1656 2039 104 2206 104 2041 104 2041 1657 2206 1657 2207 1657 2041 1658 2207 1658 2208 1658 2208 104 2209 104 2041 104 2041 1659 2209 1659 2210 1659 2041 1660 2210 1660 2211 1660 2211 104 2212 104 2041 104 2041 1661 2212 1661 2213 1661 2041 1662 2213 1662 2047 1662 2200 104 2214 104 2186 104 2186 1663 2214 1663 2215 1663 2186 104 2215 104 2039 104 2039 1664 2215 1664 2216 1664 2039 1665 2216 1665 2201 1665 2126 104 2217 104 2218 104 2218 1649 2217 1649 2219 1649 2218 1666 2219 1666 2220 1666 2046 1098 2221 1098 2222 1098 2223 104 2224 104 2126 104 2126 1104 2224 1104 2225 1104 2126 1667 2225 1667 2217 1667 2221 104 2046 104 2226 104 2226 104 2046 104 2186 104 2226 104 2186 104 2227 104 2046 104 2045 104 2126 104 2126 1108 2045 1108 2228 1108 2126 1109 2228 1109 2229 1109 2229 104 2230 104 2126 104 2126 1102 2230 1102 2231 1102 2126 1103 2231 1103 2223 1103 2222 104 2232 104 2046 104 2046 275 2232 275 2233 275 2046 1117 2233 1117 2234 1117 2220 104 2235 104 2218 104 2218 1646 2235 1646 2236 1646 2218 1668 2236 1668 2237 1668 2237 104 2238 104 2218 104 2218 1669 2238 1669 2239 1669 2218 1670 2239 1670 2240 1670 2240 104 2241 104 2218 104 2218 1671 2241 1671 2242 1671 2218 104 2242 104 2186 104 2186 1672 2242 1672 2243 1672 2186 1673 2243 1673 2244 1673 2244 104 2245 104 2186 104 2186 1674 2245 1674 2246 1674 2186 1675 2246 1675 2247 1675 2247 104 2248 104 2186 104 2186 1676 2248 1676 2249 1676 2186 1677 2249 1677 2227 1677 2234 104 2250 104 2046 104 2046 1101 2250 1101 2251 1101 2046 1627 2251 1627 2044 1627 2252 104 2166 104 2253 104 2253 104 2166 104 2254 104 2252 104 2255 104 2166 104 2166 1678 2255 1678 2256 1678 2166 1679 2256 1679 2257 1679 2258 104 2259 104 2260 104 2260 104 2259 104 2166 104 2260 104 2166 104 2261 104 2261 104 2166 104 2257 104 2126 1112 2262 1112 2263 1112 2258 104 2264 104 2259 104 2259 1680 2264 1680 2265 1680 2259 1681 2265 1681 2266 1681 2259 1682 2267 1682 2268 1682 2269 104 2218 104 2270 104 2270 104 2218 104 2271 104 2269 104 2272 104 2218 104 2218 1683 2272 1683 2273 1683 2218 1684 2273 1684 2274 1684 2266 104 2275 104 2259 104 2259 1685 2275 1685 2276 1685 2259 1686 2276 1686 2267 1686 2274 104 2277 104 2218 104 2218 1687 2277 1687 2278 1687 2218 104 2278 104 2126 104 2126 1688 2278 1688 2279 1688 2126 1111 2279 1111 2262 1111 2263 104 2280 104 2126 104 2126 1117 2280 1117 2281 1117 2126 1118 2281 1118 2282 1118 2268 104 2283 104 2259 104 2259 1689 2283 1689 2284 1689 2259 104 2284 104 2218 104 2218 1672 2284 1672 2285 1672 2218 1673 2285 1673 2271 1673 2282 104 2286 104 2126 104 2126 1690 2286 1690 2287 1690 2126 1691 2287 1691 2166 1691 2166 1692 2287 1692 2288 1692 2166 1693 2288 1693 2254 1693 2103 104 2097 104 2033 104 2033 104 2097 104 2166 104 2033 104 2166 104 2035 104 2035 104 2166 104 2259 104 2035 104 2259 104 2037 104 2039 104 2007 104 2186 104 2186 104 2007 104 2026 104 2186 104 2026 104 2218 104 2218 104 2026 104 2028 104 2218 104 2028 104 2259 104 2259 104 2028 104 2027 104 2259 104 2027 104 2037 104 2037 104 2027 104 2009 104 2036 0 2008 0 2031 0 2289 0 2290 0 2291 0 2292 0 2293 0 2294 0 2294 0 2293 0 2295 0 2294 0 2295 0 2296 0 2296 0 2295 0 2297 0 2298 0 2299 0 2300 0 2292 0 2301 0 2293 0 2293 1694 2301 1694 2302 1694 2293 1250 2302 1250 2303 1250 2303 0 2304 0 2293 0 2293 1695 2304 1695 2305 1695 2293 1696 2305 1696 2300 1696 2300 1697 2305 1697 2306 1697 2300 0 2306 0 2298 0 2307 0 2308 0 2309 0 2309 1698 2308 1698 2310 1698 2309 1699 2310 1699 2311 1699 2299 0 2312 0 2300 0 2300 1700 2312 1700 2313 1700 2300 0 2313 0 2314 0 2314 1701 2313 1701 2315 1701 2314 0 2315 0 2316 0 2316 1702 2315 1702 2311 1702 2316 0 2311 0 2317 0 2317 1703 2311 1703 2310 1703 2318 1704 2291 1704 2319 1704 2319 1705 2291 1705 2320 1705 2318 0 2321 0 2291 0 2291 0 2321 0 2322 0 2291 1706 2322 1706 2323 1706 2324 0 2325 0 2326 0 2290 0 2327 0 2291 0 2291 1707 2327 1707 2328 1707 2291 1708 2328 1708 2320 1708 2329 0 2330 0 2331 0 2331 0 2330 0 2326 0 2331 0 2326 0 2332 0 2332 0 2326 0 2325 0 2329 0 2333 0 2330 0 2330 1240 2333 1240 2334 1240 2330 1227 2334 1227 2335 1227 2328 1709 2336 1709 2320 1709 2320 1710 2336 1710 2337 1710 2320 0 2337 0 2338 0 2338 1711 2337 1711 2339 1711 2338 0 2339 0 2326 0 2326 1712 2339 1712 2340 1712 2326 1713 2340 1713 2324 1713 2335 0 2341 0 2330 0 2330 1249 2341 1249 2342 1249 2330 0 2342 0 2343 0 2343 1241 2342 1241 2344 1241 2343 1223 2345 1223 2346 1223 2347 0 2348 0 2330 0 2330 1233 2348 1233 2349 1233 2330 0 2349 0 2293 0 2293 1234 2349 1234 2350 1234 2293 1235 2350 1235 2351 1235 2352 0 2353 0 2330 0 2351 0 2354 0 2293 0 2293 1226 2354 1226 2355 1226 2293 1227 2355 1227 2356 1227 2343 0 2346 0 2330 0 2330 1714 2346 1714 2357 1714 2330 1224 2357 1224 2352 1224 2353 0 2358 0 2330 0 2330 1231 2358 1231 2359 1231 2330 1232 2359 1232 2347 1232 2356 0 2360 0 2293 0 2293 1228 2360 1228 2361 1228 2293 0 2361 0 2295 0 2361 0 2362 0 2295 0 2295 1230 2362 1230 2363 1230 2295 1213 2363 1213 2364 1213 2364 0 2365 0 2366 0 2366 1219 2365 1219 2367 1219 2366 1294 2367 1294 2368 1294 2369 0 2370 0 2371 0 2371 1217 2370 1217 2372 1217 2371 423 2372 423 2373 423 2373 0 2374 0 2371 0 2371 1211 2374 1211 2375 1211 2371 0 2375 0 2343 0 2343 1212 2375 1212 2376 1212 2343 1222 2376 1222 2345 1222 2368 0 2377 0 2366 0 2366 1220 2377 1220 2378 1220 2366 1221 2378 1221 2379 1221 2379 0 2380 0 2366 0 2366 1214 2380 1214 2381 1214 2366 0 2381 0 2371 0 2371 1215 2381 1215 2382 1215 2371 1216 2382 1216 2369 1216 2383 0 2040 0 2384 0 2384 0 2040 0 2042 0 2384 0 2042 0 2385 0 2385 1715 2042 1715 2386 1715 2385 1716 2386 1716 2387 1716 2387 1717 2386 1717 2388 1717 2387 0 2388 0 2307 0 2307 1718 2388 1718 2389 1718 2307 0 2389 0 2308 0 2366 1205 2390 1205 2391 1205 2364 0 2366 0 2295 0 2295 0 2366 0 2392 0 2295 1212 2392 1212 2297 1212 2383 0 2393 0 2040 0 2040 1719 2393 1719 2394 1719 2040 1720 2394 1720 2395 1720 2395 0 2396 0 2040 0 2040 1721 2396 1721 2397 1721 2040 1722 2397 1722 2398 1722 2399 0 2400 0 2366 0 2366 1271 2400 1271 2401 1271 2366 1723 2401 1723 2390 1723 2391 0 2402 0 2366 0 2366 1724 2402 1724 2403 1724 2366 1211 2403 1211 2392 1211 2404 0 2405 0 2371 0 2371 1190 2405 1190 2406 1190 2371 1725 2406 1725 2407 1725 2407 0 2408 0 2371 0 2371 1311 2408 1311 2409 1311 2371 0 2409 0 2410 0 2410 1726 2409 1726 2411 1726 2410 1727 2411 1727 2412 1727 2412 0 2413 0 2410 0 2410 1728 2413 1728 2414 1728 2410 1729 2414 1729 2415 1729 2415 0 2416 0 2410 0 2410 1730 2416 1730 2417 1730 2410 0 2417 0 2291 0 2291 1731 2417 1731 2418 1731 2291 1732 2418 1732 2289 1732 2344 0 2419 0 2343 0 2343 1213 2419 1213 2420 1213 2343 0 2420 0 2371 0 2371 1306 2420 1306 2421 1306 2371 1733 2421 1733 2404 1733 2036 0 2422 0 2034 0 2034 0 2422 0 2410 0 2034 0 2410 0 2032 0 2032 0 2410 0 2291 0 2032 1734 2291 1734 2423 1734 2423 1735 2291 1735 2323 1735 2424 0 2425 0 2371 0 2371 1240 2425 1240 2426 1240 2371 1227 2426 1227 2427 1227 2428 0 2429 0 2410 0 2427 0 2430 0 2371 0 2371 1249 2430 1249 2431 1249 2371 1736 2431 1736 2432 1736 2433 1737 2434 1737 2435 1737 2436 0 2437 0 2422 0 2422 1738 2437 1738 2438 1738 2422 1739 2438 1739 2439 1739 2439 0 2440 0 2422 0 2422 1740 2440 1740 2441 1740 2422 1741 2441 1741 2442 1741 2428 0 2410 0 2443 0 2444 0 2445 0 2410 0 2410 1742 2445 1742 2446 1742 2410 0 2446 0 2371 0 2371 1234 2446 1234 2447 1234 2371 1246 2447 1246 2424 1246 2432 0 2448 0 2433 0 2433 1743 2448 1743 2449 1743 2433 1744 2449 1744 2434 1744 2435 0 2450 0 2433 0 2433 1745 2450 1745 2451 1745 2433 1746 2451 1746 2452 1746 2452 0 2453 0 2433 0 2433 1747 2453 1747 2454 1747 2433 0 2454 0 2422 0 2422 1748 2454 1748 2455 1748 2422 1749 2455 1749 2436 1749 2429 0 2456 0 2410 0 2410 1750 2456 1750 2457 1750 2410 1751 2457 1751 2444 1751 2442 0 2458 0 2422 0 2422 1752 2458 1752 2459 1752 2422 0 2459 0 2410 0 2410 1753 2459 1753 2460 1753 2410 1754 2460 1754 2443 1754 2433 1755 2461 1755 2462 1755 2432 0 2433 0 2371 0 2371 0 2433 0 2462 0 2371 1756 2462 1756 2463 1756 2464 0 2465 0 2366 0 2366 1226 2465 1226 2466 1226 2366 1227 2466 1227 2467 1227 2366 0 2468 0 2469 0 2469 1757 2468 1757 2470 1757 2469 1758 2470 1758 2471 1758 2472 0 2473 0 2433 0 2433 1759 2473 1759 2474 1759 2433 1760 2474 1760 2461 1760 2467 0 2475 0 2366 0 2366 1228 2475 1228 2476 1228 2366 1761 2476 1761 2468 1761 2471 0 2477 0 2469 0 2469 1762 2477 1762 2478 1762 2469 1763 2478 1763 2479 1763 2480 0 2481 0 2433 0 2433 1764 2481 1764 2482 1764 2433 1765 2482 1765 2472 1765 2463 0 2483 0 2371 0 2371 1224 2483 1224 2484 1224 2371 1225 2484 1225 2485 1225 2479 0 2486 0 2469 0 2469 1746 2486 1746 2487 1746 2469 1766 2487 1766 2488 1766 2488 0 2489 0 2469 0 2469 1767 2489 1767 2490 1767 2469 0 2490 0 2433 0 2433 1768 2490 1768 2491 1768 2433 1769 2491 1769 2480 1769 2485 0 2492 0 2371 0 2371 1231 2492 1231 2493 1231 2371 1232 2493 1232 2494 1232 2494 0 2495 0 2371 0 2371 1233 2495 1233 2496 1233 2371 0 2496 0 2366 0 2366 1234 2496 1234 2497 1234 2366 1235 2497 1235 2464 1235 2498 0 2499 0 2469 0 2469 1770 2499 1770 2500 1770 2469 1759 2500 1759 2501 1759 2502 0 2503 0 2038 0 2502 0 2038 0 2504 0 2505 0 2469 0 2506 0 2506 0 2469 0 2038 0 2505 0 2507 0 2469 0 2469 1771 2507 1771 2508 1771 2469 1772 2508 1772 2498 1772 2501 0 2509 0 2469 0 2469 1773 2509 1773 2510 1773 2469 0 2510 0 2366 0 2366 1774 2510 1774 2511 1774 2366 1261 2511 1261 2512 1261 2503 0 2513 0 2038 0 2038 1775 2513 1775 2514 1775 2038 1776 2514 1776 2515 1776 2515 0 2516 0 2038 0 2038 1777 2516 1777 2517 1777 2038 1778 2517 1778 2506 1778 2512 0 2518 0 2366 0 2366 1694 2518 1694 2519 1694 2366 1250 2519 1250 2520 1250 2520 0 2521 0 2366 0 2366 1695 2521 1695 2522 1695 2366 1252 2522 1252 2523 1252 2398 0 2399 0 2040 0 2040 0 2399 0 2366 0 2040 0 2366 0 2524 0 2524 0 2366 0 2523 0 2524 1779 2525 1779 2040 1779 2040 1780 2525 1780 2526 1780 2040 1781 2526 1781 2527 1781 2527 0 2528 0 2040 0 2040 1782 2528 1782 2529 1782 2040 1783 2529 1783 2530 1783 2530 0 2531 0 2040 0 2040 1784 2531 1784 2532 1784 2040 0 2532 0 2038 0 2038 1785 2532 1785 2533 1785 2038 1786 2533 1786 2504 1786 2036 0 2031 0 2422 0 2422 0 2031 0 2030 0 2422 0 2030 0 2433 0 2433 0 2030 0 2029 0 2433 0 2029 0 2469 0 2469 0 2029 0 2006 0 2469 0 2006 0 2038 0 2300 194 2054 194 2293 194 2293 194 2054 194 2068 194 2293 194 2068 194 2330 194 2330 194 2068 194 2080 194 2330 194 2080 194 2326 194 2326 194 2080 194 2077 194 1986 192 1989 192 2534 192 2534 1787 1989 1787 2535 1787 2534 192 2535 192 2536 192 2536 519 2535 519 2537 519 2536 1788 2537 1788 2538 1788 2538 192 2537 192 2539 192 2538 192 2539 192 2540 192 2540 518 2539 518 2541 518 2540 192 2541 192 2542 192 2542 1789 2541 1789 2543 1789 2542 192 2543 192 2544 192 2544 192 2543 192 2545 192 2544 192 2545 192 2546 192 2546 192 2545 192 2547 192 2546 192 2547 192 2548 192 2548 1790 2547 1790 2549 1790 2548 192 2549 192 1828 192 1828 192 2549 192 1687 192 1826 193 1672 193 2550 193 2550 193 1672 193 2551 193 2550 193 2551 193 2552 193 2552 193 2551 193 2553 193 2552 193 2553 193 2554 193 2554 193 2553 193 2555 193 2554 193 2555 193 2556 193 2556 193 2555 193 2557 193 2556 193 2557 193 2558 193 2558 1791 2557 1791 2559 1791 2558 193 2559 193 2560 193 2560 1792 2559 1792 2561 1792 2560 193 2561 193 2562 193 2562 1793 2561 1793 2563 1793 2562 193 2563 193 2564 193 2564 1794 2563 1794 2565 1794 2564 193 2565 193 1984 193 1984 1795 2565 1795 1982 1795 1989 235 1982 235 2565 235 1989 1796 2565 1796 2535 1796 2535 1797 2565 1797 2563 1797 2535 1798 2563 1798 2537 1798 2537 1799 2563 1799 2561 1799 2537 1799 2561 1799 2539 1799 2539 1800 2561 1800 2559 1800 2539 1801 2559 1801 2541 1801 2541 1802 2559 1802 2557 1802 2541 1803 2557 1803 2543 1803 2543 1804 2557 1804 2555 1804 2543 1804 2555 1804 2545 1804 2545 1805 2555 1805 2553 1805 2545 1805 2553 1805 2547 1805 2547 1806 2553 1806 2551 1806 2547 1807 2551 1807 2549 1807 2549 1808 2551 1808 1672 1808 2549 1809 1672 1809 1687 1809 1828 1810 1826 1810 2548 1810 2548 1811 1826 1811 2550 1811 2548 1812 2550 1812 2546 1812 2546 1813 2550 1813 2552 1813 2546 1814 2552 1814 2544 1814 2544 1815 2552 1815 2554 1815 2544 1816 2554 1816 2542 1816 2542 1817 2554 1817 2556 1817 2542 1818 2556 1818 2540 1818 2540 1819 2556 1819 2558 1819 2540 1820 2558 1820 2538 1820 2538 1821 2558 1821 2560 1821 2538 1822 2560 1822 2536 1822 2536 1822 2560 1822 2562 1822 2536 1823 2562 1823 2534 1823 2534 1823 2562 1823 2564 1823 2534 1824 2564 1824 1986 1824 1986 1824 2564 1824 1984 1824 1829 192 1692 192 2566 192 2566 192 1692 192 2567 192 2566 192 2567 192 2568 192 2568 1825 2567 1825 2569 1825 2568 192 2569 192 2570 192 2570 192 2569 192 2571 192 2570 192 2571 192 2572 192 2572 192 2571 192 2573 192 2572 192 2573 192 2574 192 2574 1826 2573 1826 2575 1826 2574 192 2575 192 2576 192 2576 1827 2575 1827 2577 1827 2576 192 2577 192 2578 192 2578 1828 2577 1828 2579 1828 2578 192 2579 192 2580 192 2580 1829 2579 1829 2581 1829 2580 1830 2581 1830 2582 1830 2582 1831 2581 1831 2583 1831 2582 192 2583 192 2584 192 2584 1832 2583 1832 2585 1832 2586 193 2587 193 2588 193 2588 1833 2587 1833 2589 1833 2588 193 2589 193 2590 193 2590 1834 2589 1834 2591 1834 2590 193 2591 193 2592 193 2592 1835 2591 1835 2593 1835 2592 193 2593 193 2594 193 2594 1836 2593 1836 2595 1836 2594 193 2595 193 2596 193 2596 1837 2595 1837 2597 1837 2596 193 2597 193 2598 193 2598 1838 2597 1838 2599 1838 2598 193 2599 193 2600 193 2600 555 2599 555 2601 555 2600 193 2601 193 2602 193 2602 1838 2601 1838 2603 1838 2602 1839 2603 1839 2604 1839 2604 1840 2603 1840 2605 1840 2604 193 2605 193 1827 193 1827 193 2605 193 1675 193 1692 1841 1675 1841 2605 1841 1692 1841 2605 1841 2567 1841 2567 1842 2605 1842 2603 1842 2567 1843 2603 1843 2569 1843 2569 1844 2603 1844 2601 1844 2569 1845 2601 1845 2571 1845 2571 1846 2601 1846 2599 1846 2571 1847 2599 1847 2573 1847 2573 1848 2599 1848 2597 1848 2573 1848 2597 1848 2575 1848 2575 1849 2597 1849 2595 1849 2575 1850 2595 1850 2577 1850 2577 1851 2595 1851 2593 1851 2577 1852 2593 1852 2579 1852 2579 1853 2593 1853 2591 1853 2579 1853 2591 1853 2581 1853 2581 1854 2591 1854 2589 1854 2581 1855 2589 1855 2583 1855 2583 1856 2589 1856 2587 1856 2583 1857 2587 1857 2585 1857 2584 1858 2586 1858 2582 1858 2582 1859 2586 1859 2588 1859 2582 1860 2588 1860 2580 1860 2580 1860 2588 1860 2590 1860 2580 1861 2590 1861 2578 1861 2578 1862 2590 1862 2592 1862 2578 1863 2592 1863 2576 1863 2576 1863 2592 1863 2594 1863 2576 1864 2594 1864 2574 1864 2574 1865 2594 1865 2596 1865 2574 1866 2596 1866 2572 1866 2572 1867 2596 1867 2598 1867 2572 1868 2598 1868 2570 1868 2570 1869 2598 1869 2600 1869 2570 1870 2600 1870 2568 1870 2568 1871 2600 1871 2602 1871 2568 1872 2602 1872 2566 1872 2566 1873 2602 1873 2604 1873 2566 1874 2604 1874 1829 1874 1829 1874 2604 1874 1827 1874 1 193 2587 193 2606 193 2606 193 2587 193 2586 193 2607 192 2584 192 0 192 0 192 2584 192 2585 192 2608 1875 2609 1875 2585 1875 2609 1876 2610 1876 2585 1876 2585 1877 2610 1877 2611 1877 2585 1878 2611 1878 2612 1878 2613 195 2614 195 2615 195 2587 1879 2616 1879 2617 1879 2612 195 2618 195 2585 195 2585 1880 2618 1880 2619 1880 2585 1881 2619 1881 0 1881 0 195 2619 195 2620 195 0 1882 2620 1882 2621 1882 2621 195 2622 195 0 195 0 195 2622 195 2623 195 0 195 2623 195 2624 195 2624 1883 2623 1883 2625 1883 2624 195 2625 195 2626 195 2626 1884 2625 1884 2627 1884 2626 1885 2627 1885 2628 1885 2628 1886 2627 1886 2629 1886 2628 195 2629 195 2630 195 2630 1887 2629 1887 2631 1887 2630 195 2631 195 2632 195 2632 1888 2631 1888 2633 1888 2632 195 2633 195 2634 195 2634 1889 2633 1889 2635 1889 2634 1890 2635 1890 2636 1890 2636 1891 2635 1891 2637 1891 2636 195 2637 195 2638 195 2638 1892 2637 1892 2639 1892 2638 1890 2639 1890 2640 1890 2640 1893 2639 1893 2641 1893 2640 1894 2641 1894 2642 1894 2613 195 2615 195 2643 195 2614 1895 2644 1895 2615 1895 2615 1896 2644 1896 2645 1896 2615 1897 2645 1897 2646 1897 2647 195 2648 195 2649 195 2649 1898 2648 1898 2650 1898 2649 195 2650 195 2651 195 2651 1899 2650 1899 2652 1899 2651 1900 2652 1900 2653 1900 2647 1901 2649 1901 2615 1901 2615 1902 2649 1902 2654 1902 2615 1903 2654 1903 2643 1903 2655 195 2656 195 2640 195 2640 1904 2656 1904 2657 1904 2640 195 2657 195 2658 195 2658 1905 2657 1905 2659 1905 2658 1906 2659 1906 2660 1906 2617 195 2661 195 2587 195 2587 1907 2661 1907 2662 1907 2587 1908 2662 1908 2651 1908 2663 195 2664 195 2587 195 2587 1909 2664 1909 2665 1909 2587 195 2665 195 2585 195 2585 1910 2665 1910 2666 1910 2585 1911 2666 1911 2608 1911 2653 195 2667 195 2651 195 2651 1912 2667 1912 2668 1912 2651 195 2668 195 2587 195 2587 1913 2668 1913 2669 1913 2587 1914 2669 1914 2663 1914 2642 195 2670 195 2640 195 2640 1915 2670 1915 2671 1915 2640 1916 2671 1916 2615 1916 2672 195 2673 195 1 195 1 1917 2673 1917 2674 1917 1 195 2674 195 2587 195 2587 1918 2674 1918 2675 1918 2587 1919 2675 1919 2616 1919 2646 195 2676 195 2615 195 2615 1920 2676 1920 2677 1920 2615 195 2677 195 2640 195 2640 1921 2677 1921 2678 1921 2640 1922 2678 1922 2655 1922 2660 195 2679 195 2658 195 2658 1893 2679 1893 2680 1893 2658 1923 2680 1923 2681 1923 2681 1924 2680 1924 2682 1924 2681 195 2682 195 2683 195 2683 1925 2682 1925 2684 1925 2683 1926 2684 1926 2685 1926 2685 1927 2684 1927 2686 1927 2685 195 2686 195 2687 195 2687 1928 2686 1928 2688 1928 2687 195 2688 195 2689 195 2689 1929 2688 1929 2690 1929 2689 1885 2690 1885 2691 1885 2691 1887 2690 1887 2692 1887 2691 1930 2692 1930 2693 1930 2693 1931 2692 1931 2694 1931 2693 688 2694 688 2695 688 2695 1932 2694 1932 2696 1932 2695 1933 2696 1933 1 1933 1 195 2696 195 2697 195 1 195 2697 195 2672 195 2698 194 2699 194 2586 194 2700 1934 2701 1934 2702 1934 2702 1935 2701 1935 2703 1935 2702 1936 2703 1936 2704 1936 2705 1937 2706 1937 2707 1937 2707 1938 2706 1938 2708 1938 2709 194 2710 194 2584 194 2584 1939 2710 1939 2711 1939 2712 194 2713 194 2714 194 2704 194 2715 194 2702 194 2702 1940 2715 1940 2716 1940 2702 194 2716 194 2717 194 2717 1941 2716 1941 2718 1941 2717 1942 2718 1942 2719 1942 2712 194 2714 194 2720 194 2721 194 2722 194 2584 194 2584 1943 2722 1943 2723 1943 2584 1944 2723 1944 2724 1944 2725 194 2726 194 2607 194 2607 1945 2726 1945 2727 1945 2607 194 2727 194 2584 194 2584 1946 2727 1946 2728 1946 2584 1947 2728 1947 2709 1947 2700 194 2702 194 2714 194 2714 1948 2702 1948 2729 1948 2714 1949 2729 1949 2720 1949 2713 194 2730 194 2714 194 2714 1950 2730 1950 2731 1950 2714 1951 2731 1951 2732 1951 2732 194 2733 194 2714 194 2714 1952 2733 1952 2721 1952 2714 194 2721 194 2734 194 2734 194 2721 194 2584 194 2734 194 2584 194 2735 194 2735 194 2584 194 2711 194 2724 194 2736 194 2584 194 2584 1953 2736 1953 2737 1953 2584 194 2737 194 2586 194 2586 1954 2737 1954 2738 1954 2586 1955 2738 1955 2698 1955 2699 194 2739 194 2586 194 2586 1956 2739 1956 2740 1956 2586 1957 2740 1957 2741 1957 2708 194 2742 194 2707 194 2707 1958 2742 1958 2743 1958 2707 194 2743 194 2744 194 2744 1959 2743 1959 2745 1959 2744 1960 2745 1960 2746 1960 2746 194 2747 194 2744 194 2744 1961 2747 1961 2748 1961 2744 1962 2748 1962 2749 1962 2749 1963 2748 1963 2750 1963 2749 194 2750 194 2751 194 2751 1964 2750 1964 2752 1964 2751 1965 2752 1965 2753 1965 2753 1966 2752 1966 2754 1966 2753 194 2754 194 2755 194 2755 1967 2754 1967 2756 1967 2755 651 2756 651 2757 651 2757 1968 2756 1968 2758 1968 2757 612 2758 612 2759 612 2759 1969 2758 1969 2760 1969 2759 194 2760 194 2761 194 2761 1970 2760 1970 2762 1970 2761 655 2762 655 2763 655 2763 194 2762 194 2764 194 2763 194 2764 194 2607 194 2607 194 2764 194 2765 194 2607 194 2765 194 2725 194 2741 194 2766 194 2586 194 2586 1971 2766 1971 2767 1971 2586 194 2767 194 2606 194 2606 1972 2767 1972 2768 1972 2606 1973 2768 1973 2769 1973 2719 194 2705 194 2717 194 2717 194 2705 194 2707 194 2717 194 2707 194 2770 194 2770 1974 2707 1974 2771 1974 2770 194 2771 194 2772 194 2772 194 2771 194 2773 194 2772 1975 2773 1975 2774 1975 2774 1976 2773 1976 2775 1976 2774 194 2775 194 2776 194 2776 1977 2775 1977 2777 1977 2776 194 2777 194 2778 194 2778 1978 2777 1978 2779 1978 2778 1979 2779 1979 2780 1979 2780 1980 2779 1980 2781 1980 2780 194 2781 194 2782 194 2782 1981 2781 1981 2783 1981 2782 1982 2783 1982 2784 1982 2784 1983 2783 1983 2785 1983 2784 194 2785 194 2786 194 2786 194 2785 194 2606 194 2786 194 2606 194 2787 194 2787 194 2606 194 2769 194 2707 104 2744 104 2658 104 2658 104 2744 104 2640 104 1886 1984 1680 1984 1885 1984 1885 727 1680 727 1720 727 1885 1985 1720 1985 1884 1985 1884 1985 1720 1985 1770 1985 1884 1986 1770 1986 1902 1986 1902 1987 1770 1987 1769 1987 1902 762 1769 762 1903 762 1903 731 1769 731 1823 731 1903 763 1823 763 1904 763 1904 732 1823 732 1811 732 1904 1988 1811 1988 1858 1988 1858 733 1811 733 1810 733 1858 756 1810 756 1859 756 1859 1989 1810 1989 1809 1989 1859 757 1809 757 1961 757 1961 765 1809 765 1798 765 1961 738 1798 738 1959 738 1959 738 1798 738 1699 738 1959 739 1699 739 1911 739 1911 739 1699 739 1795 739 1911 1990 1795 1990 1921 1990 1921 1991 1795 1991 1794 1991 1921 1992 1794 1992 1913 1992 1913 1993 1794 1993 1793 1993 1913 744 1793 744 1914 744 1914 1994 1793 1994 1777 1994 1914 745 1777 745 1922 745 1922 768 1777 768 1776 768 1922 746 1776 746 1923 746 1923 769 1776 769 1789 769 1923 1995 1789 1995 1924 1995 1924 760 1789 760 1788 760 1924 761 1788 761 1897 761 1897 761 1788 761 1787 761 1897 750 1787 750 1898 750 1898 1996 1787 1996 1696 1996 1915 1997 1695 1997 1916 1997 1916 701 1695 701 1694 701 1916 751 1694 751 1882 751 1882 752 1694 752 1689 752 1882 753 1689 753 1883 753 1883 1998 1689 1998 1688 1998 1883 1999 1688 1999 1925 1999 1925 706 1688 706 1775 706 1925 707 1775 707 1926 707 1926 707 1775 707 1774 707 1926 709 1774 709 1927 709 1927 709 1774 709 1764 709 1927 2000 1764 2000 1964 2000 1964 2000 1764 2000 1763 2000 1964 2001 1763 2001 1965 2001 1965 2001 1763 2001 1786 2001 1965 712 1786 712 1850 712 1850 713 1786 713 1785 713 1850 714 1785 714 1851 714 1851 715 1785 715 1784 715 1851 754 1784 754 1852 754 1852 754 1784 754 1762 754 1852 755 1762 755 1853 755 1853 755 1762 755 1761 755 1853 718 1761 718 1854 718 1854 718 1761 718 1760 718 1854 720 1760 720 1855 720 1855 720 1760 720 1671 720 1855 721 1671 721 1856 721 1856 2002 1671 2002 1670 2002 1856 2003 1670 2003 1857 2003 1857 2004 1670 2004 1693 2004 1857 2005 1693 2005 1837 2005 1837 2006 1693 2006 1683 2006 1837 726 1683 726 1835 726 1835 2007 1683 2007 1681 2007 1695 193 1915 193 1696 193 1696 193 1915 193 1898 193 1681 192 1680 192 1835 192 1835 192 1680 192 1886 192 1954 1984 1753 1984 1870 1984 1870 727 1753 727 1752 727 1870 728 1752 728 1871 728 1871 728 1752 728 1739 728 1871 729 1739 729 1949 729 1949 2008 1739 2008 1738 2008 1949 762 1738 762 1950 762 1950 731 1738 731 1737 731 1950 763 1737 763 1874 763 1874 732 1737 732 1736 732 1874 1988 1736 1988 1861 1988 1861 733 1736 733 1674 733 1861 756 1674 756 1862 756 1862 1989 1674 1989 1673 1989 1862 757 1673 757 1863 757 1863 765 1673 765 1773 765 1863 738 1773 738 1864 738 1864 738 1773 738 1772 738 1864 739 1772 739 1836 739 1836 739 1772 739 1771 739 1836 766 1771 766 1838 766 1838 742 1771 742 1717 742 1838 2009 1717 2009 1839 2009 1839 743 1717 743 1716 743 1839 744 1716 744 1887 744 1887 1994 1716 1994 1715 1994 1887 745 1715 745 1888 745 1888 768 1715 768 1714 768 1888 746 1714 746 1889 746 1889 769 1714 769 1713 769 1889 1995 1713 1995 1899 1995 1899 760 1713 760 1711 760 1899 761 1711 761 1900 761 1900 761 1711 761 1709 761 1900 750 1709 750 1901 750 1901 1996 1709 1996 1780 1996 1917 1997 1779 1997 1918 1997 1918 701 1779 701 1778 701 1918 751 1778 751 1890 751 1890 752 1778 752 1723 752 1890 753 1723 753 1891 753 1891 1998 1723 1998 1722 1998 1891 1999 1722 1999 1943 1999 1943 706 1722 706 1721 706 1943 707 1721 707 1944 707 1944 707 1721 707 1719 707 1944 709 1719 709 1928 709 1928 709 1719 709 1718 709 1928 710 1718 710 1929 710 1929 710 1718 710 1743 710 1929 711 1743 711 1930 711 1930 711 1743 711 1682 711 1930 712 1682 712 1845 712 1845 713 1682 713 1684 713 1845 714 1684 714 1844 714 1844 715 1684 715 1783 715 1844 754 1783 754 1843 754 1843 754 1783 754 1759 754 1843 755 1759 755 1876 755 1876 755 1759 755 1758 755 1876 718 1758 718 1877 718 1877 718 1758 718 1782 718 1877 720 1782 720 1878 720 1878 720 1782 720 1781 720 1878 721 1781 721 1879 721 1879 2002 1781 2002 1757 2002 1879 2010 1757 2010 1880 2010 1880 723 1757 723 1756 723 1880 724 1756 724 1881 724 1881 725 1756 725 1755 725 1881 726 1755 726 1953 726 1953 2007 1755 2007 1754 2007 1779 193 1917 193 1780 193 1780 193 1917 193 1901 193 1754 192 1753 192 1953 192 1953 192 1753 192 1954 192 1981 1984 1814 1984 1934 1984 1934 727 1814 727 1813 727 1934 728 1813 728 1935 728 1935 728 1813 728 1812 728 1935 729 1812 729 1936 729 1936 2008 1812 2008 1751 2008 1936 762 1751 762 1937 762 1937 731 1751 731 1750 731 1937 763 1750 763 1938 763 1938 732 1750 732 1749 732 1938 1988 1749 1988 1939 1988 1939 733 1749 733 1686 733 1939 764 1686 764 1955 764 1955 764 1686 764 1685 764 1955 765 1685 765 1956 765 1956 757 1685 757 1735 757 1956 738 1735 738 1834 738 1834 738 1735 738 1732 738 1834 739 1732 739 1832 739 1832 739 1732 739 1733 739 1832 742 1733 742 1865 742 1865 766 1733 766 1734 766 1865 767 1734 767 1840 767 1840 767 1734 767 1748 767 1840 744 1748 744 1841 744 1841 1994 1748 1994 1747 1994 1841 745 1747 745 1866 745 1866 768 1747 768 1730 768 1866 746 1730 746 1867 746 1867 769 1730 769 1728 769 1867 1995 1728 1995 1868 1995 1868 760 1728 760 1727 760 1868 761 1727 761 1976 761 1976 761 1727 761 1806 761 1976 750 1806 750 1977 750 1977 1996 1806 1996 1805 1996 1978 701 1803 701 1932 701 1932 1997 1803 1997 1801 1997 1932 751 1801 751 1931 751 1931 752 1801 752 1800 752 1931 1998 1800 1998 1945 1998 1945 753 1800 753 1799 753 1945 706 1799 706 1946 706 1946 705 1799 705 1825 705 1946 707 1825 707 1947 707 1947 708 1825 708 1824 708 1947 709 1824 709 1948 709 1948 2011 1824 2011 1822 2011 1948 710 1822 710 1952 710 1952 710 1822 710 1821 710 1952 711 1821 711 1951 711 1951 711 1821 711 1768 711 1951 2012 1768 2012 1869 2012 1869 713 1768 713 1746 713 1869 714 1746 714 1966 714 1966 2013 1746 2013 1745 2013 1966 754 1745 754 1967 754 1967 754 1745 754 1744 754 1967 755 1744 755 1968 755 1968 755 1744 755 1726 755 1968 2014 1726 2014 1846 2014 1846 718 1726 718 1725 718 1846 719 1725 719 1847 719 1847 720 1725 720 1724 720 1847 722 1724 722 1848 722 1848 721 1724 721 1708 721 1848 723 1708 723 1849 723 1849 2010 1708 2010 1710 2010 1849 724 1710 724 1979 724 1979 725 1710 725 1712 725 1979 2007 1712 2007 1980 2007 1980 726 1712 726 1817 726 1803 193 1978 193 1805 193 1805 193 1978 193 1977 193 1817 192 1814 192 1980 192 1980 192 1814 192 1981 192 1831 1984 1804 1984 1833 1984 1833 727 1804 727 1729 727 1833 1985 1729 1985 1969 1985 1969 1985 1729 1985 1731 1985 1969 1986 1731 1986 1970 1986 1970 1987 1731 1987 1679 1987 1970 762 1679 762 1971 762 1971 731 1679 731 1678 731 1971 763 1678 763 1972 763 1972 732 1678 732 1677 732 1972 1988 1677 1988 1973 1988 1973 733 1677 733 1676 733 1973 764 1676 764 1974 764 1974 764 1676 764 1707 764 1974 765 1707 765 1975 765 1975 757 1707 757 1706 757 1975 738 1706 738 1905 738 1905 738 1706 738 1705 738 1905 739 1705 739 1906 739 1906 739 1705 739 1704 739 1906 1991 1704 1991 1919 1991 1919 1990 1704 1990 1703 1990 1919 2015 1703 2015 1920 2015 1920 2015 1703 2015 1702 2015 1920 744 1702 744 1892 744 1892 1994 1702 1994 1691 1994 1892 745 1691 745 1893 745 1893 768 1691 768 1690 768 1893 746 1690 746 1894 746 1894 769 1690 769 1742 769 1894 1995 1742 1995 1895 1995 1895 760 1742 760 1741 760 1895 761 1741 761 1896 761 1896 761 1741 761 1740 761 1896 750 1740 750 1907 750 1907 1996 1740 1996 1767 1996 1908 701 1766 701 1909 701 1909 1997 1766 1997 1765 1997 1909 751 1765 751 1912 751 1912 752 1765 752 1796 752 1912 1998 1796 1998 1910 1998 1910 753 1796 753 1797 753 1910 706 1797 706 1940 706 1940 705 1797 705 1816 705 1940 707 1816 707 1941 707 1941 708 1816 708 1815 708 1941 709 1815 709 1942 709 1942 2011 1815 2011 1808 2011 1942 2000 1808 2000 1957 2000 1957 2000 1808 2000 1807 2000 1957 2001 1807 2001 1958 2001 1958 2001 1807 2001 1820 2001 1958 2012 1820 2012 1960 2012 1960 713 1820 713 1819 713 1960 714 1819 714 1962 714 1962 2013 1819 2013 1818 2013 1962 754 1818 754 1963 754 1963 754 1818 754 1792 754 1963 755 1792 755 1860 755 1860 755 1792 755 1791 755 1860 2014 1791 2014 1872 2014 1872 718 1791 718 1790 718 1872 719 1790 719 1873 719 1873 720 1790 720 1701 720 1873 722 1701 722 1875 722 1875 721 1701 721 1700 721 1875 2004 1700 2004 1933 2004 1933 2003 1700 2003 1698 2003 1933 2005 1698 2005 1842 2005 1842 2006 1698 2006 1697 2006 1842 2007 1697 2007 1830 2007 1830 726 1697 726 1802 726 1766 193 1908 193 1767 193 1767 193 1908 193 1907 193 1802 192 1804 192 1830 192 1830 192 1804 192 1831 192 2717 815 2680 815 2702 815 2702 815 2680 815 2679 815 2702 2016 2679 2016 2729 2016 2729 2017 2679 2017 2660 2017 2729 813 2660 813 2720 813 2720 813 2660 813 2659 813 2720 862 2659 862 2712 862 2712 861 2659 861 2657 861 2712 860 2657 860 2713 860 2713 859 2657 859 2656 859 2713 810 2656 810 2730 810 2730 809 2656 809 2655 809 2730 858 2655 858 2731 858 2731 857 2655 857 2678 857 2731 2018 2678 2018 2732 2018 2732 2019 2678 2019 2677 2019 2732 854 2677 854 2733 854 2733 853 2677 853 2676 853 2733 852 2676 852 2721 852 2721 851 2676 851 2646 851 2721 850 2646 850 2722 850 2722 849 2646 849 2645 849 2722 848 2645 848 2723 848 2723 847 2645 847 2644 847 2723 800 2644 800 2724 800 2724 799 2644 799 2614 799 2724 846 2614 846 2736 846 2736 845 2614 845 2613 845 2736 844 2613 844 2737 844 2737 843 2613 843 2643 843 2737 796 2643 796 2738 796 2738 796 2643 796 2654 796 2738 2020 2654 2020 2698 2020 2698 2021 2654 2021 2649 2021 2698 794 2649 794 2699 794 2699 794 2649 794 2651 794 2699 793 2651 793 2739 793 2739 793 2651 793 2662 793 2739 839 2662 839 2740 839 2740 838 2662 838 2661 838 2740 791 2661 791 2741 791 2741 791 2661 791 2617 791 2741 837 2617 837 2766 837 2766 836 2617 836 2616 836 2766 835 2616 835 2767 835 2767 834 2616 834 2675 834 2767 788 2675 788 2768 788 2768 787 2675 787 2674 787 2768 833 2674 833 2769 833 2769 832 2674 832 2673 832 2769 831 2673 831 2787 831 2787 830 2673 830 2672 830 2787 829 2672 829 2786 829 2786 828 2672 828 2697 828 2786 827 2697 827 2784 827 2784 826 2697 826 2696 826 2784 2022 2696 2022 2782 2022 2782 2023 2696 2023 2694 2023 2782 823 2694 823 2780 823 2780 822 2694 822 2692 822 2780 778 2692 778 2778 778 2778 777 2692 777 2690 777 2778 821 2690 821 2776 821 2776 820 2690 820 2688 820 2776 819 2688 819 2774 819 2774 818 2688 818 2686 818 2774 774 2686 774 2772 774 2772 774 2686 774 2684 774 2772 817 2684 817 2770 817 2770 816 2684 816 2682 816 2770 772 2682 772 2717 772 2717 772 2682 772 2680 772 2748 815 2641 815 2750 815 2750 815 2641 815 2639 815 2750 814 2639 814 2752 814 2752 814 2639 814 2637 814 2752 813 2637 813 2754 813 2754 813 2637 813 2635 813 2754 812 2635 812 2756 812 2756 812 2635 812 2633 812 2756 811 2633 811 2758 811 2758 811 2633 811 2631 811 2758 810 2631 810 2760 810 2760 809 2631 809 2629 809 2760 808 2629 808 2762 808 2762 808 2629 808 2627 808 2762 806 2627 806 2764 806 2764 807 2627 807 2625 807 2764 805 2625 805 2765 805 2765 805 2625 805 2623 805 2765 804 2623 804 2725 804 2725 803 2623 803 2622 803 2725 802 2622 802 2726 802 2726 802 2622 802 2621 802 2726 801 2621 801 2727 801 2727 801 2621 801 2620 801 2727 800 2620 800 2728 800 2728 799 2620 799 2619 799 2728 798 2619 798 2709 798 2709 798 2619 798 2618 798 2709 797 2618 797 2710 797 2710 797 2618 797 2612 797 2710 796 2612 796 2711 796 2711 796 2612 796 2611 796 2711 795 2611 795 2735 795 2735 795 2611 795 2610 795 2735 794 2610 794 2734 794 2734 794 2610 794 2609 794 2734 2024 2609 2024 2714 2024 2714 2024 2609 2024 2608 2024 2714 2025 2608 2025 2700 2025 2700 2025 2608 2025 2666 2025 2700 791 2666 791 2701 791 2701 791 2666 791 2665 791 2701 790 2665 790 2703 790 2703 790 2665 790 2664 790 2703 789 2664 789 2704 789 2704 789 2664 789 2663 789 2704 788 2663 788 2715 788 2715 787 2663 787 2669 787 2715 786 2669 786 2716 786 2716 786 2669 786 2668 786 2716 785 2668 785 2718 785 2718 785 2668 785 2667 785 2718 784 2667 784 2719 784 2719 783 2667 783 2653 783 2719 782 2653 782 2705 782 2705 782 2653 782 2652 782 2705 780 2652 780 2706 780 2706 781 2652 781 2650 781 2706 779 2650 779 2708 779 2708 779 2650 779 2648 779 2708 778 2648 778 2742 778 2742 777 2648 777 2647 777 2742 776 2647 776 2743 776 2743 776 2647 776 2615 776 2743 775 2615 775 2745 775 2745 775 2615 775 2671 775 2745 774 2671 774 2746 774 2746 774 2671 774 2670 774 2746 2026 2670 2026 2747 2026 2747 2026 2670 2026 2642 2026 2747 2027 2642 2027 2748 2027 2748 2027 2642 2027 2641 2027 1 892 2606 892 2785 892 1 2028 2785 2028 2695 2028 2695 2029 2785 2029 2783 2029 2695 2029 2783 2029 2693 2029 2693 2030 2783 2030 2781 2030 2693 2031 2781 2031 2691 2031 2691 887 2781 887 2779 887 2691 887 2779 887 2689 887 2689 885 2779 885 2777 885 2689 885 2777 885 2687 885 2687 884 2777 884 2775 884 2687 883 2775 883 2685 883 2685 2032 2775 2032 2773 2032 2685 2033 2773 2033 2683 2033 2683 880 2773 880 2771 880 2683 880 2771 880 2681 880 2681 879 2771 879 2707 879 2681 878 2707 878 2658 878 2640 877 2744 877 2749 877 2640 877 2749 877 2638 877 2638 876 2749 876 2751 876 2638 876 2751 876 2636 876 2636 874 2751 874 2753 874 2636 875 2753 875 2634 875 2634 873 2753 873 2755 873 2634 873 2755 873 2632 873 2632 872 2755 872 2757 872 2632 872 2757 872 2630 872 2630 871 2757 871 2759 871 2630 871 2759 871 2628 871 2628 2034 2759 2034 2761 2034 2628 2035 2761 2035 2626 2035 2626 2036 2761 2036 2763 2036 2626 2036 2763 2036 2624 2036 2624 866 2763 866 2607 866 2624 2037 2607 2037 0 2037 2033 2038 2032 2038 2423 2038 2033 909 2423 909 2103 909 2103 2039 2423 2039 2323 2039 2103 2040 2323 2040 2104 2040 2104 2041 2323 2041 2322 2041 2104 2042 2322 2042 2105 2042 2105 914 2322 914 2321 914 2105 913 2321 913 2100 913 2100 2043 2321 2043 2318 2043 2100 2044 2318 2044 2101 2044 2101 2045 2318 2045 2319 2045 2101 917 2319 917 2102 917 2102 2046 2319 2046 2320 2046 2102 919 2320 919 2090 919 2090 921 2320 921 2338 921 2090 921 2338 921 2092 921 2092 2047 2338 2047 2326 2047 2092 923 2326 923 2077 923 2054 2048 2300 2048 2314 2048 2054 894 2314 894 2065 894 2065 895 2314 895 2316 895 2065 895 2316 895 2063 895 2063 897 2316 897 2317 897 2063 2049 2317 2049 2061 2049 2061 899 2317 899 2310 899 2061 2050 2310 2050 2060 2050 2060 2051 2310 2051 2308 2051 2060 2052 2308 2052 2058 2052 2058 903 2308 903 2389 903 2058 902 2389 902 2051 902 2051 2053 2389 2053 2388 2053 2051 2053 2388 2053 2150 2053 2150 2054 2388 2054 2386 2054 2150 2055 2386 2055 2151 2055 2151 2056 2386 2056 2042 2056 2151 907 2042 907 2043 907 2349 1368 2110 1368 2350 1368 2350 1369 2110 1369 2109 1369 2350 1370 2109 1370 2351 1370 2351 1371 2109 1371 2120 1371 2351 1372 2120 1372 2354 1372 2354 959 2120 959 2119 959 2354 1373 2119 1373 2355 1373 2355 1374 2119 1374 2115 1374 2355 964 2115 964 2356 964 2356 1375 2115 1375 2114 1375 2356 1376 2114 1376 2360 1376 2360 1377 2114 1377 2113 1377 2360 1378 2113 1378 2361 1378 2361 1378 2113 1378 2108 1378 2361 968 2108 968 2362 968 2362 968 2108 968 2107 968 2362 969 2107 969 2363 969 2363 969 2107 969 2106 969 2363 971 2106 971 2364 971 2364 1379 2106 1379 2139 1379 2364 972 2139 972 2365 972 2365 1380 2139 1380 2138 1380 2365 973 2138 973 2367 973 2367 1381 2138 1381 2137 1381 2367 974 2137 974 2368 974 2368 974 2137 974 2136 974 2368 977 2136 977 2377 977 2377 977 2136 977 2135 977 2377 1382 2135 1382 2378 1382 2378 978 2135 978 2134 978 2378 1383 2134 1383 2379 1383 2379 980 2134 980 2133 980 2379 1384 2133 1384 2380 1384 2380 982 2133 982 2142 982 2380 1385 2142 1385 2381 1385 2381 1386 2142 1386 2141 1386 2381 1351 2141 1351 2382 1351 2382 1352 2141 1352 2140 1352 2382 1353 2140 1353 2369 1353 2369 1354 2140 1354 2132 1354 2369 1355 2132 1355 2370 1355 2370 929 2132 929 2131 929 2370 930 2131 930 2372 930 2372 1356 2131 1356 2130 1356 2372 933 2130 933 2373 933 2373 933 2130 933 2125 933 2373 935 2125 935 2374 935 2374 935 2125 935 2124 935 2374 1357 2124 1357 2375 1357 2375 936 2124 936 2129 936 2375 1358 2129 1358 2376 1358 2376 937 2129 937 2128 937 2376 1359 2128 1359 2345 1359 2345 938 2128 938 2127 938 2345 940 2127 940 2346 940 2346 940 2127 940 2121 940 2346 941 2121 941 2357 941 2357 941 2121 941 2122 941 2357 1360 2122 1360 2352 1360 2352 1360 2122 1360 2123 1360 2352 1361 2123 1361 2353 1361 2353 1362 2123 1362 2118 1362 2353 1363 2118 1363 2358 1363 2358 946 2118 946 2117 946 2358 1364 2117 1364 2359 1364 2359 947 2117 947 2116 947 2359 1365 2116 1365 2347 1365 2347 950 2116 950 2112 950 2347 1366 2112 1366 2348 1366 2348 951 2112 951 2111 951 2348 1367 2111 1367 2349 1367 2349 953 2111 953 2110 953 2496 1368 2045 1368 2497 1368 2497 1369 2045 1369 2044 1369 2497 1370 2044 1370 2464 1370 2464 1371 2044 1371 2251 1371 2464 1372 2251 1372 2465 1372 2465 959 2251 959 2250 959 2465 1373 2250 1373 2466 1373 2466 1374 2250 1374 2234 1374 2466 964 2234 964 2467 964 2467 1375 2234 1375 2233 1375 2467 1376 2233 1376 2475 1376 2475 1377 2233 1377 2232 1377 2475 1378 2232 1378 2476 1378 2476 1378 2232 1378 2222 1378 2476 968 2222 968 2468 968 2468 968 2222 968 2221 968 2468 969 2221 969 2470 969 2470 969 2221 969 2226 969 2470 971 2226 971 2471 971 2471 1379 2226 1379 2227 1379 2471 972 2227 972 2477 972 2477 1380 2227 1380 2249 1380 2477 973 2249 973 2478 973 2478 1381 2249 1381 2248 1381 2478 974 2248 974 2479 974 2479 974 2248 974 2247 974 2479 977 2247 977 2486 977 2486 977 2247 977 2246 977 2486 1382 2246 1382 2487 1382 2487 978 2246 978 2245 978 2487 1383 2245 1383 2488 1383 2488 980 2245 980 2244 980 2488 1384 2244 1384 2489 1384 2489 982 2244 982 2243 982 2489 1385 2243 1385 2490 1385 2490 1386 2243 1386 2242 1386 2490 1351 2242 1351 2491 1351 2491 1352 2242 1352 2241 1352 2491 1353 2241 1353 2480 1353 2480 1354 2241 1354 2240 1354 2480 1355 2240 1355 2481 1355 2481 929 2240 929 2239 929 2481 930 2239 930 2482 930 2482 1356 2239 1356 2238 1356 2482 933 2238 933 2472 933 2472 933 2238 933 2237 933 2472 935 2237 935 2473 935 2473 935 2237 935 2236 935 2473 1357 2236 1357 2474 1357 2474 936 2236 936 2235 936 2474 1358 2235 1358 2461 1358 2461 937 2235 937 2220 937 2461 1359 2220 1359 2462 1359 2462 938 2220 938 2219 938 2462 940 2219 940 2463 940 2463 940 2219 940 2217 940 2463 941 2217 941 2483 941 2483 941 2217 941 2225 941 2483 1360 2225 1360 2484 1360 2484 1360 2225 1360 2224 1360 2484 1361 2224 1361 2485 1361 2485 1362 2224 1362 2223 1362 2485 1363 2223 1363 2492 1363 2492 946 2223 946 2231 946 2492 1364 2231 1364 2493 1364 2493 947 2231 947 2230 947 2493 1365 2230 1365 2494 1365 2494 950 2230 950 2229 950 2494 1366 2229 1366 2495 1366 2495 951 2229 951 2228 951 2495 1367 2228 1367 2496 1367 2496 953 2228 953 2045 953 2524 1368 2048 1368 2525 1368 2525 1369 2048 1369 2047 1369 2525 1370 2047 1370 2526 1370 2526 1371 2047 1371 2213 1371 2526 1372 2213 1372 2527 1372 2527 959 2213 959 2212 959 2527 2057 2212 2057 2528 2057 2528 2058 2212 2058 2211 2058 2528 2059 2211 2059 2529 2059 2529 2060 2211 2060 2210 2060 2529 1376 2210 1376 2530 1376 2530 1377 2210 1377 2209 1377 2530 1378 2209 1378 2531 1378 2531 1378 2209 1378 2208 1378 2531 968 2208 968 2532 968 2532 968 2208 968 2207 968 2532 2061 2207 2061 2533 2061 2533 2061 2207 2061 2206 2061 2533 2062 2206 2062 2504 2062 2504 2063 2206 2063 2205 2063 2504 972 2205 972 2502 972 2502 1380 2205 1380 2204 1380 2502 973 2204 973 2503 973 2503 1381 2204 1381 2203 1381 2503 974 2203 974 2513 974 2513 974 2203 974 2202 974 2513 2064 2202 2064 2514 2064 2514 2064 2202 2064 2197 2064 2514 2065 2197 2065 2515 2065 2515 2066 2197 2066 2196 2066 2515 1383 2196 1383 2516 1383 2516 980 2196 980 2201 980 2516 1384 2201 1384 2517 1384 2517 982 2201 982 2216 982 2517 1385 2216 1385 2506 1385 2506 1386 2216 1386 2215 1386 2506 1351 2215 1351 2505 1351 2505 1352 2215 1352 2214 1352 2505 1353 2214 1353 2507 1353 2507 1354 2214 1354 2200 1354 2507 1355 2200 1355 2508 1355 2508 929 2200 929 2199 929 2508 930 2199 930 2498 930 2498 1356 2199 1356 2198 1356 2498 933 2198 933 2499 933 2499 933 2198 933 2188 933 2499 935 2188 935 2500 935 2500 935 2188 935 2187 935 2500 1357 2187 1357 2501 1357 2501 936 2187 936 2185 936 2501 1358 2185 1358 2509 1358 2509 937 2185 937 2184 937 2509 1359 2184 1359 2510 1359 2510 938 2184 938 2195 938 2510 940 2195 940 2511 940 2511 940 2195 940 2194 940 2511 941 2194 941 2512 941 2512 941 2194 941 2193 941 2512 1360 2193 1360 2518 1360 2518 1360 2193 1360 2192 1360 2518 1361 2192 1361 2519 1361 2519 1362 2192 1362 2191 1362 2519 1363 2191 1363 2520 1363 2520 946 2191 946 2190 946 2520 1364 2190 1364 2521 1364 2521 947 2190 947 2183 947 2521 1365 2183 1365 2522 1365 2522 950 2183 950 2182 950 2522 1366 2182 1366 2523 1366 2523 951 2182 951 2189 951 2523 1367 2189 1367 2524 1367 2524 953 2189 953 2048 953 2298 1368 2072 1368 2299 1368 2299 1369 2072 1369 2053 1369 2299 1370 2053 1370 2312 1370 2312 1371 2053 1371 2052 1371 2312 1372 2052 1372 2313 1372 2313 959 2052 959 2071 959 2313 2057 2071 2057 2315 2057 2315 2058 2071 2058 2064 2058 2315 2059 2064 2059 2311 2059 2311 2060 2064 2060 2062 2060 2311 1376 2062 1376 2309 1376 2309 1377 2062 1377 2059 1377 2309 1378 2059 1378 2307 1378 2307 1378 2059 1378 2050 1378 2307 968 2050 968 2387 968 2387 968 2050 968 2049 968 2387 2061 2049 2061 2385 2061 2385 2061 2049 2061 2152 2061 2385 2062 2152 2062 2384 2062 2384 2063 2152 2063 2153 2063 2384 972 2153 972 2383 972 2383 1380 2153 1380 2147 1380 2383 973 2147 973 2393 973 2393 1381 2147 1381 2160 1381 2393 974 2160 974 2394 974 2394 974 2160 974 2159 974 2394 2064 2159 2064 2395 2064 2395 2064 2159 2064 2156 2064 2395 2065 2156 2065 2396 2065 2396 2066 2156 2066 2157 2066 2396 1383 2157 1383 2397 1383 2397 980 2157 980 2158 980 2397 1384 2158 1384 2398 1384 2398 982 2158 982 2163 982 2398 1385 2163 1385 2399 1385 2399 1386 2163 1386 2162 1386 2399 1351 2162 1351 2400 1351 2400 1352 2162 1352 2161 1352 2400 1353 2161 1353 2401 1353 2401 1354 2161 1354 2149 1354 2401 1355 2149 1355 2390 1355 2390 929 2149 929 2148 929 2390 930 2148 930 2391 930 2391 1356 2148 1356 2155 1356 2391 933 2155 933 2402 933 2402 933 2155 933 2154 933 2402 935 2154 935 2403 935 2403 935 2154 935 2146 935 2403 1357 2146 1357 2392 1357 2392 936 2146 936 2145 936 2392 1358 2145 1358 2297 1358 2297 937 2145 937 2144 937 2297 1359 2144 1359 2296 1359 2296 938 2144 938 2143 938 2296 940 2143 940 2294 940 2294 940 2143 940 2056 940 2294 941 2056 941 2292 941 2292 941 2056 941 2055 941 2292 1360 2055 1360 2301 1360 2301 1360 2055 1360 2070 1360 2301 1361 2070 1361 2302 1361 2302 1362 2070 1362 2069 1362 2302 1363 2069 1363 2303 1363 2303 946 2069 946 2067 946 2303 1364 2067 1364 2304 1364 2304 947 2067 947 2066 947 2304 1365 2066 1365 2305 1365 2305 950 2066 950 2074 950 2305 1366 2074 1366 2306 1366 2306 951 2074 951 2073 951 2306 1367 2073 1367 2298 1367 2298 953 2073 953 2072 953 2332 1368 2075 1368 2331 1368 2331 1369 2075 1369 2085 1369 2331 1370 2085 1370 2329 1370 2329 1371 2085 1371 2084 1371 2329 1372 2084 1372 2333 1372 2333 959 2084 959 2083 959 2333 1373 2083 1373 2334 1373 2334 1374 2083 1374 2082 1374 2334 964 2082 964 2335 964 2335 1375 2082 1375 2081 1375 2335 1376 2081 1376 2341 1376 2341 1377 2081 1377 2079 1377 2341 1378 2079 1378 2342 1378 2342 1378 2079 1378 2078 1378 2342 968 2078 968 2344 968 2344 968 2078 968 2086 968 2344 969 2086 969 2419 969 2419 969 2086 969 2088 969 2419 971 2088 971 2420 971 2420 1379 2088 1379 2181 1379 2420 972 2181 972 2421 972 2421 1380 2181 1380 2180 1380 2421 973 2180 973 2404 973 2404 1381 2180 1381 2179 1381 2404 974 2179 974 2405 974 2405 974 2179 974 2175 974 2405 977 2175 977 2406 977 2406 977 2175 977 2174 977 2406 1382 2174 1382 2407 1382 2407 978 2174 978 2173 978 2407 1383 2173 1383 2408 1383 2408 980 2173 980 2172 980 2408 1384 2172 1384 2409 1384 2409 982 2172 982 2171 982 2409 1385 2171 1385 2411 1385 2411 1386 2171 1386 2170 1386 2411 1351 2170 1351 2412 1351 2412 1352 2170 1352 2169 1352 2412 1353 2169 1353 2413 1353 2413 1354 2169 1354 2168 1354 2413 1355 2168 1355 2414 1355 2414 929 2168 929 2167 929 2414 930 2167 930 2415 930 2415 1356 2167 1356 2165 1356 2415 933 2165 933 2416 933 2416 933 2165 933 2164 933 2416 935 2164 935 2417 935 2417 935 2164 935 2178 935 2417 1357 2178 1357 2418 1357 2418 936 2178 936 2177 936 2418 1358 2177 1358 2289 1358 2289 937 2177 937 2176 937 2289 1359 2176 1359 2290 1359 2290 938 2176 938 2099 938 2290 940 2099 940 2327 940 2327 940 2099 940 2098 940 2327 941 2098 941 2328 941 2328 941 2098 941 2096 941 2328 1360 2096 1360 2336 1360 2336 1360 2096 1360 2095 1360 2336 1361 2095 1361 2337 1361 2337 1362 2095 1362 2089 1362 2337 1363 2089 1363 2339 1363 2339 946 2089 946 2091 946 2339 1364 2091 1364 2340 1364 2340 947 2091 947 2093 947 2340 1365 2093 1365 2324 1365 2324 950 2093 950 2094 950 2324 1366 2094 1366 2325 1366 2325 951 2094 951 2076 951 2325 1367 2076 1367 2332 1367 2332 953 2076 953 2075 953 2446 1368 2288 1368 2447 1368 2447 1369 2288 1369 2287 1369 2447 1370 2287 1370 2424 1370 2424 1371 2287 1371 2286 1371 2424 1372 2286 1372 2425 1372 2425 959 2286 959 2282 959 2425 1373 2282 1373 2426 1373 2426 1374 2282 1374 2281 1374 2426 964 2281 964 2427 964 2427 1375 2281 1375 2280 1375 2427 1376 2280 1376 2430 1376 2430 1377 2280 1377 2263 1377 2430 1378 2263 1378 2431 1378 2431 1378 2263 1378 2262 1378 2431 968 2262 968 2432 968 2432 968 2262 968 2279 968 2432 969 2279 969 2448 969 2448 969 2279 969 2278 969 2448 971 2278 971 2449 971 2449 1379 2278 1379 2277 1379 2449 972 2277 972 2434 972 2434 1380 2277 1380 2274 1380 2434 973 2274 973 2435 973 2435 1381 2274 1381 2273 1381 2435 974 2273 974 2450 974 2450 974 2273 974 2272 974 2450 977 2272 977 2451 977 2451 977 2272 977 2269 977 2451 1382 2269 1382 2452 1382 2452 978 2269 978 2270 978 2452 1383 2270 1383 2453 1383 2453 980 2270 980 2271 980 2453 1384 2271 1384 2454 1384 2454 982 2271 982 2285 982 2454 1385 2285 1385 2455 1385 2455 1386 2285 1386 2284 1386 2455 1351 2284 1351 2436 1351 2436 1352 2284 1352 2283 1352 2436 1353 2283 1353 2437 1353 2437 1354 2283 1354 2268 1354 2437 1355 2268 1355 2438 1355 2438 929 2268 929 2267 929 2438 930 2267 930 2439 930 2439 1356 2267 1356 2276 1356 2439 933 2276 933 2440 933 2440 933 2276 933 2275 933 2440 935 2275 935 2441 935 2441 935 2275 935 2266 935 2441 1357 2266 1357 2442 1357 2442 936 2266 936 2265 936 2442 1358 2265 1358 2458 1358 2458 937 2265 937 2264 937 2458 1359 2264 1359 2459 1359 2459 938 2264 938 2258 938 2459 940 2258 940 2460 940 2460 940 2258 940 2260 940 2460 941 2260 941 2443 941 2443 941 2260 941 2261 941 2443 1360 2261 1360 2428 1360 2428 1360 2261 1360 2257 1360 2428 1361 2257 1361 2429 1361 2429 1362 2257 1362 2256 1362 2429 1363 2256 1363 2456 1363 2456 946 2256 946 2255 946 2456 1364 2255 1364 2457 1364 2457 947 2255 947 2252 947 2457 1365 2252 1365 2444 1365 2444 950 2252 950 2253 950 2444 1366 2253 1366 2445 1366 2445 951 2253 951 2254 951 2445 1367 2254 1367 2446 1367 2446 953 2254 953 2288 953 2788 193 2789 193 2790 193 2790 193 2789 193 2791 193 2790 193 2791 193 2792 193 2792 193 2791 193 2793 193 2792 193 2793 193 2794 193 2794 193 2793 193 2795 193 2794 193 2795 193 2796 193 2796 193 2795 193 2797 193 2798 192 2799 192 2800 192 2800 192 2799 192 2801 192 2800 192 2801 192 2802 192 2802 192 2801 192 2803 192 2802 192 2803 192 2804 192 2804 192 2803 192 2805 192 2804 192 2805 192 2806 192 2806 192 2805 192 2807 192 2806 192 2807 192 2808 192 2808 192 2807 192 2809 192 2808 192 2809 192 2810 192 2810 192 2809 192 2811 192 2810 192 2811 192 2812 192 2812 192 2811 192 2813 192 2814 194 2815 194 2816 194 2816 194 2815 194 2817 194 2816 194 2817 194 2818 194 2818 194 2817 194 2819 194 2818 194 2819 194 2820 194 2820 194 2819 194 2821 194 2820 194 2821 194 2822 194 2822 194 2821 194 2823 194 2822 194 2823 194 2824 194 2824 194 2823 194 2825 194 2826 195 2827 195 2828 195 2828 195 2827 195 2829 195 2828 195 2829 195 2830 195 2830 195 2829 195 2831 195 2830 195 2831 195 2832 195 2832 195 2831 195 2833 195 2832 195 2833 195 2834 195 2834 195 2833 195 2835 195 2834 195 2835 195 2836 195 2836 195 2835 195 2837 195 2838 0 2839 0 2840 0 2841 0 2842 0 2843 0 2844 0 2845 0 2846 0 2847 0 2848 0 2843 0 2849 0 2850 0 2840 0 2851 0 2852 0 2853 0 2853 0 2852 0 2854 0 2855 2067 2856 2067 2857 2067 2857 2068 2858 2068 2859 2068 2856 2069 2860 2069 2857 2069 2857 2070 2860 2070 2861 2070 2857 2071 2861 2071 2858 2071 2862 2072 2863 2072 2864 2072 2864 2073 2863 2073 2865 2073 2864 2074 2865 2074 2866 2074 2859 0 2867 0 2857 0 2857 2075 2867 2075 2868 2075 2857 0 2868 0 2864 0 2864 2076 2868 2076 2869 2076 2864 2077 2869 2077 2870 2077 2870 0 2871 0 2864 0 2864 2078 2871 2078 2872 2078 2864 2079 2872 2079 2862 2079 2873 0 2874 0 2875 0 2866 2080 2876 2080 2864 2080 2864 2081 2876 2081 2877 2081 2864 0 2877 0 2854 0 2854 0 2877 0 2878 0 2854 2082 2878 2082 2879 2082 2880 2083 2881 2083 2882 2083 2874 0 2883 0 2875 0 2875 2084 2883 2084 2884 2084 2875 2085 2884 2085 2885 2085 2879 0 2886 0 2854 0 2854 2086 2886 2086 2887 2086 2854 0 2887 0 2888 0 2888 2087 2887 2087 2889 2087 2888 0 2889 0 2890 0 2890 2088 2889 2088 2891 2088 2891 2089 2889 2089 2892 2089 2891 2090 2892 2090 2882 2090 2882 2091 2892 2091 2893 2091 2882 2092 2893 2092 2880 2092 2881 0 2894 0 2882 0 2882 2093 2894 2093 2895 2093 2882 0 2895 0 2875 0 2875 2094 2895 2094 2896 2094 2875 2095 2896 2095 2873 2095 2885 0 2897 0 2875 0 2875 2096 2897 2096 2898 2096 2875 0 2898 0 2857 0 2857 0 2898 0 2899 0 2857 2097 2899 2097 2855 2097 2900 0 2901 0 2902 0 2903 0 2904 0 2905 0 2905 0 2904 0 2906 0 2907 0 2908 0 2909 0 2909 2098 2908 2098 2910 2098 2909 0 2910 0 2911 0 2911 2099 2910 2099 2912 2099 2911 2100 2912 2100 2913 2100 2913 0 2914 0 2911 0 2911 2101 2914 2101 2915 2101 2911 0 2915 0 2916 0 2916 2102 2915 2102 2917 2102 2902 0 2918 0 2900 0 2900 2103 2918 2103 2919 2103 2900 0 2919 0 2917 0 2917 2104 2919 2104 2920 2104 2917 2105 2920 2105 2916 2105 2901 2106 2900 2106 2921 2106 2921 0 2900 0 2922 0 2921 2107 2922 2107 2923 2107 2923 0 2922 0 2924 0 2924 0 2922 0 2925 0 2924 0 2925 0 2904 0 2904 2108 2925 2108 2926 2108 2904 2109 2926 2109 2906 2109 2903 2110 2927 2110 2904 2110 2904 2111 2927 2111 2928 2111 2904 0 2928 0 2840 0 2840 2112 2928 2112 2929 2112 2840 2113 2929 2113 2849 2113 2930 2114 2931 2114 2904 2114 2904 2115 2931 2115 2932 2115 2904 2116 2932 2116 2933 2116 2934 2117 2935 2117 2936 2117 2936 2118 2935 2118 2937 2118 2936 2119 2937 2119 2938 2119 2839 0 2939 0 2840 0 2840 2120 2939 2120 2940 2120 2840 0 2940 0 2904 0 2904 2121 2940 2121 2941 2121 2904 2122 2941 2122 2930 2122 2933 2123 2942 2123 2904 2123 2904 2124 2942 2124 2943 2124 2904 0 2943 0 2936 0 2936 0 2943 0 2944 0 2936 2125 2944 2125 2934 2125 2938 2126 2945 2126 2936 2126 2936 2127 2945 2127 2946 2127 2936 0 2946 0 2843 0 2843 2128 2946 2128 2947 2128 2843 2129 2947 2129 2847 2129 2948 0 2949 0 2845 0 2845 2130 2949 2130 2950 2130 2845 2131 2950 2131 2951 2131 2952 2132 2953 2132 2936 2132 2936 2133 2953 2133 2954 2133 2954 0 2955 0 2936 0 2936 2134 2955 2134 2956 2134 2936 2135 2956 2135 2957 2135 2842 0 2958 0 2843 0 2843 2136 2958 2136 2959 2136 2843 0 2959 0 2936 0 2936 2137 2959 2137 2960 2137 2936 2138 2960 2138 2952 2138 2957 0 2961 0 2936 0 2936 2139 2961 2139 2962 2139 2936 2140 2962 2140 2845 2140 2845 2141 2962 2141 2963 2141 2845 2142 2963 2142 2948 2142 2964 0 2965 0 2966 0 2967 2143 2968 2143 2791 2143 2969 0 2970 0 2971 0 2844 0 2846 0 2970 0 2972 0 2971 0 2973 0 2973 0 2971 0 2966 0 2973 0 2966 0 2974 0 2974 0 2966 0 2965 0 2968 2144 2975 2144 2791 2144 2791 2145 2975 2145 2976 2145 2791 2146 2976 2146 2977 2146 2978 0 2979 0 2966 0 2979 0 2980 0 2966 0 2966 2147 2980 2147 2981 2147 2966 2148 2981 2148 2964 2148 2789 2149 2982 2149 2971 2149 2982 0 2983 0 2971 0 2971 2150 2983 2150 2984 2150 2971 0 2984 0 2985 0 2985 0 2986 0 2971 0 2971 2151 2986 2151 2987 2151 2971 2152 2987 2152 2969 2152 2988 2153 2989 2153 2789 2153 2990 0 2991 0 2791 0 2791 2154 2991 2154 2992 2154 2977 0 2993 0 2791 0 2791 2155 2993 2155 2994 2155 2791 2156 2994 2156 2995 2156 2992 0 2996 0 2791 0 2791 2157 2996 2157 2997 2157 2791 2158 2997 2158 2967 2158 2995 2159 2998 2159 2791 2159 2791 2160 2998 2160 2999 2160 2791 2161 2999 2161 2966 2161 2966 2162 2999 2162 3000 2162 2966 2163 3000 2163 3001 2163 2972 0 3002 0 2971 0 2971 2164 3002 2164 3003 2164 2971 0 3003 0 2789 0 2789 2165 3003 2165 3004 2165 2789 2166 3004 2166 2988 2166 2989 0 3005 0 2789 0 2789 2167 3005 2167 3006 2167 2789 0 3006 0 2791 0 2791 2168 3006 2168 3007 2168 2791 2169 3007 2169 2990 2169 3001 0 3008 0 2966 0 2966 2170 3008 2170 3009 2170 2966 2171 3009 2171 2978 2171 3010 0 3011 0 2791 0 3012 0 3013 0 2966 0 2966 2172 3013 2172 3014 2172 2966 2173 3014 2173 3015 2173 3011 0 3016 0 2791 0 2791 2174 3016 2174 3017 2174 2791 2175 3017 2175 3018 2175 3015 0 3019 0 2966 0 2966 2176 3019 2176 3020 2176 2966 2177 3020 2177 2791 2177 2791 2178 3020 2178 3021 2178 2791 2179 3021 2179 3010 2179 3018 0 3022 0 2791 0 2791 2180 3022 2180 3023 2180 2791 0 3023 0 2793 0 3023 2181 3024 2181 2793 2181 2793 2182 3024 2182 3025 2182 2793 2183 3025 2183 3026 2183 3026 0 3027 0 2793 0 2793 2184 3027 2184 3028 2184 2793 2185 3028 2185 3029 2185 3029 0 3030 0 2793 0 2793 2186 3030 2186 3031 2186 2793 2187 3031 2187 3032 2187 3032 2188 3031 2188 3033 2188 3032 2189 3033 2189 3034 2189 3034 2190 3035 2190 3032 2190 3032 2191 3035 2191 3036 2191 3032 0 3036 0 3037 0 3038 0 3039 0 3032 0 3032 2192 3039 2192 3040 2192 3032 2193 3040 2193 3041 2193 3042 2194 3043 2194 2793 2194 2793 2195 3043 2195 3044 2195 3041 0 3045 0 3032 0 3032 0 3045 0 3046 0 3032 2196 3046 2196 3047 2196 3044 0 3048 0 2793 0 2793 2197 3048 2197 3049 2197 2793 0 3049 0 2795 0 3050 0 3051 0 3052 0 3047 0 3053 0 3032 0 3032 2198 3053 2198 3054 2198 3032 2199 3054 2199 3055 2199 3056 0 3057 0 2793 0 2793 2200 3057 2200 3058 2200 3059 0 3060 0 3052 0 3052 2201 3060 2201 3061 2201 3062 0 3063 0 3052 0 3052 0 3063 0 3064 0 3052 0 3064 0 3032 0 3032 2202 3064 2202 3065 2202 3032 2203 3065 2203 3038 2203 3058 0 3066 0 2793 0 2793 2204 3066 2204 3067 2204 2793 2205 3067 2205 3042 2205 3061 2206 3068 2206 3052 2206 3052 2207 3068 2207 3069 2207 3052 2208 3069 2208 3050 2208 3055 2209 3070 2209 3032 2209 3032 2210 3070 2210 3071 2210 3032 2211 3071 2211 2793 2211 2793 2212 3071 2212 3072 2212 2793 2213 3072 2213 3056 2213 3051 0 3073 0 3052 0 3052 2214 3073 2214 3074 2214 3052 2215 3074 2215 3062 2215 3075 0 3076 0 3077 0 3078 0 3077 0 3079 0 3079 0 3077 0 3080 0 3080 2216 3077 2216 3081 2216 3081 2217 3077 2217 3082 2217 3081 0 3082 0 3083 0 3078 2218 3084 2218 3077 2218 3077 2219 3084 2219 3085 2219 3077 0 3085 0 3075 0 3049 0 3059 0 2795 0 2795 0 3059 0 3052 0 2795 0 3052 0 2797 0 2797 0 3052 0 3077 0 2797 2220 3077 2220 3086 2220 3086 0 3077 0 3076 0 3087 2221 3088 2221 3083 2221 3089 2222 3090 2222 3091 2222 3092 0 3082 0 3093 0 3093 0 3082 0 3094 0 3092 0 3095 0 3082 0 3082 2223 3095 2223 3096 2223 3082 2224 3096 2224 3097 2224 3097 0 3098 0 3082 0 3082 2225 3098 2225 3099 2225 3082 0 3099 0 3083 0 3083 2226 3099 2226 3100 2226 3083 2227 3100 2227 3087 2227 3088 0 3101 0 3083 0 3083 2228 3101 2228 3102 2228 3083 2229 3102 2229 3103 2229 3089 0 3091 0 3104 0 3103 0 3105 0 3083 0 3083 2230 3105 2230 3106 2230 3083 2231 3106 2231 3091 2231 3091 2232 3106 2232 3107 2232 3091 0 3107 0 3104 0 3091 2233 3108 2233 3109 2233 3110 2234 3111 2234 3112 2234 3090 2235 3113 2235 3091 2235 3091 2236 3113 2236 3114 2236 3091 2237 3114 2237 3108 2237 3110 2238 3115 2238 3116 2238 3112 0 3117 0 3110 0 3110 2239 3117 2239 3118 2239 3110 2240 3118 2240 3119 2240 3109 0 3120 0 3091 0 3091 2241 3120 2241 3121 2241 3091 2242 3121 2242 3115 2242 3116 0 3122 0 3110 0 3110 2243 3122 2243 3123 2243 3110 2244 3123 2244 3111 2244 3119 0 3124 0 3110 0 3110 0 3124 0 3125 0 3110 0 3125 0 3082 0 3082 2245 3125 2245 3126 2245 3082 2246 3126 2246 3094 2246 3127 2247 3128 2247 3129 2247 3130 2248 3131 2248 3110 2248 3132 2249 3133 2249 3091 2249 3091 2250 3133 2250 3134 2250 3091 2251 3134 2251 3135 2251 3129 2252 3136 2252 3137 2252 3110 2253 3138 2253 3139 2253 3115 0 3110 0 3091 0 3091 0 3110 0 3140 0 3091 2254 3140 2254 3141 2254 3141 0 3142 0 3091 0 3091 2255 3142 2255 3143 2255 3091 2256 3143 2256 3132 2256 3128 2257 3144 2257 3129 2257 3129 2258 3144 2258 3145 2258 3129 2259 3145 2259 3136 2259 3146 2260 3147 2260 3148 2260 3149 2261 3150 2261 3146 2261 3146 2262 3150 2262 3151 2262 3146 2263 3151 2263 3152 2263 3131 2264 3153 2264 3110 2264 3110 2265 3153 2265 3154 2265 3110 2266 3154 2266 3138 2266 3135 2267 3155 2267 3091 2267 3091 2268 3155 2268 3156 2268 3091 0 3156 0 3129 0 3129 0 3156 0 3157 0 3129 2269 3157 2269 3127 2269 3137 0 3158 0 3129 0 3129 2270 3158 2270 3159 2270 3129 2271 3159 2271 3147 2271 3148 0 3160 0 3146 0 3146 2272 3160 2272 3161 2272 3146 2273 3161 2273 3149 2273 3139 0 3162 0 3110 0 3110 2274 3162 2274 3163 2274 3110 2275 3163 2275 3140 2275 3152 2276 3164 2276 3146 2276 3146 2277 3164 2277 3165 2277 3146 0 3165 0 3110 0 3110 0 3165 0 3166 0 3110 2278 3166 2278 3130 2278 3167 2279 3168 2279 3146 2279 3169 0 3170 0 3171 0 3172 2280 3173 2280 3129 2280 3129 2281 3173 2281 3174 2281 3129 2282 3174 2282 3175 2282 3176 2283 3177 2283 3178 2283 3179 0 3180 0 3181 0 3169 0 3171 0 3182 0 3146 2284 3183 2284 3184 2284 3147 0 3146 0 3129 0 3129 0 3146 0 3185 0 3129 2285 3185 2285 3186 2285 3186 0 3187 0 3129 0 3129 2286 3187 2286 3188 2286 3129 2287 3188 2287 3172 2287 3170 0 3189 0 3171 0 3171 2288 3189 2288 3190 2288 3171 2085 3190 2085 3191 2085 3168 2289 3192 2289 3146 2289 3146 2290 3192 2290 3193 2290 3146 2291 3193 2291 3183 2291 3177 0 3194 0 3178 0 3178 2292 3194 2292 3195 2292 3178 0 3195 0 3196 0 3179 0 3181 0 3197 0 3180 0 3198 0 3181 0 3181 2293 3198 2293 3199 2293 3181 2294 3199 2294 3200 2294 3200 2295 3201 2295 3181 2295 3181 2296 3201 2296 3202 2296 3181 0 3202 0 3171 0 3171 2297 3202 2297 3203 2297 3171 2094 3203 2094 3182 2094 3184 0 3204 0 3146 0 3146 2298 3204 2298 3205 2298 3146 2299 3205 2299 3185 2299 3175 2300 3206 2300 3129 2300 3129 2301 3206 2301 3207 2301 3129 0 3207 0 3208 0 3208 0 3207 0 3196 0 3208 0 3196 0 3209 0 3209 0 3196 0 3195 0 3181 2302 3210 2302 3197 2302 3197 2303 3210 2303 3211 2303 3197 2304 3211 2304 3178 2304 3178 2305 3211 2305 3212 2305 3178 2306 3212 2306 3176 2306 3191 0 3213 0 3171 0 3171 2307 3213 2307 3214 2307 3171 0 3214 0 3146 0 3146 0 3214 0 3215 0 3146 2308 3215 2308 3167 2308 3216 0 3217 0 3171 0 3218 2067 3219 2067 2822 2067 3220 2309 3221 2309 3146 2309 3146 2310 3221 2310 3222 2310 3146 2311 3222 2311 3223 2311 3171 2312 3224 2312 3225 2312 2822 2068 3226 2068 3227 2068 3228 0 3146 0 3229 0 3229 0 3146 0 2822 0 3228 0 3230 0 3146 0 3146 2313 3230 2313 3231 2313 3146 2314 3231 2314 3220 2314 3217 0 3232 0 3171 0 3171 2315 3232 2315 3233 2315 3171 2316 3233 2316 3224 2316 3219 2069 3234 2069 2822 2069 2822 2070 3234 2070 3235 2070 2822 2071 3235 2071 3226 2071 3223 2317 3236 2317 3146 2317 3146 2318 3236 2318 3237 2318 3146 0 3237 0 3171 0 3171 0 3237 0 3238 0 3171 2319 3238 2319 3216 2319 3225 0 3239 0 3171 0 3171 2320 3239 2320 3240 2320 3171 0 3240 0 3241 0 3241 2321 3240 2321 3242 2321 3241 2322 3242 2322 3243 2322 3227 0 3244 0 2822 0 2822 2323 3244 2323 3245 2323 2822 2324 3245 2324 3229 2324 3243 0 3246 0 3241 0 3241 2325 3246 2325 3247 2325 3241 0 3247 0 3248 0 3248 2326 3247 2326 3249 2326 3248 0 3249 0 3250 0 3250 2327 3249 2327 3251 2327 3250 0 3251 0 3252 0 3252 2328 3251 2328 3253 2328 3252 0 3253 0 3254 0 3254 0 3253 0 3255 0 3255 2329 3253 2329 3256 2329 3255 2330 3256 2330 3257 2330 3257 0 3256 0 3258 0 3258 0 3256 0 3259 0 3258 2331 3259 2331 3260 2331 3260 0 3259 0 3261 0 3260 0 3261 0 2824 0 2824 0 3261 0 2822 0 2822 0 3261 0 3262 0 2822 2097 3262 2097 3218 2097 3263 0 2814 0 2812 0 2812 0 2814 0 2816 0 2812 0 2816 0 2810 0 3264 2332 3265 2332 3266 2332 3267 0 3268 0 2812 0 2812 0 3268 0 3269 0 2812 2333 3269 2333 3263 2333 3264 0 3266 0 2812 0 2812 2334 3266 2334 3270 2334 2812 2335 3270 2335 3267 2335 3271 0 3272 0 3273 0 3273 2336 3272 2336 2798 2336 3273 0 2798 0 3274 0 3271 0 3273 0 3275 0 3275 0 3273 0 2829 0 3275 0 2829 0 2827 0 3276 0 3277 0 3278 0 2827 0 3279 0 3275 0 3275 0 3279 0 3276 0 3275 0 3276 0 3280 0 3280 0 3276 0 3278 0 3281 2337 3282 2337 3283 2337 2951 2338 3284 2338 2845 2338 2845 2339 3284 2339 3285 2339 2845 0 3285 0 2846 0 2846 2340 3285 2340 3286 2340 2846 0 3286 0 3283 0 3283 2341 3286 2341 3287 2341 3283 2342 3287 2342 3281 2342 3282 0 3288 0 3283 0 3283 2343 3288 2343 3289 2343 3283 2344 3289 2344 3290 2344 3291 0 3292 0 3293 0 3292 2345 3294 2345 3293 2345 3293 2346 3294 2346 3295 2346 3293 2347 3295 2347 3296 2347 3290 0 3297 0 3283 0 3283 2348 3297 2348 3298 2348 3283 2349 3298 2349 3293 2349 3293 2350 3298 2350 3299 2350 3293 0 3299 0 3291 0 3296 2351 3300 2351 3293 2351 3293 2352 3300 2352 3301 2352 3293 0 3301 0 2843 0 2843 2353 3301 2353 3302 2353 2843 2354 3302 2354 2841 2354 3303 0 3304 0 2875 0 3305 2355 3306 2355 2857 2355 2857 2356 3306 2356 3307 2356 2857 2357 3307 2357 3308 2357 3304 0 3309 0 2875 0 2875 2358 3309 2358 3310 2358 2875 2316 3310 2316 3311 2316 2850 0 3312 0 2840 0 2840 2359 3312 2359 3313 2359 2840 0 3313 0 2857 0 2857 2313 3313 2313 3314 2313 2857 2314 3314 2314 3305 2314 3308 2360 3315 2360 2857 2360 2857 2361 3315 2361 3316 2361 2857 0 3316 0 2875 0 2875 0 3316 0 3317 0 2875 2362 3317 2362 3303 2362 3311 0 3318 0 2875 0 2875 2363 3318 2363 3319 2363 2875 0 3319 0 2909 0 2909 2364 3319 2364 3320 2364 2909 2365 3320 2365 2907 2365 3321 2366 3322 2366 2857 2366 2857 2367 3322 2367 3323 2367 2857 2368 3323 2368 3324 2368 3325 2355 3326 2355 3293 2355 3293 2369 3326 2369 3327 2369 3293 2370 3327 2370 3328 2370 3324 2351 3329 2351 2857 2351 2857 2371 3329 2371 3330 2371 2857 0 3330 0 2840 0 2840 2372 3330 2372 3331 2372 2840 2373 3331 2373 2838 2373 2848 0 3332 0 2843 0 2843 2374 3332 2374 3333 2374 2843 0 3333 0 3293 0 3293 2375 3333 2375 3334 2375 3293 2376 3334 2376 3325 2376 3328 2345 3335 2345 3293 2345 3293 2377 3335 2377 3336 2377 3293 0 3336 0 2857 0 2857 0 3336 0 3337 0 2857 2378 3337 2378 3321 2378 3338 0 3339 0 2806 0 3340 0 3341 0 2804 0 2804 2379 3341 2379 3342 2379 2804 2380 3342 2380 3343 2380 3339 0 3344 0 2806 0 2806 2381 3344 2381 3345 2381 2806 0 3345 0 2804 0 2804 2382 3345 2382 3346 2382 2804 2383 3346 2383 3340 2383 2831 0 3347 0 2833 0 2833 0 3347 0 3348 0 2833 0 3348 0 2835 0 2835 0 3348 0 2864 0 2835 0 2864 0 2837 0 2837 0 2864 0 2854 0 2837 0 2854 0 3349 0 3349 2384 2854 2384 2852 2384 3350 2385 3351 2385 3293 2385 3352 0 3353 0 2857 0 3354 2386 3355 2386 3348 2386 3348 2387 3355 2387 3356 2387 3348 2388 3356 2388 3357 2388 3352 0 2857 0 3358 0 3293 2389 3359 2389 3360 2389 3361 0 3362 0 3348 0 3348 2390 3362 2390 3363 2390 3348 2391 3363 2391 3354 2391 3364 2392 3365 2392 2864 2392 2864 2393 3365 2393 3366 2393 2864 2394 3366 2394 3367 2394 3353 2395 3368 2395 2857 2395 2857 2396 3368 2396 3369 2396 2857 2397 3369 2397 3370 2397 3351 2398 3371 2398 3293 2398 3293 2399 3371 2399 3372 2399 3293 2400 3372 2400 3359 2400 3357 2080 3373 2080 3348 2080 3348 2401 3373 2401 3374 2401 3348 0 3374 0 2864 0 2864 0 3374 0 3375 0 2864 2402 3375 2402 3364 2402 3367 2403 3376 2403 2864 2403 2864 2404 3376 2404 3377 2404 2864 2405 3377 2405 3378 2405 3378 0 3379 0 2864 0 2864 2406 3379 2406 3380 2406 2864 0 3380 0 2857 0 2857 2260 3380 2260 3381 2260 2857 2407 3381 2407 3358 2407 3360 0 3382 0 3293 0 3293 2408 3382 2408 3383 2408 3293 0 3383 0 3348 0 3348 2409 3383 2409 3384 2409 3348 2406 3384 2406 3361 2406 3370 2410 3385 2410 2857 2410 2857 2411 3385 2411 3386 2411 2857 0 3386 0 3293 0 3293 0 3386 0 3387 0 3293 2412 3387 2412 3350 2412 3283 2413 3388 2413 3389 2413 3389 0 3390 0 3283 0 3283 2414 3390 2414 3391 2414 3283 2415 3391 2415 3392 2415 3393 0 3347 0 3394 0 3394 0 3347 0 3283 0 3394 0 3283 0 3395 0 3395 2416 3283 2416 3392 2416 3393 0 3396 0 3347 0 3347 2417 3396 2417 3397 2417 3347 2418 3397 2418 3398 2418 3398 0 3399 0 3347 0 3347 2419 3399 2419 3400 2419 3347 2420 3400 2420 3401 2420 3402 0 3403 0 3348 0 3401 0 3404 0 3347 0 3347 2421 3404 2421 3405 2421 3347 2422 3405 2422 3348 2422 3348 2423 3405 2423 3406 2423 3348 0 3406 0 3402 0 3407 0 3408 0 3293 0 3293 2424 3408 2424 3409 2424 3293 2425 3409 2425 3410 2425 3403 2426 3411 2426 3348 2426 3348 2427 3411 2427 3412 2427 3348 2428 3412 2428 3413 2428 3410 0 3414 0 3293 0 3293 2429 3414 2429 3415 2429 3293 2430 3415 2430 3416 2430 3413 2431 3417 2431 3348 2431 3348 2432 3417 2432 3418 2432 3348 2433 3418 2433 3419 2433 3419 0 3420 0 3348 0 3348 2434 3420 2434 3421 2434 3348 0 3421 0 3293 0 3293 2435 3421 2435 3422 2435 3293 2407 3422 2407 3407 2407 3416 0 3423 0 3293 0 3293 0 3423 0 3424 0 3293 0 3424 0 3283 0 3283 2436 3424 2436 3425 2436 3283 2437 3425 2437 3388 2437 2970 0 2846 0 2971 0 2971 0 2846 0 3283 0 2971 0 3283 0 3274 0 3274 0 3283 0 3347 0 3274 0 3347 0 3273 0 3273 0 3347 0 2831 0 3273 0 2831 0 2829 0 2798 0 2800 0 3274 0 3274 0 2800 0 2802 0 3274 0 2802 0 2971 0 2971 0 2802 0 2804 0 2971 0 2804 0 2966 0 2966 0 2804 0 3343 0 2966 2438 3343 2438 3012 2438 3426 0 3427 0 3110 0 3426 0 3110 0 3428 0 3429 2385 3430 2385 2820 2385 2820 2439 3430 2439 3431 2439 2820 2399 3431 2399 3432 2399 3427 2440 3433 2440 3110 2440 3110 2441 3433 2441 3434 2441 3110 2442 3434 2442 3435 2442 3432 2443 3436 2443 2820 2443 2820 2389 3436 2389 3437 2389 2820 2444 3437 2444 3438 2444 3438 0 3439 0 2820 0 2820 2445 3439 2445 3440 2445 2820 0 3440 0 3110 0 3110 2446 3440 2446 3441 2446 3110 2447 3441 2447 3428 2447 3442 0 3443 0 2822 0 3442 0 2822 0 3444 0 3435 2448 3445 2448 3110 2448 3110 2449 3445 2449 3446 2449 3110 0 3446 0 3146 0 3146 0 3446 0 3447 0 3146 2450 3447 2450 3448 2450 3448 2451 3449 2451 3146 2451 3146 2452 3449 2452 3450 2452 3146 2453 3450 2453 3451 2453 3443 2395 3452 2395 2822 2395 2822 2396 3452 2396 3453 2396 2822 2397 3453 2397 3454 2397 3451 2454 3455 2454 3146 2454 3146 2455 3455 2455 3456 2455 3146 2456 3456 2456 3457 2456 3457 0 3458 0 3146 0 3146 2457 3458 2457 3459 2457 3146 0 3459 0 2822 0 2822 2458 3459 2458 3460 2458 2822 2459 3460 2459 3444 2459 3454 2410 3461 2410 2822 2410 2822 2411 3461 2411 3462 2411 2822 0 3462 0 2820 0 2820 0 3462 0 3463 0 2820 2412 3463 2412 3429 2412 3464 0 3465 0 2818 0 2818 2460 3465 2460 3466 2460 2818 2414 3466 2414 3467 2414 3467 0 3468 0 2818 0 2818 2461 3468 2461 3469 2461 2818 2462 3469 2462 3470 2462 3471 0 3472 0 3082 0 3082 2463 3472 2463 3473 2463 3082 2464 3473 2464 3474 2464 3474 0 3475 0 3082 0 3082 2465 3475 2465 3476 2465 3082 2466 3476 2466 3477 2466 3478 0 3479 0 3110 0 3477 0 3480 0 3082 0 3082 2467 3480 2467 3481 2467 3082 2468 3481 2468 3110 2468 3110 2469 3481 2469 3482 2469 3110 0 3482 0 3478 0 3483 0 3484 0 2820 0 2820 2424 3484 2424 3485 2424 2820 2425 3485 2425 3486 2425 3479 2448 3487 2448 3110 2448 3110 2470 3487 2470 3488 2470 3110 2471 3488 2471 3489 2471 3486 0 3490 0 2820 0 2820 2429 3490 2429 3491 2429 2820 2430 3491 2430 3492 2430 3489 2472 3493 2472 3110 2472 3110 2473 3493 2473 3494 2473 3110 2474 3494 2474 3495 2474 3495 0 3496 0 3110 0 3110 2475 3496 2475 3497 2475 3110 0 3497 0 2820 0 2820 2476 3497 2476 3498 2476 2820 2477 3498 2477 3483 2477 3492 0 3499 0 2820 0 2820 0 3499 0 3500 0 2820 0 3500 0 2818 0 2818 2436 3500 2436 3501 2436 2818 2437 3501 2437 3464 2437 3470 0 3471 0 2818 0 2818 0 3471 0 3082 0 2818 0 3082 0 2816 0 2816 0 3082 0 3077 0 2816 0 3077 0 2810 0 2810 0 3077 0 3052 0 2810 0 3052 0 2808 0 2808 0 3052 0 3032 0 2808 0 3032 0 2806 0 2806 2478 3032 2478 3037 2478 2806 2479 3037 2479 3338 2479 3502 2480 3503 2480 3504 2480 3505 104 3506 104 3507 104 3508 104 3509 104 3510 104 3511 104 3512 104 3510 104 3513 104 3514 104 3507 104 2813 2481 2815 2481 3515 2481 3515 2482 3516 2482 2813 2482 2813 104 3516 104 3517 104 2813 104 3517 104 3518 104 3518 104 3519 104 2813 104 2813 2483 3519 2483 3520 2483 2813 104 3520 104 3521 104 3521 2484 3520 2484 3522 2484 3523 2485 3524 2485 3525 2485 3526 104 3527 104 3528 104 3529 2486 3530 2486 3531 2486 3527 104 3532 104 3528 104 3528 2487 3532 2487 3533 2487 3528 2488 3533 2488 3534 2488 3525 104 3524 104 3535 104 3535 2489 3524 2489 3536 2489 3535 104 3536 104 3537 104 3537 104 3536 104 3538 104 3538 2490 3536 2490 3539 2490 3538 104 3539 104 3540 104 3540 2491 3539 2491 3541 2491 3541 2492 3539 2492 3542 2492 3541 2493 3542 2493 3531 2493 3531 2494 3542 2494 3543 2494 3531 2495 3543 2495 3529 2495 3530 104 3544 104 3531 104 3531 2496 3544 2496 3545 2496 3531 104 3545 104 3528 104 3528 2497 3545 2497 3546 2497 3528 2498 3546 2498 3526 2498 3547 104 3548 104 2823 104 3547 104 2823 104 3549 104 3534 104 3550 104 3528 104 3528 2499 3550 2499 3551 2499 3528 104 3551 104 3552 104 3552 104 3551 104 3553 104 3552 2500 3553 2500 3554 2500 3554 2501 3555 2501 3552 2501 3552 2502 3555 2502 3556 2502 3552 2503 3556 2503 3557 2503 3548 2504 3558 2504 2823 2504 2823 2505 3558 2505 3559 2505 2823 2506 3559 2506 3560 2506 3557 2507 3561 2507 3552 2507 3552 2508 3561 2508 3562 2508 3552 2509 3562 2509 3563 2509 3563 104 3564 104 3552 104 3552 2510 3564 2510 3565 2510 3552 104 3565 104 2823 104 2823 2511 3565 2511 3566 2511 2823 2512 3566 2512 3549 2512 3560 2513 3567 2513 2823 2513 2823 2514 3567 2514 3568 2514 2823 104 3568 104 2825 104 2825 104 3568 104 3569 104 2825 104 3569 104 3570 104 3570 104 3569 104 3523 104 3570 2515 3523 2515 3571 2515 3571 2516 3523 2516 3525 2516 3572 104 3573 104 3528 104 3574 104 3575 104 3576 104 3577 104 3578 104 3552 104 3577 104 3552 104 3579 104 3528 2517 3580 2517 3581 2517 3582 104 3583 104 3584 104 3584 104 3583 104 3528 104 3582 104 3585 104 3583 104 3583 2518 3585 2518 3586 2518 3583 2519 3586 2519 3587 2519 3576 104 3588 104 3574 104 3574 2520 3588 2520 3589 2520 3574 104 3589 104 3590 104 3591 104 3592 104 3593 104 3593 104 3592 104 3594 104 3578 2521 3595 2521 3552 2521 3552 2522 3595 2522 3596 2522 3552 2523 3596 2523 3597 2523 3573 104 3598 104 3528 104 3528 2524 3598 2524 3599 2524 3528 2525 3599 2525 3580 2525 3587 104 3600 104 3583 104 3583 2526 3600 2526 3601 2526 3583 104 3601 104 3602 104 3602 2527 3601 2527 3590 2527 3602 104 3590 104 3603 104 3603 104 3590 104 3589 104 3575 2528 3574 2528 3604 2528 3604 104 3574 104 3605 104 3604 2529 3605 2529 3606 2529 3606 104 3605 104 3607 104 3607 104 3605 104 3608 104 3607 104 3608 104 3592 104 3592 2530 3608 2530 3609 2530 3592 2531 3609 2531 3594 2531 3591 2532 3610 2532 3592 2532 3592 2533 3610 2533 3611 2533 3592 2534 3611 2534 3612 2534 3612 104 3613 104 3592 104 3592 2535 3613 2535 3614 2535 3592 104 3614 104 3552 104 3552 2536 3614 2536 3615 2536 3552 2537 3615 2537 3579 2537 3581 104 3616 104 3528 104 3528 2538 3616 2538 3617 2538 3528 2539 3617 2539 3584 2539 3597 2540 3618 2540 3552 2540 3552 2541 3618 2541 3619 2541 3552 104 3619 104 3528 104 3528 104 3619 104 3620 104 3528 2542 3620 2542 3572 2542 3621 104 3622 104 3592 104 3623 2543 3624 2543 3625 2543 3621 104 3592 104 3626 104 3627 2544 3628 2544 3552 2544 3552 2545 3628 2545 3629 2545 3552 2546 3629 2546 3630 2546 3622 2547 3631 2547 3592 2547 3592 2548 3631 2548 3632 2548 3592 2549 3632 2549 3633 2549 3630 2550 3634 2550 3552 2550 3552 2551 3634 2551 3635 2551 3552 2552 3635 2552 3636 2552 3636 104 3637 104 3552 104 3552 2553 3637 2553 3638 2553 3552 104 3638 104 3592 104 3592 2554 3638 2554 3639 2554 3592 2555 3639 2555 3626 2555 3625 2556 3640 2556 3641 2556 3633 2557 3642 2557 3592 2557 3592 2558 3642 2558 3643 2558 3592 104 3643 104 3625 104 3625 104 3643 104 3644 104 3625 2559 3644 2559 3623 2559 3624 2560 3645 2560 3625 2560 3625 2561 3645 2561 3646 2561 3625 2562 3646 2562 3640 2562 3647 2563 3648 2563 3649 2563 3650 2564 3651 2564 3647 2564 3647 2565 3651 2565 3652 2565 3647 2566 3652 2566 3653 2566 3641 104 3654 104 3625 104 3625 2567 3654 2567 3655 2567 3625 2568 3655 2568 3648 2568 3649 104 3656 104 3647 104 3647 2569 3656 2569 3657 2569 3647 2570 3657 2570 3650 2570 3653 2571 3658 2571 3647 2571 3647 2572 3658 2572 3659 2572 3647 104 3659 104 3552 104 3552 104 3659 104 3660 104 3552 2573 3660 2573 3627 2573 3661 104 3662 104 3663 104 3664 2571 3665 2571 3647 2571 3666 2574 3667 2574 3625 2574 3625 2575 3667 2575 3668 2575 3668 104 3669 104 3625 104 3625 2576 3669 2576 3670 2576 3625 2577 3670 2577 3671 2577 3664 104 3647 104 3672 104 3647 2578 3673 2578 3674 2578 3648 104 3647 104 3625 104 3625 104 3647 104 3675 104 3625 2579 3675 2579 3676 2579 3676 104 3677 104 3625 104 3625 2580 3677 2580 3678 2580 3625 2581 3678 2581 3666 2581 3679 104 3680 104 3681 104 3681 2582 3680 2582 3682 2582 3683 104 3684 104 3681 104 3681 2583 3684 2583 3685 2583 3665 2584 3686 2584 3647 2584 3647 2585 3686 2585 3687 2585 3647 2586 3687 2586 3673 2586 3671 104 3688 104 3625 104 3625 2587 3688 2587 3689 2587 3625 2588 3689 2588 3663 2588 3663 2589 3689 2589 3690 2589 3663 2590 3690 2590 3661 2590 3662 104 3691 104 3663 104 3663 2591 3691 2591 3692 2591 3663 2592 3692 2592 3693 2592 3682 104 3694 104 3681 104 3681 2593 3694 2593 3695 2593 3681 2594 3695 2594 3683 2594 3685 104 3696 104 3681 104 3681 2595 3696 2595 3697 2595 3681 2596 3697 2596 3647 2596 3647 2597 3697 2597 3698 2597 3647 104 3698 104 3672 104 3674 104 3699 104 3647 104 3647 2598 3699 2598 3700 2598 3647 2599 3700 2599 3675 2599 3701 104 3702 104 3703 104 3703 2600 3702 2600 3704 2600 3703 104 3704 104 3705 104 3693 104 3679 104 3663 104 3663 104 3679 104 3681 104 3663 104 3681 104 3706 104 3706 104 3681 104 3707 104 3708 104 2794 104 3703 104 3703 104 2794 104 2796 104 3703 2601 2796 2601 3701 2601 3705 104 3709 104 3703 104 3703 2602 3709 2602 3710 2602 3703 2603 3710 2603 3711 2603 3712 104 3713 104 3504 104 3714 104 3715 104 3504 104 3716 104 3717 104 2792 104 2792 2604 3717 2604 3718 2604 3715 104 3719 104 3504 104 3504 2605 3719 2605 3720 2605 3504 2606 3720 2606 3712 2606 3718 2607 3721 2607 2792 2607 2792 2608 3721 2608 3722 2608 2792 2609 3722 2609 3723 2609 3724 104 3725 104 2792 104 3713 104 3726 104 3504 104 3504 2610 3726 2610 3727 2610 3504 104 3727 104 3708 104 3728 104 3729 104 2794 104 3723 104 3730 104 2792 104 2792 2611 3730 2611 3731 2611 2792 2612 3731 2612 3724 2612 3727 104 3732 104 3708 104 3708 104 3732 104 3733 104 3708 2613 3733 2613 2794 2613 2794 2614 3733 2614 3734 2614 2794 2615 3734 2615 3735 2615 3716 104 2792 104 3736 104 3736 104 2792 104 2794 104 3736 2616 2794 2616 3737 2616 3738 104 3739 104 3504 104 3504 2617 3739 2617 3740 2617 3504 2618 3740 2618 3714 2618 3735 2619 3741 2619 2794 2619 2794 2620 3741 2620 3742 2620 2794 2621 3742 2621 3728 2621 3725 2622 3743 2622 2792 2622 2792 2623 3743 2623 3744 2623 2792 2624 3744 2624 3504 2624 3504 2625 3744 2625 3745 2625 3504 2626 3745 2626 3738 2626 3729 2627 3746 2627 2794 2627 2794 2628 3746 2628 3747 2628 2794 2629 3747 2629 3737 2629 3748 104 2790 104 3749 104 3749 104 2790 104 3750 104 3748 104 3751 104 2790 104 2790 2630 3751 2630 3752 2630 2790 2631 3752 2631 3753 2631 3503 104 3754 104 3504 104 3504 2632 3754 2632 3755 2632 3504 2633 3755 2633 3756 2633 3757 104 3758 104 2792 104 2792 2634 3758 2634 3759 2634 2792 104 3759 104 2790 104 2790 2635 3759 2635 3760 2635 2790 2636 3760 2636 3750 2636 3761 104 3762 104 3763 104 3763 104 3762 104 2790 104 3763 104 2790 104 3764 104 3764 104 2790 104 3753 104 3761 2637 3765 2637 3762 2637 3762 2638 3765 2638 3766 2638 3762 2639 3766 2639 3767 2639 3768 104 3769 104 2792 104 2792 2640 3769 2640 3770 2640 2792 2641 3770 2641 3757 2641 3756 104 3771 104 3504 104 3504 2642 3771 2642 3772 2642 3504 2643 3772 2643 2792 2643 2792 2644 3772 2644 3773 2644 2792 2645 3773 2645 3768 2645 3774 104 3775 104 3776 104 3776 2646 3775 2646 3777 2646 3776 2647 3777 2647 3778 2647 3779 104 3780 104 2790 104 3781 104 3782 104 3762 104 3762 2648 3782 2648 3783 2648 3762 2649 3783 2649 3784 2649 3780 104 3785 104 2790 104 2790 2650 3785 2650 3786 2650 2790 2651 3786 2651 3787 2651 3788 104 3789 104 3776 104 3776 104 3789 104 3790 104 3776 104 3790 104 3762 104 3762 2652 3790 2652 3791 2652 3762 2653 3791 2653 3781 2653 3784 104 3792 104 3762 104 3762 104 3792 104 3793 104 3762 2654 3793 2654 3794 2654 3795 104 3796 104 2790 104 2790 2655 3796 2655 3797 2655 2790 2656 3797 2656 3779 2656 3787 104 3798 104 2790 104 2790 2657 3798 2657 3799 2657 2790 104 3799 104 2788 104 2788 2658 3799 2658 3800 2658 2788 2659 3800 2659 3801 2659 3778 2660 3802 2660 3776 2660 3776 2661 3802 2661 3803 2661 3776 104 3803 104 3804 104 3805 104 3806 104 3776 104 3794 104 3807 104 3762 104 3762 2662 3807 2662 3808 2662 3762 2663 3808 2663 3809 2663 3806 104 3810 104 3776 104 3776 2664 3810 2664 3811 2664 3776 2665 3811 2665 3788 2665 3809 2666 3812 2666 3762 2666 3762 2667 3812 2667 3813 2667 3762 2668 3813 2668 2790 2668 2790 2669 3813 2669 3814 2669 2790 2670 3814 2670 3795 2670 3804 104 3815 104 3776 104 3776 2671 3815 2671 3816 2671 3776 2672 3816 2672 2788 2672 3801 104 3817 104 2788 104 2788 2673 3817 2673 3818 2673 2788 104 3818 104 3776 104 3776 2674 3818 2674 3819 2674 3776 2675 3819 2675 3805 2675 3820 2676 3821 2676 3822 2676 3821 104 3823 104 3822 104 3822 2677 3823 2677 3824 2677 3822 2678 3824 2678 3825 2678 3826 104 3827 104 3828 104 3827 2679 3829 2679 3828 2679 3828 2680 3829 2680 3830 2680 3828 2681 3830 2681 3831 2681 3825 104 3832 104 3822 104 3822 2682 3832 2682 3833 2682 3822 2683 3833 2683 3828 2683 3828 2684 3833 2684 3834 2684 3828 104 3834 104 3826 104 3831 2685 3835 2685 3828 2685 3828 2686 3835 2686 3836 2686 3828 104 3836 104 3507 104 3507 2687 3836 2687 3837 2687 3507 2688 3837 2688 3513 2688 3838 2689 3839 2689 3828 2689 3828 2690 3839 2690 3840 2690 3828 2691 3840 2691 3841 2691 3842 2692 3843 2692 3844 2692 3844 2693 3843 2693 3845 2693 3844 2694 3845 2694 3846 2694 3506 104 3847 104 3507 104 3507 2695 3847 2695 3848 2695 3507 104 3848 104 3828 104 3828 2696 3848 2696 3849 2696 3828 2697 3849 2697 3838 2697 3841 2698 3850 2698 3828 2698 3828 2699 3850 2699 3851 2699 3828 104 3851 104 3844 104 3844 104 3851 104 3852 104 3844 2700 3852 2700 3842 2700 3846 2701 3853 2701 3844 2701 3844 2702 3853 2702 3854 2702 3844 104 3854 104 3510 104 3510 2703 3854 2703 3855 2703 3510 2704 3855 2704 3511 2704 3856 2705 3857 2705 3844 2705 3844 2706 3857 2706 3858 2706 3844 2707 3858 2707 3859 2707 3860 104 3861 104 3862 104 3863 2708 3864 2708 3865 2708 3509 104 3866 104 3510 104 3510 2709 3866 2709 3867 2709 3510 104 3867 104 3844 104 3844 2710 3867 2710 3868 2710 3844 2711 3868 2711 3856 2711 3860 104 3862 104 3869 104 3864 104 3870 104 3865 104 3865 2712 3870 2712 3871 2712 3865 104 3871 104 3872 104 3861 104 3873 104 3862 104 3862 2713 3873 2713 3874 2713 3862 104 3874 104 3875 104 3875 2714 3874 2714 3876 2714 3875 2715 3876 2715 3877 2715 3859 2716 3878 2716 3844 2716 3844 2717 3878 2717 3879 2717 3844 104 3879 104 3880 104 3880 104 3879 104 3872 104 3880 104 3872 104 3881 104 3881 104 3872 104 3871 104 3862 2718 3882 2718 3869 2718 3869 2719 3882 2719 3883 2719 3869 2720 3883 2720 3865 2720 3865 2721 3883 2721 3884 2721 3865 2722 3884 2722 3863 2722 3885 104 3886 104 3887 104 3887 2723 3888 2723 3889 2723 3886 104 3890 104 3887 104 3887 2724 3890 2724 3891 2724 3887 2725 3891 2725 3888 2725 3892 104 3893 104 3894 104 3889 104 3895 104 3887 104 3887 2538 3895 2538 3896 2538 3887 104 3896 104 3897 104 3897 2726 3896 2726 3898 2726 3897 2727 3898 2727 3899 2727 3900 104 3901 104 3902 104 3899 104 3903 104 3897 104 3897 2728 3903 2728 3904 2728 3897 104 3904 104 3905 104 3905 2729 3904 2729 3906 2729 3905 104 3906 104 3907 104 3907 2730 3906 2730 3908 2730 3907 104 3908 104 3909 104 3909 2731 3908 2731 3910 2731 3909 104 3910 104 3911 104 3911 2732 3910 2732 3912 2732 3911 104 3912 104 3913 104 3900 104 3902 104 3914 104 3892 104 3894 104 3915 104 3893 2733 3916 2733 3894 2733 3894 2734 3916 2734 3917 2734 3894 2735 3917 2735 3918 2735 3901 2504 3919 2504 3902 2504 3902 2505 3919 2505 3920 2505 3902 2506 3920 2506 3921 2506 3918 2736 3922 2736 3894 2736 3894 2737 3922 2737 3923 2737 3894 2738 3923 2738 3924 2738 3924 104 3925 104 3894 104 3894 2739 3925 2739 3926 2739 3894 104 3926 104 3902 104 3902 2536 3926 2536 3927 2536 3902 2740 3927 2740 3914 2740 3921 2513 3928 2513 3902 2513 3902 2514 3928 2514 3929 2514 3902 104 3929 104 3887 104 3887 104 3929 104 3930 104 3887 2741 3930 2741 3885 2741 2834 2742 2836 2742 3911 2742 2836 104 3931 104 3911 104 3911 2743 3931 2743 3932 2743 3911 104 3932 104 3933 104 3933 104 3932 104 3934 104 3935 104 3936 104 3937 104 3935 104 3938 104 3936 104 3936 2744 3938 2744 3939 2744 3936 104 3939 104 3940 104 3937 104 2826 104 3935 104 3935 104 2826 104 3941 104 3935 104 3941 104 3942 104 3942 104 3941 104 3943 104 3944 2745 3945 2745 3946 2745 3947 2746 3948 2746 3949 2746 3949 104 3950 104 3947 104 3947 2747 3950 2747 3951 2747 3947 2748 3951 2748 3952 2748 3952 2749 3953 2749 3947 2749 3947 2750 3953 2750 3954 2750 3947 104 3954 104 3955 104 3955 2751 3954 2751 3956 2751 3955 104 3956 104 3822 104 3822 2752 3956 2752 3957 2752 3822 2753 3957 2753 3820 2753 3946 104 3958 104 3944 104 3944 2754 3958 2754 3959 2754 3944 2755 3959 2755 3960 2755 3514 104 3961 104 3507 104 3507 2756 3961 2756 3962 2756 3507 104 3962 104 3944 104 3944 2509 3962 2509 3963 2509 3944 2757 3963 2757 3945 2757 3960 104 3964 104 3944 104 3944 104 3964 104 3965 104 3944 104 3965 104 3947 104 3947 2758 3965 2758 3966 2758 3947 2759 3966 2759 3948 2759 3967 104 3968 104 3887 104 3968 104 3969 104 3887 104 3887 2760 3969 2760 3970 2760 3887 2488 3970 2488 3971 2488 3972 2761 3973 2761 3902 2761 3902 2762 3973 2762 3974 2762 3902 2763 3974 2763 3975 2763 3877 104 3976 104 3875 104 3875 2764 3976 2764 3977 2764 3875 104 3977 104 3887 104 3887 2765 3977 2765 3978 2765 3887 2766 3978 2766 3967 2766 3971 104 3979 104 3887 104 3887 2767 3979 2767 3980 2767 3887 104 3980 104 3902 104 3902 104 3980 104 3981 104 3902 2768 3981 2768 3972 2768 3975 2769 3982 2769 3902 2769 3902 2508 3982 2508 3983 2508 3902 104 3983 104 3510 104 3510 2770 3983 2770 3984 2770 3510 2771 3984 2771 3508 2771 3985 2772 3986 2772 3902 2772 3902 2773 3986 2773 3987 2773 3902 2774 3987 2774 3988 2774 3989 2775 3990 2775 3944 2775 3944 2776 3990 2776 3991 2776 3944 2777 3991 2777 3992 2777 3512 104 3993 104 3510 104 3510 2778 3993 2778 3994 2778 3510 104 3994 104 3902 104 3902 2779 3994 2779 3995 2779 3902 2780 3995 2780 3985 2780 3988 2781 3996 2781 3902 2781 3902 2782 3996 2782 3997 2782 3902 104 3997 104 3944 104 3944 104 3997 104 3998 104 3944 2783 3998 2783 3989 2783 3992 2769 3999 2769 3944 2769 3944 2784 3999 2784 4000 2784 3944 104 4000 104 3507 104 3507 2785 4000 2785 4001 2785 3507 2786 4001 2786 3505 2786 4002 104 4003 104 2807 104 4004 104 4005 104 2805 104 2805 2787 4005 2787 4006 2787 2805 2788 4006 2788 4007 2788 4007 104 4008 104 2805 104 2805 2789 4008 2789 4009 2789 2805 104 4009 104 2807 104 2807 2790 4009 2790 4010 2790 2807 2791 4010 2791 4002 2791 4011 104 4012 104 3552 104 4013 2792 4014 2792 3647 2792 4011 104 3552 104 4015 104 4016 2793 4017 2793 2823 2793 2823 2794 4017 2794 4018 2794 2823 2795 4018 2795 4019 2795 4012 2796 4020 2796 3552 2796 3552 2797 4020 2797 4021 2797 3552 2798 4021 2798 4022 2798 4019 2799 4023 2799 2823 2799 2823 2800 4023 2800 4024 2800 2823 2801 4024 2801 4025 2801 4025 104 4026 104 2823 104 2823 2802 4026 2802 4027 2802 2823 104 4027 104 3552 104 3552 2803 4027 2803 4028 2803 3552 2804 4028 2804 4015 2804 3647 2805 4029 2805 4030 2805 4022 2806 4031 2806 3552 2806 3552 2807 4031 2807 4032 2807 3552 104 4032 104 3647 104 3647 104 4032 104 4033 104 3647 2808 4033 2808 4013 2808 4014 2809 4034 2809 3647 2809 3647 2810 4034 2810 4035 2810 3647 2811 4035 2811 4029 2811 4036 104 4037 104 2821 104 4038 2812 4039 2812 2821 2812 2821 2813 4039 2813 4040 2813 2821 2814 4040 2814 4041 2814 4030 104 4042 104 3647 104 3647 2815 4042 2815 4043 2815 3647 2816 4043 2816 4036 2816 4037 104 4044 104 2821 104 2821 2817 4044 2817 4045 2817 2821 2818 4045 2818 4038 2818 4041 2819 4046 2819 2821 2819 2821 2820 4046 2820 4047 2820 2821 104 4047 104 2823 104 2823 104 4047 104 4048 104 2823 2821 4048 2821 4016 2821 3647 2822 4049 2822 4050 2822 4051 2823 4052 2823 2819 2823 4053 2819 4054 2819 2821 2819 4050 104 4055 104 3647 104 3647 2824 4055 2824 4056 2824 3647 2825 4056 2825 4057 2825 4058 104 3681 104 4059 104 4059 104 3681 104 4060 104 4053 104 2821 104 4061 104 2821 2826 4062 2826 4063 2826 4036 104 2821 104 3647 104 3647 104 2821 104 4064 104 3647 2827 4064 2827 4065 2827 4065 104 4066 104 3647 104 3647 2828 4066 2828 4067 2828 3647 2829 4067 2829 4049 2829 4052 104 4068 104 2819 104 2819 2830 4068 2830 4069 2830 2819 2831 4069 2831 4070 2831 4054 2832 4071 2832 2821 2832 2821 2833 4071 2833 4072 2833 2821 2834 4072 2834 4062 2834 4057 104 4073 104 3647 104 3647 104 4073 104 4074 104 3647 104 4074 104 3681 104 3681 2835 4074 2835 4075 2835 3681 2836 4075 2836 4060 2836 4058 104 4076 104 3681 104 3681 2837 4076 2837 4077 2837 3681 2838 4077 2838 4078 2838 4078 104 4079 104 3681 104 3681 2839 4079 2839 4080 2839 3681 104 4080 104 2819 104 2819 2840 4080 2840 4081 2840 2819 2841 4081 2841 4051 2841 4070 104 4082 104 2819 104 2819 2842 4082 2842 4083 2842 2819 2843 4083 2843 2821 2843 2821 2844 4083 2844 4084 2844 2821 104 4084 104 4061 104 4063 104 4085 104 2821 104 2821 2845 4085 2845 4086 2845 2821 2846 4086 2846 4064 2846 2819 104 2817 104 3681 104 3681 104 2817 104 3703 104 3681 104 3703 104 3707 104 3707 2847 3703 2847 3711 2847 4003 104 3502 104 2807 104 2807 2848 3502 2848 3504 2848 2807 104 3504 104 2809 104 2809 104 3504 104 3708 104 2809 104 3708 104 2811 104 2811 104 3708 104 3703 104 2811 104 3703 104 2813 104 2813 104 3703 104 2817 104 2813 104 2817 104 2815 104 3767 2849 4004 2849 3762 2849 3762 2850 4004 2850 2805 2850 3762 104 2805 104 3776 104 3776 104 2805 104 2803 104 3776 104 2803 104 4087 104 4087 104 2803 104 2801 104 4087 104 2801 104 3941 104 3941 104 2801 104 2799 104 3941 2851 2799 2851 3943 2851 4088 2793 4089 2793 3902 2793 4090 104 4091 104 3944 104 4092 2852 4093 2852 3894 2852 3894 2853 4093 2853 4094 2853 3894 2854 4094 2854 4095 2854 4090 104 3944 104 4096 104 3902 2800 4097 2800 4098 2800 4099 104 4100 104 3894 104 3894 2855 4100 2855 4101 2855 3894 2856 4101 2856 4092 2856 4102 2733 4103 2733 4104 2733 4104 2857 4103 2857 4105 2857 4104 2858 4105 2858 4106 2858 4091 2812 4107 2812 3944 2812 3944 2813 4107 2813 4108 2813 3944 2814 4108 2814 4109 2814 4089 2832 4110 2832 3902 2832 3902 2795 4110 2795 4111 2795 3902 2859 4111 2859 4097 2859 4095 2860 4112 2860 3894 2860 3894 2861 4112 2861 4113 2861 3894 104 4113 104 4104 104 4104 104 4113 104 4114 104 4104 2862 4114 2862 4102 2862 4106 2736 4115 2736 4104 2736 4104 2863 4115 2863 4116 2863 4104 2864 4116 2864 4117 2864 4117 104 4118 104 4104 104 4104 2865 4118 2865 4119 2865 4104 104 4119 104 3944 104 3944 2563 4119 2563 4120 2563 3944 2866 4120 2866 4096 2866 4098 104 4121 104 3902 104 3902 2598 4121 2598 4122 2598 3902 104 4122 104 3894 104 3894 2867 4122 2867 4123 2867 3894 2865 4123 2865 4099 2865 4109 2819 4124 2819 3944 2819 3944 2820 4124 2820 4125 2820 3944 104 4125 104 3902 104 3902 104 4125 104 4126 104 3902 2821 4126 2821 4088 2821 4104 2868 4127 2868 4128 2868 4129 2869 4130 2869 3947 2869 4131 2819 4132 2819 3944 2819 4128 104 4133 104 4104 104 4104 2870 4133 2870 4134 2870 4104 2871 4134 2871 4135 2871 4136 104 4137 104 4138 104 4138 104 4137 104 4139 104 4131 104 3944 104 4140 104 3944 2826 4141 2826 4142 2826 4143 104 4144 104 4104 104 4104 2872 4144 2872 4145 2872 4104 2873 4145 2873 4127 2873 4130 104 4146 104 3947 104 3947 2830 4146 2830 4147 2830 3947 2831 4147 2831 4148 2831 4132 2832 4149 2832 3944 2832 3944 2833 4149 2833 4150 2833 3944 2834 4150 2834 4141 2834 4135 104 4151 104 4104 104 4104 104 4151 104 4152 104 4104 104 4152 104 4137 104 4137 2874 4152 2874 4153 2874 4137 2875 4153 2875 4139 2875 4136 104 4154 104 4137 104 4137 2876 4154 2876 4155 2876 4137 2877 4155 2877 4156 2877 4156 104 4157 104 4137 104 4137 2878 4157 2878 4158 2878 4137 104 4158 104 3947 104 3947 2582 4158 2582 4159 2582 3947 2879 4159 2879 4129 2879 4148 104 4160 104 3947 104 3947 2842 4160 2842 4161 2842 3947 2843 4161 2843 3944 2843 3944 2844 4161 2844 4162 2844 3944 104 4162 104 4140 104 4142 104 4163 104 3944 104 3944 2598 4163 2598 4164 2598 3944 104 4164 104 4104 104 4104 2880 4164 2880 4165 2880 4104 2881 4165 2881 4143 2881 3822 104 3774 104 3955 104 3955 2882 3774 2882 3776 2882 3955 104 3776 104 3947 104 3947 104 3776 104 4087 104 3947 104 4087 104 4137 104 4137 104 4087 104 3941 104 2826 104 2828 104 3941 104 3941 104 2828 104 2830 104 3941 104 2830 104 4137 104 4137 104 2830 104 2832 104 4137 104 2832 104 4104 104 4104 104 2832 104 2834 104 4104 104 2834 104 3894 104 3894 104 2834 104 3911 104 3894 2883 3911 2883 3915 2883 3915 104 3911 104 3913 104 3583 193 3181 193 3528 193 3528 193 3181 193 3171 193 3528 193 3171 193 3531 193 3531 193 3171 193 3241 193 3208 195 3607 195 3129 195 3129 195 3607 195 3592 195 3129 195 3592 195 3091 195 3091 195 3592 195 3625 195 3091 195 3625 195 3083 195 3083 195 3625 195 3663 195 3083 195 3663 195 3081 195 3081 195 3663 195 3706 195 3880 194 2924 194 3844 194 3844 194 2924 194 2904 194 3844 194 2904 194 3828 194 3828 194 2904 194 2936 194 3828 194 2936 194 3822 194 3822 194 2936 194 2845 194 3822 194 2845 194 3774 194 3774 194 2845 194 2844 194 2911 193 3862 193 2909 193 2909 193 3862 193 3875 193 2909 193 3875 193 2875 193 2875 193 3875 193 3887 193 2875 193 3887 193 2882 193 2882 193 3887 193 3897 193 2961 2884 3834 2884 2962 2884 2962 2885 3834 2885 3833 2885 2962 2886 3833 2886 2963 2886 2963 2887 3833 2887 3832 2887 2963 2888 3832 2888 2948 2888 2948 2889 3832 2889 3825 2889 2948 2890 3825 2890 2949 2890 2949 2890 3825 2890 3824 2890 2949 2891 3824 2891 2950 2891 2950 2891 3824 2891 3823 2891 2950 2892 3823 2892 2951 2892 2951 2893 3823 2893 3821 2893 2951 2894 3821 2894 3284 2894 3284 2895 3821 2895 3820 2895 3284 2896 3820 2896 3285 2896 3285 2897 3820 2897 3957 2897 3285 2898 3957 2898 3286 2898 3286 2899 3957 2899 3956 2899 3286 2900 3956 2900 3287 2900 3287 2901 3956 2901 3954 2901 3287 2902 3954 2902 3281 2902 3281 2903 3954 2903 3953 2903 3281 2904 3953 2904 3282 2904 3282 2905 3953 2905 3952 2905 3282 2906 3952 2906 3288 2906 3288 2907 3952 2907 3951 2907 3288 2908 3951 2908 3289 2908 3289 2908 3951 2908 3950 2908 3289 2909 3950 2909 3290 2909 3290 2909 3950 2909 3949 2909 3290 2910 3949 2910 3297 2910 3297 2911 3949 2911 3948 2911 3297 2912 3948 2912 3298 2912 3298 2913 3948 2913 3966 2913 3298 2914 3966 2914 3299 2914 3299 2915 3966 2915 3965 2915 3291 2916 3964 2916 3292 2916 3292 2917 3964 2917 3960 2917 3292 2918 3960 2918 3294 2918 3294 2919 3960 2919 3959 2919 3294 2920 3959 2920 3295 2920 3295 2921 3959 2921 3958 2921 3295 2922 3958 2922 3296 2922 3296 2922 3958 2922 3946 2922 3296 989 3946 989 3300 989 3300 989 3946 989 3945 989 3300 2923 3945 2923 3301 2923 3301 2924 3945 2924 3963 2924 3301 2925 3963 2925 3302 2925 3302 2926 3963 2926 3962 2926 3302 2927 3962 2927 2841 2927 2841 2928 3962 2928 3961 2928 2841 2929 3961 2929 2842 2929 2842 2930 3961 2930 3514 2930 2842 2931 3514 2931 2958 2931 2958 2932 3514 2932 3513 2932 2958 2933 3513 2933 2959 2933 2959 2934 3513 2934 3837 2934 2959 2935 3837 2935 2960 2935 2960 2936 3837 2936 3836 2936 2960 2937 3836 2937 2952 2937 2952 2938 3836 2938 3835 2938 2952 995 3835 995 2953 995 2953 995 3835 995 3831 995 2953 2939 3831 2939 2954 2939 2954 2939 3831 2939 3830 2939 2954 2940 3830 2940 2955 2940 2955 2941 3830 2941 3829 2941 2955 2942 3829 2942 2956 2942 2956 2943 3829 2943 3827 2943 2956 2944 3827 2944 2957 2944 2957 2945 3827 2945 3826 2945 3964 194 3291 194 3965 194 3965 194 3291 194 3299 194 3834 195 2961 195 3826 195 3826 195 2961 195 2957 195 3424 2884 4162 2884 3425 2884 3425 2885 4162 2885 4161 2885 3425 2886 4161 2886 3388 2886 3388 2887 4161 2887 4160 2887 3388 2888 4160 2888 3389 2888 3389 2889 4160 2889 4148 2889 3389 2890 4148 2890 3390 2890 3390 2890 4148 2890 4147 2890 3390 2891 4147 2891 3391 2891 3391 2891 4147 2891 4146 2891 3391 2892 4146 2892 3392 2892 3392 2893 4146 2893 4130 2893 3392 2895 4130 2895 3395 2895 3395 2895 4130 2895 4129 2895 3395 2897 4129 2897 3394 2897 3394 2946 4129 2946 4159 2946 3394 2899 4159 2899 3393 2899 3393 2947 4159 2947 4158 2947 3393 2901 4158 2901 3396 2901 3396 2948 4158 2948 4157 2948 3396 2949 4157 2949 3397 2949 3397 2903 4157 2903 4156 2903 3397 2905 4156 2905 3398 2905 3398 2905 4156 2905 4155 2905 3398 2906 4155 2906 3399 2906 3399 2906 4155 2906 4154 2906 3399 2908 4154 2908 3400 2908 3400 2908 4154 2908 4136 2908 3400 2909 4136 2909 3401 2909 3401 2909 4136 2909 4138 2909 3401 2950 4138 2950 3404 2950 3404 2911 4138 2911 4139 2911 3404 2913 4139 2913 3405 2913 3405 2913 4139 2913 4153 2913 3405 2914 4153 2914 3406 2914 3406 2915 4153 2915 4152 2915 4151 194 3402 194 4152 194 4152 194 3402 194 3406 194 4162 195 3424 195 4140 195 4140 195 3424 195 3423 195 3402 2916 4151 2916 3403 2916 3403 2917 4151 2917 4135 2917 3403 2918 4135 2918 3411 2918 3411 2918 4135 2918 4134 2918 3411 2920 4134 2920 3412 2920 3412 2951 4134 2951 4133 2951 3412 2922 4133 2922 3413 2922 3413 2922 4133 2922 4128 2922 3413 989 4128 989 3417 989 3417 989 4128 989 4127 989 3417 2924 4127 2924 3418 2924 3418 2924 4127 2924 4145 2924 3418 2925 4145 2925 3419 2925 3419 2925 4145 2925 4144 2925 3419 2927 4144 2927 3420 2927 3420 2952 4144 2952 4143 2952 3420 2953 4143 2953 3421 2953 3421 2929 4143 2929 4165 2929 3421 2954 4165 2954 3422 2954 3422 2931 4165 2931 4164 2931 3422 2955 4164 2955 3407 2955 3407 2933 4164 2933 4163 2933 3407 2935 4163 2935 3408 2935 3408 2935 4163 2935 4142 2935 3408 2937 4142 2937 3409 2937 3409 2938 4142 2938 4141 2938 3409 995 4141 995 3410 995 3410 995 4141 995 4150 995 3410 2939 4150 2939 3414 2939 3414 2939 4150 2939 4149 2939 3414 2940 4149 2940 3415 2940 3415 2941 4149 2941 4132 2941 3415 2942 4132 2942 3416 2942 3416 2943 4132 2943 4131 2943 3416 2944 4131 2944 3423 2944 3423 2945 4131 2945 4140 2945 3929 195 2899 195 3930 195 3930 195 2899 195 2898 195 2878 2956 3915 2956 2879 2956 2879 2957 3915 2957 3913 2957 2879 2918 3913 2918 2886 2918 2886 2918 3913 2918 3912 2918 2886 2958 3912 2958 2887 2958 2887 2959 3912 2959 3910 2959 2887 2922 3910 2922 2889 2922 2889 2922 3910 2922 3908 2922 2889 2960 3908 2960 2892 2960 2892 2960 3908 2960 3906 2960 2892 2961 3906 2961 2893 2961 2893 2961 3906 2961 3904 2961 2893 2962 3904 2962 2880 2962 2880 2962 3904 2962 3903 2962 2880 2927 3903 2927 2881 2927 2881 2952 3903 2952 3899 2952 2881 2963 3899 2963 2894 2963 2894 2964 3899 2964 3898 2964 2894 2965 3898 2965 2895 2965 2895 2966 3898 2966 3896 2966 2895 2955 3896 2955 2896 2955 2896 2933 3896 2933 3895 2933 2896 2967 3895 2967 2873 2967 2873 2967 3895 2967 3889 2967 2873 2968 3889 2968 2874 2968 2874 2969 3889 2969 3888 2969 2874 2970 3888 2970 2883 2970 2883 2970 3888 2970 3891 2970 2883 2939 3891 2939 2884 2939 2884 2939 3891 2939 3890 2939 2884 2971 3890 2971 2885 2971 2885 2972 3890 2972 3886 2972 2885 2942 3886 2942 2897 2942 2897 2943 3886 2943 3885 2943 2897 2973 3885 2973 2898 2973 2898 2974 3885 2974 3930 2974 2899 2884 3929 2884 2855 2884 2855 2885 3929 2885 3928 2885 2855 2886 3928 2886 2856 2886 2856 2887 3928 2887 3921 2887 2856 2975 3921 2975 2860 2975 2860 2976 3921 2976 3920 2976 2860 2977 3920 2977 2861 2977 2861 2977 3920 2977 3919 2977 2861 2891 3919 2891 2858 2891 2858 2891 3919 2891 3901 2891 2858 2892 3901 2892 2859 2892 2859 2893 3901 2893 3900 2893 2859 2895 3900 2895 2867 2895 2867 2895 3900 2895 3914 2895 2867 2897 3914 2897 2868 2897 2868 2946 3914 2946 3927 2946 2868 2899 3927 2899 2869 2899 2869 2947 3927 2947 3926 2947 2869 2901 3926 2901 2870 2901 2870 2948 3926 2948 3925 2948 2870 2949 3925 2949 2871 2949 2871 2903 3925 2903 3924 2903 2871 2905 3924 2905 2872 2905 2872 2905 3924 2905 3923 2905 2872 2906 3923 2906 2862 2906 2862 2906 3923 2906 3922 2906 2862 2908 3922 2908 2863 2908 2863 2908 3922 2908 3918 2908 2863 2978 3918 2978 2865 2978 2865 2978 3918 2978 3917 2978 2865 2979 3917 2979 2866 2979 2866 2980 3917 2980 3916 2980 2866 2913 3916 2913 2876 2913 2876 2913 3916 2913 3893 2913 2876 2914 3893 2914 2877 2914 2877 2915 3893 2915 3892 2915 3915 194 2878 194 3892 194 3892 194 2878 194 2877 194 3317 2956 3980 2956 3303 2956 3303 2957 3980 2957 3979 2957 3303 2918 3979 2918 3304 2918 3304 2919 3979 2919 3971 2919 3304 2958 3971 2958 3309 2958 3309 2981 3971 2981 3970 2981 3309 2922 3970 2922 3310 2922 3310 2922 3970 2922 3969 2922 3310 2960 3969 2960 3311 2960 3311 2960 3969 2960 3968 2960 3311 2982 3968 2982 3318 2982 3318 2961 3968 2961 3967 2961 3318 2962 3967 2962 3319 2962 3319 2983 3967 2983 3978 2983 3319 2927 3978 2927 3320 2927 3320 2928 3978 2928 3977 2928 3320 2964 3977 2964 2907 2964 2907 2984 3977 2984 3976 2984 2907 2966 3976 2966 2908 2966 2908 2985 3976 2985 3877 2985 2908 2933 3877 2933 2910 2933 2910 2934 3877 2934 3876 2934 2910 2967 3876 2967 2912 2967 2912 2986 3876 2986 3874 2986 2912 2968 3874 2968 2913 2968 2913 2969 3874 2969 3873 2969 2913 2970 3873 2970 2914 2970 2914 2970 3873 2970 3861 2970 2914 2939 3861 2939 2915 2939 2915 2939 3861 2939 3860 2939 2915 2971 3860 2971 2917 2971 2917 2972 3860 2972 3869 2972 2917 2942 3869 2942 2900 2942 2900 2943 3869 2943 3865 2943 2900 2973 3865 2973 2922 2973 2922 2974 3865 2974 3872 2974 3879 195 2925 195 3872 195 3872 195 2925 195 2922 195 3980 194 3317 194 3981 194 3981 194 3317 194 3316 194 2925 2884 3879 2884 2926 2884 2926 2885 3879 2885 3878 2885 2926 2886 3878 2886 2906 2886 2906 2887 3878 2887 3859 2887 2906 2975 3859 2975 2905 2975 2905 2976 3859 2976 3858 2976 2905 2977 3858 2977 2903 2977 2903 2977 3858 2977 3857 2977 2903 2891 3857 2891 2927 2891 2927 2891 3857 2891 3856 2891 2927 2892 3856 2892 2928 2892 2928 2893 3856 2893 3868 2893 2928 2894 3868 2894 2929 2894 2929 2895 3868 2895 3867 2895 2929 2896 3867 2896 2849 2896 2849 2897 3867 2897 3866 2897 2849 2898 3866 2898 2850 2898 2850 2899 3866 2899 3509 2899 2850 2900 3509 2900 3312 2900 3312 2901 3509 2901 3508 2901 3312 2902 3508 2902 3313 2902 3313 2903 3508 2903 3984 2903 3313 2904 3984 2904 3314 2904 3314 2905 3984 2905 3983 2905 3314 2906 3983 2906 3305 2906 3305 2907 3983 2907 3982 2907 3305 2908 3982 2908 3306 2908 3306 2908 3982 2908 3975 2908 3306 2978 3975 2978 3307 2978 3307 2978 3975 2978 3974 2978 3307 2987 3974 2987 3308 2987 3308 2980 3974 2980 3973 2980 3308 2912 3973 2912 3315 2912 3315 2913 3973 2913 3972 2913 3315 2914 3972 2914 3316 2914 3316 2915 3972 2915 3981 2915 3851 195 2944 195 3852 195 3852 195 2944 195 2943 195 2944 2884 3851 2884 2934 2884 2934 2885 3851 2885 3850 2885 2934 2886 3850 2886 2935 2886 2935 2887 3850 2887 3841 2887 2935 2888 3841 2888 2937 2888 2937 2889 3841 2889 3840 2889 2937 2890 3840 2890 2938 2890 2938 2890 3840 2890 3839 2890 2938 2891 3839 2891 2945 2891 2945 2891 3839 2891 3838 2891 2945 2988 3838 2988 2946 2988 2946 2989 3838 2989 3849 2989 2946 2990 3849 2990 2947 2990 2947 2991 3849 2991 3848 2991 2947 2896 3848 2896 2847 2896 2847 2897 3848 2897 3847 2897 2847 2898 3847 2898 2848 2898 2848 2899 3847 2899 3506 2899 2848 2900 3506 2900 3332 2900 3332 2901 3506 2901 3505 2901 3332 2902 3505 2902 3333 2902 3333 2903 3505 2903 4001 2903 3333 2992 4001 2992 3334 2992 3334 2993 4001 2993 4000 2993 3334 2994 4000 2994 3325 2994 3325 2995 4000 2995 3999 2995 3325 2908 3999 2908 3326 2908 3326 2908 3999 2908 3992 2908 3326 2909 3992 2909 3327 2909 3327 2909 3992 2909 3991 2909 3327 2910 3991 2910 3328 2910 3328 2911 3991 2911 3990 2911 3328 2912 3990 2912 3335 2912 3335 2913 3990 2913 3989 2913 3335 2914 3989 2914 3336 2914 3336 2915 3989 2915 3998 2915 3997 194 3337 194 3998 194 3998 194 3337 194 3336 194 3337 2956 3997 2956 3321 2956 3321 2957 3997 2957 3996 2957 3321 2996 3996 2996 3322 2996 3322 2997 3996 2997 3988 2997 3322 2920 3988 2920 3323 2920 3323 2921 3988 2921 3987 2921 3323 2922 3987 2922 3324 2922 3324 2922 3987 2922 3986 2922 3324 989 3986 989 3329 989 3329 989 3986 989 3985 989 3329 2923 3985 2923 3330 2923 3330 2924 3985 2924 3995 2924 3330 2998 3995 2998 3331 2998 3331 2999 3995 2999 3994 2999 3331 2927 3994 2927 2838 2927 2838 2928 3994 2928 3993 2928 2838 2964 3993 2964 2839 2964 2839 2984 3993 2984 3512 2984 2839 2966 3512 2966 2939 2966 2939 2985 3512 2985 3511 2985 2939 2933 3511 2933 2940 2933 2940 2934 3511 2934 3855 2934 2940 3000 3855 3000 2941 3000 2941 3001 3855 3001 3854 3001 2941 2937 3854 2937 2930 2937 2930 2938 3854 2938 3853 2938 2930 995 3853 995 2931 995 2931 995 3853 995 3846 995 2931 2939 3846 2939 2932 2939 2932 2939 3846 2939 3845 2939 2932 2940 3845 2940 2933 2940 2933 2941 3845 2941 3843 2941 2933 3002 3843 3002 2942 3002 2942 3003 3843 3003 3842 3003 2942 2973 3842 2973 2943 2973 2943 2974 3842 2974 3852 2974 3387 2884 4125 2884 3350 2884 3350 2885 4125 2885 4124 2885 3350 2886 4124 2886 3351 2886 3351 2887 4124 2887 4109 2887 3351 2888 4109 2888 3371 2888 3371 2889 4109 2889 4108 2889 3371 2890 4108 2890 3372 2890 3372 2890 4108 2890 4107 2890 3372 2891 4107 2891 3359 2891 3359 2891 4107 2891 4091 2891 3359 2988 4091 2988 3360 2988 3360 2989 4091 2989 4090 2989 3360 2991 4090 2991 3382 2991 3382 2991 4090 2991 4096 2991 3382 2897 4096 2897 3383 2897 3383 2946 4096 2946 4120 2946 3383 2899 4120 2899 3384 2899 3384 2947 4120 2947 4119 2947 3384 2901 4119 2901 3361 2901 3361 2948 4119 2948 4118 2948 3361 2949 4118 2949 3362 2949 3362 2903 4118 2903 4117 2903 3362 2993 4117 2993 3363 2993 3363 2993 4117 2993 4116 2993 3363 2994 4116 2994 3354 2994 3354 2994 4116 2994 4115 2994 3354 2908 4115 2908 3355 2908 3355 2908 4115 2908 4106 2908 3355 2909 4106 2909 3356 2909 3356 2909 4106 2909 4105 2909 3356 2950 4105 2950 3357 2950 3357 2911 4105 2911 4103 2911 3357 2913 4103 2913 3373 2913 3373 2913 4103 2913 4102 2913 3373 2914 4102 2914 3374 2914 3374 2915 4102 2915 4114 2915 4113 194 3375 194 4114 194 4114 194 3375 194 3374 194 4125 195 3387 195 4126 195 4126 195 3387 195 3386 195 3375 2956 4113 2956 3364 2956 3364 2957 4113 2957 4112 2957 3364 2996 4112 2996 3365 2996 3365 2996 4112 2996 4095 2996 3365 2920 4095 2920 3366 2920 3366 2951 4095 2951 4094 2951 3366 2922 4094 2922 3367 2922 3367 2922 4094 2922 4093 2922 3367 989 4093 989 3376 989 3376 989 4093 989 4092 989 3376 2924 4092 2924 3377 2924 3377 2924 4092 2924 4101 2924 3377 2998 4101 2998 3378 2998 3378 2998 4101 2998 4100 2998 3378 2927 4100 2927 3379 2927 3379 2952 4100 2952 4099 2952 3379 2963 4099 2963 3380 2963 3380 2964 4099 2964 4123 2964 3380 2965 4123 2965 3381 2965 3381 2966 4123 2966 4122 2966 3381 2955 4122 2955 3358 2955 3358 2933 4122 2933 4121 2933 3358 3000 4121 3000 3352 3000 3352 3000 4121 3000 4098 3000 3352 2937 4098 2937 3353 2937 3353 2938 4098 2938 4097 2938 3353 995 4097 995 3368 995 3368 995 4097 995 4111 995 3368 2939 4111 2939 3369 2939 3369 2939 4111 2939 4110 2939 3369 2940 4110 2940 3370 2940 3370 2941 4110 2941 4089 2941 3370 3002 4089 3002 3385 3002 3385 3003 4089 3003 4088 3003 3385 2973 4088 2973 3386 2973 3386 2974 4088 2974 4126 2974 3104 2917 3671 2917 3089 2917 3089 2917 3671 2917 3670 2917 3089 3004 3670 3004 3090 3004 3090 2918 3670 2918 3669 2918 3090 2920 3669 2920 3113 2920 3113 2951 3669 2951 3668 2951 3113 2922 3668 2922 3114 2922 3114 2922 3668 2922 3667 2922 3114 989 3667 989 3108 989 3108 989 3667 989 3666 989 3108 2924 3666 2924 3109 2924 3109 2924 3666 2924 3678 2924 3109 2925 3678 2925 3120 2925 3120 2925 3678 2925 3677 2925 3120 2927 3677 2927 3121 2927 3121 2952 3677 2952 3676 2952 3121 2953 3676 2953 3115 2953 3115 2929 3676 2929 3675 2929 3115 2954 3675 2954 3116 2954 3116 2931 3675 2931 3700 2931 3116 2955 3700 2955 3122 2955 3122 2933 3700 2933 3699 2933 3122 2935 3699 2935 3123 2935 3123 2935 3699 2935 3674 2935 3123 2938 3674 2938 3111 2938 3111 2938 3674 2938 3673 2938 3111 3005 3673 3005 3112 3005 3112 995 3673 995 3687 995 3112 2939 3687 2939 3117 2939 3117 2939 3687 2939 3686 2939 3117 2940 3686 2940 3118 2940 3118 2941 3686 2941 3665 2941 3118 2942 3665 2942 3119 2942 3119 2943 3665 2943 3664 2943 3119 2944 3664 2944 3124 2944 3124 2945 3664 2945 3672 2945 3125 2884 3698 2884 3126 2884 3126 2885 3698 2885 3697 2885 3126 2886 3697 2886 3094 2886 3094 2887 3697 2887 3696 2887 3094 2888 3696 2888 3093 2888 3093 2889 3696 2889 3685 2889 3093 2890 3685 2890 3092 2890 3092 2890 3685 2890 3684 2890 3092 2891 3684 2891 3095 2891 3095 3006 3684 3006 3683 3006 3095 2892 3683 2892 3096 2892 3096 2892 3683 2892 3695 2892 3096 2895 3695 2895 3097 2895 3097 2895 3695 2895 3694 2895 3097 2897 3694 2897 3098 2897 3098 2946 3694 2946 3682 2946 3098 2899 3682 2899 3099 2899 3099 2947 3682 2947 3680 2947 3099 2901 3680 2901 3100 2901 3100 2948 3680 2948 3679 2948 3100 2949 3679 2949 3087 2949 3087 2903 3679 2903 3693 2903 3087 2905 3693 2905 3088 2905 3088 2905 3693 2905 3692 2905 3088 2906 3692 2906 3101 2906 3101 2906 3692 2906 3691 2906 3101 2908 3691 2908 3102 2908 3102 2908 3691 2908 3662 2908 3102 2909 3662 2909 3103 2909 3103 2909 3662 2909 3661 2909 3103 2950 3661 2950 3105 2950 3105 2911 3661 2911 3690 2911 3105 2913 3690 2913 3106 2913 3106 3007 3690 3007 3689 3007 3106 2914 3689 2914 3107 2914 3107 2914 3689 2914 3688 2914 3671 194 3104 194 3688 194 3688 194 3104 194 3107 194 3698 195 3125 195 3672 195 3672 195 3125 195 3124 195 3478 2916 4073 2916 3479 2916 3479 2917 4073 2917 4057 2917 3479 2918 4057 2918 3487 2918 3487 2919 4057 2919 4056 2919 3487 2920 4056 2920 3488 2920 3488 2921 4056 2921 4055 2921 3488 2922 4055 2922 3489 2922 3489 2922 4055 2922 4050 2922 3489 989 4050 989 3493 989 3493 989 4050 989 4049 989 3493 2923 4049 2923 3494 2923 3494 2924 4049 2924 4067 2924 3494 2925 4067 2925 3495 2925 3495 2926 4067 2926 4066 2926 3495 2927 4066 2927 3496 2927 3496 2928 4066 2928 4065 2928 3496 2929 4065 2929 3497 2929 3497 2930 4065 2930 4064 2930 3497 2931 4064 2931 3498 2931 3498 2932 4064 2932 4086 2932 3498 2933 4086 2933 3483 2933 3483 2934 4086 2934 4085 2934 3483 2935 4085 2935 3484 2935 3484 2936 4085 2936 4063 2936 3484 2937 4063 2937 3485 2937 3485 2938 4063 2938 4062 2938 3485 995 4062 995 3486 995 3486 995 4062 995 4072 995 3486 2939 4072 2939 3490 2939 3490 2939 4072 2939 4071 2939 3490 2940 4071 2940 3491 2940 3491 2941 4071 2941 4054 2941 3491 2942 4054 2942 3492 2942 3492 2943 4054 2943 4053 2943 3492 2944 4053 2944 3499 2944 3499 2945 4053 2945 4061 2945 3500 2884 4084 2884 3501 2884 3501 2885 4084 2885 4083 2885 3501 2886 4083 2886 3464 2886 3464 2887 4083 2887 4082 2887 3464 2888 4082 2888 3465 2888 3465 2889 4082 2889 4070 2889 3465 2890 4070 2890 3466 2890 3466 2890 4070 2890 4069 2890 3466 2891 4069 2891 3467 2891 3467 2891 4069 2891 4068 2891 3467 2892 4068 2892 3468 2892 3468 2893 4068 2893 4052 2893 3468 2894 4052 2894 3469 2894 3469 2895 4052 2895 4051 2895 3469 2896 4051 2896 3470 2896 3470 2897 4051 2897 4081 2897 3470 2898 4081 2898 3471 2898 3471 2899 4081 2899 4080 2899 3471 2900 4080 2900 3472 2900 3472 2901 4080 2901 4079 2901 3472 2902 4079 2902 3473 2902 3473 2903 4079 2903 4078 2903 3473 2904 4078 2904 3474 2904 3474 2905 4078 2905 4077 2905 3474 2906 4077 2906 3475 2906 3475 2907 4077 2907 4076 2907 3475 2908 4076 2908 3476 2908 3476 2908 4076 2908 4058 2908 3476 2909 4058 2909 3477 2909 3477 2909 4058 2909 4059 2909 3477 2910 4059 2910 3480 2910 3480 2911 4059 2911 4060 2911 3480 2912 4060 2912 3481 2912 3481 2913 4060 2913 4075 2913 3481 2914 4075 2914 3482 2914 3482 2915 4075 2915 4074 2915 4073 194 3478 194 4074 194 4074 194 3478 194 3482 194 4084 195 3500 195 4061 195 4061 195 3500 195 3499 195 3238 2956 3551 2956 3216 2956 3216 2957 3551 2957 3550 2957 3216 2918 3550 2918 3217 2918 3217 2919 3550 2919 3534 2919 3217 2958 3534 2958 3232 2958 3232 2981 3534 2981 3533 2981 3232 2922 3533 2922 3233 2922 3233 2922 3533 2922 3532 2922 3233 2960 3532 2960 3224 2960 3224 2960 3532 2960 3527 2960 3224 2982 3527 2982 3225 2982 3225 2961 3527 2961 3526 2961 3225 2962 3526 2962 3239 2962 3239 2983 3526 2983 3546 2983 3239 2927 3546 2927 3240 2927 3240 2928 3546 2928 3545 2928 3240 2964 3545 2964 3242 2964 3242 2984 3545 2984 3544 2984 3242 2966 3544 2966 3243 2966 3243 2985 3544 2985 3530 2985 3243 2933 3530 2933 3246 2933 3246 2934 3530 2934 3529 2934 3246 2967 3529 2967 3247 2967 3247 2986 3529 2986 3543 2986 3247 2968 3543 2968 3249 2968 3249 2969 3543 2969 3542 2969 3249 2970 3542 2970 3251 2970 3251 2970 3542 2970 3539 2970 3251 2939 3539 2939 3253 2939 3253 2939 3539 2939 3536 2939 3253 2971 3536 2971 3256 2971 3256 2972 3536 2972 3524 2972 3256 2942 3524 2942 3259 2942 3259 2943 3524 2943 3523 2943 3259 2973 3523 2973 3261 2973 3261 2974 3523 2974 3569 2974 3262 2884 3568 2884 3218 2884 3218 2885 3568 2885 3567 2885 3218 2886 3567 2886 3219 2886 3219 2887 3567 2887 3560 2887 3219 2975 3560 2975 3234 2975 3234 2976 3560 2976 3559 2976 3234 2977 3559 2977 3235 2977 3235 2977 3559 2977 3558 2977 3235 2891 3558 2891 3226 2891 3226 2891 3558 2891 3548 2891 3226 2892 3548 2892 3227 2892 3227 2893 3548 2893 3547 2893 3227 2894 3547 2894 3244 2894 3244 2895 3547 2895 3549 2895 3244 2896 3549 2896 3245 2896 3245 2897 3549 2897 3566 2897 3245 2898 3566 2898 3229 2898 3229 2899 3566 2899 3565 2899 3229 2900 3565 2900 3228 2900 3228 2901 3565 2901 3564 2901 3228 2902 3564 2902 3230 2902 3230 2903 3564 2903 3563 2903 3230 2904 3563 2904 3231 2904 3231 2905 3563 2905 3562 2905 3231 2906 3562 2906 3220 2906 3220 2907 3562 2907 3561 2907 3220 2908 3561 2908 3221 2908 3221 2908 3561 2908 3557 2908 3221 2978 3557 2978 3222 2978 3222 2978 3557 2978 3556 2978 3222 2987 3556 2987 3223 2987 3223 2980 3556 2980 3555 2980 3223 2912 3555 2912 3236 2912 3236 2913 3555 2913 3554 2913 3236 2914 3554 2914 3237 2914 3237 2915 3554 2915 3553 2915 3551 194 3238 194 3553 194 3553 194 3238 194 3237 194 3568 195 3262 195 3569 195 3569 195 3262 195 3261 195 3196 2957 3605 2957 3178 2957 3178 2957 3605 2957 3574 2957 3178 3004 3574 3004 3197 3004 3197 2918 3574 2918 3590 2918 3197 2958 3590 2958 3179 2958 3179 2959 3590 2959 3601 2959 3179 2922 3601 2922 3180 2922 3180 2922 3601 2922 3600 2922 3180 2960 3600 2960 3198 2960 3198 2960 3600 2960 3587 2960 3198 2961 3587 2961 3199 2961 3199 2961 3587 2961 3586 2961 3199 2962 3586 2962 3200 2962 3200 2962 3586 2962 3585 2962 3200 2927 3585 2927 3201 2927 3201 2952 3585 2952 3582 2952 3201 2963 3582 2963 3202 2963 3202 2964 3582 2964 3584 2964 3202 2965 3584 2965 3203 2965 3203 2966 3584 2966 3617 2966 3203 2955 3617 2955 3182 2955 3182 2933 3617 2933 3616 2933 3182 2967 3616 2967 3169 2967 3169 2967 3616 2967 3581 2967 3169 2969 3581 2969 3170 2969 3170 2969 3581 2969 3580 2969 3170 3008 3580 3008 3189 3008 3189 2970 3580 2970 3599 2970 3189 2939 3599 2939 3190 2939 3190 2939 3599 2939 3598 2939 3190 2971 3598 2971 3191 2971 3191 2972 3598 2972 3573 2972 3191 2942 3573 2942 3213 2942 3213 2943 3573 2943 3572 2943 3213 2973 3572 2973 3214 2973 3214 2974 3572 2974 3620 2974 3605 194 3196 194 3608 194 3608 194 3196 194 3207 194 3215 2884 3619 2884 3167 2884 3167 2885 3619 2885 3618 2885 3167 2886 3618 2886 3168 2886 3168 2887 3618 2887 3597 2887 3168 2975 3597 2975 3192 2975 3192 2976 3597 2976 3596 2976 3192 2977 3596 2977 3193 2977 3193 2977 3596 2977 3595 2977 3193 2891 3595 2891 3183 2891 3183 3006 3595 3006 3578 3006 3183 2892 3578 2892 3184 2892 3184 2892 3578 2892 3577 2892 3184 2895 3577 2895 3204 2895 3204 2895 3577 2895 3579 2895 3204 2897 3579 2897 3205 2897 3205 2946 3579 2946 3615 2946 3205 2899 3615 2899 3185 2899 3185 2947 3615 2947 3614 2947 3185 2901 3614 2901 3186 2901 3186 2948 3614 2948 3613 2948 3186 2949 3613 2949 3187 2949 3187 2903 3613 2903 3612 2903 3187 2905 3612 2905 3188 2905 3188 2905 3612 2905 3611 2905 3188 2906 3611 2906 3172 2906 3172 2906 3611 2906 3610 2906 3172 2908 3610 2908 3173 2908 3173 2908 3610 2908 3591 2908 3173 2978 3591 2978 3174 2978 3174 2978 3591 2978 3593 2978 3174 2979 3593 2979 3175 2979 3175 2980 3593 2980 3594 2980 3175 2913 3594 2913 3206 2913 3206 3007 3594 3007 3609 3007 3206 2914 3609 2914 3207 2914 3207 2914 3609 2914 3608 2914 3619 195 3215 195 3620 195 3620 195 3215 195 3214 195 3157 2957 3643 2957 3127 2957 3127 2957 3643 2957 3642 2957 3127 3009 3642 3009 3128 3009 3128 2996 3642 2996 3633 2996 3128 2920 3633 2920 3144 2920 3144 2951 3633 2951 3632 2951 3144 2922 3632 2922 3145 2922 3145 2922 3632 2922 3631 2922 3145 989 3631 989 3136 989 3136 989 3631 989 3622 989 3136 2924 3622 2924 3137 2924 3137 2924 3622 2924 3621 2924 3137 2998 3621 2998 3158 2998 3158 2998 3621 2998 3626 2998 3158 2927 3626 2927 3159 2927 3159 2952 3626 2952 3639 2952 3159 2963 3639 2963 3147 2963 3147 2964 3639 2964 3638 2964 3147 2965 3638 2965 3148 2965 3148 2966 3638 2966 3637 2966 3148 2955 3637 2955 3160 2955 3160 2933 3637 2933 3636 2933 3160 3000 3636 3000 3161 3000 3161 3000 3636 3000 3635 3000 3161 2938 3635 2938 3149 2938 3149 2938 3635 2938 3634 2938 3149 3005 3634 3005 3150 3005 3150 995 3634 995 3630 995 3150 2939 3630 2939 3151 2939 3151 2939 3630 2939 3629 2939 3151 2940 3629 2940 3152 2940 3152 2941 3629 2941 3628 2941 3152 3002 3628 3002 3164 3002 3164 3003 3628 3003 3627 3003 3164 2973 3627 2973 3165 2973 3165 2974 3627 2974 3660 2974 3659 195 3166 195 3660 195 3660 195 3166 195 3165 195 3166 2884 3659 2884 3130 2884 3130 2885 3659 2885 3658 2885 3130 2886 3658 2886 3131 2886 3131 2887 3658 2887 3653 2887 3131 2888 3653 2888 3153 2888 3153 2889 3653 2889 3652 2889 3153 2890 3652 2890 3154 2890 3154 2890 3652 2890 3651 2890 3154 2891 3651 2891 3138 2891 3138 3006 3651 3006 3650 3006 3138 2988 3650 2988 3139 2988 3139 2988 3650 2988 3657 2988 3139 2991 3657 2991 3162 2991 3162 2991 3657 2991 3656 2991 3162 2897 3656 2897 3163 2897 3163 2946 3656 2946 3649 2946 3163 2899 3649 2899 3140 2899 3140 2947 3649 2947 3648 2947 3140 2901 3648 2901 3141 2901 3141 2948 3648 2948 3655 2948 3141 2949 3655 2949 3142 2949 3142 2903 3655 2903 3654 2903 3142 2993 3654 2993 3143 2993 3143 2993 3654 2993 3641 2993 3143 2994 3641 2994 3132 2994 3132 2994 3641 2994 3640 2994 3132 2908 3640 2908 3133 2908 3133 2908 3640 2908 3646 2908 3133 2909 3646 2909 3134 2909 3134 2909 3646 2909 3645 2909 3134 2950 3645 2950 3135 2950 3135 2911 3645 2911 3624 2911 3135 2913 3624 2913 3155 2913 3155 3007 3624 3007 3623 3007 3155 2914 3623 2914 3156 2914 3156 2914 3623 2914 3644 2914 3643 194 3157 194 3644 194 3644 194 3157 194 3156 194 3463 2884 4047 2884 3429 2884 3429 2885 4047 2885 4046 2885 3429 2886 4046 2886 3430 2886 3430 2887 4046 2887 4041 2887 3430 2888 4041 2888 3431 2888 3431 2889 4041 2889 4040 2889 3431 2890 4040 2890 3432 2890 3432 2890 4040 2890 4039 2890 3432 2891 4039 2891 3436 2891 3436 2891 4039 2891 4038 2891 3436 2988 4038 2988 3437 2988 3437 2989 4038 2989 4045 2989 3437 2990 4045 2990 3438 2990 3438 2991 4045 2991 4044 2991 3438 2896 4044 2896 3439 2896 3439 2897 4044 2897 4037 2897 3439 2898 4037 2898 3440 2898 3440 2899 4037 2899 4036 2899 3440 2900 4036 2900 3441 2900 3441 2901 4036 2901 4043 2901 3441 2902 4043 2902 3428 2902 3428 2903 4043 2903 4042 2903 3428 2992 4042 2992 3426 2992 3426 2993 4042 2993 4030 2993 3426 2994 4030 2994 3427 2994 3427 2995 4030 2995 4029 2995 3427 2908 4029 2908 3433 2908 3433 2908 4029 2908 4035 2908 3433 2909 4035 2909 3434 2909 3434 2909 4035 2909 4034 2909 3434 2910 4034 2910 3435 2910 3435 2911 4034 2911 4014 2911 3435 2912 4014 2912 3445 2912 3445 2913 4014 2913 4013 2913 3445 2914 4013 2914 3446 2914 3446 2915 4013 2915 4033 2915 3447 2956 4032 2956 3448 2956 3448 2957 4032 2957 4031 2957 3448 2996 4031 2996 3449 2996 3449 2997 4031 2997 4022 2997 3449 2920 4022 2920 3450 2920 3450 2921 4022 2921 4021 2921 3450 2922 4021 2922 3451 2922 3451 2922 4021 2922 4020 2922 3451 989 4020 989 3455 989 3455 989 4020 989 4012 989 3455 2923 4012 2923 3456 2923 3456 2924 4012 2924 4011 2924 3456 2998 4011 2998 3457 2998 3457 2999 4011 2999 4015 2999 3457 2927 4015 2927 3458 2927 3458 2928 4015 2928 4028 2928 3458 2964 4028 2964 3459 2964 3459 2984 4028 2984 4027 2984 3459 2966 4027 2966 3460 2966 3460 2985 4027 2985 4026 2985 3460 2933 4026 2933 3444 2933 3444 2934 4026 2934 4025 2934 3444 3000 4025 3000 3442 3000 3442 3001 4025 3001 4024 3001 3442 2937 4024 2937 3443 2937 3443 2938 4024 2938 4023 2938 3443 995 4023 995 3452 995 3452 995 4023 995 4019 995 3452 2939 4019 2939 3453 2939 3453 2939 4019 2939 4018 2939 3453 2940 4018 2940 3454 2940 3454 2941 4018 2941 4017 2941 3454 3002 4017 3002 3461 3002 3461 3003 4017 3003 4016 3003 3461 2973 4016 2973 3462 2973 3462 2974 4016 2974 4048 2974 4047 195 3463 195 4048 195 4048 195 3463 195 3462 195 4032 194 3447 194 4033 194 4033 194 3447 194 3446 194 3023 3010 3760 3010 3024 3010 3024 3010 3760 3010 3759 3010 3024 3011 3759 3011 3025 3011 3025 3011 3759 3011 3758 3011 3025 3012 3758 3012 3026 3012 3026 3012 3758 3012 3757 3012 3026 3013 3757 3013 3027 3013 3027 3013 3757 3013 3770 3013 3027 995 3770 995 3028 995 3028 995 3770 995 3769 995 3028 3014 3769 3014 3029 3014 3029 3014 3769 3014 3768 3014 3029 3015 3768 3015 3030 3015 3030 3015 3768 3015 3773 3015 3030 3016 3773 3016 3031 3016 3031 3016 3773 3016 3772 3016 3031 3017 3772 3017 3033 3017 3033 3017 3772 3017 3771 3017 3033 3018 3771 3018 3034 3018 3034 3018 3771 3018 3756 3018 3034 3019 3756 3019 3035 3019 3035 3019 3756 3019 3755 3019 3035 3020 3755 3020 3036 3020 3036 3020 3755 3020 3754 3020 3036 3021 3754 3021 3037 3021 3037 3021 3754 3021 3503 3021 3037 2059 3503 2059 3338 2059 3338 2059 3503 2059 3502 2059 3338 3022 3502 3022 3339 3022 3339 3022 3502 3022 4003 3022 3339 3023 4003 3023 3344 3023 3344 3023 4003 3023 4002 3023 3344 3024 4002 3024 3345 3024 3345 3024 4002 3024 4010 3024 3345 3025 4010 3025 3346 3025 3346 3025 4010 3025 4009 3025 3346 3026 4009 3026 3340 3026 3340 3026 4009 3026 4008 3026 3340 3027 4008 3027 3341 3027 3341 3027 4008 3027 4007 3027 3341 3028 4007 3028 3342 3028 3342 3028 4007 3028 4006 3028 3342 3029 4006 3029 3343 3029 3343 3029 4006 3029 4005 3029 3343 2064 4005 2064 3012 2064 3012 2064 4005 2064 4004 2064 3012 3030 4004 3030 3013 3030 3013 3030 4004 3030 3767 3030 3013 3031 3767 3031 3014 3031 3014 3031 3767 3031 3766 3031 3014 3032 3766 3032 3015 3032 3015 3032 3766 3032 3765 3032 3015 3033 3765 3033 3019 3033 3019 3033 3765 3033 3761 3033 3019 3034 3761 3034 3020 3034 3020 3034 3761 3034 3763 3034 3020 3035 3763 3035 3021 3035 3021 3035 3763 3035 3764 3035 3021 3036 3764 3036 3010 3036 3010 3036 3764 3036 3753 3036 3010 3037 3753 3037 3011 3037 3011 3037 3753 3037 3752 3037 3011 989 3752 989 3016 989 3016 989 3752 989 3751 989 3016 3038 3751 3038 3017 3038 3017 3038 3751 3038 3748 3038 3017 3039 3748 3039 3018 3039 3018 3039 3748 3039 3749 3039 3018 3040 3749 3040 3022 3040 3022 3040 3749 3040 3750 3040 3022 3041 3750 3041 3023 3041 3023 3041 3750 3041 3760 3041 2968 3042 3786 3042 2975 3042 2975 3042 3786 3042 3785 3042 2975 3043 3785 3043 2976 3043 2976 3043 3785 3043 3780 3043 2976 3044 3780 3044 2977 3044 2977 3044 3780 3044 3779 3044 2977 3045 3779 3045 2993 3045 2993 3045 3779 3045 3797 3045 2993 3046 3797 3046 2994 3046 2994 3046 3797 3046 3796 3046 2994 3047 3796 3047 2995 3047 2995 3047 3796 3047 3795 3047 2995 3048 3795 3048 2998 3048 2998 3048 3795 3048 3814 3048 2998 3049 3814 3049 2999 3049 2999 3049 3814 3049 3813 3049 2999 3050 3813 3050 3000 3050 3000 3050 3813 3050 3812 3050 3000 3051 3812 3051 3001 3051 3001 3051 3812 3051 3809 3051 3001 3052 3809 3052 3008 3052 3008 3052 3809 3052 3808 3052 3008 3053 3808 3053 3009 3053 3009 3053 3808 3053 3807 3053 3009 3054 3807 3054 2978 3054 2978 3054 3807 3054 3794 3054 2978 3055 3794 3055 2979 3055 2979 3055 3794 3055 3793 3055 2979 3056 3793 3056 2980 3056 2980 3056 3793 3056 3792 3056 2980 3057 3792 3057 2981 3057 2981 3057 3792 3057 3784 3057 2981 3058 3784 3058 2964 3058 2964 3058 3784 3058 3783 3058 2964 3059 3783 3059 2965 3059 2965 3059 3783 3059 3782 3059 2965 3060 3782 3060 2974 3060 2974 3060 3782 3060 3781 3060 2974 3061 3781 3061 2973 3061 2973 3061 3781 3061 3791 3061 2973 3062 3791 3062 2972 3062 2972 3062 3791 3062 3790 3062 2972 3063 3790 3063 3002 3063 3002 3063 3790 3063 3789 3063 3002 3064 3789 3064 3003 3064 3003 3064 3789 3064 3788 3064 3003 3065 3788 3065 3004 3065 3004 3065 3788 3065 3811 3065 3004 3066 3811 3066 2988 3066 2988 3066 3811 3066 3810 3066 2988 3067 3810 3067 2989 3067 2989 3067 3810 3067 3806 3067 2989 3068 3806 3068 3005 3068 3005 3068 3806 3068 3805 3068 3005 3069 3805 3069 3006 3069 3006 3069 3805 3069 3819 3069 3006 3070 3819 3070 3007 3070 3007 3070 3819 3070 3818 3070 3007 3071 3818 3071 2990 3071 2990 3071 3818 3071 3817 3071 2990 3072 3817 3072 2991 3072 2991 3072 3817 3072 3801 3072 2991 3073 3801 3073 2992 3073 2992 3073 3801 3073 3800 3073 2992 3074 3800 3074 2996 3074 2996 3074 3800 3074 3799 3074 2996 3075 3799 3075 2997 3075 2997 3075 3799 3075 3798 3075 2997 3076 3798 3076 2967 3076 2967 3076 3798 3076 3787 3076 2967 3077 3787 3077 2968 3077 2968 3077 3787 3077 3786 3077 3043 3078 3721 3078 3044 3078 3044 3078 3721 3078 3718 3078 3044 3043 3718 3043 3048 3043 3048 3043 3718 3043 3717 3043 3048 3079 3717 3079 3049 3079 3049 3079 3717 3079 3716 3079 3049 3045 3716 3045 3059 3045 3059 3045 3716 3045 3736 3045 3059 3080 3736 3080 3060 3080 3060 3081 3736 3081 3737 3081 3060 3082 3737 3082 3061 3082 3061 3083 3737 3083 3747 3083 3061 3084 3747 3084 3068 3084 3068 3085 3747 3085 3746 3085 3068 3049 3746 3049 3069 3049 3069 3049 3746 3049 3729 3049 3069 3086 3729 3086 3050 3086 3050 3087 3729 3087 3728 3087 3050 3088 3728 3088 3051 3088 3051 3089 3728 3089 3742 3089 3051 3052 3742 3052 3073 3052 3073 3052 3742 3052 3741 3052 3073 3090 3741 3090 3074 3090 3074 3091 3741 3091 3735 3091 3074 3092 3735 3092 3062 3092 3062 3093 3735 3093 3734 3093 3062 3094 3734 3094 3063 3094 3063 3095 3734 3095 3733 3095 3063 3056 3733 3056 3064 3056 3064 3056 3733 3056 3732 3056 3064 3096 3732 3096 3065 3096 3065 3096 3732 3096 3727 3096 3065 3058 3727 3058 3038 3058 3038 3058 3727 3058 3726 3058 3038 3097 3726 3097 3039 3097 3039 3097 3726 3097 3713 3097 3039 3098 3713 3098 3040 3098 3040 3099 3713 3099 3712 3099 3040 3100 3712 3100 3041 3100 3041 3100 3712 3100 3720 3100 3041 3101 3720 3101 3045 3101 3045 3102 3720 3102 3719 3102 3045 3103 3719 3103 3046 3103 3046 3103 3719 3103 3715 3103 3046 3104 3715 3104 3047 3104 3047 3105 3715 3105 3714 3105 3047 3106 3714 3106 3053 3106 3053 3107 3714 3107 3740 3107 3053 3108 3740 3108 3054 3108 3054 3109 3740 3109 3739 3109 3054 3110 3739 3110 3055 3110 3055 3110 3739 3110 3738 3110 3055 3111 3738 3111 3070 3111 3070 3112 3738 3112 3745 3112 3070 3113 3745 3113 3071 3113 3071 3114 3745 3114 3744 3114 3071 3115 3744 3115 3072 3115 3072 3115 3744 3115 3743 3115 3072 3116 3743 3116 3056 3116 3056 3117 3743 3117 3725 3117 3056 3118 3725 3118 3057 3118 3057 3119 3725 3119 3724 3119 3057 3120 3724 3120 3058 3120 3058 3121 3724 3121 3731 3121 3058 3122 3731 3122 3066 3122 3066 3122 3731 3122 3730 3122 3066 3123 3730 3123 3067 3123 3067 3124 3730 3124 3723 3124 3067 3125 3723 3125 3042 3125 3042 3125 3723 3125 3722 3125 3042 3126 3722 3126 3043 3126 3043 3127 3722 3127 3721 3127 3774 3128 2844 3128 3775 3128 3775 3129 2844 3129 2970 3129 3775 3130 2970 3130 3777 3130 3777 3130 2970 3130 2969 3130 3777 3131 2969 3131 3778 3131 3778 3131 2969 3131 2987 3131 3778 3132 2987 3132 3802 3132 3802 3133 2987 3133 2986 3133 3802 3134 2986 3134 3803 3134 3803 3134 2986 3134 2985 3134 3803 3135 2985 3135 3804 3135 3804 3135 2985 3135 2984 3135 3804 3136 2984 3136 3815 3136 3815 3137 2984 3137 2983 3137 3815 3138 2983 3138 3816 3138 3816 3138 2983 3138 2982 3138 3816 3139 2982 3139 2788 3139 2788 3139 2982 3139 2789 3139 2796 3140 2797 3140 3701 3140 3701 3141 2797 3141 3086 3141 3701 3142 3086 3142 3702 3142 3702 3143 3086 3143 3076 3143 3702 3144 3076 3144 3704 3144 3704 3145 3076 3145 3075 3145 3704 3146 3075 3146 3705 3146 3705 3147 3075 3147 3085 3147 3705 3148 3085 3148 3709 3148 3709 3149 3085 3149 3084 3149 3709 3150 3084 3150 3710 3150 3710 3151 3084 3151 3078 3151 3710 3152 3078 3152 3711 3152 3711 3153 3078 3153 3079 3153 3711 3154 3079 3154 3707 3154 3707 3155 3079 3155 3080 3155 3707 3156 3080 3156 3706 3156 3706 3157 3080 3157 3081 3157 2827 3158 2826 3158 3937 3158 2827 3159 3937 3159 3279 3159 3279 3160 3937 3160 3936 3160 3279 3161 3936 3161 3276 3161 3276 3162 3936 3162 3940 3162 3276 3162 3940 3162 3277 3162 3277 3163 3940 3163 3939 3163 3277 3164 3939 3164 3278 3164 3278 3165 3939 3165 3938 3165 3278 3165 3938 3165 3280 3165 3280 3166 3938 3166 3935 3166 3280 3166 3935 3166 3275 3166 3275 3167 3935 3167 3942 3167 3275 3167 3942 3167 3271 3167 3271 3168 3942 3168 3943 3168 3271 3168 3943 3168 3272 3168 3272 3169 3943 3169 2799 3169 3272 3169 2799 3169 2798 3169 2924 3170 3880 3170 3881 3170 2924 3170 3881 3170 2923 3170 2923 3171 3881 3171 3871 3171 2923 3171 3871 3171 2921 3171 2921 3172 3871 3172 3870 3172 2921 3172 3870 3172 2901 3172 2901 3173 3870 3173 3864 3173 2901 3174 3864 3174 2902 3174 2902 3175 3864 3175 3863 3175 2902 3176 3863 3176 2918 3176 2918 3177 3863 3177 3884 3177 2918 3177 3884 3177 2919 3177 2919 3178 3884 3178 3883 3178 2919 3178 3883 3178 2920 3178 2920 3179 3883 3179 3882 3179 2920 3179 3882 3179 2916 3179 2916 3180 3882 3180 3862 3180 2916 3181 3862 3181 2911 3181 3181 3182 3583 3182 3602 3182 3181 3183 3602 3183 3210 3183 3210 3184 3602 3184 3603 3184 3210 3184 3603 3184 3211 3184 3211 3185 3603 3185 3589 3185 3211 3186 3589 3186 3212 3186 3212 3187 3589 3187 3588 3187 3212 3188 3588 3188 3176 3188 3176 3189 3588 3189 3576 3189 3176 3189 3576 3189 3177 3189 3177 3190 3576 3190 3575 3190 3177 3191 3575 3191 3194 3191 3194 3192 3575 3192 3604 3192 3194 3193 3604 3193 3195 3193 3195 3194 3604 3194 3606 3194 3195 3195 3606 3195 3209 3195 3209 3196 3606 3196 3607 3196 3209 3197 3607 3197 3208 3197 2824 3198 2825 3198 3570 3198 2824 3199 3570 3199 3260 3199 3260 3171 3570 3171 3571 3171 3260 3171 3571 3171 3258 3171 3258 3172 3571 3172 3525 3172 3258 3200 3525 3200 3257 3200 3257 3173 3525 3173 3535 3173 3257 3173 3535 3173 3255 3173 3255 3175 3535 3175 3537 3175 3255 3176 3537 3176 3254 3176 3254 3177 3537 3177 3538 3177 3254 3177 3538 3177 3252 3177 3252 3201 3538 3201 3540 3201 3252 3201 3540 3201 3250 3201 3250 3202 3540 3202 3541 3202 3250 3179 3541 3179 3248 3179 3248 3180 3541 3180 3531 3180 3248 3180 3531 3180 3241 3180 2812 3203 2813 3203 3521 3203 2812 3203 3521 3203 3264 3203 3264 3204 3521 3204 3522 3204 3264 3205 3522 3205 3265 3205 3265 3206 3522 3206 3520 3206 3265 3206 3520 3206 3266 3206 3266 3207 3520 3207 3519 3207 3266 3207 3519 3207 3270 3207 3270 3208 3519 3208 3518 3208 3270 3209 3518 3209 3267 3209 3267 3210 3518 3210 3517 3210 3267 3210 3517 3210 3268 3210 3268 3211 3517 3211 3516 3211 3268 3212 3516 3212 3269 3212 3269 3213 3516 3213 3515 3213 3269 3213 3515 3213 3263 3213 3263 3214 3515 3214 2815 3214 3263 3215 2815 3215 2814 3215 2882 3183 3897 3183 3905 3183 2882 3183 3905 3183 2891 3183 2891 3216 3905 3216 3907 3216 2891 3216 3907 3216 2890 3216 2890 3217 3907 3217 3909 3217 2890 3217 3909 3217 2888 3217 2888 3187 3909 3187 3911 3187 2888 3187 3911 3187 2854 3187 2854 3189 3911 3189 3933 3189 2854 3189 3933 3189 2853 3189 2853 3218 3933 3218 3934 3218 2853 3191 3934 3191 2851 3191 2851 3192 3934 3192 3932 3192 2851 3192 3932 3192 2852 3192 2852 3194 3932 3194 3931 3194 2852 3195 3931 3195 3349 3195 3349 3196 3931 3196 2836 3196 3349 3197 2836 3197 2837 3197</p>
        </triangles>
      </mesh>
    </geometry>
  </library_geometries>
  <library_visual_scenes>
    <visual_scene id="Scene" name="Scene">
      <node id="tmp_export_BOX_PAD1_0_simple_005" name="tmp_export_BOX PAD1.0_simple.005" type="NODE">
        <matrix sid="transform">1 0 0 0 0 1 0 0 0 0 1 0 0 0 0 1</matrix>
        <instance_geometry url="#BOX_PAD1_0_simple_005-mesh" name="tmp_export_BOX PAD1.0_simple.005"/>
      </node>
    </visual_scene>
  </library_visual_scenes>
  <scene>
    <instance_visual_scene url="#Scene"/>
  </scene>
</COLLADA>