<?xml version="1.0" encoding="utf-8"?>
<COLLADA xmlns="http://www.collada.org/2005/11/COLLADASchema" version="1.4.1" xmlns:xsi="http://www.w3.org/2001/XMLSchema-instance">
  <asset>
    <contributor>
      <author>Blender User</author>
      <authoring_tool>Blender 3.3.21 commit date:2024-07-15, commit time:08:57, hash:e016c21db151</authoring_tool>
    </contributor>
    <created>2025-02-14T11:37:20</created>
    <modified>2025-02-14T11:37:20</modified>
    <unit name="meter" meter="1"/>
    <up_axis>Z_UP</up_axis>
  </asset>
  <library_effects/>
  <library_images/>
  <library_geometries>
    <geometry id="BOX_PAD1_0_simple_002-mesh" name="BOX PAD1.0_simple.002">
      <mesh>
        <source id="BOX_PAD1_0_simple_002-mesh-positions">
          <float_array id="BOX_PAD1_0_simple_002-mesh-positions-array" count="19614">479.9057 -74.58443 25.81329 479.9057 -74.38185 25.37884 479.9057 -69.29206 -14.76862 479.9057 -74.10691 24.98618 479.9057 -73.76795 24.64723 479.9057 -73.37528 24.37228 479.9057 -69.61872 -13.87115 479.9057 -69.89366 -13.47849 479.9057 -74.7085 26.27631 479.9057 -70.23261 -13.13953 479.9057 -70.62528 -12.86459 479.9057 -71.05973 -12.662 479.9057 -72.00028 31.75384 479.9057 -72.47782 29.46206 479.9057 -72.94083 29.33801 479.9057 -69.41613 -14.3056 479.9057 -74.10691 28.52151 479.9057 -74.38185 28.12884 479.9057 -85.00028 31.75384 479.9057 -73.76795 28.86047 479.9057 -74.58443 27.69441 479.9057 -74.7085 27.23138 479.9057 -74.75028 26.75384 479.9057 -71.52275 -12.53793 479.9057 -72.00028 -12.49615 479.9057 -72.47782 -12.53793 479.9057 -71.52275 24.04562 479.9057 -71.05973 24.16969 479.9057 -67.00028 -15.24615 479.9057 -70.62528 24.37228 479.9057 -70.23261 24.64723 479.9057 -73.37528 29.13541 479.9057 -74.7085 -15.72369 479.9057 -85.00028 -20.24616 479.9057 -74.75028 -15.24615 479.9057 -74.7085 -14.76862 479.9057 -74.10691 -17.01383 479.9057 -73.76795 -17.35278 479.9057 -73.37528 -17.62772 479.9057 -72.00028 -20.24616 479.9057 -72.94083 -17.83032 479.9057 -72.94083 24.16969 479.9057 -72.47782 24.04562 479.9057 -69.25028 -15.24615 479.9057 -72.00028 24.00384 479.9057 -69.89366 24.98618 479.9057 -69.61872 25.37884 479.9057 -67.00028 26.75384 479.9057 -69.41613 25.81329 479.9057 -72.94083 -12.662 479.9057 -73.37528 -12.86459 479.9057 -73.76795 -13.13953 479.9057 -74.10691 -13.47849 479.9057 -74.38185 -13.87115 479.9057 -74.58443 -14.3056 479.9057 -74.58443 -16.18671 479.9057 -74.38185 -16.62116 479.9057 -69.29206 -15.72369 479.9057 -67.07624 -16.1144 479.9057 -69.41613 -16.18671 479.9057 -67.30182 -16.95625 479.9057 -69.61872 -16.62116 479.9057 -67.67015 -17.74616 479.9057 -69.89366 -17.01383 479.9057 -68.17006 -18.46009 479.9057 -70.23261 -17.35278 479.9057 -68.78635 -19.07638 479.9057 -70.62528 -17.62772 479.9057 -69.50028 -19.57628 479.9057 -71.05973 -17.83032 479.9057 -70.29018 -19.94462 479.9057 -71.52275 -17.95438 479.9057 -71.13204 -20.1702 479.9057 -72.00028 -17.99616 479.9057 -72.47782 -17.95438 479.9057 -69.29206 26.27631 479.9057 -69.25028 26.75384 479.9057 -67.07624 27.62208 479.9057 -69.29206 27.23138 479.9057 -67.30182 28.46395 479.9057 -69.41613 27.69441 479.9057 -67.67015 29.25384 479.9057 -69.61872 28.12884 479.9057 -68.17006 29.96778 479.9057 -69.89366 28.52151 479.9057 -68.78635 30.58407 479.9057 -70.23261 28.86047 479.9057 -69.50028 31.08398 479.9057 -70.62528 29.13541 479.9057 -70.29018 31.45231 479.9057 -71.05973 29.33801 479.9057 -71.13204 31.67788 479.9057 -71.52275 29.46206 479.9057 -72.00028 29.50384 482.9057 -72.00028 31.75384 482.9057 -85.00028 31.75384 482.9057 -73.37528 -17.62772 482.9057 -73.76795 -17.35278 482.9057 -85.00028 -20.24616 482.9057 -74.10691 -17.01383 482.9057 -74.38185 -16.62116 482.9057 -72.94083 -17.83032 482.9057 -72.00028 -20.24616 482.9057 -72.47782 -17.95438 482.9057 -74.58443 -16.18671 482.9057 -74.7085 -15.72369 482.9057 -74.75028 -15.24615 482.9057 -72.94083 24.16969 482.9057 -73.37528 24.37228 482.9057 -73.76795 24.64723 482.9057 -74.7085 27.23138 482.9057 -74.75028 26.75384 482.9057 -74.7085 26.27631 482.9057 -74.10691 24.98618 482.9057 -74.38185 25.37884 482.9057 -74.58443 25.81329 482.9057 -74.58443 27.69441 482.9057 -74.38185 28.12884 482.9057 -74.10691 28.52151 482.9057 -70.23261 24.64723 482.9057 -67.00028 -15.24615 482.9057 -69.89366 24.98618 482.9057 -69.61872 25.37884 482.9057 -70.62528 24.37228 482.9057 -71.05973 24.16969 482.9057 -71.52275 24.04562 482.9057 -72.94083 29.33801 482.9057 -73.37528 29.13541 482.9057 -73.76795 28.86047 482.9057 -69.41613 25.81329 482.9057 -67.00028 26.75384 482.9057 -69.29206 26.27631 482.9057 -74.58443 -14.3056 482.9057 -74.38185 -13.87115 482.9057 -72.00028 24.00384 482.9057 -74.10691 -13.47849 482.9057 -71.05973 -12.662 482.9057 -70.62528 -12.86459 482.9057 -72.47782 29.46206 482.9057 -72.00028 29.50384 482.9057 -71.13204 31.67788 482.9057 -71.52275 29.46206 482.9057 -70.29018 31.45231 482.9057 -71.05973 29.33801 482.9057 -69.50028 31.08398 482.9057 -70.62528 29.13541 482.9057 -68.78635 30.58407 482.9057 -70.23261 28.86047 482.9057 -68.17006 29.96778 482.9057 -69.89366 28.52151 482.9057 -67.67015 29.25384 482.9057 -69.61872 28.12884 482.9057 -67.30182 28.46395 482.9057 -69.41613 27.69441 482.9057 -67.07624 27.62208 482.9057 -69.29206 27.23138 482.9057 -69.25028 26.75384 482.9057 -72.47782 24.04562 482.9057 -74.7085 -14.76862 482.9057 -73.76795 -13.13953 482.9057 -73.37528 -12.86459 482.9057 -72.94083 -12.662 482.9057 -72.47782 -12.53793 482.9057 -72.00028 -12.49615 482.9057 -71.52275 -12.53793 482.9057 -70.23261 -13.13953 482.9057 -69.89366 -13.47849 482.9057 -69.61872 -13.87115 482.9057 -69.41613 -14.3056 482.9057 -69.29206 -14.76862 482.9057 -69.25028 -15.24615 482.9057 -67.07624 -16.1144 482.9057 -69.29206 -15.72369 482.9057 -67.30182 -16.95625 482.9057 -69.41613 -16.18671 482.9057 -67.67015 -17.74616 482.9057 -69.61872 -16.62116 482.9057 -68.17006 -18.46009 482.9057 -69.89366 -17.01383 482.9057 -68.78635 -19.07638 482.9057 -70.23261 -17.35278 482.9057 -69.50028 -19.57628 482.9057 -70.62528 -17.62772 482.9057 -70.29018 -19.94462 482.9057 -71.05973 -17.83032 482.9057 -71.13204 -20.1702 482.9057 -71.52275 -17.95438 482.9057 -72.00028 -17.99616 479.8905 -85.17392 -20.24616 482.8449 -85.69487 -20.24616 479.8454 -85.3423 -20.24616 482.6644 -86.36837 -20.24616 479.7717 -85.50028 -20.24616 482.3698 -87.00028 -20.24616 479.6717 -85.64307 -20.24616 481.9699 -87.57143 -20.24616 479.5485 -85.76633 -20.24616 481.4768 -88.06446 -20.24616 479.4057 -85.86631 -20.24616 480.9057 -88.46439 -20.24616 479.2477 -85.93997 -20.24616 480.2738 -88.75905 -20.24616 479.0793 -85.98509 -20.24616 479.6003 -88.93952 -20.24616 478.9057 -86.00028 -20.24616 478.9057 -89.00028 -20.24616 478.9057 -86.00028 31.75384 478.9057 -89.00028 31.75384 479.0793 -85.98509 31.75384 479.6003 -88.93952 31.75384 479.2477 -85.93997 31.75384 480.2738 -88.75905 31.75384 479.4057 -85.86631 31.75384 480.9057 -88.46439 31.75384 479.5485 -85.76633 31.75384 481.4768 -88.06446 31.75384 479.6717 -85.64307 31.75384 481.9699 -87.57143 31.75384 479.7717 -85.50028 31.75384 482.3698 -87.00028 31.75384 479.8454 -85.3423 31.75384 482.6644 -86.36837 31.75384 479.8905 -85.17392 31.75384 482.8449 -85.69487 31.75384 478.9057 -89.00028 -18.37116 478.9057 -89.00028 22.70385 478.9057 -89.00028 5.753845 478.9057 -89.00028 -11.19616 478.9057 -86.00028 -18.37116 478.9057 -86.00028 -11.19616 478.9057 -86.00028 22.70385 478.9057 -86.00028 5.753845 457.9057 -89.00028 -20.24616 457.9057 -86.00028 -20.24616 460.6057 -89.00028 -20.24616 460.6057 -86.00028 -20.24616 467.9057 -89.00028 -20.24616 467.9057 -86.00028 -20.24616 474.8557 -89.00028 -20.24616 474.8557 -86.00028 -20.24616 474.8557 -89.00028 31.75384 474.8557 -86.00028 31.75384 467.9057 -89.00028 31.75384 467.9057 -86.00028 31.75384 460.6057 -89.00028 31.75384 460.6057 -86.00028 31.75384 457.9057 -89.00028 31.75384 457.9057 -86.00028 31.75384 474.8557 -89.00028 -18.37116 452.9057 -89.00028 26.75384 452.9057 -89.00028 22.70385 460.6057 -89.00028 22.70385 453.5755 -89.00028 -17.74616 454.0755 -89.00028 -18.46009 460.6057 -89.00028 -18.37116 456.1956 -89.00028 -19.94462 457.0375 -89.00028 -20.1702 454.6918 -89.00028 -19.07638 455.4057 -89.00028 -19.57628 460.6057 -89.00028 -11.19616 452.9057 -89.00028 -11.19616 452.9057 -89.00028 -15.24615 452.9816 -89.00028 -16.1144 453.2072 -89.00028 -16.95625 452.9816 -89.00028 27.62208 457.0375 -89.00028 31.67788 456.1956 -89.00028 31.45231 455.4057 -89.00028 31.08398 454.6918 -89.00028 30.58407 454.0755 -89.00028 29.96778 453.5755 -89.00028 29.25384 453.2072 -89.00028 28.46395 474.9663 -89.00028 16.98988 474.7307 -89.00028 16.8249 474.8557 -89.00028 5.753845 474.47 -89.00028 16.70335 474.1922 -89.00028 16.62891 474.1922 -89.00028 19.87878 474.47 -89.00028 19.80434 474.8557 -89.00028 22.70385 472.3552 -89.00028 17.68951 472.2807 -89.00028 17.96732 467.9057 -89.00028 22.70385 472.2557 -89.00028 18.25384 472.2807 -89.00028 18.54037 472.3552 -89.00028 18.81818 473.9057 -89.00028 19.90385 472.4767 -89.00028 19.07885 472.6417 -89.00028 19.31445 472.8451 -89.00028 19.51782 473.0807 -89.00028 19.68279 473.3414 -89.00028 19.80434 473.6192 -89.00028 19.87878 473.9057 -89.00028 16.60384 473.6192 -89.00028 16.62891 467.9057 -89.00028 5.753845 473.3414 -89.00028 16.70335 473.0807 -89.00028 16.8249 472.8451 -89.00028 16.98988 472.6417 -89.00028 17.19325 472.4767 -89.00028 17.42884 475.1697 -89.00028 17.19325 475.3346 -89.00028 17.42884 475.3346 -89.00028 19.07885 475.4562 -89.00028 18.81818 475.5306 -89.00028 18.54037 474.7307 -89.00028 19.68279 474.9663 -89.00028 19.51782 475.1697 -89.00028 19.31445 475.5557 -89.00028 18.25384 475.5306 -89.00028 17.96732 475.4562 -89.00028 17.68951 475.1697 -89.00028 -7.806755 474.9663 -89.00028 -8.010132 474.8557 -89.00028 -11.19616 474.7307 -89.00028 -8.175095 474.47 -89.00028 -8.296647 472.2807 -89.00028 -7.032677 472.2557 -89.00028 -6.746155 467.9057 -89.00028 -11.19616 472.2807 -89.00028 -6.459633 472.3552 -89.00028 -6.181824 474.1922 -89.00028 -5.121223 474.47 -89.00028 -5.195663 474.1922 -89.00028 -8.371087 473.9057 -89.00028 -8.396157 473.6192 -89.00028 -8.371087 472.3552 -89.00028 -7.310486 473.9057 -89.00028 -5.096153 472.4767 -89.00028 -5.921158 472.6417 -89.00028 -5.685554 472.8451 -89.00028 -5.482185 473.0807 -89.00028 -5.317215 473.3414 -89.00028 -5.195663 473.6192 -89.00028 -5.121223 473.3414 -89.00028 -8.296647 473.0807 -89.00028 -8.175095 472.8451 -89.00028 -8.010132 472.6417 -89.00028 -7.806755 472.4767 -89.00028 -7.571159 475.5557 -89.00028 -6.746155 475.5306 -89.00028 -7.032677 475.4562 -89.00028 -7.310486 475.3346 -89.00028 -7.571159 474.7307 -89.00028 -5.317215 474.9663 -89.00028 -5.482185 475.1697 -89.00028 -5.685554 475.3346 -89.00028 -5.921158 475.4562 -89.00028 -6.181824 475.5306 -89.00028 -6.459633 467.9057 -89.00028 -18.37116 464.1367 -89.00028 -15.46322 464.0803 -89.00028 -15.67368 463.9882 -89.00028 -15.87115 463.8632 -89.00028 -16.04965 463.7092 -89.00028 -16.20371 463.1228 -89.00028 -16.47717 462.9057 -89.00028 -16.49616 462.6886 -89.00028 -16.47717 462.4782 -89.00028 -16.42077 462.2807 -89.00028 -16.32869 462.1022 -89.00028 -16.20371 463.5307 -89.00028 -16.32869 463.3332 -89.00028 -16.42077 461.9481 -89.00028 -16.04965 461.8232 -89.00028 -15.87115 461.7311 -89.00028 -15.67368 461.7311 -89.00028 -14.81863 461.8232 -89.00028 -14.62115 461.9481 -89.00028 -14.44267 461.6747 -89.00028 -15.46322 461.6557 -89.00028 -15.24615 461.6747 -89.00028 -15.0291 463.3332 -89.00028 -14.07154 463.5307 -89.00028 -14.16362 462.1022 -89.00028 -14.2886 462.2807 -89.00028 -14.16362 462.4782 -89.00028 -14.07154 462.6886 -89.00028 -14.01514 462.9057 -89.00028 -13.99615 463.1228 -89.00028 -14.01514 463.7092 -89.00028 -14.2886 463.8632 -89.00028 -14.44267 463.9882 -89.00028 -14.62115 464.0803 -89.00028 -14.81863 464.1367 -89.00028 -15.0291 464.1557 -89.00028 -15.24615 472.6886 -89.00028 -14.01514 472.9057 -89.00028 -13.99615 473.1228 -89.00028 -14.01514 474.0803 -89.00028 -15.67368 473.9882 -89.00028 -15.87115 473.8632 -89.00028 -16.04965 473.7092 -89.00028 -16.20371 473.1228 -89.00028 -16.47717 472.9057 -89.00028 -16.49616 471.8232 -89.00028 -15.87115 471.7311 -89.00028 -15.67368 473.3332 -89.00028 -14.07154 473.5307 -89.00028 -14.16362 473.7092 -89.00028 -14.2886 473.8632 -89.00028 -14.44267 473.9882 -89.00028 -14.62115 474.0803 -89.00028 -14.81863 474.1367 -89.00028 -15.0291 474.1557 -89.00028 -15.24615 474.1367 -89.00028 -15.46322 473.5307 -89.00028 -16.32869 473.3332 -89.00028 -16.42077 472.6886 -89.00028 -16.47717 472.4782 -89.00028 -16.42077 472.2807 -89.00028 -16.32869 472.4782 -89.00028 -14.07154 472.1022 -89.00028 -16.20371 471.9481 -89.00028 -16.04965 471.6747 -89.00028 -15.46322 471.6557 -89.00028 -15.24615 471.6747 -89.00028 -15.0291 471.7311 -89.00028 -14.81863 471.8232 -89.00028 -14.62115 471.9481 -89.00028 -14.44267 472.1022 -89.00028 -14.2886 472.2807 -89.00028 -14.16362 458.1922 -89.00028 -5.121223 458.47 -89.00028 -5.195663 460.6057 -89.00028 5.753845 459.5557 -89.00028 -6.746155 459.5306 -89.00028 -7.032677 452.9057 -89.00028 5.753845 457.6192 -89.00028 -5.121223 457.9057 -89.00028 -5.096153 458.7307 -89.00028 -5.317215 458.9663 -89.00028 -5.482185 459.1697 -89.00028 -5.685554 459.4562 -89.00028 -7.310486 459.3346 -89.00028 -7.571159 459.1697 -89.00028 -7.806755 457.3414 -89.00028 -8.296647 457.0807 -89.00028 -8.175095 456.8451 -89.00028 -8.010132 456.6417 -89.00028 -7.806755 456.4767 -89.00028 -7.571159 456.3552 -89.00028 -7.310486 456.2807 -89.00028 -7.032677 456.3552 -89.00028 -6.181824 456.2807 -89.00028 -6.459633 456.2557 -89.00028 -6.746155 456.4767 -89.00028 -5.921158 456.6417 -89.00028 -5.685554 456.8451 -89.00028 -5.482185 459.3346 -89.00028 -5.921158 459.4562 -89.00028 -6.181824 459.5306 -89.00028 -6.459633 458.9663 -89.00028 -8.010132 458.7307 -89.00028 -8.175095 458.47 -89.00028 -8.296647 458.1922 -89.00028 -8.371087 457.9057 -89.00028 -8.396157 457.6192 -89.00028 -8.371087 457.0807 -89.00028 -5.317215 457.3414 -89.00028 -5.195663 458.1922 -89.00028 19.87878 458.47 -89.00028 19.80434 459.5557 -89.00028 18.25384 459.5306 -89.00028 17.96732 456.2807 -89.00028 18.54037 456.3552 -89.00028 18.81818 456.2557 -89.00028 18.25384 457.6192 -89.00028 19.87878 457.9057 -89.00028 19.90385 458.7307 -89.00028 19.68279 458.9663 -89.00028 19.51782 459.1697 -89.00028 19.31445 459.4562 -89.00028 17.68951 459.3346 -89.00028 17.42884 459.1697 -89.00028 17.19325 457.3414 -89.00028 16.70335 457.0807 -89.00028 16.8249 456.8451 -89.00028 16.98988 456.6417 -89.00028 17.19325 456.4767 -89.00028 19.07885 456.6417 -89.00028 19.31445 456.8451 -89.00028 19.51782 459.3346 -89.00028 19.07885 459.4562 -89.00028 18.81818 459.5306 -89.00028 18.54037 458.9663 -89.00028 16.98988 458.7307 -89.00028 16.8249 458.47 -89.00028 16.70335 458.1922 -89.00028 16.62891 457.9057 -89.00028 16.60384 457.6192 -89.00028 16.62891 456.4767 -89.00028 17.42884 456.3552 -89.00028 17.68951 456.2807 -89.00028 17.96732 457.0807 -89.00028 19.68279 457.3414 -89.00028 19.80434 464.1367 -89.00028 26.53678 464.0803 -89.00028 26.32632 463.9882 -89.00028 26.12884 463.8632 -89.00028 25.95036 463.7092 -89.00028 25.79629 463.1228 -89.00028 25.52284 462.9057 -89.00028 25.50384 462.6886 -89.00028 25.52284 462.4782 -89.00028 25.57923 462.2807 -89.00028 25.67132 462.1022 -89.00028 25.79629 463.5307 -89.00028 25.67132 463.3332 -89.00028 25.57923 461.9481 -89.00028 25.95036 461.8232 -89.00028 26.12884 461.7311 -89.00028 26.32632 461.7311 -89.00028 27.18137 461.8232 -89.00028 27.37884 461.9481 -89.00028 27.55734 461.6747 -89.00028 26.53678 461.6557 -89.00028 26.75384 461.6747 -89.00028 26.97091 463.3332 -89.00028 27.92846 463.5307 -89.00028 27.83637 462.1022 -89.00028 27.7114 462.2807 -89.00028 27.83637 462.4782 -89.00028 27.92846 462.6886 -89.00028 27.98486 462.9057 -89.00028 28.00384 463.1228 -89.00028 27.98486 463.7092 -89.00028 27.7114 463.8632 -89.00028 27.55734 463.9882 -89.00028 27.37884 464.0803 -89.00028 27.18137 464.1367 -89.00028 26.97091 464.1557 -89.00028 26.75384 472.9057 -89.00028 28.00384 473.1228 -89.00028 27.98486 473.7092 -89.00028 25.79629 473.8632 -89.00028 25.95036 473.9882 -89.00028 26.12884 474.1557 -89.00028 26.75384 474.1367 -89.00028 26.53678 474.0803 -89.00028 26.32632 471.8232 -89.00028 26.12884 471.7311 -89.00028 26.32632 473.3332 -89.00028 27.92846 473.5307 -89.00028 27.83637 473.7092 -89.00028 27.7114 474.0803 -89.00028 27.18137 474.1367 -89.00028 26.97091 473.8632 -89.00028 27.55734 473.9882 -89.00028 27.37884 473.5307 -89.00028 25.67132 473.3332 -89.00028 25.57923 473.1228 -89.00028 25.52284 472.9057 -89.00028 25.50384 472.6886 -89.00028 25.52284 472.4782 -89.00028 25.57923 472.2807 -89.00028 25.67132 472.4782 -89.00028 27.92846 472.6886 -89.00028 27.98486 472.1022 -89.00028 25.79629 471.9481 -89.00028 25.95036 471.6747 -89.00028 26.53678 471.6557 -89.00028 26.75384 471.6747 -89.00028 26.97091 471.7311 -89.00028 27.18137 471.8232 -89.00028 27.37884 471.9481 -89.00028 27.55734 472.1022 -89.00028 27.7114 472.2807 -89.00028 27.83637 460.6057 -86.00028 22.70385 454.0755 -86.00028 -18.46009 453.5755 -86.00028 -17.74616 460.6057 -86.00028 -18.37116 453.2072 -86.00028 -16.95625 456.1956 -86.00028 -19.94462 457.0375 -86.00028 -20.1702 455.4057 -86.00028 -19.57628 454.6918 -86.00028 -19.07638 457.0375 -86.00028 31.67788 452.9057 -86.00028 22.70385 452.9057 -86.00028 26.75384 452.9816 -86.00028 27.62208 453.2072 -86.00028 28.46395 453.5755 -86.00028 29.25384 454.0755 -86.00028 29.96778 454.6918 -86.00028 30.58407 455.4057 -86.00028 31.08398 456.1956 -86.00028 31.45231 475.1697 -86.00028 19.31445 474.9663 -86.00028 19.51782 474.8557 -86.00028 22.70385 474.7307 -86.00028 19.68279 474.47 -86.00028 19.80434 473.6192 -86.00028 19.87878 473.3414 -86.00028 19.80434 467.9057 -86.00028 22.70385 474.47 -86.00028 16.70335 474.8557 -86.00028 5.753845 474.1922 -86.00028 16.62891 473.9057 -86.00028 16.60384 474.1922 -86.00028 19.87878 473.9057 -86.00028 19.90385 473.0807 -86.00028 19.68279 472.8451 -86.00028 19.51782 472.6417 -86.00028 19.31445 472.2807 -86.00028 18.54037 472.2557 -86.00028 18.25384 472.2807 -86.00028 17.96732 467.9057 -86.00028 5.753845 472.3552 -86.00028 17.68951 472.4767 -86.00028 19.07885 472.3552 -86.00028 18.81818 472.4767 -86.00028 17.42884 472.6417 -86.00028 17.19325 472.8451 -86.00028 16.98988 473.0807 -86.00028 16.8249 473.3414 -86.00028 16.70335 473.6192 -86.00028 16.62891 474.7307 -86.00028 16.8249 474.9663 -86.00028 16.98988 475.1697 -86.00028 17.19325 475.3346 -86.00028 17.42884 475.4562 -86.00028 17.68951 475.5306 -86.00028 17.96732 475.5557 -86.00028 18.25384 475.5306 -86.00028 18.54037 475.4562 -86.00028 18.81818 475.3346 -86.00028 19.07885 473.9057 -86.00028 -8.396157 474.1922 -86.00028 -8.371087 474.8557 -86.00028 -11.19616 474.47 -86.00028 -8.296647 474.7307 -86.00028 -8.175095 474.7307 -86.00028 -5.317215 474.47 -86.00028 -5.195663 474.1922 -86.00028 -5.121223 472.2557 -86.00028 -6.746155 472.2807 -86.00028 -7.032677 467.9057 -86.00028 -11.19616 472.3552 -86.00028 -7.310486 473.3414 -86.00028 -5.195663 473.6192 -86.00028 -5.121223 473.9057 -86.00028 -5.096153 473.0807 -86.00028 -5.317215 472.8451 -86.00028 -5.482185 472.6417 -86.00028 -5.685554 472.4767 -86.00028 -5.921158 472.3552 -86.00028 -6.181824 472.2807 -86.00028 -6.459633 472.4767 -86.00028 -7.571159 472.6417 -86.00028 -7.806755 472.8451 -86.00028 -8.010132 473.0807 -86.00028 -8.175095 473.3414 -86.00028 -8.296647 473.6192 -86.00028 -8.371087 474.9663 -86.00028 -8.010132 475.1697 -86.00028 -7.806755 475.3346 -86.00028 -7.571159 475.4562 -86.00028 -7.310486 475.5306 -86.00028 -7.032677 475.4562 -86.00028 -6.181824 475.5306 -86.00028 -6.459633 475.5557 -86.00028 -6.746155 475.3346 -86.00028 -5.921158 475.1697 -86.00028 -5.685554 474.9663 -86.00028 -5.482185 463.8632 -86.00028 25.95036 463.9882 -86.00028 26.12884 464.0803 -86.00028 26.32632 464.0803 -86.00028 27.18137 463.9882 -86.00028 27.37884 461.7311 -86.00028 26.32632 461.8232 -86.00028 26.12884 461.9481 -86.00028 25.95036 462.1022 -86.00028 25.79629 462.2807 -86.00028 25.67132 462.4782 -86.00028 25.57923 462.6886 -86.00028 25.52284 464.1367 -86.00028 26.53678 464.1557 -86.00028 26.75384 464.1367 -86.00028 26.97091 463.8632 -86.00028 27.55734 463.7092 -86.00028 27.7114 463.5307 -86.00028 27.83637 462.9057 -86.00028 25.50384 463.1228 -86.00028 25.52284 463.3332 -86.00028 25.57923 463.5307 -86.00028 25.67132 463.7092 -86.00028 25.79629 463.3332 -86.00028 27.92846 463.1228 -86.00028 27.98486 462.9057 -86.00028 28.00384 462.6886 -86.00028 27.98486 462.4782 -86.00028 27.92846 462.2807 -86.00028 27.83637 462.1022 -86.00028 27.7114 461.9481 -86.00028 27.55734 461.8232 -86.00028 27.37884 461.7311 -86.00028 27.18137 461.6747 -86.00028 26.97091 461.6557 -86.00028 26.75384 461.6747 -86.00028 26.53678 474.0803 -86.00028 27.18137 473.9882 -86.00028 27.37884 473.5307 -86.00028 27.83637 473.3332 -86.00028 27.92846 473.1228 -86.00028 27.98486 471.6747 -86.00028 26.97091 471.6557 -86.00028 26.75384 471.6747 -86.00028 26.53678 472.6886 -86.00028 25.52284 472.9057 -86.00028 25.50384 473.1228 -86.00028 25.52284 472.4782 -86.00028 27.92846 472.6886 -86.00028 27.98486 472.9057 -86.00028 28.00384 471.7311 -86.00028 26.32632 471.8232 -86.00028 26.12884 471.9481 -86.00028 25.95036 472.4782 -86.00028 25.57923 472.2807 -86.00028 27.83637 472.1022 -86.00028 27.7114 471.9481 -86.00028 27.55734 471.8232 -86.00028 27.37884 471.7311 -86.00028 27.18137 472.1022 -86.00028 25.79629 472.2807 -86.00028 25.67132 473.3332 -86.00028 25.57923 473.5307 -86.00028 25.67132 473.7092 -86.00028 25.79629 473.8632 -86.00028 25.95036 473.9882 -86.00028 26.12884 474.0803 -86.00028 26.32632 473.8632 -86.00028 27.55734 473.7092 -86.00028 27.7114 474.1367 -86.00028 26.53678 474.1557 -86.00028 26.75384 474.1367 -86.00028 26.97091 458.1922 -86.00028 19.87878 457.9057 -86.00028 19.90385 456.8451 -86.00028 16.98988 452.9057 -86.00028 5.753845 456.6417 -86.00028 17.19325 456.4767 -86.00028 17.42884 457.6192 -86.00028 19.87878 457.3414 -86.00028 19.80434 457.0807 -86.00028 19.68279 456.8451 -86.00028 19.51782 456.6417 -86.00028 19.31445 456.2807 -86.00028 18.54037 456.2557 -86.00028 18.25384 456.2807 -86.00028 17.96732 456.3552 -86.00028 17.68951 456.4767 -86.00028 19.07885 456.3552 -86.00028 18.81818 459.4562 -86.00028 17.68951 460.6057 -86.00028 5.753845 459.3346 -86.00028 17.42884 459.1697 -86.00028 17.19325 459.4562 -86.00028 18.81818 459.3346 -86.00028 19.07885 459.1697 -86.00028 19.31445 458.9663 -86.00028 19.51782 457.6192 -86.00028 16.62891 457.9057 -86.00028 16.60384 458.1922 -86.00028 16.62891 458.47 -86.00028 16.70335 458.7307 -86.00028 16.8249 458.9663 -86.00028 16.98988 458.7307 -86.00028 19.68279 458.47 -86.00028 19.80434 457.0807 -86.00028 16.8249 457.3414 -86.00028 16.70335 459.5306 -86.00028 17.96732 459.5557 -86.00028 18.25384 459.5306 -86.00028 18.54037 458.1922 -86.00028 -5.121223 457.9057 -86.00028 -5.096153 456.2557 -86.00028 -6.746155 456.2807 -86.00028 -7.032677 452.9057 -86.00028 -11.19616 456.3552 -86.00028 -7.310486 456.4767 -86.00028 -7.571159 456.6417 -86.00028 -7.806755 456.8451 -86.00028 -8.010132 457.6192 -86.00028 -5.121223 457.3414 -86.00028 -5.195663 457.0807 -86.00028 -5.317215 456.8451 -86.00028 -5.482185 456.6417 -86.00028 -5.685554 456.4767 -86.00028 -5.921158 456.3552 -86.00028 -6.181824 456.2807 -86.00028 -6.459633 459.4562 -86.00028 -7.310486 460.6057 -86.00028 -11.19616 459.3346 -86.00028 -7.571159 459.1697 -86.00028 -7.806755 459.4562 -86.00028 -6.181824 459.3346 -86.00028 -5.921158 459.1697 -86.00028 -5.685554 458.9663 -86.00028 -5.482185 452.9816 -86.00028 -16.1144 452.9057 -86.00028 -15.24615 457.6192 -86.00028 -8.371087 457.9057 -86.00028 -8.396157 458.1922 -86.00028 -8.371087 458.47 -86.00028 -8.296647 458.7307 -86.00028 -8.175095 458.9663 -86.00028 -8.010132 458.7307 -86.00028 -5.317215 458.47 -86.00028 -5.195663 457.0807 -86.00028 -8.175095 457.3414 -86.00028 -8.296647 459.5306 -86.00028 -7.032677 459.5557 -86.00028 -6.746155 459.5306 -86.00028 -6.459633 463.8632 -86.00028 -16.04965 463.9882 -86.00028 -15.87115 467.9057 -86.00028 -18.37116 464.0803 -86.00028 -15.67368 461.7311 -86.00028 -15.67368 461.8232 -86.00028 -15.87115 461.9481 -86.00028 -16.04965 462.1022 -86.00028 -16.20371 462.2807 -86.00028 -16.32869 462.4782 -86.00028 -16.42077 464.0803 -86.00028 -14.81863 463.9882 -86.00028 -14.62115 463.8632 -86.00028 -14.44267 464.1367 -86.00028 -15.46322 464.1557 -86.00028 -15.24615 464.1367 -86.00028 -15.0291 463.7092 -86.00028 -14.2886 463.5307 -86.00028 -14.16362 463.3332 -86.00028 -14.07154 462.6886 -86.00028 -16.47717 462.9057 -86.00028 -16.49616 463.1228 -86.00028 -16.47717 463.3332 -86.00028 -16.42077 463.1228 -86.00028 -14.01514 462.9057 -86.00028 -13.99615 462.6886 -86.00028 -14.01514 463.5307 -86.00028 -16.32869 463.7092 -86.00028 -16.20371 462.4782 -86.00028 -14.07154 462.2807 -86.00028 -14.16362 462.1022 -86.00028 -14.2886 461.9481 -86.00028 -14.44267 461.8232 -86.00028 -14.62115 461.7311 -86.00028 -14.81863 461.6747 -86.00028 -15.0291 461.6557 -86.00028 -15.24615 461.6747 -86.00028 -15.46322 474.0803 -86.00028 -14.81863 473.9882 -86.00028 -14.62115 473.5307 -86.00028 -14.16362 473.3332 -86.00028 -14.07154 473.1228 -86.00028 -14.01514 471.6747 -86.00028 -15.0291 471.6557 -86.00028 -15.24615 471.6747 -86.00028 -15.46322 474.8557 -86.00028 -18.37116 472.9057 -86.00028 -16.49616 473.1228 -86.00028 -16.47717 472.4782 -86.00028 -14.07154 472.6886 -86.00028 -14.01514 472.9057 -86.00028 -13.99615 471.7311 -86.00028 -15.67368 471.8232 -86.00028 -15.87115 471.9481 -86.00028 -16.04965 472.6886 -86.00028 -16.47717 472.4782 -86.00028 -16.42077 472.2807 -86.00028 -14.16362 472.1022 -86.00028 -14.2886 471.9481 -86.00028 -14.44267 471.8232 -86.00028 -14.62115 471.7311 -86.00028 -14.81863 472.1022 -86.00028 -16.20371 472.2807 -86.00028 -16.32869 473.3332 -86.00028 -16.42077 473.5307 -86.00028 -16.32869 473.7092 -86.00028 -16.20371 473.8632 -86.00028 -16.04965 473.9882 -86.00028 -15.87115 474.0803 -86.00028 -15.67368 473.8632 -86.00028 -14.44267 473.7092 -86.00028 -14.2886 474.1367 -86.00028 -15.46322 474.1557 -86.00028 -15.24615 474.1367 -86.00028 -15.0291 -458.0943 -74.58443 -14.3056 -458.0943 -74.38185 -13.87115 -458.0943 -69.29206 26.27631 -458.0943 -74.10691 -13.47849 -458.0943 -73.76795 -13.13953 -458.0943 -73.37528 -12.86459 -458.0943 -69.61872 25.37884 -458.0943 -69.89366 24.98618 -458.0943 -74.7085 -14.76862 -458.0943 -70.23261 24.64723 -458.0943 -70.62528 24.37228 -458.0943 -71.05973 24.16969 -458.0943 -72.00028 -20.24616 -458.0943 -72.47782 -17.95438 -458.0943 -72.94083 -17.83032 -458.0943 -69.41613 25.81329 -458.0943 -74.10691 -17.01383 -458.0943 -74.38185 -16.62116 -458.0943 -85.00028 -20.24616 -458.0943 -73.76795 -17.35278 -458.0943 -74.58443 -16.18671 -458.0943 -74.7085 -15.72369 -458.0943 -74.75028 -15.24615 -458.0943 -71.52275 24.04562 -458.0943 -72.00028 24.00384 -458.0943 -72.47782 24.04562 -458.0943 -71.52275 -12.53793 -458.0943 -71.05973 -12.662 -458.0943 -67.00028 26.75384 -458.0943 -70.62528 -12.86459 -458.0943 -70.23261 -13.13953 -458.0943 -73.37528 -17.62772 -458.0943 -74.7085 27.23138 -458.0943 -85.00028 31.75384 -458.0943 -74.75028 26.75384 -458.0943 -74.7085 26.27631 -458.0943 -74.10691 28.52151 -458.0943 -73.76795 28.86047 -458.0943 -73.37528 29.13541 -458.0943 -72.00028 31.75384 -458.0943 -72.94083 29.33801 -458.0943 -72.94083 -12.662 -458.0943 -72.47782 -12.53793 -458.0943 -69.25028 26.75384 -458.0943 -72.00028 -12.49615 -458.0943 -69.89366 -13.47849 -458.0943 -69.61872 -13.87115 -458.0943 -67.00028 -15.24615 -458.0943 -69.41613 -14.3056 -458.0943 -72.94083 24.16969 -458.0943 -73.37528 24.37228 -458.0943 -73.76795 24.64723 -458.0943 -74.10691 24.98618 -458.0943 -74.38185 25.37884 -458.0943 -74.58443 25.81329 -458.0943 -74.58443 27.69441 -458.0943 -74.38185 28.12884 -458.0943 -69.29206 27.23138 -458.0943 -67.07624 27.62208 -458.0943 -69.41613 27.69441 -458.0943 -67.30182 28.46395 -458.0943 -69.61872 28.12884 -458.0943 -67.67015 29.25384 -458.0943 -69.89366 28.52151 -458.0943 -68.17006 29.96778 -458.0943 -70.23261 28.86047 -458.0943 -68.78635 30.58407 -458.0943 -70.62528 29.13541 -458.0943 -69.50028 31.08398 -458.0943 -71.05973 29.33801 -458.0943 -70.29018 31.45231 -458.0943 -71.52275 29.46206 -458.0943 -71.13204 31.67788 -458.0943 -72.00028 29.50384 -458.0943 -72.47782 29.46206 -458.0943 -69.29206 -14.76862 -458.0943 -69.25028 -15.24615 -458.0943 -67.07624 -16.1144 -458.0943 -69.29206 -15.72369 -458.0943 -67.30182 -16.95625 -458.0943 -69.41613 -16.18671 -458.0943 -67.67015 -17.74616 -458.0943 -69.61872 -16.62116 -458.0943 -68.17006 -18.46009 -458.0943 -69.89366 -17.01383 -458.0943 -68.78635 -19.07638 -458.0943 -70.23261 -17.35278 -458.0943 -69.50028 -19.57628 -458.0943 -70.62528 -17.62772 -458.0943 -70.29018 -19.94462 -458.0943 -71.05973 -17.83032 -458.0943 -71.13204 -20.1702 -458.0943 -71.52275 -17.95438 -458.0943 -72.00028 -17.99616 -461.0943 -72.00028 -20.24616 -461.0943 -85.00028 -20.24616 -461.0943 -73.37528 29.13541 -461.0943 -73.76795 28.86047 -461.0943 -85.00028 31.75384 -461.0943 -74.10691 28.52151 -461.0943 -74.38185 28.12884 -461.0943 -72.94083 29.33801 -461.0943 -72.00028 31.75384 -461.0943 -72.47782 29.46206 -461.0943 -74.58443 27.69441 -461.0943 -74.7085 27.23138 -461.0943 -74.75028 26.75384 -461.0943 -72.94083 -12.662 -461.0943 -73.37528 -12.86459 -461.0943 -73.76795 -13.13953 -461.0943 -74.7085 -15.72369 -461.0943 -74.75028 -15.24615 -461.0943 -74.7085 -14.76862 -461.0943 -74.10691 -13.47849 -461.0943 -74.38185 -13.87115 -461.0943 -74.58443 -14.3056 -461.0943 -74.58443 -16.18671 -461.0943 -74.38185 -16.62116 -461.0943 -74.10691 -17.01383 -461.0943 -70.23261 -13.13953 -461.0943 -67.00028 26.75384 -461.0943 -69.89366 -13.47849 -461.0943 -69.61872 -13.87115 -461.0943 -70.62528 -12.86459 -461.0943 -71.05973 -12.662 -461.0943 -71.52275 -12.53793 -461.0943 -72.94083 -17.83032 -461.0943 -73.37528 -17.62772 -461.0943 -73.76795 -17.35278 -461.0943 -69.41613 -14.3056 -461.0943 -67.00028 -15.24615 -461.0943 -69.29206 -14.76862 -461.0943 -74.58443 25.81329 -461.0943 -74.38185 25.37884 -461.0943 -72.00028 -12.49615 -461.0943 -74.10691 24.98618 -461.0943 -71.05973 24.16969 -461.0943 -70.62528 24.37228 -461.0943 -72.47782 -17.95438 -461.0943 -72.00028 -17.99616 -461.0943 -71.13204 -20.1702 -461.0943 -71.52275 -17.95438 -461.0943 -70.29018 -19.94462 -461.0943 -71.05973 -17.83032 -461.0943 -69.50028 -19.57628 -461.0943 -70.62528 -17.62772 -461.0943 -68.78635 -19.07638 -461.0943 -70.23261 -17.35278 -461.0943 -68.17006 -18.46009 -461.0943 -69.89366 -17.01383 -461.0943 -67.67015 -17.74616 -461.0943 -69.61872 -16.62116 -461.0943 -67.30182 -16.95625 -461.0943 -69.41613 -16.18671 -461.0943 -67.07624 -16.1144 -461.0943 -69.29206 -15.72369 -461.0943 -69.25028 -15.24615 -461.0943 -72.47782 -12.53793 -461.0943 -74.7085 26.27631 -461.0943 -73.76795 24.64723 -461.0943 -73.37528 24.37228 -461.0943 -72.94083 24.16969 -461.0943 -72.47782 24.04562 -461.0943 -72.00028 24.00384 -461.0943 -71.52275 24.04562 -461.0943 -70.23261 24.64723 -461.0943 -69.89366 24.98618 -461.0943 -69.61872 25.37884 -461.0943 -69.41613 25.81329 -461.0943 -69.29206 26.27631 -461.0943 -69.25028 26.75384 -461.0943 -67.07624 27.62208 -461.0943 -69.29206 27.23138 -461.0943 -67.30182 28.46395 -461.0943 -69.41613 27.69441 -461.0943 -67.67015 29.25384 -461.0943 -69.61872 28.12884 -461.0943 -68.17006 29.96778 -461.0943 -69.89366 28.52151 -461.0943 -68.78635 30.58407 -461.0943 -70.23261 28.86047 -461.0943 -69.50028 31.08398 -461.0943 -70.62528 29.13541 -461.0943 -70.29018 31.45231 -461.0943 -71.05973 29.33801 -461.0943 -71.13204 31.67788 -461.0943 -71.52275 29.46206 -461.0943 -72.00028 29.50384 -458.0791 -85.17392 31.75384 -461.0336 -85.69487 31.75384 -458.034 -85.3423 31.75384 -460.8531 -86.36837 31.75384 -457.9604 -85.50028 31.75384 -460.5585 -87.00028 31.75384 -457.8604 -85.64307 31.75384 -460.1585 -87.57143 31.75384 -457.7371 -85.76633 31.75384 -459.6655 -88.06446 31.75384 -457.5943 -85.86631 31.75384 -459.0943 -88.46439 31.75384 -457.4364 -85.93997 31.75384 -458.4624 -88.75905 31.75384 -457.268 -85.98509 31.75384 -457.7889 -88.93952 31.75384 -457.0943 -86.00028 31.75384 -457.0943 -89.00028 31.75384 -457.0943 -86.00028 -20.24616 -457.0943 -89.00028 -20.24616 -457.268 -85.98509 -20.24616 -457.7889 -88.93952 -20.24616 -457.4364 -85.93997 -20.24616 -458.4624 -88.75905 -20.24616 -457.5943 -85.86631 -20.24616 -459.0943 -88.46439 -20.24616 -457.7371 -85.76633 -20.24616 -459.6655 -88.06446 -20.24616 -457.8604 -85.64307 -20.24616 -460.1585 -87.57143 -20.24616 -457.9604 -85.50028 -20.24616 -460.5585 -87.00028 -20.24616 -458.034 -85.3423 -20.24616 -460.8531 -86.36837 -20.24616 -458.0791 -85.17392 -20.24616 -461.0336 -85.69487 -20.24616 -457.0943 -89.00028 29.87884 -457.0943 -89.00028 -11.19616 -457.0943 -89.00028 5.753845 -457.0943 -89.00028 22.70385 -457.0943 -86.00028 29.87884 -457.0943 -86.00028 22.70385 -457.0943 -86.00028 -11.19616 -457.0943 -86.00028 5.753845 -436.0943 -89.00028 31.75384 -436.0943 -86.00028 31.75384 -438.7944 -89.00028 31.75384 -438.7944 -86.00028 31.75384 -446.0943 -89.00028 31.75384 -446.0943 -86.00028 31.75384 -453.0444 -89.00028 31.75384 -453.0444 -86.00028 31.75384 -453.0444 -89.00028 -20.24616 -453.0444 -86.00028 -20.24616 -446.0943 -89.00028 -20.24616 -446.0943 -86.00028 -20.24616 -438.7944 -89.00028 -20.24616 -438.7944 -86.00028 -20.24616 -436.0943 -89.00028 -20.24616 -436.0943 -86.00028 -20.24616 -453.0444 -89.00028 29.87884 -431.0943 -89.00028 -15.24615 -431.0943 -89.00028 -11.19616 -438.7944 -89.00028 -11.19616 -431.7642 -89.00028 29.25384 -432.2641 -89.00028 29.96778 -438.7944 -89.00028 29.87884 -434.3842 -89.00028 31.45231 -435.2261 -89.00028 31.67788 -432.8804 -89.00028 30.58407 -433.5943 -89.00028 31.08398 -438.7944 -89.00028 22.70385 -431.0943 -89.00028 22.70385 -431.0943 -89.00028 26.75384 -431.1703 -89.00028 27.62208 -431.3959 -89.00028 28.46395 -431.1703 -89.00028 -16.1144 -435.2261 -89.00028 -20.1702 -434.3842 -89.00028 -19.94462 -433.5943 -89.00028 -19.57628 -432.8804 -89.00028 -19.07638 -432.2641 -89.00028 -18.46009 -431.7642 -89.00028 -17.74616 -431.3959 -89.00028 -16.95625 -453.1549 -89.00028 -5.482185 -452.9194 -89.00028 -5.317215 -453.0444 -89.00028 5.753845 -452.6587 -89.00028 -5.195663 -452.3809 -89.00028 -5.121223 -452.3809 -89.00028 -8.371087 -452.6587 -89.00028 -8.296647 -453.0444 -89.00028 -11.19616 -450.5438 -89.00028 -6.181824 -450.4694 -89.00028 -6.459633 -446.0943 -89.00028 -11.19616 -450.4443 -89.00028 -6.746155 -450.4694 -89.00028 -7.032677 -450.5438 -89.00028 -7.310486 -452.0943 -89.00028 -8.396157 -450.6654 -89.00028 -7.571159 -450.8304 -89.00028 -7.806755 -451.0337 -89.00028 -8.010132 -451.2693 -89.00028 -8.175095 -451.53 -89.00028 -8.296647 -451.8078 -89.00028 -8.371087 -452.0943 -89.00028 -5.096153 -451.8078 -89.00028 -5.121223 -446.0943 -89.00028 5.753845 -451.53 -89.00028 -5.195663 -451.2693 -89.00028 -5.317215 -451.0337 -89.00028 -5.482185 -450.8304 -89.00028 -5.685554 -450.6654 -89.00028 -5.921158 -453.3583 -89.00028 -5.685554 -453.5233 -89.00028 -5.921158 -453.5233 -89.00028 -7.571159 -453.6448 -89.00028 -7.310486 -453.7193 -89.00028 -7.032677 -452.9194 -89.00028 -8.175095 -453.1549 -89.00028 -8.010132 -453.3583 -89.00028 -7.806755 -453.7443 -89.00028 -6.746155 -453.7193 -89.00028 -6.459633 -453.6448 -89.00028 -6.181824 -453.3583 -89.00028 19.31445 -453.1549 -89.00028 19.51782 -453.0444 -89.00028 22.70385 -452.9194 -89.00028 19.68279 -452.6587 -89.00028 19.80434 -450.4694 -89.00028 18.54037 -450.4443 -89.00028 18.25384 -446.0943 -89.00028 22.70385 -450.4694 -89.00028 17.96732 -450.5438 -89.00028 17.68951 -452.3809 -89.00028 16.62891 -452.6587 -89.00028 16.70335 -452.3809 -89.00028 19.87878 -452.0943 -89.00028 19.90385 -451.8078 -89.00028 19.87878 -450.5438 -89.00028 18.81818 -452.0943 -89.00028 16.60384 -450.6654 -89.00028 17.42884 -450.8304 -89.00028 17.19325 -451.0337 -89.00028 16.98988 -451.2693 -89.00028 16.8249 -451.53 -89.00028 16.70335 -451.8078 -89.00028 16.62891 -451.53 -89.00028 19.80434 -451.2693 -89.00028 19.68279 -451.0337 -89.00028 19.51782 -450.8304 -89.00028 19.31445 -450.6654 -89.00028 19.07885 -453.7443 -89.00028 18.25384 -453.7193 -89.00028 18.54037 -453.6448 -89.00028 18.81818 -453.5233 -89.00028 19.07885 -452.9194 -89.00028 16.8249 -453.1549 -89.00028 16.98988 -453.3583 -89.00028 17.19325 -453.5233 -89.00028 17.42884 -453.6448 -89.00028 17.68951 -453.7193 -89.00028 17.96732 -446.0943 -89.00028 29.87884 -442.3254 -89.00028 26.97091 -442.269 -89.00028 27.18137 -442.1769 -89.00028 27.37884 -442.0519 -89.00028 27.55734 -441.8978 -89.00028 27.7114 -441.3114 -89.00028 27.98486 -441.0943 -89.00028 28.00384 -440.8773 -89.00028 27.98486 -440.6668 -89.00028 27.92846 -440.4693 -89.00028 27.83637 -440.2908 -89.00028 27.7114 -441.7193 -89.00028 27.83637 -441.5219 -89.00028 27.92846 -440.1368 -89.00028 27.55734 -440.0118 -89.00028 27.37884 -439.9197 -89.00028 27.18137 -439.9197 -89.00028 26.32632 -440.0118 -89.00028 26.12884 -440.1368 -89.00028 25.95036 -439.8633 -89.00028 26.97091 -439.8443 -89.00028 26.75384 -439.8633 -89.00028 26.53678 -441.5219 -89.00028 25.57923 -441.7193 -89.00028 25.67132 -440.2908 -89.00028 25.79629 -440.4693 -89.00028 25.67132 -440.6668 -89.00028 25.57923 -440.8773 -89.00028 25.52284 -441.0943 -89.00028 25.50384 -441.3114 -89.00028 25.52284 -441.8978 -89.00028 25.79629 -442.0519 -89.00028 25.95036 -442.1769 -89.00028 26.12884 -442.269 -89.00028 26.32632 -442.3254 -89.00028 26.53678 -442.3443 -89.00028 26.75384 -450.8773 -89.00028 25.52284 -451.0943 -89.00028 25.50384 -451.3114 -89.00028 25.52284 -452.269 -89.00028 27.18137 -452.1769 -89.00028 27.37884 -452.0519 -89.00028 27.55734 -451.8978 -89.00028 27.7114 -451.3114 -89.00028 27.98486 -451.0943 -89.00028 28.00384 -450.0118 -89.00028 27.37884 -449.9197 -89.00028 27.18137 -451.5219 -89.00028 25.57923 -451.7193 -89.00028 25.67132 -451.8978 -89.00028 25.79629 -452.0519 -89.00028 25.95036 -452.1769 -89.00028 26.12884 -452.269 -89.00028 26.32632 -452.3254 -89.00028 26.53678 -452.3443 -89.00028 26.75384 -452.3254 -89.00028 26.97091 -451.7193 -89.00028 27.83637 -451.5219 -89.00028 27.92846 -450.8773 -89.00028 27.98486 -450.6668 -89.00028 27.92846 -450.4693 -89.00028 27.83637 -450.6668 -89.00028 25.57923 -450.2908 -89.00028 27.7114 -450.1368 -89.00028 27.55734 -449.8633 -89.00028 26.97091 -449.8443 -89.00028 26.75384 -449.8633 -89.00028 26.53678 -449.9197 -89.00028 26.32632 -450.0118 -89.00028 26.12884 -450.1368 -89.00028 25.95036 -450.2908 -89.00028 25.79629 -450.4693 -89.00028 25.67132 -436.3809 -89.00028 16.62891 -436.6587 -89.00028 16.70335 -438.7944 -89.00028 5.753845 -437.7443 -89.00028 18.25384 -437.7193 -89.00028 18.54037 -431.0943 -89.00028 5.753845 -435.8078 -89.00028 16.62891 -436.0943 -89.00028 16.60384 -436.9194 -89.00028 16.8249 -437.1549 -89.00028 16.98988 -437.3583 -89.00028 17.19325 -437.6448 -89.00028 18.81818 -437.5233 -89.00028 19.07885 -437.3583 -89.00028 19.31445 -435.53 -89.00028 19.80434 -435.2693 -89.00028 19.68279 -435.0337 -89.00028 19.51782 -434.8304 -89.00028 19.31445 -434.6654 -89.00028 19.07885 -434.5438 -89.00028 18.81818 -434.4694 -89.00028 18.54037 -434.5438 -89.00028 17.68951 -434.4694 -89.00028 17.96732 -434.4443 -89.00028 18.25384 -434.6654 -89.00028 17.42884 -434.8304 -89.00028 17.19325 -435.0337 -89.00028 16.98988 -437.5233 -89.00028 17.42884 -437.6448 -89.00028 17.68951 -437.7193 -89.00028 17.96732 -437.1549 -89.00028 19.51782 -436.9194 -89.00028 19.68279 -436.6587 -89.00028 19.80434 -436.3809 -89.00028 19.87878 -436.0943 -89.00028 19.90385 -435.8078 -89.00028 19.87878 -435.2693 -89.00028 16.8249 -435.53 -89.00028 16.70335 -436.3809 -89.00028 -8.371087 -436.6587 -89.00028 -8.296647 -437.7443 -89.00028 -6.746155 -437.7193 -89.00028 -6.459633 -434.4694 -89.00028 -7.032677 -434.5438 -89.00028 -7.310486 -434.4443 -89.00028 -6.746155 -435.8078 -89.00028 -8.371087 -436.0943 -89.00028 -8.396157 -436.9194 -89.00028 -8.175095 -437.1549 -89.00028 -8.010132 -437.3583 -89.00028 -7.806755 -437.6448 -89.00028 -6.181824 -437.5233 -89.00028 -5.921158 -437.3583 -89.00028 -5.685554 -435.53 -89.00028 -5.195663 -435.2693 -89.00028 -5.317215 -435.0337 -89.00028 -5.482185 -434.8304 -89.00028 -5.685554 -434.6654 -89.00028 -7.571159 -434.8304 -89.00028 -7.806755 -435.0337 -89.00028 -8.010132 -437.5233 -89.00028 -7.571159 -437.6448 -89.00028 -7.310486 -437.7193 -89.00028 -7.032677 -437.1549 -89.00028 -5.482185 -436.9194 -89.00028 -5.317215 -436.6587 -89.00028 -5.195663 -436.3809 -89.00028 -5.121223 -436.0943 -89.00028 -5.096153 -435.8078 -89.00028 -5.121223 -434.6654 -89.00028 -5.921158 -434.5438 -89.00028 -6.181824 -434.4694 -89.00028 -6.459633 -435.2693 -89.00028 -8.175095 -435.53 -89.00028 -8.296647 -442.3254 -89.00028 -15.0291 -442.269 -89.00028 -14.81863 -442.1769 -89.00028 -14.62115 -442.0519 -89.00028 -14.44267 -441.8978 -89.00028 -14.2886 -441.3114 -89.00028 -14.01514 -441.0943 -89.00028 -13.99615 -440.8773 -89.00028 -14.01514 -440.6668 -89.00028 -14.07154 -440.4693 -89.00028 -14.16362 -440.2908 -89.00028 -14.2886 -441.7193 -89.00028 -14.16362 -441.5219 -89.00028 -14.07154 -440.1368 -89.00028 -14.44267 -440.0118 -89.00028 -14.62115 -439.9197 -89.00028 -14.81863 -439.9197 -89.00028 -15.67368 -440.0118 -89.00028 -15.87115 -440.1368 -89.00028 -16.04965 -439.8633 -89.00028 -15.0291 -439.8443 -89.00028 -15.24615 -439.8633 -89.00028 -15.46322 -441.5219 -89.00028 -16.42077 -441.7193 -89.00028 -16.32869 -440.2908 -89.00028 -16.20371 -440.4693 -89.00028 -16.32869 -440.6668 -89.00028 -16.42077 -440.8773 -89.00028 -16.47717 -441.0943 -89.00028 -16.49616 -441.3114 -89.00028 -16.47717 -441.8978 -89.00028 -16.20371 -442.0519 -89.00028 -16.04965 -442.1769 -89.00028 -15.87115 -442.269 -89.00028 -15.67368 -442.3254 -89.00028 -15.46322 -442.3443 -89.00028 -15.24615 -451.0943 -89.00028 -16.49616 -451.3114 -89.00028 -16.47717 -451.8978 -89.00028 -14.2886 -452.0519 -89.00028 -14.44267 -452.1769 -89.00028 -14.62115 -452.3443 -89.00028 -15.24615 -452.3254 -89.00028 -15.0291 -452.269 -89.00028 -14.81863 -450.0118 -89.00028 -14.62115 -449.9197 -89.00028 -14.81863 -451.5219 -89.00028 -16.42077 -451.7193 -89.00028 -16.32869 -451.8978 -89.00028 -16.20371 -452.269 -89.00028 -15.67368 -452.3254 -89.00028 -15.46322 -452.0519 -89.00028 -16.04965 -452.1769 -89.00028 -15.87115 -451.7193 -89.00028 -14.16362 -451.5219 -89.00028 -14.07154 -451.3114 -89.00028 -14.01514 -451.0943 -89.00028 -13.99615 -450.8773 -89.00028 -14.01514 -450.6668 -89.00028 -14.07154 -450.4693 -89.00028 -14.16362 -450.6668 -89.00028 -16.42077 -450.8773 -89.00028 -16.47717 -450.2908 -89.00028 -14.2886 -450.1368 -89.00028 -14.44267 -449.8633 -89.00028 -15.0291 -449.8443 -89.00028 -15.24615 -449.8633 -89.00028 -15.46322 -449.9197 -89.00028 -15.67368 -450.0118 -89.00028 -15.87115 -450.1368 -89.00028 -16.04965 -450.2908 -89.00028 -16.20371 -450.4693 -89.00028 -16.32869 -438.7944 -86.00028 -11.19616 -432.2641 -86.00028 29.96778 -431.7642 -86.00028 29.25384 -438.7944 -86.00028 29.87884 -431.3959 -86.00028 28.46395 -434.3842 -86.00028 31.45231 -435.2261 -86.00028 31.67788 -433.5943 -86.00028 31.08398 -432.8804 -86.00028 30.58407 -435.2261 -86.00028 -20.1702 -431.0943 -86.00028 -11.19616 -431.0943 -86.00028 -15.24615 -431.1703 -86.00028 -16.1144 -431.3959 -86.00028 -16.95625 -431.7642 -86.00028 -17.74616 -432.2641 -86.00028 -18.46009 -432.8804 -86.00028 -19.07638 -433.5943 -86.00028 -19.57628 -434.3842 -86.00028 -19.94462 -453.3583 -86.00028 -7.806755 -453.1549 -86.00028 -8.010132 -453.0444 -86.00028 -11.19616 -452.9194 -86.00028 -8.175095 -452.6587 -86.00028 -8.296647 -451.8078 -86.00028 -8.371087 -451.53 -86.00028 -8.296647 -446.0943 -86.00028 -11.19616 -452.6587 -86.00028 -5.195663 -453.0444 -86.00028 5.753845 -452.3809 -86.00028 -5.121223 -452.0943 -86.00028 -5.096153 -452.3809 -86.00028 -8.371087 -452.0943 -86.00028 -8.396157 -451.2693 -86.00028 -8.175095 -451.0337 -86.00028 -8.010132 -450.8304 -86.00028 -7.806755 -450.4694 -86.00028 -7.032677 -450.4443 -86.00028 -6.746155 -450.4694 -86.00028 -6.459633 -446.0943 -86.00028 5.753845 -450.5438 -86.00028 -6.181824 -450.6654 -86.00028 -7.571159 -450.5438 -86.00028 -7.310486 -450.6654 -86.00028 -5.921158 -450.8304 -86.00028 -5.685554 -451.0337 -86.00028 -5.482185 -451.2693 -86.00028 -5.317215 -451.53 -86.00028 -5.195663 -451.8078 -86.00028 -5.121223 -452.9194 -86.00028 -5.317215 -453.1549 -86.00028 -5.482185 -453.3583 -86.00028 -5.685554 -453.5233 -86.00028 -5.921158 -453.6448 -86.00028 -6.181824 -453.7193 -86.00028 -6.459633 -453.7443 -86.00028 -6.746155 -453.7193 -86.00028 -7.032677 -453.6448 -86.00028 -7.310486 -453.5233 -86.00028 -7.571159 -452.0943 -86.00028 19.90385 -452.3809 -86.00028 19.87878 -453.0444 -86.00028 22.70385 -452.6587 -86.00028 19.80434 -452.9194 -86.00028 19.68279 -452.9194 -86.00028 16.8249 -452.6587 -86.00028 16.70335 -452.3809 -86.00028 16.62891 -450.4443 -86.00028 18.25384 -450.4694 -86.00028 18.54037 -446.0943 -86.00028 22.70385 -450.5438 -86.00028 18.81818 -451.53 -86.00028 16.70335 -451.8078 -86.00028 16.62891 -452.0943 -86.00028 16.60384 -451.2693 -86.00028 16.8249 -451.0337 -86.00028 16.98988 -450.8304 -86.00028 17.19325 -450.6654 -86.00028 17.42884 -450.5438 -86.00028 17.68951 -450.4694 -86.00028 17.96732 -450.6654 -86.00028 19.07885 -450.8304 -86.00028 19.31445 -451.0337 -86.00028 19.51782 -451.2693 -86.00028 19.68279 -451.53 -86.00028 19.80434 -451.8078 -86.00028 19.87878 -453.1549 -86.00028 19.51782 -453.3583 -86.00028 19.31445 -453.5233 -86.00028 19.07885 -453.6448 -86.00028 18.81818 -453.7193 -86.00028 18.54037 -453.6448 -86.00028 17.68951 -453.7193 -86.00028 17.96732 -453.7443 -86.00028 18.25384 -453.5233 -86.00028 17.42884 -453.3583 -86.00028 17.19325 -453.1549 -86.00028 16.98988 -442.0519 -86.00028 -14.44267 -442.1769 -86.00028 -14.62115 -442.269 -86.00028 -14.81863 -442.269 -86.00028 -15.67368 -442.1769 -86.00028 -15.87115 -439.9197 -86.00028 -14.81863 -440.0118 -86.00028 -14.62115 -440.1368 -86.00028 -14.44267 -440.2908 -86.00028 -14.2886 -440.4693 -86.00028 -14.16362 -440.6668 -86.00028 -14.07154 -440.8773 -86.00028 -14.01514 -442.3254 -86.00028 -15.0291 -442.3443 -86.00028 -15.24615 -442.3254 -86.00028 -15.46322 -442.0519 -86.00028 -16.04965 -441.8978 -86.00028 -16.20371 -441.7193 -86.00028 -16.32869 -441.0943 -86.00028 -13.99615 -441.3114 -86.00028 -14.01514 -441.5219 -86.00028 -14.07154 -441.7193 -86.00028 -14.16362 -441.8978 -86.00028 -14.2886 -441.5219 -86.00028 -16.42077 -441.3114 -86.00028 -16.47717 -441.0943 -86.00028 -16.49616 -440.8773 -86.00028 -16.47717 -440.6668 -86.00028 -16.42077 -440.4693 -86.00028 -16.32869 -440.2908 -86.00028 -16.20371 -440.1368 -86.00028 -16.04965 -440.0118 -86.00028 -15.87115 -439.9197 -86.00028 -15.67368 -439.8633 -86.00028 -15.46322 -439.8443 -86.00028 -15.24615 -439.8633 -86.00028 -15.0291 -452.269 -86.00028 -15.67368 -452.1769 -86.00028 -15.87115 -451.7193 -86.00028 -16.32869 -451.5219 -86.00028 -16.42077 -451.3114 -86.00028 -16.47717 -449.8633 -86.00028 -15.46322 -449.8443 -86.00028 -15.24615 -449.8633 -86.00028 -15.0291 -450.8773 -86.00028 -14.01514 -451.0943 -86.00028 -13.99615 -451.3114 -86.00028 -14.01514 -450.6668 -86.00028 -16.42077 -450.8773 -86.00028 -16.47717 -451.0943 -86.00028 -16.49616 -449.9197 -86.00028 -14.81863 -450.0118 -86.00028 -14.62115 -450.1368 -86.00028 -14.44267 -450.6668 -86.00028 -14.07154 -450.4693 -86.00028 -16.32869 -450.2908 -86.00028 -16.20371 -450.1368 -86.00028 -16.04965 -450.0118 -86.00028 -15.87115 -449.9197 -86.00028 -15.67368 -450.2908 -86.00028 -14.2886 -450.4693 -86.00028 -14.16362 -451.5219 -86.00028 -14.07154 -451.7193 -86.00028 -14.16362 -451.8978 -86.00028 -14.2886 -452.0519 -86.00028 -14.44267 -452.1769 -86.00028 -14.62115 -452.269 -86.00028 -14.81863 -452.0519 -86.00028 -16.04965 -451.8978 -86.00028 -16.20371 -452.3254 -86.00028 -15.0291 -452.3443 -86.00028 -15.24615 -452.3254 -86.00028 -15.46322 -436.3809 -86.00028 -8.371087 -436.0943 -86.00028 -8.396157 -435.0337 -86.00028 -5.482185 -431.0943 -86.00028 5.753845 -434.8304 -86.00028 -5.685554 -434.6654 -86.00028 -5.921158 -435.8078 -86.00028 -8.371087 -435.53 -86.00028 -8.296647 -435.2693 -86.00028 -8.175095 -435.0337 -86.00028 -8.010132 -434.8304 -86.00028 -7.806755 -434.4694 -86.00028 -7.032677 -434.4443 -86.00028 -6.746155 -434.4694 -86.00028 -6.459633 -434.5438 -86.00028 -6.181824 -434.6654 -86.00028 -7.571159 -434.5438 -86.00028 -7.310486 -437.6448 -86.00028 -6.181824 -438.7944 -86.00028 5.753845 -437.5233 -86.00028 -5.921158 -437.3583 -86.00028 -5.685554 -437.6448 -86.00028 -7.310486 -437.5233 -86.00028 -7.571159 -437.3583 -86.00028 -7.806755 -437.1549 -86.00028 -8.010132 -435.8078 -86.00028 -5.121223 -436.0943 -86.00028 -5.096153 -436.3809 -86.00028 -5.121223 -436.6587 -86.00028 -5.195663 -436.9194 -86.00028 -5.317215 -437.1549 -86.00028 -5.482185 -436.9194 -86.00028 -8.175095 -436.6587 -86.00028 -8.296647 -435.2693 -86.00028 -5.317215 -435.53 -86.00028 -5.195663 -437.7193 -86.00028 -6.459633 -437.7443 -86.00028 -6.746155 -437.7193 -86.00028 -7.032677 -436.3809 -86.00028 16.62891 -436.0943 -86.00028 16.60384 -434.4443 -86.00028 18.25384 -434.4694 -86.00028 18.54037 -431.0943 -86.00028 22.70385 -434.5438 -86.00028 18.81818 -434.6654 -86.00028 19.07885 -434.8304 -86.00028 19.31445 -435.0337 -86.00028 19.51782 -435.8078 -86.00028 16.62891 -435.53 -86.00028 16.70335 -435.2693 -86.00028 16.8249 -435.0337 -86.00028 16.98988 -434.8304 -86.00028 17.19325 -434.6654 -86.00028 17.42884 -434.5438 -86.00028 17.68951 -434.4694 -86.00028 17.96732 -437.6448 -86.00028 18.81818 -438.7944 -86.00028 22.70385 -437.5233 -86.00028 19.07885 -437.3583 -86.00028 19.31445 -437.6448 -86.00028 17.68951 -437.5233 -86.00028 17.42884 -437.3583 -86.00028 17.19325 -437.1549 -86.00028 16.98988 -431.1703 -86.00028 27.62208 -431.0943 -86.00028 26.75384 -435.8078 -86.00028 19.87878 -436.0943 -86.00028 19.90385 -436.3809 -86.00028 19.87878 -436.6587 -86.00028 19.80434 -436.9194 -86.00028 19.68279 -437.1549 -86.00028 19.51782 -436.9194 -86.00028 16.8249 -436.6587 -86.00028 16.70335 -435.2693 -86.00028 19.68279 -435.53 -86.00028 19.80434 -437.7193 -86.00028 18.54037 -437.7443 -86.00028 18.25384 -437.7193 -86.00028 17.96732 -442.0519 -86.00028 27.55734 -442.1769 -86.00028 27.37884 -446.0943 -86.00028 29.87884 -442.269 -86.00028 27.18137 -439.9197 -86.00028 27.18137 -440.0118 -86.00028 27.37884 -440.1368 -86.00028 27.55734 -440.2908 -86.00028 27.7114 -440.4693 -86.00028 27.83637 -440.6668 -86.00028 27.92846 -442.269 -86.00028 26.32632 -442.1769 -86.00028 26.12884 -442.0519 -86.00028 25.95036 -442.3254 -86.00028 26.97091 -442.3443 -86.00028 26.75384 -442.3254 -86.00028 26.53678 -441.8978 -86.00028 25.79629 -441.7193 -86.00028 25.67132 -441.5219 -86.00028 25.57923 -440.8773 -86.00028 27.98486 -441.0943 -86.00028 28.00384 -441.3114 -86.00028 27.98486 -441.5219 -86.00028 27.92846 -441.3114 -86.00028 25.52284 -441.0943 -86.00028 25.50384 -440.8773 -86.00028 25.52284 -441.7193 -86.00028 27.83637 -441.8978 -86.00028 27.7114 -440.6668 -86.00028 25.57923 -440.4693 -86.00028 25.67132 -440.2908 -86.00028 25.79629 -440.1368 -86.00028 25.95036 -440.0118 -86.00028 26.12884 -439.9197 -86.00028 26.32632 -439.8633 -86.00028 26.53678 -439.8443 -86.00028 26.75384 -439.8633 -86.00028 26.97091 -452.269 -86.00028 26.32632 -452.1769 -86.00028 26.12884 -451.7193 -86.00028 25.67132 -451.5219 -86.00028 25.57923 -451.3114 -86.00028 25.52284 -449.8633 -86.00028 26.53678 -449.8443 -86.00028 26.75384 -449.8633 -86.00028 26.97091 -453.0444 -86.00028 29.87884 -451.0943 -86.00028 28.00384 -451.3114 -86.00028 27.98486 -450.6668 -86.00028 25.57923 -450.8773 -86.00028 25.52284 -451.0943 -86.00028 25.50384 -449.9197 -86.00028 27.18137 -450.0118 -86.00028 27.37884 -450.1368 -86.00028 27.55734 -450.8773 -86.00028 27.98486 -450.6668 -86.00028 27.92846 -450.4693 -86.00028 25.67132 -450.2908 -86.00028 25.79629 -450.1368 -86.00028 25.95036 -450.0118 -86.00028 26.12884 -449.9197 -86.00028 26.32632 -450.2908 -86.00028 27.7114 -450.4693 -86.00028 27.83637 -451.5219 -86.00028 27.92846 -451.7193 -86.00028 27.83637 -451.8978 -86.00028 27.7114 -452.0519 -86.00028 27.55734 -452.1769 -86.00028 27.37884 -452.269 -86.00028 27.18137 -452.0519 -86.00028 25.95036 -451.8978 -86.00028 25.79629 -452.3254 -86.00028 26.97091 -452.3443 -86.00028 26.75384 -452.3254 -86.00028 26.53678 492.5307 -98.00028 31.75384 486.9057 -98.00028 31.75384 486.9057 -98.00028 23.75384 492.5307 -98.00028 17.75384 492.5307 -98.00028 5.753845 498.1823 -98.00028 12.44996 506.6557 -98.00028 17.75384 503.4212 -98.00028 13.62884 503.5502 -98.00028 13.35238 503.2463 -98.00028 17.62896 503.0306 -98.00028 14.09443 503.2463 -98.00028 13.87872 498.1557 -98.00028 12.75384 498.1823 -98.00028 13.05773 498.2612 -98.00028 13.35238 503.5502 -98.00028 12.15531 503.4212 -98.00028 11.87884 506.6557 -98.00028 5.753845 503.2463 -98.00028 11.62896 498.3901 -98.00028 13.62884 498.5651 -98.00028 13.87872 498.7808 -98.00028 14.09443 503.6291 -98.00028 13.05773 503.6557 -98.00028 12.75384 503.6291 -98.00028 12.44996 503.0306 -98.00028 11.41326 502.7807 -98.00028 11.2383 502.5042 -98.00028 11.10938 499.0307 -98.00028 14.26939 498.5651 -98.00028 17.62896 499.3071 -98.00028 14.39831 498.7808 -98.00028 17.41326 499.0307 -98.00028 17.2383 499.6018 -98.00028 11.03043 499.3071 -98.00028 11.10938 499.0307 -98.00028 11.2383 498.7808 -98.00028 11.41326 498.5651 -98.00028 11.62896 498.3901 -98.00028 11.87884 498.2612 -98.00028 12.15531 502.2096 -98.00028 14.47726 502.5042 -98.00028 14.39831 502.7807 -98.00028 17.2383 503.0306 -98.00028 17.41326 502.7807 -98.00028 14.26939 502.2096 -98.00028 11.03043 501.9057 -98.00028 11.00384 499.9057 -98.00028 11.00384 502.5042 -98.00028 17.10938 502.2096 -98.00028 17.03043 501.9057 -98.00028 14.50384 501.9057 -98.00028 17.00384 499.9057 -98.00028 14.50384 499.9057 -98.00028 17.00384 499.6018 -98.00028 14.47726 499.6018 -98.00028 17.03043 499.3071 -98.00028 17.10938 498.3901 -98.00028 17.87884 498.2612 -98.00028 18.15531 498.2612 -98.00028 19.35238 498.3901 -98.00028 19.62884 492.5307 -98.00028 20.75384 503.2463 -98.00028 19.87872 503.4212 -98.00028 19.62884 506.6557 -98.00028 20.75384 503.6291 -98.00028 18.44996 503.5502 -98.00028 18.15531 503.4212 -98.00028 17.87884 498.1823 -98.00028 18.44996 498.1557 -98.00028 18.75384 498.1823 -98.00028 19.05773 498.5651 -98.00028 19.87872 498.7808 -98.00028 20.09443 499.0307 -98.00028 20.26939 503.5502 -98.00028 19.35238 503.6291 -98.00028 19.05773 503.6557 -98.00028 18.75384 502.5042 -98.00028 20.39831 502.7807 -98.00028 20.26939 503.0306 -98.00028 20.09443 499.9057 -98.00028 20.50384 501.9057 -98.00028 20.50384 502.2096 -98.00028 20.47726 499.3071 -98.00028 20.39831 499.6018 -98.00028 20.47726 499.3071 -98.00028 -8.890618 499.0307 -98.00028 -8.761704 492.5307 -98.00028 -9.246155 498.7808 -98.00028 -8.586731 498.5651 -98.00028 -8.371033 498.3901 -98.00028 -8.121155 498.2612 -98.00028 -7.844688 498.1823 -98.00028 -7.550041 492.5307 -98.00028 -6.246155 506.6557 -98.00028 -6.246155 503.4212 -98.00028 -6.371155 503.5502 -98.00028 -6.647621 502.2096 -98.00028 -8.969567 506.6557 -98.00028 -9.246155 502.5042 -98.00028 -8.890618 502.7807 -98.00028 -8.761704 501.9057 -98.00028 -8.996155 499.9057 -98.00028 -8.996155 499.6018 -98.00028 -8.969567 498.1557 -98.00028 -7.246155 498.1823 -98.00028 -6.942268 498.2612 -98.00028 -6.647621 503.5502 -98.00028 -7.844688 503.4212 -98.00028 -8.121155 503.2463 -98.00028 -8.371033 503.0306 -98.00028 -8.586731 503.6291 -98.00028 -6.942268 503.6557 -98.00028 -7.246155 503.6291 -98.00028 -7.550041 506.6557 -98.00028 -4.246155 503.0306 -98.00028 -5.905579 503.2463 -98.00028 -6.121277 498.3901 -98.00028 -6.371155 498.5651 -98.00028 -6.121277 492.5307 -98.00028 -4.246155 502.2096 -98.00028 -5.522743 502.5042 -98.00028 -5.601692 502.7807 -98.00028 -5.730614 498.7808 -98.00028 -5.905579 499.0307 -98.00028 -5.730614 499.3071 -98.00028 -5.601692 499.6018 -98.00028 -5.522743 499.9057 -98.00028 -5.496155 501.9057 -98.00028 -5.496155 519.3071 -98.00028 -8.890618 519.0307 -98.00028 -8.761704 515.1557 -98.00028 -9.246155 522.2096 -98.00028 -8.969567 524.9057 -98.00028 -9.246155 522.5042 -98.00028 -8.890618 522.7807 -98.00028 -8.761704 518.1823 -98.00028 -7.550041 518.2612 -98.00028 -7.844688 518.3901 -98.00028 -8.121155 523.4213 -98.00028 -6.371155 523.5502 -98.00028 -6.647621 524.9057 -98.00028 -6.246155 518.7808 -98.00028 -8.586731 518.5651 -98.00028 -8.371033 518.1557 -98.00028 -7.246155 515.1557 -98.00028 -6.246155 518.1823 -98.00028 -6.942268 518.2612 -98.00028 -6.647621 521.9057 -98.00028 -8.996155 519.9057 -98.00028 -8.996155 519.6018 -98.00028 -8.969567 523.5502 -98.00028 -7.844688 523.4213 -98.00028 -8.121155 523.6291 -98.00028 -6.942268 523.6557 -98.00028 -7.246155 523.6291 -98.00028 -7.550041 523.2463 -98.00028 -8.371033 523.0306 -98.00028 -8.586731 524.9057 -98.00028 -4.246155 523.0306 -98.00028 -5.905579 523.2463 -98.00028 -6.121277 515.1557 -98.00028 -4.246155 519.0307 -98.00028 -5.730614 519.3071 -98.00028 -5.601692 518.3901 -98.00028 -6.371155 518.5651 -98.00028 -6.121277 518.7808 -98.00028 -5.905579 522.2096 -98.00028 -5.522743 522.5042 -98.00028 -5.601692 522.7807 -98.00028 -5.730614 519.6018 -98.00028 -5.522743 519.9057 -98.00028 -5.496155 521.9057 -98.00028 -5.496155 510.6886 -98.00028 -7.015144 510.9057 -98.00028 -6.996155 511.1228 -98.00028 -7.015144 511.3332 -98.00028 -7.071541 510.1022 -98.00028 -7.288597 510.2807 -98.00028 -7.16362 510.4782 -98.00028 -7.071541 512.1557 -98.00028 -8.246155 512.1367 -98.00028 -8.463219 510.1022 -98.00028 -9.203713 509.9481 -98.00028 -9.049637 509.8232 -98.00028 -8.871155 509.7311 -98.00028 -8.673684 509.7311 -98.00028 -7.818626 509.8232 -98.00028 -7.621155 509.9481 -98.00028 -7.442673 511.5307 -98.00028 -7.16362 511.7091 -98.00028 -7.288597 511.8633 -98.00028 -7.442673 512.1367 -98.00028 -8.029099 509.6747 -98.00028 -8.463219 509.6557 -98.00028 -8.246155 509.6747 -98.00028 -8.029099 511.9882 -98.00028 -7.621155 512.0803 -98.00028 -7.818626 512.0803 -98.00028 -8.673684 511.9882 -98.00028 -8.871155 511.8633 -98.00028 -9.049637 509.6747 -98.00028 -16.0291 509.7311 -98.00028 -15.81863 510.4782 -98.00028 -15.07154 510.2807 -98.00028 -15.16363 510.1022 -98.00028 -15.2886 509.6557 -98.00028 -16.24616 509.8232 -98.00028 -15.62115 509.9481 -98.00028 -15.44267 511.5307 -98.00028 -9.32869 511.3332 -98.00028 -9.420769 515.1557 -98.00028 -20.24616 510.6886 -98.00028 -17.47717 510.4782 -98.00028 -17.42077 506.6557 -98.00028 -20.24616 509.9481 -98.00028 -17.04965 509.8232 -98.00028 -16.87116 509.7311 -98.00028 -16.67368 509.6747 -98.00028 -16.46322 510.2807 -98.00028 -17.32869 510.1022 -98.00028 -17.20371 510.2807 -98.00028 -9.32869 510.4782 -98.00028 -9.420769 510.6886 -98.00028 -15.01514 510.6886 -98.00028 -9.477166 511.7091 -98.00028 -9.203713 511.3332 -98.00028 -15.07154 511.1228 -98.00028 -9.477166 510.9057 -98.00028 -9.496155 510.9057 -98.00028 -14.99615 511.1228 -98.00028 -15.01514 511.1228 -98.00028 -17.47717 510.9057 -98.00028 -17.49616 511.5307 -98.00028 -15.16363 511.7091 -98.00028 -15.2886 511.8633 -98.00028 -15.44267 511.7091 -98.00028 -17.20371 511.5307 -98.00028 -17.32869 511.3332 -98.00028 -17.42077 512.1557 -98.00028 -16.24616 512.1367 -98.00028 -16.46322 512.0803 -98.00028 -16.67368 511.9882 -98.00028 -15.62115 512.0803 -98.00028 -15.81863 512.1367 -98.00028 -16.0291 511.9882 -98.00028 -16.87116 511.8633 -98.00028 -17.04965 511.8633 -98.00028 20.55734 511.9882 -98.00028 20.37884 515.1557 -98.00028 20.75384 515.1557 -98.00028 17.75384 512.1557 -98.00028 19.75384 512.0803 -98.00028 20.18137 512.1367 -98.00028 19.97091 509.8232 -98.00028 19.12884 509.9481 -98.00028 18.95036 510.1022 -98.00028 18.79629 509.6747 -98.00028 19.97091 509.7311 -98.00028 20.18137 509.8232 -98.00028 20.37884 512.1367 -98.00028 19.53678 512.0803 -98.00028 19.32632 511.9882 -98.00028 19.12884 511.8633 -98.00028 18.95036 511.7091 -98.00028 18.79629 511.5307 -98.00028 18.67132 511.3332 -98.00028 18.57923 511.1228 -98.00028 18.52284 510.9057 -98.00028 18.50384 510.6886 -98.00028 18.52284 510.4782 -98.00028 18.57923 510.2807 -98.00028 18.67132 509.7311 -98.00028 19.32632 509.6747 -98.00028 19.53678 509.6557 -98.00028 19.75384 509.9481 -98.00028 20.55734 510.1022 -98.00028 20.7114 506.6557 -98.00028 23.75384 510.2807 -98.00028 20.83637 510.4782 -98.00028 20.92846 511.1228 -98.00028 20.98486 515.1557 -98.00028 23.75384 510.9057 -98.00028 21.00384 510.6886 -98.00028 20.98486 511.3332 -98.00028 20.92846 511.5307 -98.00028 20.83637 511.7091 -98.00028 20.7114 518.5651 -98.00028 17.62896 518.3901 -98.00028 17.87884 519.3071 -98.00028 14.39831 518.2612 -98.00028 13.35238 518.3901 -98.00028 13.62884 518.1823 -98.00028 13.05773 515.1557 -98.00028 5.753845 519.3071 -98.00028 11.10938 519.0307 -98.00028 11.2383 518.3901 -98.00028 11.87884 518.2612 -98.00028 12.15531 518.1823 -98.00028 12.44996 518.1557 -98.00028 12.75384 518.5651 -98.00028 13.87872 518.7808 -98.00028 14.09443 519.0307 -98.00028 14.26939 519.6018 -98.00028 17.03043 519.3071 -98.00028 17.10938 519.6018 -98.00028 14.47726 519.0307 -98.00028 17.2383 518.7808 -98.00028 17.41326 519.6018 -98.00028 11.03043 518.7808 -98.00028 11.41326 518.5651 -98.00028 11.62896 522.5042 -98.00028 14.39831 522.7807 -98.00028 14.26939 522.2096 -98.00028 17.03043 523.0306 -98.00028 14.09443 522.5042 -98.00028 17.10938 523.2463 -98.00028 13.87872 523.4213 -98.00028 13.62884 523.0306 -98.00028 17.41326 522.7807 -98.00028 17.2383 521.9057 -98.00028 17.00384 521.9057 -98.00028 14.50384 522.2096 -98.00028 14.47726 519.9057 -98.00028 14.50384 519.9057 -98.00028 17.00384 523.5502 -98.00028 13.35238 523.6291 -98.00028 13.05773 524.9057 -98.00028 5.753845 523.6557 -98.00028 12.75384 523.6291 -98.00028 12.44996 523.5502 -98.00028 12.15531 523.4213 -98.00028 11.87884 523.2463 -98.00028 11.62896 523.0306 -98.00028 11.41326 522.7807 -98.00028 11.2383 522.5042 -98.00028 11.10938 522.2096 -98.00028 11.03043 521.9057 -98.00028 11.00384 519.9057 -98.00028 11.00384 518.2612 -98.00028 18.15531 518.2612 -98.00028 19.35238 518.3901 -98.00028 19.62884 522.5042 -98.00028 20.39831 522.7807 -98.00028 20.26939 524.9057 -98.00028 20.75384 518.1823 -98.00028 18.44996 518.1557 -98.00028 18.75384 518.1823 -98.00028 19.05773 523.6291 -98.00028 18.44996 523.5502 -98.00028 18.15531 524.9057 -98.00028 17.75384 523.4213 -98.00028 17.87884 523.2463 -98.00028 17.62896 519.0307 -98.00028 20.26939 519.3071 -98.00028 20.39831 519.6018 -98.00028 20.47726 519.9057 -98.00028 20.50384 521.9057 -98.00028 20.50384 522.2096 -98.00028 20.47726 523.0306 -98.00028 20.09443 523.2463 -98.00028 19.87872 523.4213 -98.00028 19.62884 518.5651 -98.00028 19.87872 518.7808 -98.00028 20.09443 523.5502 -98.00028 19.35238 523.6291 -98.00028 19.05773 523.6557 -98.00028 18.75384 509.9481 -98.00028 26.95036 509.8232 -98.00028 27.12884 509.7311 -98.00028 27.32632 509.7311 -98.00028 28.18137 509.8232 -98.00028 28.37884 506.6557 -98.00028 31.75384 509.9481 -98.00028 28.55734 512.1557 -98.00028 27.75384 512.1367 -98.00028 27.97091 515.1557 -98.00028 31.75384 512.0803 -98.00028 28.18137 509.6747 -98.00028 27.53678 509.6557 -98.00028 27.75384 509.6747 -98.00028 27.97091 512.1367 -98.00028 27.53678 512.0803 -98.00028 27.32632 511.9882 -98.00028 27.12884 511.8633 -98.00028 26.95036 511.7091 -98.00028 26.79629 511.5307 -98.00028 26.67132 510.6886 -98.00028 26.52284 510.4782 -98.00028 26.57923 511.3332 -98.00028 28.92846 511.5307 -98.00028 28.83637 511.7091 -98.00028 28.7114 510.2807 -98.00028 26.67132 510.1022 -98.00028 26.79629 510.1022 -98.00028 28.7114 510.2807 -98.00028 28.83637 510.4782 -98.00028 28.92846 510.6886 -98.00028 28.98486 510.9057 -98.00028 29.00384 511.1228 -98.00028 28.98486 511.8633 -98.00028 28.55734 511.9882 -98.00028 28.37884 511.3332 -98.00028 26.57923 511.1228 -98.00028 26.52284 510.9057 -98.00028 26.50384 524.9057 -98.00028 23.75384 524.9057 -98.00028 31.75384 492.5307 -98.00028 23.75384 519.3071 -98.00028 -2.890617 519.0307 -98.00028 -2.761703 518.7808 -98.00028 0.09442138 519.0307 -98.00028 0.2693863 519.3071 -98.00028 0.3983078 522.7807 -98.00028 0.2693863 522.5042 -98.00028 0.3983078 522.2096 -98.00028 0.4772568 522.2096 -98.00028 -2.969566 522.5042 -98.00028 -2.890617 522.7807 -98.00028 -2.761703 518.3901 -98.00028 -2.121155 518.2612 -98.00028 -1.844688 519.6018 -98.00028 0.4772568 519.9057 -98.00028 0.5038452 521.9057 -98.00028 0.5038452 518.7808 -98.00028 -2.586739 518.5651 -98.00028 -2.371033 518.1823 -98.00028 -1.550041 518.1557 -98.00028 -1.246155 518.1823 -98.00028 -0.942276 518.2612 -98.00028 -0.6476212 518.3901 -98.00028 -0.3711548 518.5651 -98.00028 -0.1212768 521.9057 -98.00028 -2.996155 519.9057 -98.00028 -2.996155 519.6018 -98.00028 -2.969566 523.0306 -98.00028 0.09442138 523.2463 -98.00028 -0.1212768 523.4213 -98.00028 -0.3711548 523.4213 -98.00028 -2.121155 523.5502 -98.00028 -1.844688 523.6291 -98.00028 -1.550041 523.2463 -98.00028 -2.371033 523.0306 -98.00028 -2.586739 523.5502 -98.00028 -0.6476212 523.6291 -98.00028 -0.942276 523.6557 -98.00028 -1.246155 502.7807 -98.00028 0.2693863 502.5042 -98.00028 0.3983078 502.2096 -98.00028 0.4772568 498.2612 -98.00028 -0.6476212 498.3901 -98.00028 -0.3711548 499.0307 -98.00028 0.2693863 499.3071 -98.00028 0.3983078 499.3071 -98.00028 -2.890617 499.0307 -98.00028 -2.761703 498.7808 -98.00028 -2.586739 498.5651 -98.00028 -2.371033 498.3901 -98.00028 -2.121155 498.2612 -98.00028 -1.844688 498.5651 -98.00028 -0.1212768 498.7808 -98.00028 0.09442138 503.0306 -98.00028 0.09442138 503.2463 -98.00028 -0.1212768 503.4212 -98.00028 -0.3711548 498.1823 -98.00028 -1.550041 498.1557 -98.00028 -1.246155 498.1823 -98.00028 -0.942276 499.6018 -98.00028 0.4772568 499.9057 -98.00028 0.5038452 501.9057 -98.00028 0.5038452 503.2463 -98.00028 -2.371033 503.0306 -98.00028 -2.586739 502.7807 -98.00028 -2.761703 502.5042 -98.00028 -2.890617 502.2096 -98.00028 -2.969566 501.9057 -98.00028 -2.996155 499.9057 -98.00028 -2.996155 499.6018 -98.00028 -2.969566 503.5502 -98.00028 -0.6476212 503.6291 -98.00028 -0.942276 503.6557 -98.00028 -1.246155 503.6291 -98.00028 -1.550041 503.5502 -98.00028 -1.844688 503.4212 -98.00028 -2.121155 524.9057 -98.00028 -20.24616 492.5307 -98.00028 -20.24616 486.9057 -98.00028 20.75384 486.9057 -98.00028 17.75384 486.9057 -98.00028 5.753845 486.9057 -98.00028 -4.246155 486.9057 -98.00028 -6.246155 486.9057 -98.00028 -9.246155 486.9057 -98.00028 -20.24616 512.1367 -95.00028 27.53678 512.1557 -95.00028 27.75384 515.1557 -95.00028 23.75384 524.9057 -95.00028 -9.246155 524.9057 -95.00028 -20.24616 515.1557 -95.00028 -20.24616 512.1367 -95.00028 -16.46322 512.1557 -95.00028 -16.24616 509.9481 -95.00028 -9.049637 510.1022 -95.00028 -9.203713 506.6557 -95.00028 -9.246155 518.2612 -95.00028 18.15531 518.3901 -95.00028 17.87884 515.1557 -95.00028 17.75384 518.2612 -95.00028 19.35238 518.1823 -95.00028 19.05773 515.1557 -95.00028 20.75384 523.5502 -95.00028 19.35238 523.4213 -95.00028 19.62884 524.9057 -95.00028 20.75384 524.9057 -95.00028 17.75384 523.4213 -95.00028 17.87884 523.5502 -95.00028 18.15531 518.1557 -95.00028 18.75384 518.1823 -95.00028 18.44996 523.2463 -95.00028 19.87872 523.0306 -95.00028 20.09443 522.7807 -95.00028 20.26939 519.9057 -95.00028 20.50384 519.6018 -95.00028 20.47726 522.5042 -95.00028 20.39831 522.2096 -95.00028 20.47726 521.9057 -95.00028 20.50384 519.3071 -95.00028 20.39831 519.0307 -95.00028 20.26939 518.7808 -95.00028 20.09443 523.6291 -95.00028 18.44996 523.6557 -95.00028 18.75384 523.6291 -95.00028 19.05773 518.5651 -95.00028 19.87872 518.3901 -95.00028 19.62884 522.5042 -95.00028 11.10938 522.7807 -95.00028 11.2383 524.9057 -95.00028 5.753845 518.5651 -95.00028 11.62896 515.1557 -95.00028 5.753845 518.3901 -95.00028 11.87884 518.2612 -95.00028 12.15531 518.7808 -95.00028 11.41326 519.0307 -95.00028 11.2383 519.3071 -95.00028 11.10938 522.2096 -95.00028 11.03043 523.6557 -95.00028 12.75384 523.6291 -95.00028 13.05773 523.4213 -95.00028 11.87884 523.5502 -95.00028 12.15531 523.6291 -95.00028 12.44996 523.4213 -95.00028 13.62884 523.2463 -95.00028 13.87872 523.0306 -95.00028 17.41326 523.0306 -95.00028 14.09443 519.0307 -95.00028 17.2383 519.6018 -95.00028 14.47726 518.7808 -95.00028 17.41326 519.3071 -95.00028 14.39831 518.5651 -95.00028 17.62896 518.7808 -95.00028 14.09443 518.5651 -95.00028 13.87872 518.3901 -95.00028 13.62884 518.2612 -95.00028 13.35238 523.0306 -95.00028 11.41326 523.2463 -95.00028 11.62896 523.2463 -95.00028 17.62896 523.5502 -95.00028 13.35238 522.7807 -95.00028 14.26939 522.5042 -95.00028 14.39831 522.7807 -95.00028 17.2383 522.2096 -95.00028 14.47726 522.5042 -95.00028 17.10938 519.3071 -95.00028 17.10938 519.6018 -95.00028 17.03043 519.9057 -95.00028 14.50384 519.9057 -95.00028 17.00384 521.9057 -95.00028 14.50384 521.9057 -95.00028 17.00384 522.2096 -95.00028 17.03043 519.0307 -95.00028 14.26939 518.1823 -95.00028 13.05773 518.1557 -95.00028 12.75384 518.1823 -95.00028 12.44996 519.6018 -95.00028 11.03043 519.9057 -95.00028 11.00384 521.9057 -95.00028 11.00384 518.3901 -95.00028 -6.371155 518.2612 -95.00028 -6.647621 515.1557 -95.00028 -6.246155 518.2612 -95.00028 -7.844688 518.3901 -95.00028 -8.121155 515.1557 -95.00028 -9.246155 518.5651 -95.00028 -8.371033 519.3071 -95.00028 -8.890618 519.6018 -95.00028 -8.969567 519.9057 -95.00028 -8.996155 521.9057 -95.00028 -8.996155 522.2096 -95.00028 -8.969567 522.5042 -95.00028 -8.890618 522.7807 -95.00028 -8.761704 518.1823 -95.00028 -6.942268 518.1557 -95.00028 -7.246155 518.1823 -95.00028 -7.550041 518.7808 -95.00028 -8.586731 519.0307 -95.00028 -8.761704 523.6291 -95.00028 -6.942268 523.5502 -95.00028 -6.647621 524.9057 -95.00028 -6.246155 523.0306 -95.00028 -8.586731 523.2463 -95.00028 -8.371033 523.4213 -95.00028 -8.121155 523.5502 -95.00028 -7.844688 523.6291 -95.00028 -7.550041 523.6557 -95.00028 -7.246155 523.4213 -95.00028 -6.371155 523.2463 -95.00028 -6.121277 524.9057 -95.00028 -4.246155 523.0306 -95.00028 -5.905579 522.7807 -95.00028 -5.730614 522.5042 -95.00028 -5.601692 522.2096 -95.00028 -5.522743 519.3071 -95.00028 -5.601692 519.0307 -95.00028 -5.730614 515.1557 -95.00028 -4.246155 518.7808 -95.00028 -5.905579 518.5651 -95.00028 -6.121277 521.9057 -95.00028 -5.496155 519.9057 -95.00028 -5.496155 519.6018 -95.00028 -5.522743 506.6557 -95.00028 -6.246155 503.2463 -95.00028 -6.121277 506.6557 -95.00028 -4.246155 503.0306 -95.00028 -5.905579 502.7807 -95.00028 -5.730614 502.5042 -95.00028 -5.601692 502.2096 -95.00028 -5.522743 501.9057 -95.00028 -5.496155 499.9057 -95.00028 -5.496155 492.5307 -95.00028 -4.246155 499.6018 -95.00028 -5.522743 499.3071 -95.00028 -5.601692 499.0307 -95.00028 -5.730614 498.7808 -95.00028 -5.905579 492.5307 -95.00028 -6.246155 498.5651 -95.00028 -6.121277 498.3901 -95.00028 -6.371155 492.5307 -95.00028 -9.246155 498.5651 -95.00028 -8.371033 498.7808 -95.00028 -8.586731 499.0307 -95.00028 -8.761704 499.3071 -95.00028 -8.890618 499.6018 -95.00028 -8.969567 498.1557 -95.00028 -7.246155 498.1823 -95.00028 -7.550041 498.2612 -95.00028 -7.844688 498.3901 -95.00028 -8.121155 499.9057 -95.00028 -8.996155 501.9057 -95.00028 -8.996155 502.2096 -95.00028 -8.969567 502.5042 -95.00028 -8.890618 502.7807 -95.00028 -8.761704 498.2612 -95.00028 -6.647621 498.1823 -95.00028 -6.942268 503.6291 -95.00028 -6.942268 503.5502 -95.00028 -6.647621 503.4212 -95.00028 -6.371155 503.0306 -95.00028 -8.586731 503.2463 -95.00028 -8.371033 503.4212 -95.00028 -8.121155 503.5502 -95.00028 -7.844688 503.6291 -95.00028 -7.550041 503.6557 -95.00028 -7.246155 510.9057 -95.00028 -6.996155 510.6886 -95.00028 -7.015144 510.4782 -95.00028 -7.071541 510.2807 -95.00028 -7.16362 511.9882 -95.00028 -8.871155 512.0803 -95.00028 -8.673684 510.1022 -95.00028 -7.288597 509.9481 -95.00028 -7.442673 509.8232 -95.00028 -7.621155 509.6747 -95.00028 -8.463219 509.7311 -95.00028 -8.673684 509.8232 -95.00028 -8.871155 511.7091 -95.00028 -7.288597 511.5307 -95.00028 -7.16362 511.3332 -95.00028 -7.071541 511.1228 -95.00028 -7.015144 512.1367 -95.00028 -8.463219 512.1557 -95.00028 -8.246155 512.1367 -95.00028 -8.029099 512.0803 -95.00028 -7.818626 509.7311 -95.00028 -7.818626 509.6747 -95.00028 -8.029099 509.6557 -95.00028 -8.246155 511.9882 -95.00028 -7.621155 511.8633 -95.00028 -7.442673 511.5307 -95.00028 -9.32869 511.7091 -95.00028 -9.203713 511.8633 -95.00028 -9.049637 510.2807 -95.00028 -9.32869 510.4782 -95.00028 -9.420769 510.4782 -95.00028 -15.07154 510.6886 -95.00028 -9.477166 510.6886 -95.00028 -15.01514 510.2807 -95.00028 -15.16363 509.9481 -95.00028 -17.04965 510.1022 -95.00028 -17.20371 506.6557 -95.00028 -20.24616 510.2807 -95.00028 -17.32869 510.4782 -95.00028 -17.42077 511.8633 -95.00028 -15.44267 511.7091 -95.00028 -15.2886 511.3332 -95.00028 -9.420769 510.6886 -95.00028 -17.47717 510.9057 -95.00028 -17.49616 511.1228 -95.00028 -17.47717 511.3332 -95.00028 -17.42077 511.5307 -95.00028 -15.16363 511.3332 -95.00028 -15.07154 511.1228 -95.00028 -15.01514 510.9057 -95.00028 -14.99615 510.9057 -95.00028 -9.496155 511.1228 -95.00028 -9.477166 510.1022 -95.00028 -15.2886 509.9481 -95.00028 -15.44267 509.8232 -95.00028 -15.62115 509.6747 -95.00028 -16.46322 509.7311 -95.00028 -16.67368 509.8232 -95.00028 -16.87116 511.5307 -95.00028 -17.32869 511.7091 -95.00028 -17.20371 511.8633 -95.00028 -17.04965 509.7311 -95.00028 -15.81863 509.6747 -95.00028 -16.0291 509.6557 -95.00028 -16.24616 511.9882 -95.00028 -16.87116 512.0803 -95.00028 -16.67368 512.1367 -95.00028 -16.0291 512.0803 -95.00028 -15.81863 511.9882 -95.00028 -15.62115 509.7311 -95.00028 19.32632 509.8232 -95.00028 19.12884 506.6557 -95.00028 17.75384 509.9481 -95.00028 18.95036 510.1022 -95.00028 18.79629 512.1367 -95.00028 19.53678 512.1557 -95.00028 19.75384 512.1367 -95.00028 19.97091 512.0803 -95.00028 20.18137 511.9882 -95.00028 20.37884 510.1022 -95.00028 20.7114 509.9481 -95.00028 20.55734 506.6557 -95.00028 20.75384 509.8232 -95.00028 20.37884 509.7311 -95.00028 20.18137 510.2807 -95.00028 18.67132 510.4782 -95.00028 18.57923 510.6886 -95.00028 18.52284 509.6747 -95.00028 19.97091 509.6557 -95.00028 19.75384 509.6747 -95.00028 19.53678 510.9057 -95.00028 18.50384 511.1228 -95.00028 18.52284 511.3332 -95.00028 18.57923 511.5307 -95.00028 18.67132 511.7091 -95.00028 18.79629 511.8633 -95.00028 18.95036 511.9882 -95.00028 19.12884 512.0803 -95.00028 19.32632 510.2807 -95.00028 20.83637 506.6557 -95.00028 23.75384 510.4782 -95.00028 20.92846 511.8633 -95.00028 20.55734 511.7091 -95.00028 20.7114 511.5307 -95.00028 20.83637 511.3332 -95.00028 20.92846 511.1228 -95.00028 20.98486 510.9057 -95.00028 21.00384 510.6886 -95.00028 20.98486 503.5502 -95.00028 13.35238 503.4212 -95.00028 13.62884 503.6291 -95.00028 13.05773 503.2463 -95.00028 13.87872 503.0306 -95.00028 14.09443 503.0306 -95.00028 17.41326 502.5042 -95.00028 11.10938 502.7807 -95.00028 11.2383 506.6557 -95.00028 5.753845 502.7807 -95.00028 14.26939 502.5042 -95.00028 14.39831 502.7807 -95.00028 17.2383 502.2096 -95.00028 14.47726 502.5042 -95.00028 17.10938 498.1823 -95.00028 12.44996 498.2612 -95.00028 12.15531 492.5307 -95.00028 5.753845 498.3901 -95.00028 11.87884 498.5651 -95.00028 11.62896 498.7808 -95.00028 11.41326 499.0307 -95.00028 11.2383 499.3071 -95.00028 11.10938 502.2096 -95.00028 11.03043 503.0306 -95.00028 11.41326 503.2463 -95.00028 11.62896 503.4212 -95.00028 11.87884 503.5502 -95.00028 12.15531 503.6291 -95.00028 12.44996 503.6557 -95.00028 12.75384 499.0307 -95.00028 17.2383 499.6018 -95.00028 14.47726 498.7808 -95.00028 17.41326 499.3071 -95.00028 14.39831 498.5651 -95.00028 17.62896 499.0307 -95.00028 14.26939 498.7808 -95.00028 14.09443 498.5651 -95.00028 13.87872 498.3901 -95.00028 13.62884 498.2612 -95.00028 13.35238 498.1823 -95.00028 13.05773 498.1557 -95.00028 12.75384 499.3071 -95.00028 17.10938 499.6018 -95.00028 17.03043 499.9057 -95.00028 14.50384 499.9057 -95.00028 17.00384 501.9057 -95.00028 14.50384 501.9057 -95.00028 17.00384 502.2096 -95.00028 17.03043 499.6018 -95.00028 11.03043 499.9057 -95.00028 11.00384 501.9057 -95.00028 11.00384 503.2463 -95.00028 17.62896 503.4212 -95.00028 17.87884 503.5502 -95.00028 18.15531 503.5502 -95.00028 19.35238 503.4212 -95.00028 19.62884 498.3901 -95.00028 17.87884 492.5307 -95.00028 17.75384 498.2612 -95.00028 18.15531 498.1823 -95.00028 18.44996 503.6291 -95.00028 18.44996 503.6557 -95.00028 18.75384 503.6291 -95.00028 19.05773 503.2463 -95.00028 19.87872 503.0306 -95.00028 20.09443 502.7807 -95.00028 20.26939 499.9057 -95.00028 20.50384 499.6018 -95.00028 20.47726 492.5307 -95.00028 20.75384 499.3071 -95.00028 20.39831 499.0307 -95.00028 20.26939 498.7808 -95.00028 20.09443 498.5651 -95.00028 19.87872 498.3901 -95.00028 19.62884 498.2612 -95.00028 19.35238 498.1823 -95.00028 19.05773 498.1557 -95.00028 18.75384 502.5042 -95.00028 20.39831 502.2096 -95.00028 20.47726 501.9057 -95.00028 20.50384 492.5307 -95.00028 -20.24616 523.6291 -95.00028 -0.942276 523.6557 -95.00028 -1.246155 523.5502 -95.00028 -0.6476212 523.4213 -95.00028 -0.3711548 523.2463 -95.00028 -0.1212768 523.0306 -95.00028 0.09442138 522.7807 -95.00028 0.2693863 522.5042 -95.00028 0.3983078 522.7807 -95.00028 -2.761703 522.5042 -95.00028 -2.890617 522.2096 -95.00028 -2.969566 519.0307 -95.00028 0.2693863 519.3071 -95.00028 0.3983078 519.6018 -95.00028 0.4772568 518.1823 -95.00028 -1.550041 518.2612 -95.00028 -1.844688 518.3901 -95.00028 -2.121155 518.5651 -95.00028 -2.371033 522.2096 -95.00028 0.4772568 521.9057 -95.00028 0.5038452 519.9057 -95.00028 0.5038452 518.7808 -95.00028 -2.586739 519.0307 -95.00028 -2.761703 519.3071 -95.00028 -2.890617 519.6018 -95.00028 -2.969566 519.9057 -95.00028 -2.996155 521.9057 -95.00028 -2.996155 523.0306 -95.00028 -2.586739 523.2463 -95.00028 -2.371033 523.4213 -95.00028 -2.121155 518.7808 -95.00028 0.09442138 518.5651 -95.00028 -0.1212768 518.3901 -95.00028 -0.3711548 523.5502 -95.00028 -1.844688 523.6291 -95.00028 -1.550041 518.2612 -95.00028 -0.6476212 518.1823 -95.00028 -0.942276 518.1557 -95.00028 -1.246155 503.6557 -95.00028 -1.246155 503.6291 -95.00028 -0.942276 503.5502 -95.00028 -0.6476212 503.4212 -95.00028 -0.3711548 503.2463 -95.00028 -0.1212768 503.0306 -95.00028 0.09442138 502.7807 -95.00028 0.2693863 502.5042 -95.00028 0.3983078 502.7807 -95.00028 -2.761703 502.5042 -95.00028 -2.890617 502.2096 -95.00028 -2.969566 498.5651 -95.00028 -2.371033 498.7808 -95.00028 -2.586739 499.0307 -95.00028 -2.761703 499.3071 -95.00028 -2.890617 499.0307 -95.00028 0.2693863 499.3071 -95.00028 0.3983078 499.6018 -95.00028 0.4772568 499.6018 -95.00028 -2.969566 499.9057 -95.00028 -2.996155 501.9057 -95.00028 -2.996155 503.0306 -95.00028 -2.586739 503.2463 -95.00028 -2.371033 503.4212 -95.00028 -2.121155 498.1823 -95.00028 -1.550041 498.2612 -95.00028 -1.844688 498.3901 -95.00028 -2.121155 503.5502 -95.00028 -1.844688 503.6291 -95.00028 -1.550041 502.2096 -95.00028 0.4772568 501.9057 -95.00028 0.5038452 499.9057 -95.00028 0.5038452 498.7808 -95.00028 0.09442138 498.5651 -95.00028 -0.1212768 498.3901 -95.00028 -0.3711548 498.2612 -95.00028 -0.6476212 498.1823 -95.00028 -0.942276 498.1557 -95.00028 -1.246155 524.9057 -95.00028 23.75384 524.9057 -95.00028 31.75384 515.1557 -95.00028 31.75384 512.1367 -95.00028 27.97091 509.9481 -95.00028 28.55734 509.8232 -95.00028 28.37884 506.6557 -95.00028 31.75384 509.7311 -95.00028 28.18137 509.7311 -95.00028 27.32632 509.8232 -95.00028 27.12884 509.9481 -95.00028 26.95036 512.0803 -95.00028 28.18137 511.9882 -95.00028 28.37884 511.8633 -95.00028 28.55734 511.7091 -95.00028 28.7114 511.5307 -95.00028 28.83637 511.3332 -95.00028 28.92846 509.6747 -95.00028 27.97091 509.6557 -95.00028 27.75384 509.6747 -95.00028 27.53678 511.3332 -95.00028 26.57923 511.5307 -95.00028 26.67132 511.7091 -95.00028 26.79629 511.8633 -95.00028 26.95036 511.9882 -95.00028 27.12884 512.0803 -95.00028 27.32632 510.1022 -95.00028 26.79629 510.2807 -95.00028 26.67132 510.4782 -95.00028 26.57923 510.4782 -95.00028 28.92846 510.2807 -95.00028 28.83637 510.1022 -95.00028 28.7114 510.6886 -95.00028 26.52284 510.9057 -95.00028 26.50384 511.1228 -95.00028 26.52284 511.1228 -95.00028 28.98486 510.9057 -95.00028 29.00384 510.6886 -95.00028 28.98486 492.5307 -95.00028 23.75384 492.5307 -95.00028 31.75384 486.9057 -95.00028 -20.24616 486.9057 -95.00028 -9.246155 486.9057 -95.00028 -6.246155 486.9057 -95.00028 -4.246155 486.9057 -95.00028 5.753845 486.9057 -95.00028 17.75384 486.9057 -95.00028 20.75384 486.9057 -95.00028 23.75384 486.9057 -95.00028 31.75384 528.9057 -94.00028 31.75384 528.9057 -9.000275 31.75384 525.9057 -94.00028 31.75384 525.9057 -9.000275 31.75384 525.9057 -94.00028 -20.24616 525.9057 -9.000275 -20.24616 528.9057 -9.000275 -20.24616 528.9057 -94.00028 -20.24616 528.9209 -8.82663 -20.24616 525.9665 -8.305695 -20.24616 528.966 -8.658265 -20.24616 526.1469 -7.632202 -20.24616 529.0397 -8.500275 -20.24616 526.4416 -7.000275 -20.24616 529.1397 -8.357499 -20.24616 526.8416 -6.429123 -20.24616 529.263 -8.234223 -20.24616 527.3345 -5.936096 -20.24616 529.4057 -8.134247 -20.24616 527.9057 -5.536179 -20.24616 529.5637 -8.060593 -20.24616 528.5376 -5.241516 -20.24616 529.7321 -8.015473 -20.24616 529.2111 -5.06105 -20.24616 529.9057 -8.000275 -20.24616 529.9057 -5.000275 -20.24616 529.9057 -8.000275 31.75384 529.9057 -5.000275 31.75384 529.7321 -8.015473 31.75384 529.2111 -5.06105 31.75384 529.5637 -8.060593 31.75384 528.5376 -5.241516 31.75384 529.4057 -8.134247 31.75384 527.9057 -5.536179 31.75384 529.263 -8.234223 31.75384 527.3345 -5.936096 31.75384 529.1397 -8.357499 31.75384 526.8416 -6.429123 31.75384 529.0397 -8.500275 31.75384 526.4416 -7.000275 31.75384 528.966 -8.658265 31.75384 526.1469 -7.632202 31.75384 528.9209 -8.82663 31.75384 525.9665 -8.305695 31.75384 529.9057 -5.000275 -3.246155 529.9057 -5.000275 28.57885 529.9057 -5.000275 14.75384 529.9057 -8.000275 -3.246155 529.9057 -8.000275 14.75384 529.9057 -8.000275 28.57885 545.9057 -8.000275 31.75384 545.9057 -5.000275 31.75384 540.9057 -8.000275 31.75384 540.9057 -5.000275 31.75384 532.0807 -8.000275 31.75384 532.0807 -5.000275 31.75384 532.0807 -8.000275 -20.24616 532.0807 -5.000275 -20.24616 540.9057 -8.000275 -20.24616 540.9057 -5.000275 -20.24616 545.9057 -8.000275 -20.24616 545.9057 -5.000275 -20.24616 537.5307 -5.000275 5.467323 537.5557 -5.000275 5.753845 540.9057 -5.000275 -3.246155 537.5307 -5.000275 -12.53268 537.5557 -5.000275 -12.24615 546.1922 -5.000275 -13.87109 546.47 -5.000275 -13.79665 548.4057 -5.000275 -19.57629 547.4562 -5.000275 -12.81049 547.5307 -5.000275 -12.53268 550.9057 -5.000275 -15.24615 546.47 -5.000275 -10.69566 546.1922 -5.000275 -10.62122 545.9057 -5.000275 -3.246155 549.1196 -5.000275 -19.07638 546.7307 -5.000275 -13.6751 549.7359 -5.000275 -18.46009 550.2359 -5.000275 -17.74616 546.9663 -5.000275 -13.51012 550.6042 -5.000275 -16.95625 547.1697 -5.000275 -13.30675 550.8297 -5.000275 -16.1144 547.3347 -5.000275 -11.42116 547.1697 -5.000275 -11.18555 550.9057 -5.000275 -3.246155 546.9663 -5.000275 -10.98219 546.7307 -5.000275 -10.81721 547.3347 -5.000275 -13.07115 547.5557 -5.000275 -12.24615 547.5307 -5.000275 -11.95963 547.4562 -5.000275 -11.68182 547.5557 -5.000275 23.75384 547.5307 -5.000275 24.04037 550.9057 -5.000275 26.75384 546.47 -5.000275 22.20335 546.7307 -5.000275 22.3249 550.9057 -5.000275 14.75384 546.9663 -5.000275 22.48988 547.1697 -5.000275 22.69325 547.3347 -5.000275 22.92884 547.4562 -5.000275 23.18951 547.5307 -5.000275 23.46732 546.1922 -5.000275 22.12891 545.9057 -5.000275 14.75384 545.9057 -5.000275 22.10384 546.9663 -5.000275 25.01782 550.6042 -5.000275 28.46395 547.1697 -5.000275 24.81445 550.8297 -5.000275 27.62208 547.3347 -5.000275 24.57885 547.4562 -5.000275 24.31818 546.7307 -5.000275 25.18279 546.47 -5.000275 25.30434 545.9057 -5.000275 28.57885 546.1922 -5.000275 25.37878 545.9057 -5.000275 25.40385 549.1196 -5.000275 30.58407 549.7359 -5.000275 29.96778 550.2359 -5.000275 29.25384 546.7739 -5.000275 31.67788 547.6158 -5.000275 31.45231 548.4057 -5.000275 31.08398 545.9057 -5.000275 4.103844 546.1922 -5.000275 4.128914 546.47 -5.000275 4.203354 547.5307 -5.000275 5.467323 547.5557 -5.000275 5.753845 547.5307 -5.000275 6.040359 547.4562 -5.000275 6.318176 546.7307 -5.000275 4.324905 546.9663 -5.000275 4.489868 547.1697 -5.000275 4.693245 547.3347 -5.000275 6.578842 547.1697 -5.000275 6.814445 546.9663 -5.000275 7.017815 547.3347 -5.000275 4.928848 547.4562 -5.000275 5.189514 546.1922 -5.000275 7.378777 546.47 -5.000275 7.304337 546.7307 -5.000275 7.182785 545.0807 -5.000275 7.182785 544.8451 -5.000275 7.017815 540.9057 -5.000275 14.75384 545.9057 -5.000275 7.403847 545.6192 -5.000275 7.378777 545.3414 -5.000275 7.304337 544.6417 -5.000275 6.814445 544.4768 -5.000275 6.578842 544.3552 -5.000275 6.318176 544.3552 -5.000275 5.189514 544.4768 -5.000275 4.928848 544.6417 -5.000275 4.693245 544.8451 -5.000275 4.489868 545.0807 -5.000275 4.324905 545.3414 -5.000275 4.203354 545.6192 -5.000275 4.128914 544.2808 -5.000275 6.040359 544.2557 -5.000275 5.753845 544.2808 -5.000275 5.467323 545.9057 -5.000275 -10.59616 545.6192 -5.000275 -10.62122 545.3414 -5.000275 -10.69566 545.0807 -5.000275 -10.81721 545.3414 -5.000275 -13.79665 544.4768 -5.000275 -11.42116 544.3552 -5.000275 -11.68182 547.6158 -5.000275 -19.94462 546.7739 -5.000275 -20.1702 545.9057 -5.000275 -13.89616 545.6192 -5.000275 -13.87109 544.8451 -5.000275 -10.98219 544.6417 -5.000275 -11.18555 544.6417 -5.000275 -13.30675 544.4768 -5.000275 -13.07115 544.3552 -5.000275 -12.81049 544.8451 -5.000275 -13.51012 545.0807 -5.000275 -13.6751 544.2808 -5.000275 -11.95963 544.2557 -5.000275 -12.24615 544.2808 -5.000275 -12.53268 544.8451 -5.000275 25.01782 544.6417 -5.000275 24.81445 540.9057 -5.000275 28.57885 544.4768 -5.000275 24.57885 544.3552 -5.000275 24.31818 544.2808 -5.000275 24.04037 544.2557 -5.000275 23.75384 544.2808 -5.000275 23.46732 544.3552 -5.000275 23.18951 544.4768 -5.000275 22.92884 544.6417 -5.000275 22.69325 544.8451 -5.000275 22.48988 545.6192 -5.000275 25.37878 545.3414 -5.000275 25.30434 545.0807 -5.000275 25.18279 545.0807 -5.000275 22.3249 545.3414 -5.000275 22.20335 545.6192 -5.000275 22.12891 537.4562 -5.000275 -11.68182 537.3347 -5.000275 -11.42116 535.6192 -5.000275 -10.62122 535.3414 -5.000275 -10.69566 532.0807 -5.000275 -3.246155 535.0807 -5.000275 -10.81721 534.8451 -5.000275 -10.98219 537.5307 -5.000275 -11.95963 537.1697 -5.000275 -11.18555 536.9663 -5.000275 -10.98219 536.7307 -5.000275 -10.81721 536.47 -5.000275 -10.69566 536.1922 -5.000275 -10.62122 535.9057 -5.000275 -10.59616 534.4768 -5.000275 -13.07115 534.6417 -5.000275 -13.30675 534.6417 -5.000275 -11.18555 534.4768 -5.000275 -11.42116 534.3552 -5.000275 -11.68182 534.3552 -5.000275 -12.81049 534.8451 -5.000275 -13.51012 535.0807 -5.000275 -13.6751 535.3414 -5.000275 -13.79665 535.6192 -5.000275 -13.87109 535.9057 -5.000275 -13.89616 536.1922 -5.000275 -13.87109 536.47 -5.000275 -13.79665 536.7307 -5.000275 -13.6751 536.9663 -5.000275 -13.51012 537.1697 -5.000275 -13.30675 537.3347 -5.000275 -13.07115 537.4562 -5.000275 -12.81049 534.2808 -5.000275 -11.95963 534.2557 -5.000275 -12.24615 534.2808 -5.000275 -12.53268 536.1922 -5.000275 7.378777 532.0807 -5.000275 14.75384 535.9057 -5.000275 7.403847 535.6192 -5.000275 7.378777 536.1922 -5.000275 4.128914 536.47 -5.000275 4.203354 536.9663 -5.000275 7.017815 536.7307 -5.000275 7.182785 536.47 -5.000275 7.304337 535.9057 -5.000275 4.103844 535.6192 -5.000275 4.128914 537.5307 -5.000275 6.040359 537.4562 -5.000275 6.318176 537.3347 -5.000275 6.578842 537.1697 -5.000275 6.814445 536.7307 -5.000275 4.324905 536.9663 -5.000275 4.489868 537.1697 -5.000275 4.693245 535.3414 -5.000275 7.304337 535.0807 -5.000275 7.182785 534.8451 -5.000275 7.017815 534.6417 -5.000275 6.814445 534.4768 -5.000275 6.578842 534.3552 -5.000275 6.318176 534.2808 -5.000275 6.040359 534.2557 -5.000275 5.753845 534.2808 -5.000275 5.467323 534.3552 -5.000275 5.189514 534.4768 -5.000275 4.928848 534.6417 -5.000275 4.693245 534.8451 -5.000275 4.489868 535.0807 -5.000275 4.324905 535.3414 -5.000275 4.203354 537.3347 -5.000275 4.928848 537.4562 -5.000275 5.189514 537.3347 -5.000275 24.57885 537.4562 -5.000275 24.31818 537.5307 -5.000275 24.04037 537.1697 -5.000275 24.81445 536.9663 -5.000275 25.01782 536.7307 -5.000275 25.18279 535.9057 -5.000275 25.40385 532.0807 -5.000275 28.57885 536.1922 -5.000275 25.37878 536.47 -5.000275 25.30434 536.47 -5.000275 22.20335 536.7307 -5.000275 22.3249 535.6192 -5.000275 25.37878 535.3414 -5.000275 25.30434 535.0807 -5.000275 25.18279 534.4768 -5.000275 24.57885 534.3552 -5.000275 24.31818 534.6417 -5.000275 22.69325 534.4768 -5.000275 22.92884 534.3552 -5.000275 23.18951 534.8451 -5.000275 22.48988 535.0807 -5.000275 22.3249 535.3414 -5.000275 22.20335 534.8451 -5.000275 25.01782 534.6417 -5.000275 24.81445 535.6192 -5.000275 22.12891 535.9057 -5.000275 22.10384 536.1922 -5.000275 22.12891 536.9663 -5.000275 22.48988 537.1697 -5.000275 22.69325 537.3347 -5.000275 22.92884 534.2808 -5.000275 24.04037 534.2557 -5.000275 23.75384 534.2808 -5.000275 23.46732 537.4562 -5.000275 23.18951 537.5307 -5.000275 23.46732 537.5557 -5.000275 23.75384 545.6192 -8.000275 25.37878 545.9057 -8.000275 25.40385 545.9057 -8.000275 28.57885 546.47 -8.000275 -10.69566 550.9057 -8.000275 -3.246155 546.1922 -8.000275 -10.62122 545.9057 -8.000275 -3.246155 545.9057 -8.000275 -10.59616 545.6192 -8.000275 -10.62122 547.5557 -8.000275 -12.24615 547.5307 -8.000275 -12.53268 550.9057 -8.000275 -15.24615 546.7307 -8.000275 -10.81721 546.9663 -8.000275 -10.98219 547.1697 -8.000275 -11.18555 547.3347 -8.000275 -11.42116 547.4562 -8.000275 -11.68182 547.5307 -8.000275 -11.95963 546.47 -8.000275 -13.79665 549.1196 -8.000275 -19.07638 546.7307 -8.000275 -13.6751 549.7359 -8.000275 -18.46009 546.9663 -8.000275 -13.51012 547.4562 -8.000275 -12.81049 547.3347 -8.000275 -13.07115 550.8297 -8.000275 -16.1144 547.1697 -8.000275 -13.30675 550.6042 -8.000275 -16.95625 550.2359 -8.000275 -17.74616 549.7359 -8.000275 29.96778 550.2359 -8.000275 29.25384 550.6042 -8.000275 28.46395 549.1196 -8.000275 30.58407 548.4057 -8.000275 31.08398 547.6158 -8.000275 31.45231 547.4562 -8.000275 24.31818 547.5307 -8.000275 24.04037 550.9057 -8.000275 26.75384 546.1922 -8.000275 25.37878 546.47 -8.000275 25.30434 547.4562 -8.000275 23.18951 550.9057 -8.000275 14.75384 547.5307 -8.000275 23.46732 547.5557 -8.000275 23.75384 547.3347 -8.000275 22.92884 547.1697 -8.000275 22.69325 546.9663 -8.000275 22.48988 546.7307 -8.000275 25.18279 546.9663 -8.000275 25.01782 550.8297 -8.000275 27.62208 547.1697 -8.000275 24.81445 547.3347 -8.000275 24.57885 546.7307 -8.000275 22.3249 546.47 -8.000275 22.20335 545.9057 -8.000275 14.75384 546.1922 -8.000275 22.12891 545.9057 -8.000275 7.403847 546.1922 -8.000275 7.378777 547.4562 -8.000275 6.318176 547.5307 -8.000275 6.040359 547.5557 -8.000275 5.753845 547.5307 -8.000275 5.467323 547.4562 -8.000275 5.189514 546.7307 -8.000275 7.182785 546.9663 -8.000275 7.017815 547.3347 -8.000275 4.928848 547.1697 -8.000275 4.693245 546.9663 -8.000275 4.489868 546.47 -8.000275 7.304337 547.1697 -8.000275 6.814445 547.3347 -8.000275 6.578842 546.7307 -8.000275 4.324905 546.47 -8.000275 4.203354 546.1922 -8.000275 4.128914 545.9057 -8.000275 4.103844 545.6192 -8.000275 4.128914 545.3414 -8.000275 4.203354 540.9057 -8.000275 -3.246155 545.0807 -8.000275 4.324905 544.8451 -8.000275 4.489868 544.3552 -8.000275 6.318176 544.4768 -8.000275 6.578842 540.9057 -8.000275 14.75384 544.6417 -8.000275 6.814445 544.8451 -8.000275 7.017815 545.0807 -8.000275 7.182785 545.3414 -8.000275 7.304337 545.6192 -8.000275 7.378777 544.6417 -8.000275 4.693245 544.4768 -8.000275 4.928848 544.3552 -8.000275 5.189514 544.2808 -8.000275 5.467323 544.2557 -8.000275 5.753845 544.2808 -8.000275 6.040359 545.3414 -8.000275 -13.79665 545.6192 -8.000275 -13.87109 545.9057 -8.000275 -13.89616 546.7739 -8.000275 -20.1702 546.1922 -8.000275 -13.87109 547.6158 -8.000275 -19.94462 548.4057 -8.000275 -19.57629 544.4768 -8.000275 -11.42116 544.6417 -8.000275 -11.18555 545.3414 -8.000275 -10.69566 545.0807 -8.000275 -13.6751 544.8451 -8.000275 -13.51012 544.6417 -8.000275 -13.30675 544.4768 -8.000275 -13.07115 544.3552 -8.000275 -12.81049 544.2808 -8.000275 -12.53268 544.2557 -8.000275 -12.24615 544.2808 -8.000275 -11.95963 544.3552 -8.000275 -11.68182 544.8451 -8.000275 -10.98219 545.0807 -8.000275 -10.81721 545.0807 -8.000275 22.3249 544.8451 -8.000275 22.48988 544.6417 -8.000275 22.69325 544.4768 -8.000275 22.92884 544.3552 -8.000275 23.18951 544.2808 -8.000275 23.46732 540.9057 -8.000275 28.57885 544.2557 -8.000275 23.75384 544.2808 -8.000275 24.04037 544.3552 -8.000275 24.31818 544.4768 -8.000275 24.57885 544.6417 -8.000275 24.81445 544.8451 -8.000275 25.01782 545.0807 -8.000275 25.18279 545.3414 -8.000275 25.30434 545.9057 -8.000275 22.10384 545.6192 -8.000275 22.12891 545.3414 -8.000275 22.20335 532.0807 -8.000275 28.57885 546.7739 -8.000275 31.67788 537.4562 -8.000275 23.18951 537.3347 -8.000275 22.92884 537.1697 -8.000275 22.69325 536.9663 -8.000275 22.48988 536.7307 -8.000275 25.18279 536.9663 -8.000275 25.01782 536.7307 -8.000275 22.3249 536.47 -8.000275 22.20335 536.1922 -8.000275 22.12891 532.0807 -8.000275 14.75384 535.3414 -8.000275 22.20335 535.0807 -8.000275 22.3249 534.2808 -8.000275 24.04037 534.3552 -8.000275 24.31818 534.4768 -8.000275 24.57885 534.6417 -8.000275 24.81445 534.8451 -8.000275 25.01782 535.0807 -8.000275 25.18279 535.3414 -8.000275 25.30434 536.47 -8.000275 25.30434 537.4562 -8.000275 24.31818 537.5307 -8.000275 24.04037 537.5557 -8.000275 23.75384 537.5307 -8.000275 23.46732 535.9057 -8.000275 22.10384 535.6192 -8.000275 22.12891 534.8451 -8.000275 22.48988 534.6417 -8.000275 22.69325 534.4768 -8.000275 22.92884 534.3552 -8.000275 23.18951 534.2808 -8.000275 23.46732 534.2557 -8.000275 23.75384 537.1697 -8.000275 24.81445 537.3347 -8.000275 24.57885 535.6192 -8.000275 25.37878 535.9057 -8.000275 25.40385 536.1922 -8.000275 25.37878 535.6192 -8.000275 7.378777 535.9057 -8.000275 7.403847 536.1922 -8.000275 7.378777 537.4562 -8.000275 5.189514 537.3347 -8.000275 4.928848 537.1697 -8.000275 4.693245 536.9663 -8.000275 4.489868 536.1922 -8.000275 4.128914 532.0807 -8.000275 -3.246155 535.9057 -8.000275 4.103844 535.6192 -8.000275 4.128914 534.8451 -8.000275 7.017815 535.0807 -8.000275 7.182785 535.3414 -8.000275 7.304337 536.7307 -8.000275 4.324905 536.47 -8.000275 4.203354 535.3414 -8.000275 4.203354 535.0807 -8.000275 4.324905 534.8451 -8.000275 4.489868 534.3552 -8.000275 6.318176 534.4768 -8.000275 6.578842 534.6417 -8.000275 6.814445 536.47 -8.000275 7.304337 536.7307 -8.000275 7.182785 536.9663 -8.000275 7.017815 534.6417 -8.000275 4.693245 534.4768 -8.000275 4.928848 534.3552 -8.000275 5.189514 534.2808 -8.000275 5.467323 534.2557 -8.000275 5.753845 534.2808 -8.000275 6.040359 537.1697 -8.000275 6.814445 537.3347 -8.000275 6.578842 537.4562 -8.000275 6.318176 537.5307 -8.000275 6.040359 537.5557 -8.000275 5.753845 537.5307 -8.000275 5.467323 534.6417 -8.000275 -11.18555 534.8451 -8.000275 -10.98219 535.0807 -8.000275 -10.81721 535.3414 -8.000275 -10.69566 535.3414 -8.000275 -13.79665 535.0807 -8.000275 -13.6751 535.6192 -8.000275 -13.87109 534.2808 -8.000275 -11.95963 534.2557 -8.000275 -12.24615 534.3552 -8.000275 -11.68182 534.4768 -8.000275 -11.42116 535.6192 -8.000275 -10.62122 535.9057 -8.000275 -10.59616 536.1922 -8.000275 -10.62122 536.47 -8.000275 -10.69566 534.8451 -8.000275 -13.51012 534.6417 -8.000275 -13.30675 534.4768 -8.000275 -13.07115 534.3552 -8.000275 -12.81049 534.2808 -8.000275 -12.53268 536.7307 -8.000275 -10.81721 536.9663 -8.000275 -10.98219 537.1697 -8.000275 -11.18555 537.3347 -8.000275 -11.42116 537.4562 -8.000275 -11.68182 537.5307 -8.000275 -11.95963 537.5557 -8.000275 -12.24615 537.5307 -8.000275 -12.53268 537.4562 -8.000275 -12.81049 537.3347 -8.000275 -13.07115 537.1697 -8.000275 -13.30675 536.9663 -8.000275 -13.51012 536.7307 -8.000275 -13.6751 536.47 -8.000275 -13.79665 536.1922 -8.000275 -13.87109 535.9057 -8.000275 -13.89616 525.8905 -94.17392 -20.24616 528.8449 -94.69487 -20.24616 525.8454 -94.3423 -20.24616 528.6645 -95.36837 -20.24616 525.7717 -94.50028 -20.24616 528.3698 -96.00028 -20.24616 525.6718 -94.64307 -20.24616 527.9699 -96.57143 -20.24616 525.5485 -94.76633 -20.24616 527.4769 -97.06446 -20.24616 525.4057 -94.86631 -20.24616 526.9057 -97.46439 -20.24616 525.2478 -94.93997 -20.24616 526.2738 -97.75905 -20.24616 525.0794 -94.98509 -20.24616 525.6003 -97.93952 -20.24616 525.0794 -94.98509 31.75384 525.6003 -97.93952 31.75384 525.2478 -94.93997 31.75384 526.2738 -97.75905 31.75384 525.4057 -94.86631 31.75384 526.9057 -97.46439 31.75384 525.5485 -94.76633 31.75384 527.4769 -97.06446 31.75384 525.6718 -94.64307 31.75384 527.9699 -96.57143 31.75384 525.7717 -94.50028 31.75384 528.3698 -96.00028 31.75384 525.8454 -94.3423 31.75384 528.6645 -95.36837 31.75384 525.8905 -94.17392 31.75384 528.8449 -94.69487 31.75384 486.7492 -94.98796 -20.24616 486.2799 -97.95104 -20.24616 486.5967 -94.95134 -20.24616 485.6696 -97.80451 -20.24616 486.4517 -94.89128 -20.24616 485.0897 -97.5643 -20.24616 486.3179 -94.8093 -20.24616 484.5545 -97.23635 -20.24616 486.1986 -94.70738 -20.24616 484.0773 -96.82871 -20.24616 486.0967 -94.58806 -20.24616 483.6696 -96.35143 -20.24616 486.0147 -94.45427 -20.24616 483.3417 -95.81624 -20.24616 485.9546 -94.3093 -20.24616 483.1015 -95.23635 -20.24616 485.918 -94.15671 -20.24616 482.9549 -94.62602 -20.24616 485.9057 -94.00028 -20.24616 482.9057 -94.00028 -20.24616 485.9057 -94.00028 31.75384 482.9057 -94.00028 31.75384 485.918 -94.15671 31.75384 482.9549 -94.62602 31.75384 485.9546 -94.3093 31.75384 483.1015 -95.23635 31.75384 486.0147 -94.45427 31.75384 483.3417 -95.81624 31.75384 486.0967 -94.58806 31.75384 483.6696 -96.35143 31.75384 486.1986 -94.70738 31.75384 484.0773 -96.82871 31.75384 486.3179 -94.8093 31.75384 484.5545 -97.23635 31.75384 486.4517 -94.89128 31.75384 485.0897 -97.5643 31.75384 486.5967 -94.95134 31.75384 485.6696 -97.80451 31.75384 486.7492 -94.98796 31.75384 486.2799 -97.95104 31.75384 485.9057 -72.00028 31.75384 485.9057 -72.00028 -20.24616 482.9057 -74.06838 -14.88149 482.9057 -74.10028 -15.24615 482.9057 -74.06838 -15.61082 482.9057 -73.97364 -15.9644 482.9057 -73.81893 -16.29616 482.9057 -73.60897 25.40398 482.9057 -73.35013 25.14515 482.9057 -70.39159 -13.8963 482.9057 -73.60897 28.10369 482.9057 -73.81893 27.80384 482.9057 -73.60897 -16.59601 482.9057 -73.35013 -16.85485 482.9057 -73.05028 -17.0648 482.9057 -72.71852 -17.21951 482.9057 -72.36495 -17.31426 482.9057 -72.00028 -17.34615 482.9057 -71.63562 -17.31426 482.9057 -71.28203 -17.21951 482.9057 -69.50028 -19.57629 482.9057 -70.95027 -17.0648 482.9057 -68.78633 -19.07638 482.9057 -70.65042 -16.85485 482.9057 -70.39159 -16.59601 482.9057 -70.18163 -16.29616 482.9057 -70.02692 -15.9644 482.9057 -69.93218 -15.61082 482.9057 -69.90029 -15.24615 482.9057 -69.93218 -14.88149 482.9057 -73.81893 25.70385 482.9057 -73.05028 24.93519 482.9057 -72.71852 24.7805 482.9057 -72.36495 24.68575 482.9057 -70.65042 -13.63746 482.9057 -70.95027 -13.4275 482.9057 -74.06838 26.38918 482.9057 -71.28203 -13.2728 482.9057 -74.10028 26.75384 482.9057 -71.63562 -13.17806 482.9057 -72.00028 -13.14616 482.9057 -73.97364 26.03561 482.9057 -70.95027 24.93519 482.9057 -70.65042 25.14515 482.9057 -70.39159 25.40398 482.9057 -70.18163 25.70385 482.9057 -70.02692 26.03561 482.9057 -73.97364 27.47208 482.9057 -74.06838 27.11851 482.9057 -73.35013 -13.63746 482.9057 -73.60897 -13.8963 482.9057 -73.81893 -14.19615 482.9057 -73.97364 -14.52792 482.9057 -72.36495 -13.17806 482.9057 -72.71852 -13.2728 482.9057 -73.05028 -13.4275 482.9057 -70.02692 -14.52792 482.9057 -70.18163 -14.19615 482.9057 -72.36495 28.82194 482.9057 -72.71852 28.7272 482.9057 -73.05028 28.5725 482.9057 -73.35013 28.36254 482.9057 -72.00028 24.65385 482.9057 -71.63562 24.68575 482.9057 -71.28203 24.7805 482.9057 -69.93218 26.38918 482.9057 -69.90029 26.75384 482.9057 -69.93218 27.11851 482.9057 -70.02692 27.47208 482.9057 -70.18163 27.80384 482.9057 -70.39159 28.10369 482.9057 -68.78633 30.58407 482.9057 -70.65042 28.36254 482.9057 -70.95027 28.5725 482.9057 -71.28203 28.7272 482.9057 -71.63562 28.82194 482.9057 -72.00028 28.85384 485.9057 -74.06838 26.38918 485.9057 -74.10028 26.75384 485.9057 -73.97364 -14.52792 485.9057 -73.81893 -14.19615 485.9057 -69.93218 26.38918 485.9057 -73.60897 -13.8963 485.9057 -73.35013 -13.63746 485.9057 -71.63562 -13.17806 485.9057 -71.28203 -13.2728 485.9057 -67.00028 26.75384 485.9057 -70.95027 -13.4275 485.9057 -73.60897 -16.59601 485.9057 -73.81893 -16.29616 485.9057 -73.97364 -15.9644 485.9057 -70.39159 25.40398 485.9057 -70.65042 25.14515 485.9057 -74.06838 -14.88149 485.9057 -73.05028 -13.4275 485.9057 -72.71852 -13.2728 485.9057 -69.90029 26.75384 485.9057 -72.36495 -13.17806 485.9057 -72.00028 -13.14616 485.9057 -70.18163 25.70385 485.9057 -72.36495 24.68575 485.9057 -72.71852 24.7805 485.9057 -73.05028 24.93519 485.9057 -73.35013 25.14515 485.9057 -72.36495 -17.31426 485.9057 -72.71852 -17.21951 485.9057 -73.05028 -17.0648 485.9057 -73.35013 -16.85485 485.9057 -70.02692 26.03561 485.9057 -70.95027 24.93519 485.9057 -71.28203 24.7805 485.9057 -71.63562 24.68575 485.9057 -72.00028 24.65385 485.9057 -74.10028 -15.24615 485.9057 -74.06838 -15.61082 485.9057 -73.60897 25.40398 485.9057 -73.81893 25.70385 485.9057 -73.97364 26.03561 485.9057 -74.06838 27.11851 485.9057 -73.97364 27.47208 485.9057 -73.81893 27.80384 485.9057 -70.65042 -13.63746 485.9057 -70.39159 -13.8963 485.9057 -67.00028 -15.24615 485.9057 -70.18163 -14.19615 485.9057 -70.02692 -14.52792 485.9057 -69.93218 -14.88149 485.9057 -69.90029 -15.24615 485.9057 -67.07624 -16.1144 485.9057 -69.93218 -15.61082 485.9057 -67.30182 -16.95625 485.9057 -70.02692 -15.9644 485.9057 -67.67015 -17.74616 485.9057 -70.18163 -16.29616 485.9057 -68.17006 -18.46009 485.9057 -70.39159 -16.59601 485.9057 -68.78633 -19.07638 485.9057 -70.65042 -16.85485 485.9057 -69.50028 -19.57629 485.9057 -70.95027 -17.0648 485.9057 -70.29018 -19.94462 485.9057 -71.28203 -17.21951 485.9057 -71.13204 -20.1702 485.9057 -71.63562 -17.31426 485.9057 -72.00028 -17.34615 485.9057 -73.60897 28.10369 485.9057 -73.35013 28.36254 485.9057 -73.05028 28.5725 485.9057 -72.71852 28.7272 485.9057 -69.93218 27.11851 485.9057 -67.07624 27.62208 485.9057 -70.02692 27.47208 485.9057 -67.30182 28.46395 485.9057 -70.18163 27.80384 485.9057 -67.67015 29.25384 485.9057 -70.39159 28.10369 485.9057 -68.17006 29.96778 485.9057 -70.65042 28.36254 485.9057 -68.78633 30.58407 485.9057 -70.95027 28.5725 485.9057 -69.50028 31.08398 485.9057 -71.28203 28.7272 485.9057 -70.29018 31.45231 485.9057 -71.63562 28.82194 485.9057 -71.13204 31.67788 485.9057 -72.00028 28.85384 485.9057 -72.36495 28.82194 -470.7193 -98.00028 -20.24616 -465.0943 -98.00028 -20.24616 -465.0943 -98.00028 -12.24615 -470.7193 -98.00028 -6.246155 -470.7193 -98.00028 5.753845 -476.3709 -98.00028 -0.9422684 -484.8443 -98.00028 -6.246155 -481.6099 -98.00028 -2.121155 -481.7388 -98.00028 -1.844688 -481.4349 -98.00028 -6.121277 -481.2192 -98.00028 -2.586731 -481.4349 -98.00028 -2.371033 -476.3443 -98.00028 -1.246155 -476.3709 -98.00028 -1.550041 -476.4499 -98.00028 -1.844688 -481.7388 -98.00028 -0.6476212 -481.6099 -98.00028 -0.3711548 -484.8443 -98.00028 5.753845 -481.4349 -98.00028 -0.1212768 -476.5788 -98.00028 -2.121155 -476.7538 -98.00028 -2.371033 -476.9695 -98.00028 -2.586731 -481.8178 -98.00028 -1.550041 -481.8443 -98.00028 -1.246155 -481.8178 -98.00028 -0.9422684 -481.2192 -98.00028 0.09442138 -480.9693 -98.00028 0.2693863 -480.6929 -98.00028 0.3983078 -477.2193 -98.00028 -2.761696 -476.7538 -98.00028 -6.121277 -477.4958 -98.00028 -2.890617 -476.9695 -98.00028 -5.905579 -477.2193 -98.00028 -5.730614 -477.7904 -98.00028 0.4772568 -477.4958 -98.00028 0.3983078 -477.2193 -98.00028 0.2693863 -476.9695 -98.00028 0.09442138 -476.7538 -98.00028 -0.1212768 -476.5788 -98.00028 -0.3711548 -476.4499 -98.00028 -0.6476212 -480.3982 -98.00028 -2.969566 -480.6929 -98.00028 -2.890617 -480.9693 -98.00028 -5.730614 -481.2192 -98.00028 -5.905579 -480.9693 -98.00028 -2.761696 -480.3982 -98.00028 0.4772568 -480.0943 -98.00028 0.5038452 -478.0943 -98.00028 0.5038452 -480.6929 -98.00028 -5.601692 -480.3982 -98.00028 -5.522743 -480.0943 -98.00028 -2.996155 -480.0943 -98.00028 -5.496155 -478.0943 -98.00028 -2.996155 -478.0943 -98.00028 -5.496155 -477.7904 -98.00028 -2.969566 -477.7904 -98.00028 -5.522743 -477.4958 -98.00028 -5.601692 -476.5788 -98.00028 -6.371155 -476.4499 -98.00028 -6.647621 -476.4499 -98.00028 -7.844688 -476.5788 -98.00028 -8.121155 -470.7193 -98.00028 -9.246155 -481.4349 -98.00028 -8.371033 -481.6099 -98.00028 -8.121155 -484.8443 -98.00028 -9.246155 -481.8178 -98.00028 -6.942268 -481.7388 -98.00028 -6.647621 -481.6099 -98.00028 -6.371155 -476.3709 -98.00028 -6.942268 -476.3443 -98.00028 -7.246155 -476.3709 -98.00028 -7.550041 -476.7538 -98.00028 -8.371033 -476.9695 -98.00028 -8.586731 -477.2193 -98.00028 -8.761704 -481.7388 -98.00028 -7.844688 -481.8178 -98.00028 -7.550041 -481.8443 -98.00028 -7.246155 -480.6929 -98.00028 -8.890618 -480.9693 -98.00028 -8.761704 -481.2192 -98.00028 -8.586731 -478.0943 -98.00028 -8.996155 -480.0943 -98.00028 -8.996155 -480.3982 -98.00028 -8.969567 -477.4958 -98.00028 -8.890618 -477.7904 -98.00028 -8.969567 -477.4958 -98.00028 20.39831 -477.2193 -98.00028 20.26939 -470.7193 -98.00028 20.75385 -476.9695 -98.00028 20.09441 -476.7538 -98.00028 19.87872 -476.5788 -98.00028 19.62884 -476.4499 -98.00028 19.35238 -476.3709 -98.00028 19.05773 -470.7193 -98.00028 17.75384 -484.8443 -98.00028 17.75384 -481.6099 -98.00028 17.87884 -481.7388 -98.00028 18.15531 -480.3982 -98.00028 20.47726 -484.8443 -98.00028 20.75385 -480.6929 -98.00028 20.39831 -480.9693 -98.00028 20.26939 -480.0943 -98.00028 20.50384 -478.0943 -98.00028 20.50384 -477.7904 -98.00028 20.47726 -476.3443 -98.00028 18.75384 -476.3709 -98.00028 18.44996 -476.4499 -98.00028 18.15531 -481.7388 -98.00028 19.35238 -481.6099 -98.00028 19.62884 -481.4349 -98.00028 19.87872 -481.2192 -98.00028 20.09441 -481.8178 -98.00028 18.44996 -481.8443 -98.00028 18.75384 -481.8178 -98.00028 19.05773 -484.8443 -98.00028 15.75384 -481.2192 -98.00028 17.41326 -481.4349 -98.00028 17.62898 -476.5788 -98.00028 17.87884 -476.7538 -98.00028 17.62898 -470.7193 -98.00028 15.75384 -480.3982 -98.00028 17.03043 -480.6929 -98.00028 17.10938 -480.9693 -98.00028 17.2383 -476.9695 -98.00028 17.41326 -477.2193 -98.00028 17.2383 -477.4958 -98.00028 17.10938 -477.7904 -98.00028 17.03043 -478.0943 -98.00028 17.00384 -480.0943 -98.00028 17.00384 -497.4958 -98.00028 20.39831 -497.2193 -98.00028 20.26939 -493.3443 -98.00028 20.75385 -500.3982 -98.00028 20.47726 -503.0943 -98.00028 20.75385 -500.6929 -98.00028 20.39831 -500.9693 -98.00028 20.26939 -496.3709 -98.00028 19.05773 -496.4499 -98.00028 19.35238 -496.5788 -98.00028 19.62884 -501.6099 -98.00028 17.87884 -501.7388 -98.00028 18.15531 -503.0943 -98.00028 17.75384 -496.9695 -98.00028 20.09441 -496.7538 -98.00028 19.87872 -496.3443 -98.00028 18.75384 -493.3443 -98.00028 17.75384 -496.3709 -98.00028 18.44996 -496.4499 -98.00028 18.15531 -500.0943 -98.00028 20.50384 -498.0943 -98.00028 20.50384 -497.7904 -98.00028 20.47726 -501.7388 -98.00028 19.35238 -501.6099 -98.00028 19.62884 -501.8178 -98.00028 18.44996 -501.8443 -98.00028 18.75384 -501.8178 -98.00028 19.05773 -501.4349 -98.00028 19.87872 -501.2192 -98.00028 20.09441 -503.0943 -98.00028 15.75384 -501.2192 -98.00028 17.41326 -501.4349 -98.00028 17.62898 -493.3443 -98.00028 15.75384 -497.2193 -98.00028 17.2383 -497.4958 -98.00028 17.10938 -496.5788 -98.00028 17.87884 -496.7538 -98.00028 17.62898 -496.9695 -98.00028 17.41326 -500.3982 -98.00028 17.03043 -500.6929 -98.00028 17.10938 -500.9693 -98.00028 17.2383 -497.7904 -98.00028 17.03043 -498.0943 -98.00028 17.00384 -500.0943 -98.00028 17.00384 -488.8773 -98.00028 18.52284 -489.0943 -98.00028 18.50384 -489.3114 -98.00028 18.52284 -489.5219 -98.00028 18.57923 -488.2908 -98.00028 18.79629 -488.4693 -98.00028 18.67132 -488.6668 -98.00028 18.57923 -490.3443 -98.00028 19.75384 -490.3254 -98.00028 19.97091 -488.2908 -98.00028 20.7114 -488.1368 -98.00028 20.55734 -488.0118 -98.00028 20.37884 -487.9197 -98.00028 20.18137 -487.9197 -98.00028 19.32632 -488.0118 -98.00028 19.12884 -488.1368 -98.00028 18.95036 -489.7193 -98.00028 18.67132 -489.8978 -98.00028 18.79629 -490.0519 -98.00028 18.95036 -490.3254 -98.00028 19.53678 -487.8633 -98.00028 19.97091 -487.8443 -98.00028 19.75384 -487.8633 -98.00028 19.53678 -490.1769 -98.00028 19.12884 -490.269 -98.00028 19.32632 -490.269 -98.00028 20.18137 -490.1769 -98.00028 20.37884 -490.0519 -98.00028 20.55734 -487.8633 -98.00028 27.53678 -487.9197 -98.00028 27.32632 -488.6668 -98.00028 26.57923 -488.4693 -98.00028 26.67132 -488.2908 -98.00028 26.79629 -487.8443 -98.00028 27.75384 -488.0118 -98.00028 27.12884 -488.1368 -98.00028 26.95036 -489.7193 -98.00028 20.83637 -489.5219 -98.00028 20.92846 -493.3443 -98.00028 31.75384 -488.8773 -98.00028 28.98486 -488.6668 -98.00028 28.92846 -484.8443 -98.00028 31.75384 -488.1368 -98.00028 28.55734 -488.0118 -98.00028 28.37884 -487.9197 -98.00028 28.18137 -487.8633 -98.00028 27.97091 -488.4693 -98.00028 28.83637 -488.2908 -98.00028 28.7114 -488.4693 -98.00028 20.83637 -488.6668 -98.00028 20.92846 -488.8773 -98.00028 26.52284 -488.8773 -98.00028 20.98486 -489.8978 -98.00028 20.7114 -489.5219 -98.00028 26.57923 -489.3114 -98.00028 20.98486 -489.0943 -98.00028 21.00385 -489.0943 -98.00028 26.50385 -489.3114 -98.00028 26.52284 -489.3114 -98.00028 28.98486 -489.0943 -98.00028 29.00384 -489.7193 -98.00028 26.67132 -489.8978 -98.00028 26.79629 -490.0519 -98.00028 26.95036 -489.8978 -98.00028 28.7114 -489.7193 -98.00028 28.83637 -489.5219 -98.00028 28.92846 -490.3443 -98.00028 27.75384 -490.3254 -98.00028 27.97091 -490.269 -98.00028 28.18137 -490.1769 -98.00028 27.12884 -490.269 -98.00028 27.32632 -490.3254 -98.00028 27.53678 -490.1769 -98.00028 28.37884 -490.0519 -98.00028 28.55734 -490.0519 -98.00028 -9.049637 -490.1769 -98.00028 -8.871155 -493.3443 -98.00028 -9.246155 -493.3443 -98.00028 -6.246155 -490.3443 -98.00028 -8.246155 -490.269 -98.00028 -8.673684 -490.3254 -98.00028 -8.463219 -488.0118 -98.00028 -7.621155 -488.1368 -98.00028 -7.442673 -488.2908 -98.00028 -7.288597 -487.8633 -98.00028 -8.463219 -487.9197 -98.00028 -8.673684 -488.0118 -98.00028 -8.871155 -490.3254 -98.00028 -8.029099 -490.269 -98.00028 -7.818634 -490.1769 -98.00028 -7.621155 -490.0519 -98.00028 -7.442673 -489.8978 -98.00028 -7.288597 -489.7193 -98.00028 -7.16362 -489.5219 -98.00028 -7.071541 -489.3114 -98.00028 -7.015144 -489.0943 -98.00028 -6.996155 -488.8773 -98.00028 -7.015144 -488.6668 -98.00028 -7.071541 -488.4693 -98.00028 -7.16362 -487.9197 -98.00028 -7.818634 -487.8633 -98.00028 -8.029099 -487.8443 -98.00028 -8.246155 -488.1368 -98.00028 -9.049637 -488.2908 -98.00028 -9.203713 -484.8443 -98.00028 -12.24615 -488.4693 -98.00028 -9.32869 -488.6668 -98.00028 -9.420769 -489.3114 -98.00028 -9.477166 -493.3443 -98.00028 -12.24615 -489.0943 -98.00028 -9.496155 -488.8773 -98.00028 -9.477166 -489.5219 -98.00028 -9.420769 -489.7193 -98.00028 -9.32869 -489.8978 -98.00028 -9.203713 -496.7538 -98.00028 -6.121277 -496.5788 -98.00028 -6.371155 -497.4958 -98.00028 -2.890617 -496.4499 -98.00028 -1.844688 -496.5788 -98.00028 -2.121155 -496.3709 -98.00028 -1.550041 -493.3443 -98.00028 5.753845 -497.4958 -98.00028 0.3983078 -497.2193 -98.00028 0.2693863 -496.5788 -98.00028 -0.3711548 -496.4499 -98.00028 -0.6476212 -496.3709 -98.00028 -0.9422684 -496.3443 -98.00028 -1.246155 -496.7538 -98.00028 -2.371033 -496.9695 -98.00028 -2.586731 -497.2193 -98.00028 -2.761696 -497.7904 -98.00028 -5.522743 -497.4958 -98.00028 -5.601692 -497.7904 -98.00028 -2.969566 -497.2193 -98.00028 -5.730614 -496.9695 -98.00028 -5.905579 -497.7904 -98.00028 0.4772568 -496.9695 -98.00028 0.09442138 -496.7538 -98.00028 -0.1212768 -500.6929 -98.00028 -2.890617 -500.9693 -98.00028 -2.761696 -500.3982 -98.00028 -5.522743 -501.2192 -98.00028 -2.586731 -500.6929 -98.00028 -5.601692 -501.4349 -98.00028 -2.371033 -501.6099 -98.00028 -2.121155 -501.2192 -98.00028 -5.905579 -500.9693 -98.00028 -5.730614 -500.0943 -98.00028 -5.496155 -500.0943 -98.00028 -2.996155 -500.3982 -98.00028 -2.969566 -498.0943 -98.00028 -2.996155 -498.0943 -98.00028 -5.496155 -501.7388 -98.00028 -1.844688 -501.8178 -98.00028 -1.550041 -503.0943 -98.00028 5.753845 -501.8443 -98.00028 -1.246155 -501.8178 -98.00028 -0.9422684 -501.7388 -98.00028 -0.6476212 -501.6099 -98.00028 -0.3711548 -501.4349 -98.00028 -0.1212768 -501.2192 -98.00028 0.09442138 -500.9693 -98.00028 0.2693863 -500.6929 -98.00028 0.3983078 -500.3982 -98.00028 0.4772568 -500.0943 -98.00028 0.5038452 -498.0943 -98.00028 0.5038452 -496.4499 -98.00028 -6.647621 -496.4499 -98.00028 -7.844688 -496.5788 -98.00028 -8.121155 -500.6929 -98.00028 -8.890618 -500.9693 -98.00028 -8.761704 -503.0943 -98.00028 -9.246155 -496.3709 -98.00028 -6.942268 -496.3443 -98.00028 -7.246155 -496.3709 -98.00028 -7.550041 -501.8178 -98.00028 -6.942268 -501.7388 -98.00028 -6.647621 -503.0943 -98.00028 -6.246155 -501.6099 -98.00028 -6.371155 -501.4349 -98.00028 -6.121277 -497.2193 -98.00028 -8.761704 -497.4958 -98.00028 -8.890618 -497.7904 -98.00028 -8.969567 -498.0943 -98.00028 -8.996155 -500.0943 -98.00028 -8.996155 -500.3982 -98.00028 -8.969567 -501.2192 -98.00028 -8.586731 -501.4349 -98.00028 -8.371033 -501.6099 -98.00028 -8.121155 -496.7538 -98.00028 -8.371033 -496.9695 -98.00028 -8.586731 -501.7388 -98.00028 -7.844688 -501.8178 -98.00028 -7.550041 -501.8443 -98.00028 -7.246155 -488.1368 -98.00028 -15.44267 -488.0118 -98.00028 -15.62115 -487.9197 -98.00028 -15.81863 -487.9197 -98.00028 -16.67368 -488.0118 -98.00028 -16.87116 -484.8443 -98.00028 -20.24616 -488.1368 -98.00028 -17.04964 -490.3443 -98.00028 -16.24616 -490.3254 -98.00028 -16.46322 -493.3443 -98.00028 -20.24616 -490.269 -98.00028 -16.67368 -487.8633 -98.00028 -16.0291 -487.8443 -98.00028 -16.24616 -487.8633 -98.00028 -16.46322 -490.3254 -98.00028 -16.0291 -490.269 -98.00028 -15.81863 -490.1769 -98.00028 -15.62115 -490.0519 -98.00028 -15.44267 -489.8978 -98.00028 -15.2886 -489.7193 -98.00028 -15.16363 -488.8773 -98.00028 -15.01514 -488.6668 -98.00028 -15.07154 -489.5219 -98.00028 -17.42077 -489.7193 -98.00028 -17.32869 -489.8978 -98.00028 -17.20371 -488.4693 -98.00028 -15.16363 -488.2908 -98.00028 -15.2886 -488.2908 -98.00028 -17.20371 -488.4693 -98.00028 -17.32869 -488.6668 -98.00028 -17.42077 -488.8773 -98.00028 -17.47717 -489.0943 -98.00028 -17.49616 -489.3114 -98.00028 -17.47717 -490.0519 -98.00028 -17.04964 -490.1769 -98.00028 -16.87116 -489.5219 -98.00028 -15.07154 -489.3114 -98.00028 -15.01514 -489.0943 -98.00028 -14.99615 -503.0943 -98.00028 -12.24615 -503.0943 -98.00028 -20.24616 -470.7193 -98.00028 -12.24615 -497.4958 -98.00028 14.39831 -497.2193 -98.00028 14.26939 -496.9695 -98.00028 11.41326 -497.2193 -98.00028 11.2383 -497.4958 -98.00028 11.10938 -500.9693 -98.00028 11.2383 -500.6929 -98.00028 11.10938 -500.3982 -98.00028 11.03043 -500.3982 -98.00028 14.47726 -500.6929 -98.00028 14.39831 -500.9693 -98.00028 14.26939 -496.5788 -98.00028 13.62884 -496.4499 -98.00028 13.35238 -497.7904 -98.00028 11.03043 -498.0943 -98.00028 11.00384 -500.0943 -98.00028 11.00384 -496.9695 -98.00028 14.09443 -496.7538 -98.00028 13.87872 -496.3709 -98.00028 13.05773 -496.3443 -98.00028 12.75384 -496.3709 -98.00028 12.44996 -496.4499 -98.00028 12.15531 -496.5788 -98.00028 11.87884 -496.7538 -98.00028 11.62896 -500.0943 -98.00028 14.50384 -498.0943 -98.00028 14.50384 -497.7904 -98.00028 14.47726 -501.2192 -98.00028 11.41326 -501.4349 -98.00028 11.62896 -501.6099 -98.00028 11.87884 -501.6099 -98.00028 13.62884 -501.7388 -98.00028 13.35238 -501.8178 -98.00028 13.05773 -501.4349 -98.00028 13.87872 -501.2192 -98.00028 14.09443 -501.7388 -98.00028 12.15531 -501.8178 -98.00028 12.44996 -501.8443 -98.00028 12.75384 -480.9693 -98.00028 11.2383 -480.6929 -98.00028 11.10938 -480.3982 -98.00028 11.03043 -476.4499 -98.00028 12.15531 -476.5788 -98.00028 11.87884 -477.2193 -98.00028 11.2383 -477.4958 -98.00028 11.10938 -477.4958 -98.00028 14.39831 -477.2193 -98.00028 14.26939 -476.9695 -98.00028 14.09443 -476.7538 -98.00028 13.87872 -476.5788 -98.00028 13.62884 -476.4499 -98.00028 13.35238 -476.7538 -98.00028 11.62896 -476.9695 -98.00028 11.41326 -481.2192 -98.00028 11.41326 -481.4349 -98.00028 11.62896 -481.6099 -98.00028 11.87884 -476.3709 -98.00028 13.05773 -476.3443 -98.00028 12.75384 -476.3709 -98.00028 12.44996 -477.7904 -98.00028 11.03043 -478.0943 -98.00028 11.00384 -480.0943 -98.00028 11.00384 -481.4349 -98.00028 13.87872 -481.2192 -98.00028 14.09443 -480.9693 -98.00028 14.26939 -480.6929 -98.00028 14.39831 -480.3982 -98.00028 14.47726 -480.0943 -98.00028 14.50384 -478.0943 -98.00028 14.50384 -477.7904 -98.00028 14.47726 -481.7388 -98.00028 12.15531 -481.8178 -98.00028 12.44996 -481.8443 -98.00028 12.75384 -481.8178 -98.00028 13.05773 -481.7388 -98.00028 13.35238 -481.6099 -98.00028 13.62884 -503.0943 -98.00028 31.75384 -470.7193 -98.00028 31.75384 -465.0943 -98.00028 -9.246155 -465.0943 -98.00028 -6.246155 -465.0943 -98.00028 5.753845 -465.0943 -98.00028 15.75384 -465.0943 -98.00028 17.75384 -465.0943 -98.00028 20.75385 -465.0943 -98.00028 31.75384 -490.3254 -95.00028 -16.0291 -490.3443 -95.00028 -16.24616 -493.3443 -95.00028 -12.24615 -503.0943 -95.00028 20.75385 -503.0943 -95.00028 31.75384 -493.3443 -95.00028 31.75384 -490.3254 -95.00028 27.97091 -490.3443 -95.00028 27.75384 -488.1368 -95.00028 20.55734 -488.2908 -95.00028 20.7114 -484.8443 -95.00028 20.75385 -496.4499 -95.00028 -6.647621 -496.5788 -95.00028 -6.371155 -493.3443 -95.00028 -6.246155 -496.4499 -95.00028 -7.844688 -496.3709 -95.00028 -7.550041 -493.3443 -95.00028 -9.246155 -501.7388 -95.00028 -7.844688 -501.6099 -95.00028 -8.121155 -503.0943 -95.00028 -9.246155 -503.0943 -95.00028 -6.246155 -501.6099 -95.00028 -6.371155 -501.7388 -95.00028 -6.647621 -496.3443 -95.00028 -7.246155 -496.3709 -95.00028 -6.942268 -501.4349 -95.00028 -8.371033 -501.2192 -95.00028 -8.586731 -500.9693 -95.00028 -8.761704 -498.0943 -95.00028 -8.996155 -497.7904 -95.00028 -8.969567 -500.6929 -95.00028 -8.890618 -500.3982 -95.00028 -8.969567 -500.0943 -95.00028 -8.996155 -497.4958 -95.00028 -8.890618 -497.2193 -95.00028 -8.761704 -496.9695 -95.00028 -8.586731 -501.8178 -95.00028 -6.942268 -501.8443 -95.00028 -7.246155 -501.8178 -95.00028 -7.550041 -496.7538 -95.00028 -8.371033 -496.5788 -95.00028 -8.121155 -500.6929 -95.00028 0.3983078 -500.9693 -95.00028 0.2693863 -503.0943 -95.00028 5.753845 -496.7538 -95.00028 -0.1212768 -493.3443 -95.00028 5.753845 -496.5788 -95.00028 -0.3711548 -496.4499 -95.00028 -0.6476212 -496.9695 -95.00028 0.09442138 -497.2193 -95.00028 0.2693863 -497.4958 -95.00028 0.3983078 -500.3982 -95.00028 0.4772568 -501.8443 -95.00028 -1.246155 -501.8178 -95.00028 -1.550041 -501.6099 -95.00028 -0.3711548 -501.7388 -95.00028 -0.6476212 -501.8178 -95.00028 -0.9422684 -501.6099 -95.00028 -2.121155 -501.4349 -95.00028 -2.371033 -501.2192 -95.00028 -5.905579 -501.2192 -95.00028 -2.586731 -497.2193 -95.00028 -5.730614 -497.7904 -95.00028 -2.969566 -496.9695 -95.00028 -5.905579 -497.4958 -95.00028 -2.890617 -496.7538 -95.00028 -6.121277 -496.9695 -95.00028 -2.586731 -496.7538 -95.00028 -2.371033 -496.5788 -95.00028 -2.121155 -496.4499 -95.00028 -1.844688 -501.2192 -95.00028 0.09442138 -501.4349 -95.00028 -0.1212768 -501.4349 -95.00028 -6.121277 -501.7388 -95.00028 -1.844688 -500.9693 -95.00028 -2.761696 -500.6929 -95.00028 -2.890617 -500.9693 -95.00028 -5.730614 -500.3982 -95.00028 -2.969566 -500.6929 -95.00028 -5.601692 -497.4958 -95.00028 -5.601692 -497.7904 -95.00028 -5.522743 -498.0943 -95.00028 -2.996155 -498.0943 -95.00028 -5.496155 -500.0943 -95.00028 -2.996155 -500.0943 -95.00028 -5.496155 -500.3982 -95.00028 -5.522743 -497.2193 -95.00028 -2.761696 -496.3709 -95.00028 -1.550041 -496.3443 -95.00028 -1.246155 -496.3709 -95.00028 -0.9422684 -497.7904 -95.00028 0.4772568 -498.0943 -95.00028 0.5038452 -500.0943 -95.00028 0.5038452 -496.5788 -95.00028 17.87884 -496.4499 -95.00028 18.15531 -493.3443 -95.00028 17.75384 -496.4499 -95.00028 19.35238 -496.5788 -95.00028 19.62884 -493.3443 -95.00028 20.75385 -496.7538 -95.00028 19.87872 -497.4958 -95.00028 20.39831 -497.7904 -95.00028 20.47726 -498.0943 -95.00028 20.50384 -500.0943 -95.00028 20.50384 -500.3982 -95.00028 20.47726 -500.6929 -95.00028 20.39831 -500.9693 -95.00028 20.26939 -496.3709 -95.00028 18.44996 -496.3443 -95.00028 18.75384 -496.3709 -95.00028 19.05773 -496.9695 -95.00028 20.09441 -497.2193 -95.00028 20.26939 -501.8178 -95.00028 18.44996 -501.7388 -95.00028 18.15531 -503.0943 -95.00028 17.75384 -501.2192 -95.00028 20.09441 -501.4349 -95.00028 19.87872 -501.6099 -95.00028 19.62884 -501.7388 -95.00028 19.35238 -501.8178 -95.00028 19.05773 -501.8443 -95.00028 18.75384 -501.6099 -95.00028 17.87884 -501.4349 -95.00028 17.62898 -503.0943 -95.00028 15.75384 -501.2192 -95.00028 17.41326 -500.9693 -95.00028 17.2383 -500.6929 -95.00028 17.10938 -500.3982 -95.00028 17.03043 -497.4958 -95.00028 17.10938 -497.2193 -95.00028 17.2383 -493.3443 -95.00028 15.75384 -496.9695 -95.00028 17.41326 -496.7538 -95.00028 17.62898 -500.0943 -95.00028 17.00384 -498.0943 -95.00028 17.00384 -497.7904 -95.00028 17.03043 -484.8443 -95.00028 17.75384 -481.4349 -95.00028 17.62898 -484.8443 -95.00028 15.75384 -481.2192 -95.00028 17.41326 -480.9693 -95.00028 17.2383 -480.6929 -95.00028 17.10938 -480.3982 -95.00028 17.03043 -480.0943 -95.00028 17.00384 -478.0943 -95.00028 17.00384 -470.7193 -95.00028 15.75384 -477.7904 -95.00028 17.03043 -477.4958 -95.00028 17.10938 -477.2193 -95.00028 17.2383 -476.9695 -95.00028 17.41326 -470.7193 -95.00028 17.75384 -476.7538 -95.00028 17.62898 -476.5788 -95.00028 17.87884 -470.7193 -95.00028 20.75385 -476.7538 -95.00028 19.87872 -476.9695 -95.00028 20.09441 -477.2193 -95.00028 20.26939 -477.4958 -95.00028 20.39831 -477.7904 -95.00028 20.47726 -476.3443 -95.00028 18.75384 -476.3709 -95.00028 19.05773 -476.4499 -95.00028 19.35238 -476.5788 -95.00028 19.62884 -478.0943 -95.00028 20.50384 -480.0943 -95.00028 20.50384 -480.3982 -95.00028 20.47726 -480.6929 -95.00028 20.39831 -480.9693 -95.00028 20.26939 -476.4499 -95.00028 18.15531 -476.3709 -95.00028 18.44996 -481.8178 -95.00028 18.44996 -481.7388 -95.00028 18.15531 -481.6099 -95.00028 17.87884 -481.2192 -95.00028 20.09441 -481.4349 -95.00028 19.87872 -481.6099 -95.00028 19.62884 -481.7388 -95.00028 19.35238 -481.8178 -95.00028 19.05773 -481.8443 -95.00028 18.75384 -489.0943 -95.00028 18.50384 -488.8773 -95.00028 18.52284 -488.6668 -95.00028 18.57923 -488.4693 -95.00028 18.67132 -490.1769 -95.00028 20.37884 -490.269 -95.00028 20.18137 -488.2908 -95.00028 18.79629 -488.1368 -95.00028 18.95036 -488.0118 -95.00028 19.12884 -487.8633 -95.00028 19.97091 -487.9197 -95.00028 20.18137 -488.0118 -95.00028 20.37884 -489.8978 -95.00028 18.79629 -489.7193 -95.00028 18.67132 -489.5219 -95.00028 18.57923 -489.3114 -95.00028 18.52284 -490.3254 -95.00028 19.97091 -490.3443 -95.00028 19.75384 -490.3254 -95.00028 19.53678 -490.269 -95.00028 19.32632 -487.9197 -95.00028 19.32632 -487.8633 -95.00028 19.53678 -487.8443 -95.00028 19.75384 -490.1769 -95.00028 19.12884 -490.0519 -95.00028 18.95036 -489.7193 -95.00028 20.83637 -489.8978 -95.00028 20.7114 -490.0519 -95.00028 20.55734 -488.4693 -95.00028 20.83637 -488.6668 -95.00028 20.92846 -488.6668 -95.00028 26.57923 -488.8773 -95.00028 20.98486 -488.8773 -95.00028 26.52284 -488.4693 -95.00028 26.67132 -488.1368 -95.00028 28.55734 -488.2908 -95.00028 28.7114 -484.8443 -95.00028 31.75384 -488.4693 -95.00028 28.83637 -488.6668 -95.00028 28.92846 -490.0519 -95.00028 26.95036 -489.8978 -95.00028 26.79629 -489.5219 -95.00028 20.92846 -488.8773 -95.00028 28.98486 -489.0943 -95.00028 29.00384 -489.3114 -95.00028 28.98486 -489.5219 -95.00028 28.92846 -489.7193 -95.00028 26.67132 -489.5219 -95.00028 26.57923 -489.3114 -95.00028 26.52284 -489.0943 -95.00028 26.50385 -489.0943 -95.00028 21.00385 -489.3114 -95.00028 20.98486 -488.2908 -95.00028 26.79629 -488.1368 -95.00028 26.95036 -488.0118 -95.00028 27.12884 -487.8633 -95.00028 27.97091 -487.9197 -95.00028 28.18137 -488.0118 -95.00028 28.37884 -489.7193 -95.00028 28.83637 -489.8978 -95.00028 28.7114 -490.0519 -95.00028 28.55734 -487.9197 -95.00028 27.32632 -487.8633 -95.00028 27.53678 -487.8443 -95.00028 27.75384 -490.1769 -95.00028 28.37884 -490.269 -95.00028 28.18137 -490.3254 -95.00028 27.53678 -490.269 -95.00028 27.32632 -490.1769 -95.00028 27.12884 -487.9197 -95.00028 -7.818634 -488.0118 -95.00028 -7.621155 -484.8443 -95.00028 -6.246155 -488.1368 -95.00028 -7.442673 -488.2908 -95.00028 -7.288597 -490.3254 -95.00028 -8.029099 -490.3443 -95.00028 -8.246155 -490.3254 -95.00028 -8.463219 -490.269 -95.00028 -8.673684 -490.1769 -95.00028 -8.871155 -488.2908 -95.00028 -9.203713 -488.1368 -95.00028 -9.049637 -484.8443 -95.00028 -9.246155 -488.0118 -95.00028 -8.871155 -487.9197 -95.00028 -8.673684 -488.4693 -95.00028 -7.16362 -488.6668 -95.00028 -7.071541 -488.8773 -95.00028 -7.015144 -487.8633 -95.00028 -8.463219 -487.8443 -95.00028 -8.246155 -487.8633 -95.00028 -8.029099 -489.0943 -95.00028 -6.996155 -489.3114 -95.00028 -7.015144 -489.5219 -95.00028 -7.071541 -489.7193 -95.00028 -7.16362 -489.8978 -95.00028 -7.288597 -490.0519 -95.00028 -7.442673 -490.1769 -95.00028 -7.621155 -490.269 -95.00028 -7.818634 -488.4693 -95.00028 -9.32869 -484.8443 -95.00028 -12.24615 -488.6668 -95.00028 -9.420769 -490.0519 -95.00028 -9.049637 -489.8978 -95.00028 -9.203713 -489.7193 -95.00028 -9.32869 -489.5219 -95.00028 -9.420769 -489.3114 -95.00028 -9.477166 -489.0943 -95.00028 -9.496155 -488.8773 -95.00028 -9.477166 -481.7388 -95.00028 -1.844688 -481.6099 -95.00028 -2.121155 -481.8178 -95.00028 -1.550041 -481.4349 -95.00028 -2.371033 -481.2192 -95.00028 -2.586731 -481.2192 -95.00028 -5.905579 -480.6929 -95.00028 0.3983078 -480.9693 -95.00028 0.2693863 -484.8443 -95.00028 5.753845 -480.9693 -95.00028 -2.761696 -480.6929 -95.00028 -2.890617 -480.9693 -95.00028 -5.730614 -480.3982 -95.00028 -2.969566 -480.6929 -95.00028 -5.601692 -476.3709 -95.00028 -0.9422684 -476.4499 -95.00028 -0.6476212 -470.7193 -95.00028 5.753845 -476.5788 -95.00028 -0.3711548 -476.7538 -95.00028 -0.1212768 -476.9695 -95.00028 0.09442138 -477.2193 -95.00028 0.2693863 -477.4958 -95.00028 0.3983078 -480.3982 -95.00028 0.4772568 -481.2192 -95.00028 0.09442138 -481.4349 -95.00028 -0.1212768 -481.6099 -95.00028 -0.3711548 -481.7388 -95.00028 -0.6476212 -481.8178 -95.00028 -0.9422684 -481.8443 -95.00028 -1.246155 -477.2193 -95.00028 -5.730614 -477.7904 -95.00028 -2.969566 -476.9695 -95.00028 -5.905579 -477.4958 -95.00028 -2.890617 -476.7538 -95.00028 -6.121277 -477.2193 -95.00028 -2.761696 -476.9695 -95.00028 -2.586731 -476.7538 -95.00028 -2.371033 -476.5788 -95.00028 -2.121155 -476.4499 -95.00028 -1.844688 -476.3709 -95.00028 -1.550041 -476.3443 -95.00028 -1.246155 -477.4958 -95.00028 -5.601692 -477.7904 -95.00028 -5.522743 -478.0943 -95.00028 -2.996155 -478.0943 -95.00028 -5.496155 -480.0943 -95.00028 -2.996155 -480.0943 -95.00028 -5.496155 -480.3982 -95.00028 -5.522743 -477.7904 -95.00028 0.4772568 -478.0943 -95.00028 0.5038452 -480.0943 -95.00028 0.5038452 -481.4349 -95.00028 -6.121277 -481.6099 -95.00028 -6.371155 -481.7388 -95.00028 -6.647621 -481.7388 -95.00028 -7.844688 -481.6099 -95.00028 -8.121155 -476.5788 -95.00028 -6.371155 -470.7193 -95.00028 -6.246155 -476.4499 -95.00028 -6.647621 -476.3709 -95.00028 -6.942268 -481.8178 -95.00028 -6.942268 -481.8443 -95.00028 -7.246155 -481.8178 -95.00028 -7.550041 -481.4349 -95.00028 -8.371033 -481.2192 -95.00028 -8.586731 -480.9693 -95.00028 -8.761704 -478.0943 -95.00028 -8.996155 -477.7904 -95.00028 -8.969567 -470.7193 -95.00028 -9.246155 -477.4958 -95.00028 -8.890618 -477.2193 -95.00028 -8.761704 -476.9695 -95.00028 -8.586731 -476.7538 -95.00028 -8.371033 -476.5788 -95.00028 -8.121155 -476.4499 -95.00028 -7.844688 -476.3709 -95.00028 -7.550041 -476.3443 -95.00028 -7.246155 -480.6929 -95.00028 -8.890618 -480.3982 -95.00028 -8.969567 -480.0943 -95.00028 -8.996155 -470.7193 -95.00028 31.75384 -501.8178 -95.00028 12.44996 -501.8443 -95.00028 12.75384 -501.7388 -95.00028 12.15531 -501.6099 -95.00028 11.87884 -501.4349 -95.00028 11.62896 -501.2192 -95.00028 11.41326 -500.9693 -95.00028 11.2383 -500.6929 -95.00028 11.10938 -500.9693 -95.00028 14.26939 -500.6929 -95.00028 14.39831 -500.3982 -95.00028 14.47726 -497.2193 -95.00028 11.2383 -497.4958 -95.00028 11.10938 -497.7904 -95.00028 11.03043 -496.3709 -95.00028 13.05773 -496.4499 -95.00028 13.35238 -496.5788 -95.00028 13.62884 -496.7538 -95.00028 13.87872 -500.3982 -95.00028 11.03043 -500.0943 -95.00028 11.00384 -498.0943 -95.00028 11.00384 -496.9695 -95.00028 14.09443 -497.2193 -95.00028 14.26939 -497.4958 -95.00028 14.39831 -497.7904 -95.00028 14.47726 -498.0943 -95.00028 14.50384 -500.0943 -95.00028 14.50384 -501.2192 -95.00028 14.09443 -501.4349 -95.00028 13.87872 -501.6099 -95.00028 13.62884 -496.9695 -95.00028 11.41326 -496.7538 -95.00028 11.62896 -496.5788 -95.00028 11.87884 -501.7388 -95.00028 13.35238 -501.8178 -95.00028 13.05773 -496.4499 -95.00028 12.15531 -496.3709 -95.00028 12.44996 -496.3443 -95.00028 12.75384 -481.8443 -95.00028 12.75384 -481.8178 -95.00028 12.44996 -481.7388 -95.00028 12.15531 -481.6099 -95.00028 11.87884 -481.4349 -95.00028 11.62896 -481.2192 -95.00028 11.41326 -480.9693 -95.00028 11.2383 -480.6929 -95.00028 11.10938 -480.9693 -95.00028 14.26939 -480.6929 -95.00028 14.39831 -480.3982 -95.00028 14.47726 -476.7538 -95.00028 13.87872 -476.9695 -95.00028 14.09443 -477.2193 -95.00028 14.26939 -477.4958 -95.00028 14.39831 -477.2193 -95.00028 11.2383 -477.4958 -95.00028 11.10938 -477.7904 -95.00028 11.03043 -477.7904 -95.00028 14.47726 -478.0943 -95.00028 14.50384 -480.0943 -95.00028 14.50384 -481.2192 -95.00028 14.09443 -481.4349 -95.00028 13.87872 -481.6099 -95.00028 13.62884 -476.3709 -95.00028 13.05773 -476.4499 -95.00028 13.35238 -476.5788 -95.00028 13.62884 -481.7388 -95.00028 13.35238 -481.8178 -95.00028 13.05773 -480.3982 -95.00028 11.03043 -480.0943 -95.00028 11.00384 -478.0943 -95.00028 11.00384 -476.9695 -95.00028 11.41326 -476.7538 -95.00028 11.62896 -476.5788 -95.00028 11.87884 -476.4499 -95.00028 12.15531 -476.3709 -95.00028 12.44996 -476.3443 -95.00028 12.75384 -503.0943 -95.00028 -12.24615 -503.0943 -95.00028 -20.24616 -493.3443 -95.00028 -20.24616 -490.3254 -95.00028 -16.46322 -488.1368 -95.00028 -17.04964 -488.0118 -95.00028 -16.87116 -484.8443 -95.00028 -20.24616 -487.9197 -95.00028 -16.67368 -487.9197 -95.00028 -15.81863 -488.0118 -95.00028 -15.62115 -488.1368 -95.00028 -15.44267 -490.269 -95.00028 -16.67368 -490.1769 -95.00028 -16.87116 -490.0519 -95.00028 -17.04964 -489.8978 -95.00028 -17.20371 -489.7193 -95.00028 -17.32869 -489.5219 -95.00028 -17.42077 -487.8633 -95.00028 -16.46322 -487.8443 -95.00028 -16.24616 -487.8633 -95.00028 -16.0291 -489.5219 -95.00028 -15.07154 -489.7193 -95.00028 -15.16363 -489.8978 -95.00028 -15.2886 -490.0519 -95.00028 -15.44267 -490.1769 -95.00028 -15.62115 -490.269 -95.00028 -15.81863 -488.2908 -95.00028 -15.2886 -488.4693 -95.00028 -15.16363 -488.6668 -95.00028 -15.07154 -488.6668 -95.00028 -17.42077 -488.4693 -95.00028 -17.32869 -488.2908 -95.00028 -17.20371 -488.8773 -95.00028 -15.01514 -489.0943 -95.00028 -14.99615 -489.3114 -95.00028 -15.01514 -489.3114 -95.00028 -17.47717 -489.0943 -95.00028 -17.49616 -488.8773 -95.00028 -17.47717 -470.7193 -95.00028 -12.24615 -470.7193 -95.00028 -20.24616 -465.0943 -95.00028 31.75384 -465.0943 -95.00028 20.75385 -465.0943 -95.00028 17.75384 -465.0943 -95.00028 15.75384 -465.0943 -95.00028 5.753845 -465.0943 -95.00028 -6.246155 -465.0943 -95.00028 -9.246155 -465.0943 -95.00028 -12.24615 -465.0943 -95.00028 -20.24616 -507.0943 -94.00028 -20.24616 -507.0943 -9.000275 -20.24616 -504.0943 -94.00028 -20.24616 -504.0943 -9.000275 -20.24616 -504.0943 -94.00028 31.75384 -504.0943 -9.000275 31.75384 -507.0943 -9.000275 31.75384 -507.0943 -94.00028 31.75384 -507.1095 -8.82663 31.75384 -504.1551 -8.305695 31.75384 -507.1546 -8.658265 31.75384 -504.3356 -7.632202 31.75384 -507.2283 -8.500275 31.75384 -504.6302 -7.000275 31.75384 -507.3283 -8.357499 31.75384 -505.0302 -6.429123 31.75384 -507.4515 -8.234223 31.75384 -505.5232 -5.936096 31.75384 -507.5943 -8.134247 31.75384 -506.0943 -5.536179 31.75384 -507.7523 -8.060593 31.75384 -506.7263 -5.241516 31.75384 -507.9207 -8.015473 31.75384 -507.3997 -5.06105 31.75384 -508.0943 -8.000275 31.75384 -508.0943 -5.000275 31.75384 -508.0943 -8.000275 -20.24616 -508.0943 -5.000275 -20.24616 -507.9207 -8.015473 -20.24616 -507.3997 -5.06105 -20.24616 -507.7523 -8.060593 -20.24616 -506.7263 -5.241516 -20.24616 -507.5943 -8.134247 -20.24616 -506.0943 -5.536179 -20.24616 -507.4515 -8.234223 -20.24616 -505.5232 -5.936096 -20.24616 -507.3283 -8.357499 -20.24616 -505.0302 -6.429123 -20.24616 -507.2283 -8.500275 -20.24616 -504.6302 -7.000275 -20.24616 -507.1546 -8.658265 -20.24616 -504.3356 -7.632202 -20.24616 -507.1095 -8.82663 -20.24616 -504.1551 -8.305695 -20.24616 -508.0943 -5.000275 14.75384 -508.0943 -5.000275 -17.07116 -508.0943 -5.000275 -3.246155 -508.0943 -8.000275 14.75384 -508.0943 -8.000275 -3.246155 -508.0943 -8.000275 -17.07116 -524.0943 -8.000275 -20.24616 -524.0943 -5.000275 -20.24616 -519.0943 -8.000275 -20.24616 -519.0943 -5.000275 -20.24616 -510.2693 -8.000275 -20.24616 -510.2693 -5.000275 -20.24616 -510.2693 -8.000275 31.75384 -510.2693 -5.000275 31.75384 -519.0943 -8.000275 31.75384 -519.0943 -5.000275 31.75384 -524.0943 -8.000275 31.75384 -524.0943 -5.000275 31.75384 -515.7192 -5.000275 6.040367 -515.7443 -5.000275 5.753845 -519.0943 -5.000275 14.75384 -515.7192 -5.000275 24.04037 -515.7443 -5.000275 23.75384 -524.3808 -5.000275 25.37878 -524.6586 -5.000275 25.30433 -526.5943 -5.000275 31.08398 -525.6448 -5.000275 24.31818 -525.7192 -5.000275 24.04037 -529.0943 -5.000275 26.75384 -524.6586 -5.000275 22.20335 -524.3808 -5.000275 22.12891 -524.0943 -5.000275 14.75384 -527.3082 -5.000275 30.58407 -524.9193 -5.000275 25.18279 -527.9245 -5.000275 29.96778 -528.4244 -5.000275 29.25384 -525.1549 -5.000275 25.01782 -528.7928 -5.000275 28.46395 -525.3583 -5.000275 24.81445 -529.0183 -5.000275 27.62208 -525.5233 -5.000275 22.92884 -525.3583 -5.000275 22.69325 -529.0943 -5.000275 14.75384 -525.1549 -5.000275 22.48988 -524.9193 -5.000275 22.3249 -525.5233 -5.000275 24.57885 -525.7443 -5.000275 23.75384 -525.7192 -5.000275 23.46732 -525.6448 -5.000275 23.18951 -525.7443 -5.000275 -12.24615 -525.7192 -5.000275 -12.53268 -529.0943 -5.000275 -15.24615 -524.6586 -5.000275 -10.69566 -524.9193 -5.000275 -10.81721 -529.0943 -5.000275 -3.246155 -525.1549 -5.000275 -10.98219 -525.3583 -5.000275 -11.18555 -525.5233 -5.000275 -11.42116 -525.6448 -5.000275 -11.68182 -525.7192 -5.000275 -11.95963 -524.3808 -5.000275 -10.62122 -524.0943 -5.000275 -3.246155 -524.0943 -5.000275 -10.59615 -525.1549 -5.000275 -13.51013 -528.7928 -5.000275 -16.95625 -525.3583 -5.000275 -13.30675 -529.0183 -5.000275 -16.1144 -525.5233 -5.000275 -13.07116 -525.6448 -5.000275 -12.81049 -524.9193 -5.000275 -13.67509 -524.6586 -5.000275 -13.79665 -524.0943 -5.000275 -17.07116 -524.3808 -5.000275 -13.87109 -524.0943 -5.000275 -13.89616 -527.3082 -5.000275 -19.07638 -527.9245 -5.000275 -18.46009 -528.4244 -5.000275 -17.74616 -524.9625 -5.000275 -20.1702 -525.8044 -5.000275 -19.94462 -526.5943 -5.000275 -19.57629 -524.0943 -5.000275 7.403847 -524.3808 -5.000275 7.378777 -524.6586 -5.000275 7.304337 -525.7192 -5.000275 6.040367 -525.7443 -5.000275 5.753845 -525.7192 -5.000275 5.467323 -525.6448 -5.000275 5.189514 -524.9193 -5.000275 7.182785 -525.1549 -5.000275 7.017815 -525.3583 -5.000275 6.814445 -525.5233 -5.000275 4.928841 -525.3583 -5.000275 4.693245 -525.1549 -5.000275 4.489868 -525.5233 -5.000275 6.578842 -525.6448 -5.000275 6.318176 -524.3808 -5.000275 4.128914 -524.6586 -5.000275 4.203354 -524.9193 -5.000275 4.324898 -523.2693 -5.000275 4.324898 -523.0337 -5.000275 4.489868 -519.0943 -5.000275 -3.246155 -524.0943 -5.000275 4.103844 -523.8078 -5.000275 4.128914 -523.53 -5.000275 4.203354 -522.8303 -5.000275 4.693245 -522.6654 -5.000275 4.928841 -522.5438 -5.000275 5.189514 -522.5438 -5.000275 6.318176 -522.6654 -5.000275 6.578842 -522.8303 -5.000275 6.814445 -523.0337 -5.000275 7.017815 -523.2693 -5.000275 7.182785 -523.53 -5.000275 7.304337 -523.8078 -5.000275 7.378777 -522.4694 -5.000275 5.467323 -522.4443 -5.000275 5.753845 -522.4694 -5.000275 6.040367 -524.0943 -5.000275 22.10384 -523.8078 -5.000275 22.12891 -523.53 -5.000275 22.20335 -523.2693 -5.000275 22.3249 -523.53 -5.000275 25.30433 -522.6654 -5.000275 22.92884 -522.5438 -5.000275 23.18951 -525.8044 -5.000275 31.45231 -524.9625 -5.000275 31.67788 -524.0943 -5.000275 25.40385 -523.8078 -5.000275 25.37878 -523.0337 -5.000275 22.48988 -522.8303 -5.000275 22.69325 -522.8303 -5.000275 24.81445 -522.6654 -5.000275 24.57885 -522.5438 -5.000275 24.31818 -523.0337 -5.000275 25.01782 -523.2693 -5.000275 25.18279 -522.4694 -5.000275 23.46732 -522.4443 -5.000275 23.75384 -522.4694 -5.000275 24.04037 -523.0337 -5.000275 -13.51013 -522.8303 -5.000275 -13.30675 -519.0943 -5.000275 -17.07116 -522.6654 -5.000275 -13.07116 -522.5438 -5.000275 -12.81049 -522.4694 -5.000275 -12.53268 -522.4443 -5.000275 -12.24615 -522.4694 -5.000275 -11.95963 -522.5438 -5.000275 -11.68182 -522.6654 -5.000275 -11.42116 -522.8303 -5.000275 -11.18555 -523.0337 -5.000275 -10.98219 -523.8078 -5.000275 -13.87109 -523.53 -5.000275 -13.79665 -523.2693 -5.000275 -13.67509 -523.2693 -5.000275 -10.81721 -523.53 -5.000275 -10.69566 -523.8078 -5.000275 -10.62122 -515.6448 -5.000275 23.18951 -515.5233 -5.000275 22.92884 -513.8078 -5.000275 22.12891 -513.53 -5.000275 22.20335 -510.2693 -5.000275 14.75384 -513.2693 -5.000275 22.3249 -513.0337 -5.000275 22.48988 -515.7192 -5.000275 23.46732 -515.3583 -5.000275 22.69325 -515.1549 -5.000275 22.48988 -514.9193 -5.000275 22.3249 -514.6586 -5.000275 22.20335 -514.3808 -5.000275 22.12891 -514.0943 -5.000275 22.10384 -512.6654 -5.000275 24.57885 -512.8303 -5.000275 24.81445 -512.8303 -5.000275 22.69325 -512.6654 -5.000275 22.92884 -512.5438 -5.000275 23.18951 -512.5438 -5.000275 24.31818 -513.0337 -5.000275 25.01782 -513.2693 -5.000275 25.18279 -513.53 -5.000275 25.30433 -513.8078 -5.000275 25.37878 -514.0943 -5.000275 25.40385 -514.3808 -5.000275 25.37878 -514.6586 -5.000275 25.30433 -514.9193 -5.000275 25.18279 -515.1549 -5.000275 25.01782 -515.3583 -5.000275 24.81445 -515.5233 -5.000275 24.57885 -515.6448 -5.000275 24.31818 -512.4694 -5.000275 23.46732 -512.4443 -5.000275 23.75384 -512.4694 -5.000275 24.04037 -514.3808 -5.000275 4.128914 -510.2693 -5.000275 -3.246155 -514.0943 -5.000275 4.103844 -513.8078 -5.000275 4.128914 -514.3808 -5.000275 7.378777 -514.6586 -5.000275 7.304337 -515.1549 -5.000275 4.489868 -514.9193 -5.000275 4.324898 -514.6586 -5.000275 4.203354 -514.0943 -5.000275 7.403847 -513.8078 -5.000275 7.378777 -515.7192 -5.000275 5.467323 -515.6448 -5.000275 5.189514 -515.5233 -5.000275 4.928841 -515.3583 -5.000275 4.693245 -514.9193 -5.000275 7.182785 -515.1549 -5.000275 7.017815 -515.3583 -5.000275 6.814445 -513.53 -5.000275 4.203354 -513.2693 -5.000275 4.324898 -513.0337 -5.000275 4.489868 -512.8303 -5.000275 4.693245 -512.6654 -5.000275 4.928841 -512.5438 -5.000275 5.189514 -512.4694 -5.000275 5.467323 -512.4443 -5.000275 5.753845 -512.4694 -5.000275 6.040367 -512.5438 -5.000275 6.318176 -512.6654 -5.000275 6.578842 -512.8303 -5.000275 6.814445 -513.0337 -5.000275 7.017815 -513.2693 -5.000275 7.182785 -513.53 -5.000275 7.304337 -515.5233 -5.000275 6.578842 -515.6448 -5.000275 6.318176 -515.5233 -5.000275 -13.07116 -515.6448 -5.000275 -12.81049 -515.7192 -5.000275 -12.53268 -515.3583 -5.000275 -13.30675 -515.1549 -5.000275 -13.51013 -514.9193 -5.000275 -13.67509 -514.0943 -5.000275 -13.89616 -510.2693 -5.000275 -17.07116 -514.3808 -5.000275 -13.87109 -514.6586 -5.000275 -13.79665 -514.6586 -5.000275 -10.69566 -514.9193 -5.000275 -10.81721 -513.8078 -5.000275 -13.87109 -513.53 -5.000275 -13.79665 -513.2693 -5.000275 -13.67509 -512.6654 -5.000275 -13.07116 -512.5438 -5.000275 -12.81049 -512.8303 -5.000275 -11.18555 -512.6654 -5.000275 -11.42116 -512.5438 -5.000275 -11.68182 -513.0337 -5.000275 -10.98219 -513.2693 -5.000275 -10.81721 -513.53 -5.000275 -10.69566 -513.0337 -5.000275 -13.51013 -512.8303 -5.000275 -13.30675 -513.8078 -5.000275 -10.62122 -514.0943 -5.000275 -10.59615 -514.3808 -5.000275 -10.62122 -515.1549 -5.000275 -10.98219 -515.3583 -5.000275 -11.18555 -515.5233 -5.000275 -11.42116 -512.4694 -5.000275 -12.53268 -512.4443 -5.000275 -12.24615 -512.4694 -5.000275 -11.95963 -515.6448 -5.000275 -11.68182 -515.7192 -5.000275 -11.95963 -515.7443 -5.000275 -12.24615 -523.8078 -8.000275 -13.87109 -524.0943 -8.000275 -13.89616 -524.0943 -8.000275 -17.07116 -524.6586 -8.000275 22.20335 -529.0943 -8.000275 14.75384 -524.3808 -8.000275 22.12891 -524.0943 -8.000275 14.75384 -524.0943 -8.000275 22.10384 -523.8078 -8.000275 22.12891 -525.7443 -8.000275 23.75384 -525.7192 -8.000275 24.04037 -529.0943 -8.000275 26.75384 -524.9193 -8.000275 22.3249 -525.1549 -8.000275 22.48988 -525.3583 -8.000275 22.69325 -525.5233 -8.000275 22.92884 -525.6448 -8.000275 23.18951 -525.7192 -8.000275 23.46732 -524.6586 -8.000275 25.30433 -527.3082 -8.000275 30.58407 -524.9193 -8.000275 25.18279 -527.9245 -8.000275 29.96778 -525.1549 -8.000275 25.01782 -525.6448 -8.000275 24.31818 -525.5233 -8.000275 24.57885 -529.0183 -8.000275 27.62208 -525.3583 -8.000275 24.81445 -528.7928 -8.000275 28.46395 -528.4244 -8.000275 29.25384 -527.9245 -8.000275 -18.46009 -528.4244 -8.000275 -17.74616 -528.7928 -8.000275 -16.95625 -527.3082 -8.000275 -19.07638 -526.5943 -8.000275 -19.57629 -525.8044 -8.000275 -19.94462 -525.6448 -8.000275 -12.81049 -525.7192 -8.000275 -12.53268 -529.0943 -8.000275 -15.24615 -524.3808 -8.000275 -13.87109 -524.6586 -8.000275 -13.79665 -525.6448 -8.000275 -11.68182 -529.0943 -8.000275 -3.246155 -525.7192 -8.000275 -11.95963 -525.7443 -8.000275 -12.24615 -525.5233 -8.000275 -11.42116 -525.3583 -8.000275 -11.18555 -525.1549 -8.000275 -10.98219 -524.9193 -8.000275 -13.67509 -525.1549 -8.000275 -13.51013 -529.0183 -8.000275 -16.1144 -525.3583 -8.000275 -13.30675 -525.5233 -8.000275 -13.07116 -524.9193 -8.000275 -10.81721 -524.6586 -8.000275 -10.69566 -524.0943 -8.000275 -3.246155 -524.3808 -8.000275 -10.62122 -524.0943 -8.000275 4.103844 -524.3808 -8.000275 4.128914 -525.6448 -8.000275 5.189514 -525.7192 -8.000275 5.467323 -525.7443 -8.000275 5.753845 -525.7192 -8.000275 6.040367 -525.6448 -8.000275 6.318176 -524.9193 -8.000275 4.324898 -525.1549 -8.000275 4.489868 -525.5233 -8.000275 6.578842 -525.3583 -8.000275 6.814445 -525.1549 -8.000275 7.017815 -524.6586 -8.000275 4.203354 -525.3583 -8.000275 4.693245 -525.5233 -8.000275 4.928841 -524.9193 -8.000275 7.182785 -524.6586 -8.000275 7.304337 -524.3808 -8.000275 7.378777 -524.0943 -8.000275 7.403847 -523.8078 -8.000275 7.378777 -523.53 -8.000275 7.304337 -519.0943 -8.000275 14.75384 -523.2693 -8.000275 7.182785 -523.0337 -8.000275 7.017815 -522.5438 -8.000275 5.189514 -522.6654 -8.000275 4.928841 -519.0943 -8.000275 -3.246155 -522.8303 -8.000275 4.693245 -523.0337 -8.000275 4.489868 -523.2693 -8.000275 4.324898 -523.53 -8.000275 4.203354 -523.8078 -8.000275 4.128914 -522.8303 -8.000275 6.814445 -522.6654 -8.000275 6.578842 -522.5438 -8.000275 6.318176 -522.4694 -8.000275 6.040367 -522.4443 -8.000275 5.753845 -522.4694 -8.000275 5.467323 -523.53 -8.000275 25.30433 -523.8078 -8.000275 25.37878 -524.0943 -8.000275 25.40385 -524.9625 -8.000275 31.67788 -524.3808 -8.000275 25.37878 -525.8044 -8.000275 31.45231 -526.5943 -8.000275 31.08398 -522.6654 -8.000275 22.92884 -522.8303 -8.000275 22.69325 -523.53 -8.000275 22.20335 -523.2693 -8.000275 25.18279 -523.0337 -8.000275 25.01782 -522.8303 -8.000275 24.81445 -522.6654 -8.000275 24.57885 -522.5438 -8.000275 24.31818 -522.4694 -8.000275 24.04037 -522.4443 -8.000275 23.75384 -522.4694 -8.000275 23.46732 -522.5438 -8.000275 23.18951 -523.0337 -8.000275 22.48988 -523.2693 -8.000275 22.3249 -523.2693 -8.000275 -10.81721 -523.0337 -8.000275 -10.98219 -522.8303 -8.000275 -11.18555 -522.6654 -8.000275 -11.42116 -522.5438 -8.000275 -11.68182 -522.4694 -8.000275 -11.95963 -519.0943 -8.000275 -17.07116 -522.4443 -8.000275 -12.24615 -522.4694 -8.000275 -12.53268 -522.5438 -8.000275 -12.81049 -522.6654 -8.000275 -13.07116 -522.8303 -8.000275 -13.30675 -523.0337 -8.000275 -13.51013 -523.2693 -8.000275 -13.67509 -523.53 -8.000275 -13.79665 -524.0943 -8.000275 -10.59615 -523.8078 -8.000275 -10.62122 -523.53 -8.000275 -10.69566 -510.2693 -8.000275 -17.07116 -524.9625 -8.000275 -20.1702 -515.6448 -8.000275 -11.68182 -515.5233 -8.000275 -11.42116 -515.3583 -8.000275 -11.18555 -515.1549 -8.000275 -10.98219 -514.9193 -8.000275 -13.67509 -515.1549 -8.000275 -13.51013 -514.9193 -8.000275 -10.81721 -514.6586 -8.000275 -10.69566 -514.3808 -8.000275 -10.62122 -510.2693 -8.000275 -3.246155 -513.53 -8.000275 -10.69566 -513.2693 -8.000275 -10.81721 -512.4694 -8.000275 -12.53268 -512.5438 -8.000275 -12.81049 -512.6654 -8.000275 -13.07116 -512.8303 -8.000275 -13.30675 -513.0337 -8.000275 -13.51013 -513.2693 -8.000275 -13.67509 -513.53 -8.000275 -13.79665 -514.6586 -8.000275 -13.79665 -515.6448 -8.000275 -12.81049 -515.7192 -8.000275 -12.53268 -515.7443 -8.000275 -12.24615 -515.7192 -8.000275 -11.95963 -514.0943 -8.000275 -10.59615 -513.8078 -8.000275 -10.62122 -513.0337 -8.000275 -10.98219 -512.8303 -8.000275 -11.18555 -512.6654 -8.000275 -11.42116 -512.5438 -8.000275 -11.68182 -512.4694 -8.000275 -11.95963 -512.4443 -8.000275 -12.24615 -515.3583 -8.000275 -13.30675 -515.5233 -8.000275 -13.07116 -513.8078 -8.000275 -13.87109 -514.0943 -8.000275 -13.89616 -514.3808 -8.000275 -13.87109 -513.8078 -8.000275 4.128914 -514.0943 -8.000275 4.103844 -514.3808 -8.000275 4.128914 -515.6448 -8.000275 6.318176 -515.5233 -8.000275 6.578842 -515.3583 -8.000275 6.814445 -515.1549 -8.000275 7.017815 -514.3808 -8.000275 7.378777 -510.2693 -8.000275 14.75384 -514.0943 -8.000275 7.403847 -513.8078 -8.000275 7.378777 -513.0337 -8.000275 4.489868 -513.2693 -8.000275 4.324898 -513.53 -8.000275 4.203354 -514.9193 -8.000275 7.182785 -514.6586 -8.000275 7.304337 -513.53 -8.000275 7.304337 -513.2693 -8.000275 7.182785 -513.0337 -8.000275 7.017815 -512.5438 -8.000275 5.189514 -512.6654 -8.000275 4.928841 -512.8303 -8.000275 4.693245 -514.6586 -8.000275 4.203354 -514.9193 -8.000275 4.324898 -515.1549 -8.000275 4.489868 -512.8303 -8.000275 6.814445 -512.6654 -8.000275 6.578842 -512.5438 -8.000275 6.318176 -512.4694 -8.000275 6.040367 -512.4443 -8.000275 5.753845 -512.4694 -8.000275 5.467323 -515.3583 -8.000275 4.693245 -515.5233 -8.000275 4.928841 -515.6448 -8.000275 5.189514 -515.7192 -8.000275 5.467323 -515.7443 -8.000275 5.753845 -515.7192 -8.000275 6.040367 -512.8303 -8.000275 22.69325 -513.0337 -8.000275 22.48988 -513.2693 -8.000275 22.3249 -513.53 -8.000275 22.20335 -513.53 -8.000275 25.30433 -513.2693 -8.000275 25.18279 -513.8078 -8.000275 25.37878 -512.4694 -8.000275 23.46732 -512.4443 -8.000275 23.75384 -512.5438 -8.000275 23.18951 -512.6654 -8.000275 22.92884 -513.8078 -8.000275 22.12891 -514.0943 -8.000275 22.10384 -514.3808 -8.000275 22.12891 -514.6586 -8.000275 22.20335 -513.0337 -8.000275 25.01782 -512.8303 -8.000275 24.81445 -512.6654 -8.000275 24.57885 -512.5438 -8.000275 24.31818 -512.4694 -8.000275 24.04037 -514.9193 -8.000275 22.3249 -515.1549 -8.000275 22.48988 -515.3583 -8.000275 22.69325 -515.5233 -8.000275 22.92884 -515.6448 -8.000275 23.18951 -515.7192 -8.000275 23.46732 -515.7443 -8.000275 23.75384 -515.7192 -8.000275 24.04037 -515.6448 -8.000275 24.31818 -515.5233 -8.000275 24.57885 -515.3583 -8.000275 24.81445 -515.1549 -8.000275 25.01782 -514.9193 -8.000275 25.18279 -514.6586 -8.000275 25.30433 -514.3808 -8.000275 25.37878 -514.0943 -8.000275 25.40385 -504.0791 -94.17392 31.75384 -507.0336 -94.69487 31.75384 -504.034 -94.3423 31.75384 -506.8531 -95.36837 31.75384 -503.9603 -94.50028 31.75384 -506.5584 -96.00028 31.75384 -503.8604 -94.64307 31.75384 -506.1585 -96.57143 31.75384 -503.7371 -94.76633 31.75384 -505.6655 -97.06446 31.75384 -503.5943 -94.86631 31.75384 -505.0943 -97.46439 31.75384 -503.4364 -94.93997 31.75384 -504.4624 -97.75905 31.75384 -503.268 -94.98509 31.75384 -503.7889 -97.93952 31.75384 -503.268 -94.98509 -20.24616 -503.7889 -97.93952 -20.24616 -503.4364 -94.93997 -20.24616 -504.4624 -97.75905 -20.24616 -503.5943 -94.86631 -20.24616 -505.0943 -97.46439 -20.24616 -503.7371 -94.76633 -20.24616 -505.6655 -97.06446 -20.24616 -503.8604 -94.64307 -20.24616 -506.1585 -96.57143 -20.24616 -503.9603 -94.50028 -20.24616 -506.5584 -96.00028 -20.24616 -504.034 -94.3423 -20.24616 -506.8531 -95.36837 -20.24616 -504.0791 -94.17392 -20.24616 -507.0336 -94.69487 -20.24616 -464.9379 -94.98796 31.75384 -464.4686 -97.95104 31.75384 -464.7853 -94.95134 31.75384 -463.8583 -97.80451 31.75384 -464.6404 -94.89128 31.75384 -463.2784 -97.5643 31.75384 -464.5065 -94.8093 31.75384 -462.7432 -97.23635 31.75384 -464.3872 -94.70738 31.75384 -462.2659 -96.82871 31.75384 -464.2853 -94.58806 31.75384 -461.8583 -96.35143 31.75384 -464.2033 -94.45427 31.75384 -461.5303 -95.81624 31.75384 -464.1433 -94.3093 31.75384 -461.2901 -95.23635 31.75384 -464.1066 -94.15671 31.75384 -461.1436 -94.62602 31.75384 -464.0943 -94.00028 31.75384 -461.0943 -94.00028 31.75384 -464.0943 -94.00028 -20.24616 -461.0943 -94.00028 -20.24616 -464.1066 -94.15671 -20.24616 -461.1436 -94.62602 -20.24616 -464.1433 -94.3093 -20.24616 -461.2901 -95.23635 -20.24616 -464.2033 -94.45427 -20.24616 -461.5303 -95.81624 -20.24616 -464.2853 -94.58806 -20.24616 -461.8583 -96.35143 -20.24616 -464.3872 -94.70738 -20.24616 -462.2659 -96.82871 -20.24616 -464.5065 -94.8093 -20.24616 -462.7432 -97.23635 -20.24616 -464.6404 -94.89128 -20.24616 -463.2784 -97.5643 -20.24616 -464.7853 -94.95134 -20.24616 -463.8583 -97.80451 -20.24616 -464.9379 -94.98796 -20.24616 -464.4686 -97.95104 -20.24616 -464.0943 -72.00028 -20.24616 -464.0943 -72.00028 31.75384 -461.0943 -74.06838 26.38918 -461.0943 -74.10028 26.75384 -461.0943 -74.06838 27.11851 -461.0943 -73.97364 27.47208 -461.0943 -73.81893 27.80384 -461.0943 -73.60897 -13.8963 -461.0943 -73.35013 -13.63746 -461.0943 -70.39159 25.40398 -461.0943 -73.60897 -16.59601 -461.0943 -73.81893 -16.29616 -461.0943 -73.60897 28.10369 -461.0943 -73.35013 28.36254 -461.0943 -73.05028 28.5725 -461.0943 -72.71852 28.7272 -461.0943 -72.36495 28.82194 -461.0943 -72.00028 28.85384 -461.0943 -71.63562 28.82194 -461.0943 -71.28203 28.7272 -461.0943 -70.95027 28.5725 -461.0943 -68.78633 30.58407 -461.0943 -70.65042 28.36254 -461.0943 -70.39159 28.10369 -461.0943 -70.18163 27.80384 -461.0943 -70.02692 27.47208 -461.0943 -69.93218 27.11851 -461.0943 -69.90029 26.75384 -461.0943 -69.93218 26.38918 -461.0943 -73.81893 -14.19616 -461.0943 -73.05028 -13.42751 -461.0943 -72.71852 -13.2728 -461.0943 -72.36495 -13.17806 -461.0943 -70.65042 25.14515 -461.0943 -70.95027 24.93519 -461.0943 -74.06838 -14.88149 -461.0943 -71.28203 24.7805 -461.0943 -74.10028 -15.24615 -461.0943 -71.63562 24.68575 -461.0943 -72.00028 24.65385 -461.0943 -73.97364 -14.52792 -461.0943 -70.95027 -13.42751 -461.0943 -70.65042 -13.63746 -461.0943 -70.39159 -13.8963 -461.0943 -70.18163 -14.19616 -461.0943 -70.02692 -14.52792 -461.0943 -73.97364 -15.9644 -461.0943 -74.06838 -15.61082 -461.0943 -73.35013 25.14515 -461.0943 -73.60897 25.40398 -461.0943 -73.81893 25.70385 -461.0943 -73.97364 26.03561 -461.0943 -72.36495 24.68575 -461.0943 -72.71852 24.7805 -461.0943 -73.05028 24.93519 -461.0943 -70.02692 26.03561 -461.0943 -70.18163 25.70385 -461.0943 -72.36495 -17.31426 -461.0943 -72.71852 -17.21951 -461.0943 -73.05028 -17.06481 -461.0943 -73.35013 -16.85485 -461.0943 -72.00028 -13.14616 -461.0943 -71.63562 -13.17806 -461.0943 -71.28203 -13.2728 -461.0943 -69.93218 -14.88149 -461.0943 -69.90029 -15.24615 -461.0943 -69.93218 -15.61082 -461.0943 -70.02692 -15.9644 -461.0943 -70.18163 -16.29616 -461.0943 -70.39159 -16.59601 -461.0943 -68.78633 -19.07638 -461.0943 -70.65042 -16.85485 -461.0943 -69.50028 -19.57629 -461.0943 -70.95027 -17.06481 -461.0943 -71.28203 -17.21951 -461.0943 -71.63562 -17.31426 -461.0943 -72.00028 -17.34615 -464.0943 -74.06838 -14.88149 -464.0943 -74.10028 -15.24615 -464.0943 -73.97364 26.03561 -464.0943 -73.81893 25.70385 -464.0943 -69.93218 -14.88149 -464.0943 -73.60897 25.40398 -464.0943 -73.35013 25.14515 -464.0943 -71.63562 24.68575 -464.0943 -71.28203 24.7805 -464.0943 -67.00028 -15.24615 -464.0943 -70.95027 24.93519 -464.0943 -73.60897 28.10369 -464.0943 -73.81893 27.80384 -464.0943 -73.97364 27.47208 -464.0943 -70.39159 -13.8963 -464.0943 -70.65042 -13.63746 -464.0943 -74.06838 26.38918 -464.0943 -73.05028 24.93519 -464.0943 -72.71852 24.7805 -464.0943 -69.90029 -15.24615 -464.0943 -72.36495 24.68575 -464.0943 -72.00028 24.65385 -464.0943 -70.18163 -14.19616 -464.0943 -72.36495 -13.17806 -464.0943 -72.71852 -13.2728 -464.0943 -73.05028 -13.42751 -464.0943 -73.35013 -13.63746 -464.0943 -72.36495 28.82194 -464.0943 -72.71852 28.7272 -464.0943 -73.05028 28.5725 -464.0943 -73.35013 28.36254 -464.0943 -70.02692 -14.52792 -464.0943 -70.95027 -13.42751 -464.0943 -71.28203 -13.2728 -464.0943 -71.63562 -13.17806 -464.0943 -72.00028 -13.14616 -464.0943 -74.10028 26.75384 -464.0943 -74.06838 27.11851 -464.0943 -73.60897 -13.8963 -464.0943 -73.81893 -14.19616 -464.0943 -73.97364 -14.52792 -464.0943 -74.06838 -15.61082 -464.0943 -73.97364 -15.9644 -464.0943 -73.81893 -16.29616 -464.0943 -70.65042 25.14515 -464.0943 -70.39159 25.40398 -464.0943 -67.00028 26.75384 -464.0943 -70.18163 25.70385 -464.0943 -70.02692 26.03561 -464.0943 -69.93218 26.38918 -464.0943 -69.90029 26.75384 -464.0943 -67.07624 27.62208 -464.0943 -69.93218 27.11851 -464.0943 -67.30182 28.46395 -464.0943 -70.02692 27.47208 -464.0943 -67.67015 29.25384 -464.0943 -70.18163 27.80384 -464.0943 -68.17006 29.96778 -464.0943 -70.39159 28.10369 -464.0943 -68.78633 30.58407 -464.0943 -70.65042 28.36254 -464.0943 -69.50028 31.08398 -464.0943 -70.95027 28.5725 -464.0943 -70.29018 31.45231 -464.0943 -71.28203 28.7272 -464.0943 -71.13204 31.67788 -464.0943 -71.63562 28.82194 -464.0943 -72.00028 28.85384 -464.0943 -73.60897 -16.59601 -464.0943 -73.35013 -16.85485 -464.0943 -73.05028 -17.06481 -464.0943 -72.71852 -17.21951 -464.0943 -69.93218 -15.61082 -464.0943 -67.07624 -16.1144 -464.0943 -70.02692 -15.9644 -464.0943 -67.30182 -16.95625 -464.0943 -70.18163 -16.29616 -464.0943 -67.67015 -17.74616 -464.0943 -70.39159 -16.59601 -464.0943 -68.17006 -18.46009 -464.0943 -70.65042 -16.85485 -464.0943 -68.78633 -19.07638 -464.0943 -70.95027 -17.06481 -464.0943 -69.50028 -19.57629 -464.0943 -71.28203 -17.21951 -464.0943 -70.29018 -19.94462 -464.0943 -71.63562 -17.31426 -464.0943 -71.13204 -20.1702 -464.0943 -72.00028 -17.34615 -464.0943 -72.36495 -17.31426 -526.0943 -5.000275 31.75387 -526.6153 -5.000275 31.70829 -527.1204 -5.000275 31.57295 -513.3248 -5.000275 -5.131821 -512.9692 -5.000275 -5.297577 -504.0942 -5.000275 -3.246132 -512.648 -5.000275 -5.52253 -512.3707 -5.000275 -5.799858 -512.1458 -5.000275 -6.121132 -516.3101 -5.000275 -6.855423 -516.2087 -5.000275 -6.476585 -519.0944 -5.000275 -3.246132 -515.5406 -5.000275 -5.52253 -515.2194 -5.000275 -5.297577 -514.8638 -5.000275 -5.131821 -512.3707 -5.000275 -18.69241 -503.9424 -5.000275 -79.98262 -512.1458 -5.000275 -18.37113 -504.0942 -5.000275 -78.24613 -141.0943 -5.000275 -3.246132 -141.0943 -5.000275 -53.03887 -116.0943 -5.000275 -71.51409 -514.8638 -5.000275 -19.36044 -515.2194 -5.000275 -19.19469 -519.0944 -5.000275 -113.2461 -515.5406 -5.000275 -18.96973 -515.8179 -5.000275 -18.69241 -516.0429 -5.000275 -18.37113 -516.2087 -5.000275 -18.01568 -516.0429 -5.000275 -6.121132 -515.8179 -5.000275 -5.799858 -514.485 -5.000275 -5.030312 -514.0944 -5.000275 -4.996132 -513.7036 -5.000275 -5.030312 -511.98 -5.000275 -6.476585 -511.8786 -5.000275 -6.855423 -511.8443 -5.000275 -7.246132 -512.648 -5.000275 -18.96973 -512.9692 -5.000275 -19.19469 -513.3248 -5.000275 -19.36044 -511.8443 -5.000275 -17.24613 -511.8786 -5.000275 -17.63684 -511.98 -5.000275 -18.01568 -141.2462 -5.000275 -54.77536 -141.6974 -5.000275 -56.45907 -116.1399 -5.000275 -72.03504 -142.4341 -5.000275 -58.03887 -116.2752 -5.000275 -72.54015 -516.3101 -5.000275 -17.63684 -516.3443 -5.000275 -17.24613 -516.3443 -5.000275 -7.246132 -494.0943 -5.000275 -88.24613 -495.8308 -5.000275 -88.09421 -497.5145 -5.000275 -87.64306 -499.0943 -5.000275 -86.90639 -500.5222 -5.000275 -85.90658 -501.7548 -5.000275 -84.67401 -184.6802 -5.000275 -112.8442 -191.3344 -5.000275 -87.64306 -185.1542 -5.000275 -113.0652 -193.0181 -5.000275 -88.09421 -143.4339 -5.000275 -59.46675 -117.5943 -5.000275 -74.11215 -117.166 -5.000275 -73.81222 -116.7962 -5.000275 -73.44245 -116.4962 -5.000275 -73.01409 -144.6665 -5.000275 -60.69931 -146.0944 -5.000275 -61.69913 -189.7546 -5.000275 -86.90639 -194.7546 -5.000275 -88.24613 -186.1802 -5.000275 -113.2461 -185.6593 -5.000275 -113.2006 -502.7546 -5.000275 -83.24614 -503.4912 -5.000275 -81.66634 -513.7036 -5.000275 -19.46195 -514.0944 -5.000275 -19.49613 -514.485 -5.000275 -19.46195 -523.3247 -5.000275 -5.131821 -522.9692 -5.000275 -5.297577 -522.648 -5.000275 -5.52253 -522.3707 -5.000275 -5.799858 -522.1458 -5.000275 -6.121132 -521.9799 -5.000275 -6.476585 -521.8785 -5.000275 -6.855423 -522.3707 -5.000275 -18.69241 -522.1458 -5.000275 -18.37113 -521.9799 -5.000275 -18.01568 -521.8443 -5.000275 -7.246132 -521.8443 -5.000275 -17.24613 -521.8785 -5.000275 -17.63684 -529.0944 -5.000275 -110.2461 -525.2193 -5.000275 -19.19469 -525.5406 -5.000275 -18.96973 -526.3101 -5.000275 -6.855423 -526.2086 -5.000275 -6.476585 -529.0944 -5.000275 -3.246132 -525.5406 -5.000275 -5.52253 -525.2193 -5.000275 -5.297577 -524.8638 -5.000275 -5.131821 -526.6153 -5.000275 -113.2006 -526.0943 -5.000275 -113.2461 -528.6924 -5.000275 -111.7461 -525.8179 -5.000275 -18.69241 -526.0429 -5.000275 -18.37113 -526.2086 -5.000275 -18.01568 -526.0429 -5.000275 -6.121132 -525.8179 -5.000275 -5.799858 -524.485 -5.000275 -5.030312 -524.0944 -5.000275 -4.996132 -523.7036 -5.000275 -5.030312 -522.648 -5.000275 -18.96973 -522.9692 -5.000275 -19.19469 -523.3247 -5.000275 -19.36044 -528.9134 -5.000275 -111.2722 -524.0944 -5.000275 -19.49613 -523.7036 -5.000275 -19.46195 -524.485 -5.000275 -19.46195 -524.8638 -5.000275 -19.36044 -526.3101 -5.000275 -17.63684 -526.3443 -5.000275 -17.24613 -526.3443 -5.000275 -7.246132 -528.0227 -5.000275 -112.5443 -527.5944 -5.000275 -112.8442 -527.1204 -5.000275 -113.0652 -529.0487 -5.000275 -110.7671 -528.3925 -5.000275 -112.1745 -519.0944 -5.000275 31.37887 -522.9692 -5.000275 30.70243 -522.648 -5.000275 30.47747 -522.3707 -5.000275 30.20014 -522.1458 -5.000275 29.87887 -521.9799 -5.000275 29.52342 -521.8785 -5.000275 18.36317 -521.9799 -5.000275 17.98432 -519.0944 -5.000275 14.75387 -522.1458 -5.000275 17.62887 -522.3707 -5.000275 17.3076 -524.0944 -5.000275 31.00387 -523.7036 -5.000275 30.96969 -523.3247 -5.000275 30.86817 -526.3101 -5.000275 29.14457 -526.2086 -5.000275 29.52342 -528.6924 -5.000275 30.25387 -525.2193 -5.000275 30.70243 -524.8638 -5.000275 30.86817 -524.485 -5.000275 30.96969 -521.8785 -5.000275 29.14457 -521.8443 -5.000275 28.75387 -521.8443 -5.000275 18.75387 -522.648 -5.000275 17.03027 -522.9692 -5.000275 16.80531 -523.3247 -5.000275 16.63957 -524.8638 -5.000275 16.63957 -525.2193 -5.000275 16.80531 -529.0944 -5.000275 14.75387 -525.5406 -5.000275 17.03027 -525.8179 -5.000275 17.3076 -526.0429 -5.000275 17.62887 -526.2086 -5.000275 17.98432 -528.3925 -5.000275 30.68223 -526.0429 -5.000275 29.87887 -528.0227 -5.000275 31.052 -527.5944 -5.000275 31.35195 -525.8179 -5.000275 30.20014 -525.5406 -5.000275 30.47747 -528.9134 -5.000275 29.77993 -529.0487 -5.000275 29.27482 -526.3443 -5.000275 28.75387 -529.0944 -5.000275 28.75387 -526.3443 -5.000275 18.75387 -526.3101 -5.000275 18.36317 -523.7036 -5.000275 16.53805 -524.0944 -5.000275 16.50387 -524.485 -5.000275 16.53805 -519.0944 -5.000275 31.75387 -507.0943 -5.000275 31.75387 -506.0682 -5.000275 31.57295 -506.5734 -5.000275 31.70829 -513.3248 -5.000275 30.86817 -512.9692 -5.000275 30.70243 -512.648 -5.000275 30.47747 -512.3707 -5.000275 30.20014 -511.8786 -5.000275 18.36317 -511.98 -5.000275 17.98432 -504.0942 -5.000275 14.75387 -512.1458 -5.000275 17.62887 -512.3707 -5.000275 17.3076 -516.3101 -5.000275 29.14457 -516.2087 -5.000275 29.52342 -515.5406 -5.000275 30.47747 -515.2194 -5.000275 30.70243 -514.8638 -5.000275 30.86817 -512.1458 -5.000275 29.87887 -511.98 -5.000275 29.52342 -505.5943 -5.000275 31.35195 -511.8786 -5.000275 29.14457 -505.166 -5.000275 31.052 -504.7962 -5.000275 30.68223 -516.0429 -5.000275 29.87887 -515.8179 -5.000275 30.20014 -514.485 -5.000275 30.96969 -514.0944 -5.000275 31.00387 -513.7036 -5.000275 30.96969 -511.8443 -5.000275 18.75387 -504.0942 -5.000275 28.75387 -511.8443 -5.000275 28.75387 -512.648 -5.000275 17.03027 -512.9692 -5.000275 16.80531 -513.3248 -5.000275 16.63957 -514.8638 -5.000275 16.63957 -515.2194 -5.000275 16.80531 -515.5406 -5.000275 17.03027 -515.8179 -5.000275 17.3076 -516.0429 -5.000275 17.62887 -516.2087 -5.000275 17.98432 -504.1399 -5.000275 29.27482 -504.2752 -5.000275 29.77993 -504.4962 -5.000275 30.25387 -516.3101 -5.000275 18.36317 -516.3443 -5.000275 18.75387 -516.3443 -5.000275 28.75387 -513.7036 -5.000275 16.53805 -514.0944 -5.000275 16.50387 -514.485 -5.000275 16.53805 -513.3248 -5.000275 12.86817 -512.9692 -5.000275 12.70243 -512.648 -5.000275 12.47747 -512.3707 -5.000275 12.20014 -512.1458 -5.000275 11.87887 -511.98 -5.000275 11.52341 -515.5406 -5.000275 12.47747 -515.2194 -5.000275 12.70243 -514.8638 -5.000275 12.86817 -511.8786 -5.000275 0.3631592 -511.98 -5.000275 -0.0156784 -512.1458 -5.000275 -0.3711319 -512.3707 -5.000275 -0.6924057 -516.3101 -5.000275 11.14457 -516.2087 -5.000275 11.52341 -514.485 -5.000275 12.96969 -514.0944 -5.000275 13.00387 -513.7036 -5.000275 12.96969 -516.0429 -5.000275 11.87887 -515.8179 -5.000275 12.20014 -512.648 -5.000275 -0.9697266 -512.9692 -5.000275 -1.194687 -513.3248 -5.000275 -1.360435 -514.8638 -5.000275 -1.360435 -515.2194 -5.000275 -1.194687 -515.5406 -5.000275 -0.9697266 -515.8179 -5.000275 -0.6924057 -516.0429 -5.000275 -0.3711319 -516.2087 -5.000275 -0.0156784 -511.8786 -5.000275 11.14457 -511.8443 -5.000275 10.75387 -511.8443 -5.000275 0.7538681 -516.3101 -5.000275 0.3631592 -516.3443 -5.000275 0.7538681 -516.3443 -5.000275 10.75387 -513.7036 -5.000275 -1.461952 -514.0944 -5.000275 -1.496132 -514.485 -5.000275 -1.461952 -141.0943 -5.000275 14.75387 -111.0943 -5.000275 5.414124 -109.5145 -5.000275 6.150795 -116.0943 -5.000275 -3.246132 -115.9424 -5.000275 -1.509651 -115.4913 -5.000275 0.1740646 -114.7546 -5.000275 1.753868 -113.7548 -5.000275 3.181747 -112.5222 -5.000275 4.414314 -140.6924 -5.000275 30.25387 -140.9134 -5.000275 29.77993 10.90565 -5.000275 14.75387 -141.0488 -5.000275 29.27482 -141.0943 -5.000275 28.75387 -139.5944 -5.000275 31.35195 -140.0227 -5.000275 31.052 -140.3925 -5.000275 30.68223 544.7807 -5.000275 16.80531 544.4594 -5.000275 17.03027 540.9057 -5.000275 14.75387 547.8543 -5.000275 17.62887 549.5307 -5.000275 14.75387 548.02 -5.000275 17.98432 548.1215 -5.000275 18.36317 547.6293 -5.000275 17.3076 547.352 -5.000275 17.03027 547.0307 -5.000275 16.80531 545.9057 -5.000275 16.50387 545.515 -5.000275 16.53805 545.1362 -5.000275 16.63957 544.7807 -5.000275 30.70243 545.1362 -5.000275 30.86817 540.9057 -5.000275 31.37887 545.515 -5.000275 30.96969 546.6752 -5.000275 16.63957 546.2964 -5.000275 16.53805 544.1821 -5.000275 17.3076 543.9572 -5.000275 17.62887 543.7914 -5.000275 17.98432 543.6899 -5.000275 18.36317 543.6557 -5.000275 18.75387 543.6557 -5.000275 28.75387 548.4266 -5.000275 31.70829 547.9057 -5.000275 31.75387 548.9318 -5.000275 31.57295 545.9057 -5.000275 31.00387 543.6899 -5.000275 29.14457 543.7914 -5.000275 29.52342 543.9572 -5.000275 29.87887 546.2964 -5.000275 30.96969 546.6752 -5.000275 30.86817 547.0307 -5.000275 30.70243 544.1821 -5.000275 30.20014 544.4594 -5.000275 30.47747 547.352 -5.000275 30.47747 547.6293 -5.000275 30.20014 549.4057 -5.000275 31.35195 547.8543 -5.000275 29.87887 549.8341 -5.000275 31.052 548.02 -5.000275 29.52342 548.1215 -5.000275 29.14457 548.1557 -5.000275 28.75387 548.1557 -5.000275 18.75387 550.8601 -5.000275 29.27482 550.7248 -5.000275 29.77993 550.5038 -5.000275 30.25387 550.2039 -5.000275 30.68223 550.9057 -5.000275 28.75387 550.2039 -5.000275 -19.17449 550.5038 -5.000275 -18.74613 550.9057 -5.000275 -17.24613 550.7248 -5.000275 -18.27219 550.8601 -5.000275 -17.76708 546.6752 -5.000275 -19.36044 546.2964 -5.000275 -19.46195 547.9057 -5.000275 -20.24613 547.6293 -5.000275 -18.69241 547.352 -5.000275 -18.96973 548.4266 -5.000275 -20.20055 547.0307 -5.000275 -19.19469 544.7807 -5.000275 -5.297577 545.1362 -5.000275 -5.131821 540.9057 -5.000275 -3.246132 545.515 -5.000275 -5.030312 549.5307 -5.000275 -3.246132 545.9057 -5.000275 -4.996132 546.2964 -5.000275 -5.030312 546.6752 -5.000275 -5.131821 547.0307 -5.000275 -5.297577 547.352 -5.000275 -5.52253 547.6293 -5.000275 -5.799858 547.8543 -5.000275 -6.121132 548.02 -5.000275 -6.476585 540.9057 -5.000275 -20.24613 544.7807 -5.000275 -19.19469 544.4594 -5.000275 -18.96973 544.1821 -5.000275 -18.69241 543.9572 -5.000275 -18.37113 543.7914 -5.000275 -18.01568 545.9057 -5.000275 -19.49613 545.515 -5.000275 -19.46195 545.1362 -5.000275 -19.36044 543.9572 -5.000275 -6.121132 543.7914 -5.000275 -6.476585 543.6899 -5.000275 -6.855423 544.1821 -5.000275 -5.799858 544.4594 -5.000275 -5.52253 548.1215 -5.000275 -17.63684 548.02 -5.000275 -18.01568 549.8341 -5.000275 -19.54427 547.8543 -5.000275 -18.37113 549.4057 -5.000275 -19.84421 548.9318 -5.000275 -20.06521 548.1215 -5.000275 -6.855423 548.1557 -5.000275 -7.246132 548.1557 -5.000275 -17.24613 543.6899 -5.000275 -17.63684 543.6557 -5.000275 -17.24613 543.6557 -5.000275 -7.246132 525.9057 -5.000275 -3.246132 535.9057 -5.000275 -4.996132 536.2964 -5.000275 -5.030312 536.6752 -5.000275 -5.131821 537.0307 -5.000275 -5.297577 537.352 -5.000275 -5.52253 533.7914 -5.000275 -6.476585 533.9572 -5.000275 -6.121132 537.6293 -5.000275 -5.799858 537.8543 -5.000275 -6.121132 538.02 -5.000275 -6.476585 538.1215 -5.000275 -17.63684 538.02 -5.000275 -18.01568 537.8543 -5.000275 -18.37113 537.6293 -5.000275 -18.69241 537.352 -5.000275 -18.96973 537.0307 -5.000275 -19.19469 536.6752 -5.000275 -19.36044 535.515 -5.000275 -19.46195 528.9057 -5.000275 -20.24613 535.9057 -5.000275 -19.49613 536.2964 -5.000275 -19.46195 535.1362 -5.000275 -19.36044 534.7807 -5.000275 -19.19469 534.4594 -5.000275 -18.96973 534.1821 -5.000275 -5.799858 534.4594 -5.000275 -5.52253 534.7807 -5.000275 -5.297577 535.1362 -5.000275 -5.131821 535.515 -5.000275 -5.030312 534.1821 -5.000275 -18.69241 533.9572 -5.000275 -18.37113 528.3848 -5.000275 -20.20055 533.7914 -5.000275 -18.01568 538.1215 -5.000275 -6.855423 538.1557 -5.000275 -7.246132 538.1557 -5.000275 -17.24613 533.6899 -5.000275 -17.63684 526.3076 -5.000275 -18.74613 526.6076 -5.000275 -19.17449 526.9774 -5.000275 -19.54427 527.4057 -5.000275 -19.84421 527.8796 -5.000275 -20.06521 526.0866 -5.000275 -18.27219 533.6557 -5.000275 -17.24613 525.9513 -5.000275 -17.76708 525.9057 -5.000275 -17.24613 533.6557 -5.000275 -7.246132 533.6899 -5.000275 -6.855423 536.6752 -5.000275 12.86817 536.2964 -5.000275 12.96969 535.9057 -5.000275 13.00387 538.1215 -5.000275 0.3631592 538.02 -5.000275 -0.0156784 537.8543 -5.000275 -0.3711319 537.6293 -5.000275 -0.6924057 538.02 -5.000275 11.52341 537.8543 -5.000275 11.87887 537.6293 -5.000275 12.20014 537.352 -5.000275 -0.9697266 537.0307 -5.000275 -1.194687 536.6752 -5.000275 -1.360435 537.0307 -5.000275 12.70243 537.352 -5.000275 12.47747 536.2964 -5.000275 -1.461952 535.9057 -5.000275 -1.496132 535.515 -5.000275 -1.461952 535.1362 -5.000275 -1.360435 515.9057 -5.000275 6.753868 517.6421 -5.000275 6.601944 533.7914 -5.000275 11.52341 519.3259 -5.000275 6.150795 534.1821 -5.000275 12.20014 534.4594 -5.000275 12.47747 -107.8308 -5.000275 6.601944 -106.0943 -5.000275 6.753868 10.90565 -5.000275 6.753868 534.7807 -5.000275 -1.194687 534.4594 -5.000275 -0.9697266 534.1821 -5.000275 -0.6924057 533.9572 -5.000275 11.87887 534.7807 -5.000275 12.70243 535.1362 -5.000275 12.86817 535.515 -5.000275 12.96969 520.9057 -5.000275 5.414124 522.3336 -5.000275 4.414314 523.5662 -5.000275 3.181747 538.1215 -5.000275 11.14457 538.1557 -5.000275 10.75387 538.1557 -5.000275 0.7538681 533.9572 -5.000275 -0.3711319 533.7914 -5.000275 -0.0156784 525.7538 -5.000275 -1.509651 533.6899 -5.000275 0.3631592 525.3026 -5.000275 0.1740646 533.6557 -5.000275 0.7538681 524.566 -5.000275 1.753868 533.6557 -5.000275 10.75387 533.6899 -5.000275 11.14457 550.9057 -5.000275 14.75387 550.9057 -5.000275 -3.246132 545.9057 -5.000275 13.00387 546.2964 -5.000275 12.96969 547.352 -5.000275 -0.9697266 547.0307 -5.000275 -1.194687 546.6752 -5.000275 -1.360435 544.1821 -5.000275 12.20014 544.4594 -5.000275 12.47747 545.515 -5.000275 12.96969 546.6752 -5.000275 12.86817 547.0307 -5.000275 12.70243 547.352 -5.000275 12.47747 547.6293 -5.000275 12.20014 547.8543 -5.000275 11.87887 548.02 -5.000275 11.52341 545.515 -5.000275 -1.461952 545.9057 -5.000275 -1.496132 546.2964 -5.000275 -1.461952 544.7807 -5.000275 12.70243 545.1362 -5.000275 12.86817 548.1215 -5.000275 0.3631592 548.02 -5.000275 -0.0156784 545.1362 -5.000275 -1.360435 544.7807 -5.000275 -1.194687 544.4594 -5.000275 -0.9697266 544.1821 -5.000275 -0.6924057 543.9572 -5.000275 -0.3711319 543.7914 -5.000275 -0.0156784 543.6899 -5.000275 11.14457 543.7914 -5.000275 11.52341 543.9572 -5.000275 11.87887 547.8543 -5.000275 -0.3711319 547.6293 -5.000275 -0.6924057 548.1215 -5.000275 11.14457 548.1557 -5.000275 10.75387 548.1557 -5.000275 0.7538681 543.6899 -5.000275 0.3631592 543.6557 -5.000275 0.7538681 543.6557 -5.000275 10.75387 538.02 -5.000275 17.98432 537.8543 -5.000275 17.62887 533.6899 -5.000275 29.14457 533.7914 -5.000275 29.52342 10.90565 -5.000275 31.37887 533.9572 -5.000275 29.87887 534.1821 -5.000275 30.20014 533.7914 -5.000275 17.98432 533.6899 -5.000275 18.36317 534.4594 -5.000275 30.47747 534.7807 -5.000275 30.70243 535.1362 -5.000275 30.86817 536.6752 -5.000275 30.86817 537.0307 -5.000275 30.70243 537.8543 -5.000275 29.87887 538.02 -5.000275 29.52342 533.6557 -5.000275 18.75387 533.6557 -5.000275 28.75387 535.515 -5.000275 30.96969 535.9057 -5.000275 31.00387 536.2964 -5.000275 30.96969 538.1215 -5.000275 18.36317 537.6293 -5.000275 17.3076 537.352 -5.000275 17.03027 537.0307 -5.000275 16.80531 536.6752 -5.000275 16.63957 536.2964 -5.000275 16.53805 535.9057 -5.000275 16.50387 537.352 -5.000275 30.47747 537.6293 -5.000275 30.20014 534.4594 -5.000275 17.03027 534.1821 -5.000275 17.3076 533.9572 -5.000275 17.62887 535.515 -5.000275 16.53805 535.1362 -5.000275 16.63957 534.7807 -5.000275 16.80531 538.1215 -5.000275 29.14457 538.1557 -5.000275 28.75387 538.1557 -5.000275 18.75387 540.9057 -5.000275 31.75387 10.90565 -5.000275 31.75387 -138.0944 -5.000275 31.75387 -138.6153 -5.000275 31.70829 -139.1204 -5.000275 31.57295 -523.3247 -5.000275 12.86817 -522.9692 -5.000275 12.70243 -522.648 -5.000275 12.47747 -522.3707 -5.000275 12.20014 -522.1458 -5.000275 11.87887 -521.9799 -5.000275 11.52341 -525.5406 -5.000275 12.47747 -525.2193 -5.000275 12.70243 -524.8638 -5.000275 12.86817 -521.8785 -5.000275 0.3631592 -521.9799 -5.000275 -0.0156784 -522.1458 -5.000275 -0.3711319 -522.3707 -5.000275 -0.6924057 -526.3101 -5.000275 11.14457 -526.2086 -5.000275 11.52341 -526.0429 -5.000275 11.87887 -525.8179 -5.000275 12.20014 -524.485 -5.000275 12.96969 -524.0944 -5.000275 13.00387 -523.7036 -5.000275 12.96969 -522.648 -5.000275 -0.9697266 -522.9692 -5.000275 -1.194687 -523.3247 -5.000275 -1.360435 -524.8638 -5.000275 -1.360435 -525.2193 -5.000275 -1.194687 -525.5406 -5.000275 -0.9697266 -525.8179 -5.000275 -0.6924057 -526.0429 -5.000275 -0.3711319 -526.2086 -5.000275 -0.0156784 -521.8785 -5.000275 11.14457 -521.8443 -5.000275 10.75387 -521.8443 -5.000275 0.7538681 -526.3101 -5.000275 0.3631592 -526.3443 -5.000275 0.7538681 -526.3443 -5.000275 10.75387 -523.7036 -5.000275 -1.461952 -524.0944 -5.000275 -1.496132 -524.485 -5.000275 -1.461952 -117.5943 4.999725 -74.11215 -184.6802 4.999725 -112.8442 -116.0943 4.999725 -71.51409 -116.0943 4.999725 -3.246132 -106.0943 4.999725 6.753868 10.90565 4.999725 6.753868 515.9057 4.999725 6.753868 550.9057 4.999725 28.75387 550.9057 4.999725 14.75387 550.9057 4.999725 -3.246132 550.9057 4.999725 -17.24613 -138.0944 4.999725 31.75387 10.90565 4.999725 31.75387 540.9057 4.999725 31.75387 547.9057 4.999725 31.75387 -141.0943 4.999725 28.75387 -141.0943 4.999725 14.75387 -141.0943 4.999725 -3.246132 -141.0943 4.999725 -53.03887 -189.7546 4.999725 -86.90639 -146.0944 4.999725 -61.69913 -494.0943 4.999725 -88.24613 -194.7546 4.999725 -88.24613 -504.0942 4.999725 28.75387 -504.0942 4.999725 14.75387 -504.0942 4.999725 -3.246132 -504.0942 4.999725 -78.24613 -507.0943 4.999725 31.75387 -519.0944 4.999725 31.75387 -526.0943 4.999725 31.75387 -529.0944 4.999725 -110.2461 -529.0944 4.999725 -3.246132 -529.0944 4.999725 14.75387 -529.0944 4.999725 28.75387 -186.1802 4.999725 -113.2461 -519.0944 4.999725 -113.2461 -526.0943 4.999725 -113.2461 -506.5734 4.999725 31.70829 -506.0682 4.999725 31.57295 -140.0227 4.999725 31.052 -139.5944 4.999725 31.35195 10.90565 4.999725 31.37887 -107.8308 4.999725 6.601944 -109.5145 4.999725 6.150795 -111.0943 4.999725 5.414124 -112.5222 4.999725 4.414314 -113.7548 4.999725 3.181747 -114.7546 4.999725 1.753868 -115.4913 4.999725 0.1740646 536.6752 4.999725 -1.360435 537.0307 4.999725 -1.194687 540.9057 4.999725 -3.246132 535.1362 4.999725 -1.360435 535.515 4.999725 -1.461952 525.9057 4.999725 -3.246132 535.9057 4.999725 -1.496132 536.2964 4.999725 -1.461952 537.8543 4.999725 -0.3711319 538.02 4.999725 -0.0156784 534.1821 4.999725 -0.6924057 534.4594 4.999725 -0.9697266 534.7807 4.999725 -1.194687 537.352 4.999725 -0.9697266 537.6293 4.999725 -0.6924057 538.1215 4.999725 11.14457 538.02 4.999725 11.52341 540.9057 4.999725 14.75387 537.8543 4.999725 11.87887 522.3336 4.999725 4.414314 520.9057 4.999725 5.414124 533.7914 4.999725 11.52341 519.3259 4.999725 6.150795 537.6293 4.999725 12.20014 537.352 4.999725 12.47747 537.0307 4.999725 12.70243 517.6421 4.999725 6.601944 10.90565 4.999725 14.75387 536.6752 4.999725 12.86817 536.2964 4.999725 12.96969 535.9057 4.999725 13.00387 534.4594 4.999725 12.47747 534.1821 4.999725 12.20014 533.9572 4.999725 11.87887 525.7538 4.999725 -1.509651 533.7914 4.999725 -0.0156784 533.9572 4.999725 -0.3711319 535.515 4.999725 12.96969 535.1362 4.999725 12.86817 534.7807 4.999725 12.70243 538.1215 4.999725 0.3631592 538.1557 4.999725 0.7538681 538.1557 4.999725 10.75387 523.5662 4.999725 3.181747 533.6899 4.999725 11.14457 524.566 4.999725 1.753868 533.6557 4.999725 10.75387 525.3026 4.999725 0.1740646 533.6557 4.999725 0.7538681 533.6899 4.999725 0.3631592 536.6752 4.999725 -19.36044 537.0307 4.999725 -19.19469 540.9057 4.999725 -20.24613 534.4594 4.999725 -18.96973 534.7807 4.999725 -19.19469 528.9057 4.999725 -20.24613 535.1362 4.999725 -19.36044 535.515 4.999725 -19.46195 535.9057 4.999725 -19.49613 536.2964 4.999725 -19.46195 537.352 4.999725 -5.52253 537.0307 4.999725 -5.297577 536.6752 4.999725 -5.131821 534.7807 4.999725 -5.297577 534.4594 4.999725 -5.52253 537.8543 4.999725 -18.37113 538.02 4.999725 -18.01568 537.352 4.999725 -18.96973 537.6293 4.999725 -18.69241 538.1215 4.999725 -6.855423 538.02 4.999725 -6.476585 535.1362 4.999725 -5.131821 537.8543 4.999725 -6.121132 537.6293 4.999725 -5.799858 536.2964 4.999725 -5.030312 535.9057 4.999725 -4.996132 535.515 4.999725 -5.030312 534.1821 4.999725 -5.799858 533.9572 4.999725 -6.121132 533.7914 4.999725 -6.476585 533.7914 4.999725 -18.01568 533.9572 4.999725 -18.37113 534.1821 4.999725 -18.69241 538.1215 4.999725 -17.63684 538.1557 4.999725 -17.24613 538.1557 4.999725 -7.246132 533.6899 4.999725 -17.63684 526.9774 4.999725 -19.54427 526.6076 4.999725 -19.17449 526.3076 4.999725 -18.74613 526.0866 4.999725 -18.27219 533.6557 4.999725 -17.24613 528.3848 4.999725 -20.20055 527.8796 4.999725 -20.06521 527.4057 4.999725 -19.84421 533.6899 4.999725 -6.855423 533.6557 4.999725 -7.246132 525.9057 4.999725 -17.24613 525.9513 4.999725 -17.76708 547.9057 4.999725 -20.24613 545.9057 4.999725 -19.49613 546.2964 4.999725 -19.46195 544.7807 4.999725 -5.297577 544.4594 4.999725 -5.52253 543.6899 4.999725 -17.63684 543.7914 4.999725 -18.01568 543.9572 4.999725 -18.37113 544.1821 4.999725 -18.69241 545.515 4.999725 -19.46195 545.1362 4.999725 -19.36044 545.1362 4.999725 -5.131821 544.4594 4.999725 -18.96973 544.7807 4.999725 -19.19469 548.02 4.999725 -6.476585 547.8543 4.999725 -6.121132 549.5307 4.999725 -3.246132 547.6293 4.999725 -5.799858 546.6752 4.999725 -5.131821 546.2964 4.999725 -5.030312 545.9057 4.999725 -4.996132 545.515 4.999725 -5.030312 547.352 4.999725 -5.52253 547.0307 4.999725 -5.297577 544.1821 4.999725 -5.799858 543.9572 4.999725 -6.121132 543.7914 4.999725 -6.476585 546.6752 4.999725 -19.36044 547.0307 4.999725 -19.19469 548.4266 4.999725 -20.20055 547.352 4.999725 -18.96973 548.9318 4.999725 -20.06521 547.6293 4.999725 -18.69241 549.4057 4.999725 -19.84421 547.8543 4.999725 -18.37113 549.8341 4.999725 -19.54427 548.02 4.999725 -18.01568 548.1215 4.999725 -17.63684 548.1557 4.999725 -17.24613 548.1557 4.999725 -7.246132 548.1215 4.999725 -6.855423 543.6899 4.999725 -6.855423 543.6557 4.999725 -7.246132 543.6557 4.999725 -17.24613 550.8601 4.999725 -17.76708 550.7248 4.999725 -18.27219 550.5038 4.999725 -18.74613 550.2039 4.999725 -19.17449 550.5038 4.999725 30.25387 550.7248 4.999725 29.77993 550.8601 4.999725 29.27482 549.5307 4.999725 14.75387 549.8341 4.999725 31.052 550.2039 4.999725 30.68223 545.515 4.999725 16.53805 545.9057 4.999725 16.50387 546.2964 4.999725 16.53805 546.6752 4.999725 16.63957 547.0307 4.999725 16.80531 547.352 4.999725 17.03027 544.1821 4.999725 17.3076 544.4594 4.999725 17.03027 544.7807 4.999725 30.70243 544.4594 4.999725 30.47747 540.9057 4.999725 31.37887 544.7807 4.999725 16.80531 545.1362 4.999725 16.63957 547.6293 4.999725 17.3076 547.8543 4.999725 17.62887 548.02 4.999725 17.98432 543.6899 4.999725 18.36317 543.7914 4.999725 17.98432 543.9572 4.999725 17.62887 544.1821 4.999725 30.20014 543.9572 4.999725 29.87887 543.7914 4.999725 29.52342 548.1215 4.999725 18.36317 548.1557 4.999725 18.75387 548.1557 4.999725 28.75387 548.1215 4.999725 29.14457 545.9057 4.999725 31.00387 545.515 4.999725 30.96969 545.1362 4.999725 30.86817 543.6899 4.999725 29.14457 543.6557 4.999725 28.75387 543.6557 4.999725 18.75387 547.0307 4.999725 30.70243 546.6752 4.999725 30.86817 548.9318 4.999725 31.57295 546.2964 4.999725 30.96969 548.02 4.999725 29.52342 547.8543 4.999725 29.87887 549.4057 4.999725 31.35195 547.6293 4.999725 30.20014 547.352 4.999725 30.47747 548.4266 4.999725 31.70829 -141.0488 4.999725 29.27482 -140.9134 4.999725 29.77993 -140.6924 4.999725 30.25387 -140.3925 4.999725 30.68223 -512.1458 4.999725 -6.121132 -512.3707 4.999725 -5.799858 -512.9692 4.999725 -19.19469 -512.648 4.999725 -18.96973 -512.3707 4.999725 -18.69241 -512.1458 4.999725 -18.37113 -515.5406 4.999725 -18.96973 -515.2194 4.999725 -19.19469 -514.8638 4.999725 -19.36044 -514.485 4.999725 -19.46195 -503.9424 4.999725 -79.98262 -116.2752 4.999725 -72.54015 -116.4962 4.999725 -73.01409 -142.4341 4.999725 -58.03887 -511.8443 4.999725 -7.246132 -511.8786 4.999725 -6.855423 -511.98 4.999725 -6.476585 -512.648 4.999725 -5.52253 -512.9692 4.999725 -5.297577 -513.3248 4.999725 -5.131821 -514.8638 4.999725 -5.131821 -515.2194 4.999725 -5.297577 -519.0944 4.999725 -3.246132 -515.5406 4.999725 -5.52253 -515.8179 4.999725 -5.799858 -516.0429 4.999725 -6.121132 -516.2087 4.999725 -6.476585 -516.3101 4.999725 -6.855423 -516.2087 4.999725 -18.01568 -516.0429 4.999725 -18.37113 -515.8179 4.999725 -18.69241 -503.4912 4.999725 -81.66634 -502.7546 4.999725 -83.24614 -501.7548 4.999725 -84.67401 -115.9424 4.999725 -1.509651 -514.0944 4.999725 -19.49613 -513.7036 4.999725 -19.46195 -513.3248 4.999725 -19.36044 -116.1399 4.999725 -72.03504 -141.6974 4.999725 -56.45907 -141.2462 4.999725 -54.77536 -511.98 4.999725 -18.01568 -511.8786 4.999725 -17.63684 -511.8443 4.999725 -17.24613 -500.5222 4.999725 -85.90658 -499.0943 4.999725 -86.90639 -497.5145 4.999725 -87.64306 -516.3443 4.999725 -7.246132 -516.3443 4.999725 -17.24613 -516.3101 4.999725 -17.63684 -495.8308 4.999725 -88.09421 -116.7962 4.999725 -73.44245 -117.166 4.999725 -73.81222 -143.4339 4.999725 -59.46675 -144.6665 4.999725 -60.69931 -513.7036 4.999725 -5.030312 -514.0944 4.999725 -4.996132 -514.485 4.999725 -5.030312 -185.1542 4.999725 -113.0652 -193.0181 4.999725 -88.09421 -185.6593 4.999725 -113.2006 -191.3344 4.999725 -87.64306 -513.3248 4.999725 -1.360435 -512.9692 4.999725 -1.194687 -512.648 4.999725 -0.9697266 -511.8786 4.999725 11.14457 -511.98 4.999725 11.52341 -512.1458 4.999725 11.87887 -512.3707 4.999725 12.20014 -512.3707 4.999725 -0.6924057 -512.1458 4.999725 -0.3711319 -511.98 4.999725 -0.0156784 -512.648 4.999725 12.47747 -512.9692 4.999725 12.70243 -513.3248 4.999725 12.86817 -514.8638 4.999725 12.86817 -515.2194 4.999725 12.70243 -519.0944 4.999725 14.75387 -515.5406 4.999725 12.47747 -515.8179 4.999725 12.20014 -516.0429 4.999725 11.87887 -516.2087 4.999725 11.52341 -516.3101 4.999725 0.3631592 -516.2087 4.999725 -0.0156784 -515.5406 4.999725 -0.9697266 -515.2194 4.999725 -1.194687 -514.8638 4.999725 -1.360435 -516.0429 4.999725 -0.3711319 -515.8179 4.999725 -0.6924057 -514.485 4.999725 -1.461952 -514.0944 4.999725 -1.496132 -513.7036 4.999725 -1.461952 -511.8786 4.999725 0.3631592 -511.8443 4.999725 0.7538681 -511.8443 4.999725 10.75387 -513.7036 4.999725 12.96969 -514.0944 4.999725 13.00387 -514.485 4.999725 12.96969 -516.3101 4.999725 11.14457 -516.3443 4.999725 10.75387 -516.3443 4.999725 0.7538681 -513.3248 4.999725 16.63957 -512.9692 4.999725 16.80531 -512.648 4.999725 17.03027 -512.3707 4.999725 17.3076 -512.1458 4.999725 17.62887 -511.98 4.999725 17.98432 -504.2752 4.999725 29.77993 -511.8443 4.999725 28.75387 -511.8786 4.999725 29.14457 -511.8786 4.999725 18.36317 -511.8443 4.999725 18.75387 -504.1399 4.999725 29.27482 -519.0944 4.999725 31.37887 -515.2194 4.999725 30.70243 -515.5406 4.999725 30.47747 -515.8179 4.999725 30.20014 -516.0429 4.999725 29.87887 -516.2087 4.999725 29.52342 -516.3101 4.999725 18.36317 -516.2087 4.999725 17.98432 -515.5406 4.999725 17.03027 -515.2194 4.999725 16.80531 -514.8638 4.999725 16.63957 -505.166 4.999725 31.052 -504.7962 4.999725 30.68223 -504.4962 4.999725 30.25387 -511.98 4.999725 29.52342 -512.1458 4.999725 29.87887 -512.3707 4.999725 30.20014 -512.648 4.999725 30.47747 -516.0429 4.999725 17.62887 -515.8179 4.999725 17.3076 -514.485 4.999725 16.53805 -514.0944 4.999725 16.50387 -513.7036 4.999725 16.53805 -505.5943 4.999725 31.35195 -514.0944 4.999725 31.00387 -514.485 4.999725 30.96969 -514.8638 4.999725 30.86817 -512.9692 4.999725 30.70243 -513.3248 4.999725 30.86817 -513.7036 4.999725 30.96969 -516.3101 4.999725 29.14457 -516.3443 4.999725 28.75387 -516.3443 4.999725 18.75387 -527.1204 4.999725 31.57295 -526.6153 4.999725 31.70829 -523.3247 4.999725 16.63957 -522.9692 4.999725 16.80531 -522.648 4.999725 17.03027 -524.8638 4.999725 30.86817 -525.2193 4.999725 30.70243 -526.3101 4.999725 18.36317 -526.2086 4.999725 17.98432 -525.5406 4.999725 17.03027 -525.2193 4.999725 16.80531 -524.8638 4.999725 16.63957 -521.8785 4.999725 29.14457 -521.9799 4.999725 29.52342 -522.1458 4.999725 29.87887 -522.3707 4.999725 30.20014 -526.0429 4.999725 17.62887 -525.8179 4.999725 17.3076 -524.485 4.999725 16.53805 -524.0944 4.999725 16.50387 -523.7036 4.999725 16.53805 -522.3707 4.999725 17.3076 -522.1458 4.999725 17.62887 -521.9799 4.999725 17.98432 -522.648 4.999725 30.47747 -522.9692 4.999725 30.70243 -523.3247 4.999725 30.86817 -525.5406 4.999725 30.47747 -525.8179 4.999725 30.20014 -527.5944 4.999725 31.35195 -526.0429 4.999725 29.87887 -528.0227 4.999725 31.052 -528.3925 4.999725 30.68223 -526.2086 4.999725 29.52342 -528.6924 4.999725 30.25387 -528.9134 4.999725 29.77993 -526.3101 4.999725 29.14457 -529.0487 4.999725 29.27482 -526.3443 4.999725 28.75387 -526.3443 4.999725 18.75387 -521.8785 4.999725 18.36317 -521.8443 4.999725 18.75387 -521.8443 4.999725 28.75387 -523.7036 4.999725 30.96969 -524.0944 4.999725 31.00387 -524.485 4.999725 30.96969 -523.3247 4.999725 -19.36044 -522.9692 4.999725 -19.19469 -522.648 4.999725 -18.96973 -522.3707 4.999725 -18.69241 -522.1458 4.999725 -18.37113 -521.9799 4.999725 -18.01568 -521.8785 4.999725 -6.855423 -521.9799 4.999725 -6.476585 -522.1458 4.999725 -6.121132 -522.3707 4.999725 -5.799858 -524.0944 4.999725 -19.49613 -523.7036 4.999725 -19.46195 -522.648 4.999725 -5.52253 -522.9692 4.999725 -5.297577 -523.3247 4.999725 -5.131821 -524.8638 4.999725 -5.131821 -525.2193 4.999725 -5.297577 -525.5406 4.999725 -5.52253 -525.8179 4.999725 -5.799858 -526.0429 4.999725 -6.121132 -526.2086 4.999725 -6.476585 -526.3101 4.999725 -6.855423 -526.2086 4.999725 -18.01568 -526.0429 4.999725 -18.37113 -525.8179 4.999725 -18.69241 -525.5406 4.999725 -18.96973 -525.2193 4.999725 -19.19469 -524.8638 4.999725 -19.36044 -524.485 4.999725 -19.46195 -521.8785 4.999725 -17.63684 -521.8443 4.999725 -17.24613 -521.8443 4.999725 -7.246132 -528.6924 4.999725 -111.7461 -528.9134 4.999725 -111.2722 -529.0487 4.999725 -110.7671 -527.1204 4.999725 -113.0652 -527.5944 4.999725 -112.8442 -528.0227 4.999725 -112.5443 -526.3443 4.999725 -7.246132 -526.3443 4.999725 -17.24613 -526.3101 4.999725 -17.63684 -526.6153 4.999725 -113.2006 -528.3925 4.999725 -112.1745 -523.7036 4.999725 -5.030312 -524.0944 4.999725 -4.996132 -524.485 4.999725 -5.030312 -521.8785 4.999725 11.14457 -521.9799 4.999725 11.52341 -522.1458 4.999725 11.87887 -522.3707 4.999725 12.20014 -523.3247 4.999725 -1.360435 -522.9692 4.999725 -1.194687 -522.648 4.999725 -0.9697266 -522.3707 4.999725 -0.6924057 -522.1458 4.999725 -0.3711319 -521.9799 4.999725 -0.0156784 -521.8785 4.999725 0.3631592 -521.8443 4.999725 0.7538681 -521.8443 4.999725 10.75387 -522.648 4.999725 12.47747 -522.9692 4.999725 12.70243 -523.3247 4.999725 12.86817 -524.8638 4.999725 12.86817 -525.2193 4.999725 12.70243 -525.5406 4.999725 12.47747 -525.8179 4.999725 12.20014 -526.0429 4.999725 11.87887 -526.2086 4.999725 11.52341 -526.3101 4.999725 0.3631592 -526.2086 4.999725 -0.0156784 -525.5406 4.999725 -0.9697266 -525.2193 4.999725 -1.194687 -524.8638 4.999725 -1.360435 -526.0429 4.999725 -0.3711319 -525.8179 4.999725 -0.6924057 -524.485 4.999725 -1.461952 -524.0944 4.999725 -1.496132 -523.7036 4.999725 -1.461952 -523.7036 4.999725 12.96969 -524.0944 4.999725 13.00387 -524.485 4.999725 12.96969 -526.3101 4.999725 11.14457 -526.3443 4.999725 10.75387 -526.3443 4.999725 0.7538681 535.9057 4.999725 16.50387 536.2964 4.999725 16.53805 533.6899 4.999725 18.36317 533.7914 4.999725 17.98432 536.6752 4.999725 16.63957 537.0307 4.999725 16.80531 537.352 4.999725 17.03027 533.9572 4.999725 29.87887 533.7914 4.999725 29.52342 533.6899 4.999725 29.14457 533.9572 4.999725 17.62887 534.1821 4.999725 17.3076 534.4594 4.999725 17.03027 533.6557 4.999725 28.75387 533.6557 4.999725 18.75387 534.7807 4.999725 30.70243 534.4594 4.999725 30.47747 534.1821 4.999725 30.20014 534.7807 4.999725 16.80531 535.1362 4.999725 16.63957 535.515 4.999725 16.53805 537.6293 4.999725 17.3076 537.8543 4.999725 17.62887 538.02 4.999725 17.98432 538.1215 4.999725 29.14457 538.02 4.999725 29.52342 537.8543 4.999725 29.87887 537.6293 4.999725 30.20014 537.352 4.999725 30.47747 537.0307 4.999725 30.70243 536.6752 4.999725 30.86817 535.9057 4.999725 31.00387 535.515 4.999725 30.96969 535.1362 4.999725 30.86817 536.2964 4.999725 30.96969 538.1215 4.999725 18.36317 538.1557 4.999725 18.75387 538.1557 4.999725 28.75387 -139.1204 4.999725 31.57295 -138.6153 4.999725 31.70829 545.9057 4.999725 -1.496132 546.2964 4.999725 -1.461952 545.515 4.999725 -1.461952 545.1362 4.999725 -1.360435 546.6752 4.999725 -1.360435 547.0307 4.999725 -1.194687 547.352 4.999725 -0.9697266 548.1215 4.999725 11.14457 548.02 4.999725 11.52341 544.4594 4.999725 12.47747 544.7807 4.999725 12.70243 545.1362 4.999725 12.86817 543.6899 4.999725 0.3631592 543.7914 4.999725 -0.0156784 543.9572 4.999725 -0.3711319 544.1821 4.999725 -0.6924057 546.6752 4.999725 12.86817 547.0307 4.999725 12.70243 547.352 4.999725 12.47747 544.4594 4.999725 -0.9697266 544.7807 4.999725 -1.194687 547.8543 4.999725 11.87887 547.6293 4.999725 12.20014 544.1821 4.999725 12.20014 543.9572 4.999725 11.87887 543.7914 4.999725 11.52341 547.6293 4.999725 -0.6924057 547.8543 4.999725 -0.3711319 548.02 4.999725 -0.0156784 546.2964 4.999725 12.96969 545.9057 4.999725 13.00387 545.515 4.999725 12.96969 543.6899 4.999725 11.14457 543.6557 4.999725 10.75387 543.6557 4.999725 0.7538681 548.1215 4.999725 0.3631592 548.1557 4.999725 0.7538681 548.1557 4.999725 10.75387</float_array>
          <technique_common>
            <accessor source="#BOX_PAD1_0_simple_002-mesh-positions-array" count="6538" stride="3">
              <param name="X" type="float"/>
              <param name="Y" type="float"/>
              <param name="Z" type="float"/>
            </accessor>
          </technique_common>
        </source>
        <source id="BOX_PAD1_0_simple_002-mesh-normals">
          <float_array id="BOX_PAD1_0_simple_002-mesh-normals-array" count="14004">-1 0 0 -1 4.38056e-5 0 -1 -8.56828e-6 0 -1 8.56828e-6 0 -1 -2.16938e-5 0 -1 3.04602e-5 0 -0.9999998 -7.79325e-4 0 -1 -1.0306e-5 0 -1 -3.43762e-5 0 -1 4.78365e-5 0 -1 1.0987e-4 0 -1 -1.0721e-4 0 -1 7.65212e-6 0 -1 7.37423e-6 0 -1 -3.9319e-5 0 -1 2.88965e-5 0 -1 -1.04205e-4 0 -1 2.88961e-5 0 -1 -1.59869e-4 0 -1 5.72978e-5 0 -1 -1.08532e-4 0 -1 6.75505e-5 0 -1 1.44298e-5 0 -1 -1.77063e-4 0 -1 1.61436e-5 0 -1 -5.8924e-6 0 -1 -7.85126e-5 0 -1 8.84314e-7 0 -1 1.83744e-5 0 -1 1.49387e-5 0 -1 -4.58353e-5 0 -1 1.14139e-5 0 -1 -1.77214e-5 0 -1 2.07144e-4 0 -1 -3.12433e-5 0 -1 3.12433e-5 0 -1 -3.12437e-5 0 -1 4.68648e-5 0 -1 -3.90542e-5 0 -1 3.90542e-5 0 -1 -2.84024e-5 0 -1 5.68066e-5 0 -1 -2.84029e-5 0 -1 -2.84035e-5 0 -1 1.13611e-4 0 -1 -1.24973e-4 0 -1 1.27812e-4 0 -1 -2.84028e-5 0 -1 6.3908e-5 0 -1 -6.39059e-5 0 0 0 1 1 0 0 1 -6.37384e-6 0 1 5.90714e-6 0 1 1.71882e-5 0 1 -3.58778e-5 0 1 1.79684e-4 0 1 -5.45047e-5 0 1 2.19106e-5 0 1 -8.84314e-7 0 1 5.51231e-5 0 1 2.24077e-5 0 1 5.70707e-6 0 1 5.90714e-6 0 1 3.14587e-5 0 1 -3.57991e-5 0 1 -3.84983e-5 0 1 8.69309e-5 0 1 -2.46393e-4 0 1 1.20711e-4 0 1 -1.20715e-4 0 1 -2.8403e-5 0 1 7.10063e-5 0 1 -8.52091e-5 0 1 6.24863e-5 0 1 -2.84033e-5 0 1 2.84029e-5 0 1 -2.84035e-5 0 1 1.56215e-5 0 1 -1.77063e-4 0 1 4.99038e-6 0 0.9999786 -0.006540715 0 1 3.17489e-4 0 1 -8.00869e-5 0 1 -6.39868e-5 0 1 7.7475e-5 0 1 -7.73005e-5 0 1 1.90969e-4 0 1 -7.27424e-5 0 1 1.38595e-5 0 1 4.69425e-5 0 1 -3.04599e-5 0 1 -2.8403e-5 0 1 2.84028e-5 0 1 -8.52086e-5 0 1 8.52084e-5 0 1 -6.24863e-5 0 1 2.8404e-5 0 1 -8.52084e-5 0 1 -4.26041e-5 0 1 1.42014e-5 0 0 0 -1 0 1 0 9.15321e-7 0 -1 -1.83048e-6 0 -1 -9.15332e-7 0 -1 9.15345e-7 0 -1 1.46456e-5 0 -1 -2.28832e-7 0 -1 9.15349e-7 0 -1 -4.11908e-6 0 1 5.49195e-6 0 1 -2.92886e-5 0 1 1.83065e-6 0 1 -9.15338e-7 0 1 -1.83064e-6 0 1 1.83069e-6 0 1 -1.46456e-5 0 1 1.83062e-6 0 1 -7.32279e-6 0 1 0.08714318 -0.9961958 0 0.9961944 -0.08716005 0 0.9961944 -0.08716005 0 0.9659072 -0.2588887 0 0.9659341 -0.2587882 0 0.9062907 -0.4226549 0 0.9063321 -0.4225664 0 0.8191418 -0.5735911 0 0.707116 -0.7070976 0 0.5735423 -0.8191761 0 0.5736435 -0.8191051 0 0.4226153 -0.9063092 0 0.422574 -0.9063284 0 0.2588386 -0.9659206 0 0.2588117 -0.9659278 0 0.08714258 -0.9961959 0 0.087143 -0.9961958 0 0.08714753 -0.9961955 0 0.08714038 -0.996196 0 -0.08710783 0.9961989 0 -0.08708846 0.9962007 0 -0.0871126 0.9961985 0 -0.08709955 0.9961996 0 -0.08709955 0.9961996 0 -0.08708542 0.9962009 0 -0.2587782 0.9659368 0 -0.2589938 0.965879 0 -0.4226332 0.9063008 0 -0.4224683 0.9063777 0 -0.5737155 0.8190547 0 -0.5735129 0.8191965 0 -0.7068577 0.7073559 0 -0.7072886 0.706925 0 -0.819149 0.5735808 0 -0.8191491 0.5735809 0 -0.9062456 0.4227517 0 -0.9064107 0.4223977 0 -0.9658831 0.2589783 0 -0.9659909 0.2585762 0 -0.9962036 0.08705502 0 -0.9961661 0.08748269 0 0 -1 0 0 -1 -1.31569e-5 0 -1 -1.10255e-5 0 -1 4.29992e-6 0 -1 -1.89243e-6 0 -1 3.65073e-6 0 -1 4.44476e-6 0 -1 -3.58994e-6 0 -1 -2.87332e-6 0 -1 1.01844e-5 0 -1 -1.31279e-5 0 -1 -1.82209e-5 0 -1 3.00106e-5 0 -1 -3.89894e-5 0 -1 1.61587e-5 0 -1 1.5144e-6 0 -1 2.20182e-5 0 -1 -1.47038e-5 0 -1 3.70995e-6 0 -1 -8.85736e-6 0 -1 -6.51049e-6 0 -1 1.76305e-5 0 -1 -1.50748e-5 0 -1 1.01632e-5 0 -1 -1.31743e-6 0 -1 -1.60515e-5 0 -1 3.42206e-5 0 -1 -2.12031e-5 0 -1 -1.62913e-5 0 -1 1.08442e-5 0 -1 -2.43518e-6 0 -1 -4.61841e-6 0 -1 1.47038e-5 0 -1 -1.01619e-5 0 -1 1.50748e-5 0 -1 -1.76305e-5 0 -1 6.51049e-6 0 -1 4.01021e-7 0 -1 5.20913e-6 0 -1 -3.70995e-6 0 -1 -5.04439e-5 0 -1 -1.61559e-5 0 -1 3.412e-5 0 -1 -3.69331e-5 0 -1 1.82209e-5 0 -1 -3.50559e-6 0 -1 -1.2911e-5 0 -1 -4.17269e-6 0 -1 2.12031e-5 0 -1 1.60691e-5 0 -1 2.43619e-6 0 -1 -3.42636e-5 0 -1 1.62901e-5 0 -1 1.66489e-5 0 -1 -7.54171e-6 0 -1 3.89081e-5 0 -1 2.20723e-6 0 -1 1.04982e-5 0 -1 8.46711e-6 0 -1 -5.91296e-5 0 -1 2.73635e-5 0 -1 -9.97195e-6 0 -1 -6.69703e-5 0 -1 1.89308e-5 0 -1 1.14148e-5 0 -1 -1.43984e-5 0 -1 -1.2156e-5 0 -1 1.18215e-5 0 -1 3.92588e-5 0 -1 -3.65012e-5 0 -1 3.44197e-5 0 -1 -3.45817e-5 0 -1 7.74449e-6 0 -1 -2.06096e-5 0 -1 4.29406e-5 0 -1 -5.85453e-6 0 -1 -2.98607e-6 0 -1 -5.42845e-6 0 -1 -8.84099e-6 0 -1 5.67022e-5 0 -1 -3.39683e-5 0 -1 6.76901e-6 0 -1 3.02302e-5 0 -1 1.3901e-5 0 -1 -1.20123e-5 0 -1 -5.91693e-6 0 -1 1.63292e-5 0 -1 -1.49405e-5 0 -1 -4.68375e-6 0 -1 2.15489e-5 0 -1 -1.37158e-5 0 -1 -1.30897e-5 0 -1 1.17555e-5 0 -1 -2.08264e-5 0 -1 2.25746e-5 0 -1 2.87886e-5 0 -1 -2.90377e-5 0 -1 1.53739e-5 0 -1 1.14155e-5 0 -1 1.89268e-5 0 -1 -1.61958e-5 0 -1 3.89045e-5 0 -1 -7.54239e-6 0 -1 1.17767e-5 0 -1 -8.75657e-6 0 -1 6.76883e-6 0 -1 -5.43596e-5 0 -1 3.36557e-5 0 -1 -1.54333e-5 0 -1 -4.44634e-6 0 -1 3.46709e-6 0 -1 -7.28871e-7 0 -1 1.25472e-6 0 -1 -8.40816e-6 0 -1 9.79931e-6 0 -1 2.61486e-6 0 -1 -4.37073e-6 0 -1 -2.50803e-5 0 -1 1.23542e-5 0 -1 3.81351e-5 0 -1 -3.42192e-5 0 -1 -4.17204e-6 0 -1 1.60529e-5 0 -1 -1.1027e-5 0 -1 1.60669e-5 0 -1 -5.44762e-6 0 -1 8.68549e-6 0 -1 -7.47317e-6 0 -1 -2.25376e-5 0 -1 3.06958e-5 0 -1 2.83094e-6 0 -1 2.87832e-5 0 -1 -2.6875e-5 0 -1 -1.8513e-5 0 -1 6.74468e-6 0 -1 9.05196e-6 0 -1 -2.80577e-6 0 -1 5.19456e-6 0 -1 -3.06958e-5 0 -1 3.00481e-5 0 -1 7.47205e-6 0 -1 -1.16612e-5 0 -1 -1.26314e-5 0 -1 5.44762e-6 0 -1 1.61973e-5 0 -1 -1.60669e-5 0 -1 -2.12035e-5 0 -1 3.42224e-5 0 -1 -1.23515e-5 0 -1 1.72466e-5 0 -1 -2.61501e-6 0 -1 -7.34907e-6 0 -1 8.40816e-6 0 -1 7.30567e-7 0 -1 8.25537e-6 0 -1 -9.05235e-6 0 -1 -2.43551e-6 0 -1 3.42573e-5 0 -1 -1.62924e-5 0 -1 -4.35844e-5 0 -1 1.76725e-5 0 -1 2.68785e-5 0 -1 -6.76901e-6 0 -1 3.39683e-5 0 -1 1.48298e-6 0 -1 6.76286e-6 0 -1 5.85468e-6 0 -1 -4.29406e-5 0 -1 2.06103e-5 0 -1 -7.74425e-6 0 -1 -5.67022e-5 0 -1 1.54301e-5 0 -1 8.84099e-6 0 -1 -1.1817e-5 0 -1 -1.02982e-5 0 -1 9.98323e-6 0 -1 3.45877e-5 0 -1 -3.44197e-5 0 -1 3.25013e-5 0 -1 -3.08271e-5 0 -1 6.29797e-6 0 -1 -1.64453e-5 0 -1 3.35031e-5 0 -1 -4.44909e-6 0 -1 -2.22959e-6 0 -1 -4.19656e-6 0 -1 -7.17785e-6 0 -1 4.89812e-5 0 -1 -3.00488e-5 0 -1 6.1243e-6 0 -1 2.87031e-5 0 -1 1.42325e-5 0 -1 -1.17753e-5 0 -1 -4.48313e-6 0 -1 2.61835e-5 0 -1 3.33511e-5 0 -1 -1.17533e-5 0 -1 1.70356e-5 0 -1 -1.10296e-5 0 -1 -1.08729e-5 0 -1 9.96333e-6 0 -1 2.19452e-5 0 -1 -2.15459e-5 0 -1 1.10437e-5 0 -1 6.68577e-6 0 -1 8.84138e-6 0 -1 1.54313e-5 0 -1 1.14785e-6 0 -1 -1.13698e-5 0 -1 -4.91051e-6 0 -1 -5.66893e-5 0 -1 3.39766e-5 0 -1 -6.76883e-6 0 -1 -1.17767e-5 0 -1 1.15428e-5 0 -1 -8.10688e-6 0 -1 6.12295e-6 0 -1 -4.80862e-5 0 -1 2.90829e-5 0 -1 -1.29716e-5 0 -1 -3.08794e-5 0 1 2.59356e-5 0 1 -1.50497e-5 0 1 -1.66489e-5 0 1 -6.61527e-6 0 1 -7.48111e-6 0 1 -1.14559e-5 0 1 1.53243e-5 0 1 -1.10389e-5 0 1 3.58994e-6 0 1 -3.65073e-6 0 1 -5.04337e-5 0 1 -4.61841e-6 0 1 1.47038e-5 0 1 3.41141e-5 0 1 -3.00106e-5 0 1 1.21847e-5 0 1 -9.4282e-6 0 1 3.64432e-5 0 1 -3.50585e-6 0 1 1.31279e-5 0 1 -1.01632e-5 0 1 1.50748e-5 0 1 -1.76305e-5 0 1 6.51049e-6 0 1 4.01027e-7 0 1 5.20809e-6 0 1 -3.70995e-6 0 1 1.60691e-5 0 1 2.43518e-6 0 1 -3.42582e-5 0 1 1.62913e-5 0 1 1.60515e-5 0 1 -4.17293e-6 0 1 -1.31292e-5 0 1 -1.77104e-5 0 1 4.94619e-6 0 1 1.54269e-5 0 1 -1.50748e-5 0 1 2.03252e-5 0 1 -2.19262e-6 0 1 2.32186e-5 0 1 -1.21808e-5 0 1 -1.82209e-5 0 1 3.00081e-5 0 1 -3.89955e-5 0 1 1.61559e-5 0 1 1.5144e-6 0 1 2.20213e-5 0 1 -1.47038e-5 0 1 4.21159e-5 0 1 4.17269e-6 0 1 -1.60527e-5 0 1 1.10252e-5 0 1 -1.07041e-6 0 1 -9.6329e-6 0 1 1.1817e-5 0 1 -1.07926e-5 0 1 -2.06103e-5 0 1 3.22108e-5 0 1 1.17753e-5 0 1 -1.15443e-5 0 1 -2.87031e-5 0 1 3.00488e-5 0 1 -2.9082e-5 0 1 -8.84099e-6 0 1 3.36662e-5 0 1 -3.39683e-5 0 1 7.17785e-6 0 1 1.10918e-6 0 1 4.952e-6 0 1 4.44909e-6 0 1 -3.35031e-5 0 1 1.64453e-5 0 1 -6.29797e-6 0 1 -9.98323e-6 0 1 -7.41171e-6 0 1 3.08185e-5 0 1 -3.25013e-5 0 1 3.44197e-5 0 1 -3.45793e-5 0 1 -3.40692e-5 0 1 8.56241e-6 0 1 -1.42301e-5 0 1 1.17767e-5 0 1 -5.91595e-6 0 1 -9.63128e-6 0 1 6.76883e-6 0 1 3.05418e-6 0 1 -1.61958e-5 0 1 -2.90829e-5 0 1 3.00553e-5 0 1 8.91757e-6 0 1 -2.87047e-5 0 1 -5.43596e-5 0 1 3.36598e-5 0 1 -1.54313e-5 0 1 2.15459e-5 0 1 -1.37177e-5 0 1 -1.30897e-5 0 1 9.7944e-6 0 1 -9.54308e-6 0 1 1.10296e-5 0 1 -2.08486e-5 0 1 1.9308e-5 0 1 -4.44634e-6 0 1 3.50828e-5 0 1 1.97722e-5 0 1 2.83094e-6 0 1 2.87832e-5 0 1 -2.68785e-5 0 1 3.81343e-5 0 1 -3.42224e-5 0 1 1.62924e-5 0 1 -1.08413e-5 0 1 2.43551e-6 0 1 -4.17242e-6 0 1 1.60513e-5 0 1 -8.71444e-6 0 1 1.97597e-5 0 1 1.16612e-5 0 1 -7.28871e-7 0 1 -8.40816e-6 0 1 9.79931e-6 0 1 2.61501e-6 0 1 -4.37073e-6 0 1 -2.25376e-5 0 1 -1.8513e-5 0 1 6.74468e-6 0 1 9.05235e-6 0 1 1.26314e-5 0 1 -2.33e-6 0 1 3.46837e-6 0 1 -1.72466e-5 0 1 9.60947e-6 0 1 -1.60529e-5 0 1 -2.12035e-5 0 1 3.42192e-5 0 1 7.30567e-7 0 1 8.25537e-6 0 1 -9.05196e-6 0 1 1.6198e-5 0 1 -1.60669e-5 0 1 -2.43551e-6 0 1 3.42645e-5 0 1 -1.62948e-5 0 1 -1.9766e-5 0 1 8.71444e-6 0 1 4.37073e-6 0 1 1.24236e-5 0 1 -2.80577e-6 0 1 -3.06958e-5 0 1 3.00481e-5 0 1 7.47317e-6 0 1 -1.16603e-5 0 1 -7.34907e-6 0 1 -4.35844e-5 0 1 1.76759e-5 0 1 2.6875e-5 0 1 2.50803e-5 0 1 -3.46709e-6 0 1 2.327e-6 0 1 -8.68549e-6 0 1 -1.04506e-5 0 1 1.43984e-5 0 1 9.97195e-6 0 1 -2.73635e-5 0 1 -6.76901e-6 0 1 1.20123e-5 0 1 -1.17753e-5 0 1 -3.02302e-5 0 1 5.43478e-5 0 1 -3.3666e-5 0 1 1.54302e-5 0 1 5.91296e-5 0 1 -8.46711e-6 0 1 -4.45919e-6 0 1 -7.59841e-6 0 1 -1.14148e-5 0 1 5.85453e-6 0 1 3.97623e-5 0 1 -3.89081e-5 0 1 1.48298e-6 0 1 -1.49304e-6 0 1 -4.29406e-5 0 1 2.06096e-5 0 1 -7.74449e-6 0 1 -1.18215e-5 0 1 -8.58116e-6 0 1 3.45877e-5 0 1 -3.44197e-5 0 1 3.65012e-5 0 1 -3.9248e-5 0 1 -4.31034e-5 0 1 1.10437e-5 0 1 -1.39029e-5 0 1 -8.59118e-6 0 1 -1.04498e-5 0 1 7.54239e-6 0 1 -3.36557e-5 0 1 3.39729e-5 0 1 9.63222e-6 0 1 -3.02357e-5 0 1 -6.22432e-5 0 1 3.97639e-5 0 1 -1.89268e-5 0 1 2.90377e-5 0 1 -1.79929e-5 0 1 -1.63292e-5 0 1 1.18749e-5 0 1 -1.16822e-5 0 1 1.37158e-5 0 1 -2.25746e-5 0 1 2.08264e-5 0 -0.08715796 -0.9961946 0 -0.08715611 -0.9961947 0 -0.2587944 -0.9659325 0 -0.2587891 -0.9659339 0 -0.4226258 -0.9063043 0 -0.5735663 -0.8191591 0 -0.5735806 -0.8191491 0 -0.7071174 -0.7070962 0 -0.7071281 -0.7070856 0 -0.8191491 -0.5735806 0 -0.8191591 -0.5735663 0 -0.9062927 -0.4226508 0 -0.9063046 -0.4226253 0 -0.9659233 -0.2588287 0 -0.9659272 -0.2588142 0 -0.9961948 -0.08715426 0 -0.9961947 0.08715611 0 -0.9961946 0.08715796 0 -0.9659286 0.2588089 0 -0.9659219 0.258834 0 -0.9063084 0.4226171 0 -0.9063003 0.4226346 0 -0.8191522 0.5735763 0 -0.8191353 0.5736005 0 -0.7071281 0.7070856 0 -0.7071174 0.7070962 0 -0.5735663 0.8191591 0 -0.5735806 0.8191491 0 -0.4226258 0.9063043 0 -0.2588188 0.965926 0 -0.2588241 0.9659246 0 -0.08715611 0.9961947 0 -0.08715796 0.9961946 0 0.08715426 0.9961948 0 0.2588294 0.9659231 0 0.4226258 0.9063043 0 0.5735663 0.8191591 0 0.5735806 0.8191491 0 0.7071068 0.7071068 0 0.8191522 0.5735763 0 0.8191353 0.5736005 0 0.9063165 0.4225997 0 0.9659233 0.2588287 0 0.9659272 0.2588142 0 0.9961947 0.08715611 0 0.9961946 0.08715796 0 0.9961948 -0.08715426 0 0.9659286 -0.2588089 0 0.9659219 -0.258834 0 0.906309 -0.422616 0 0.9063128 -0.4226078 0 0.8191491 -0.5735806 0 0.8191591 -0.5735663 0 0.7071068 -0.7071068 0 0.5735663 -0.8191591 0 0.5735806 -0.8191491 0 0.4226258 -0.9063043 0 0.2587997 -0.9659311 0 0.08715426 -0.9961948 0 -0.2588241 -0.9659246 0 -0.2588188 -0.965926 0 -0.4226084 -0.9063125 0 -0.4226171 -0.9063084 0 -0.8191423 -0.5735906 0 -0.8191522 -0.5735763 0 -0.9063003 -0.4226346 0 -0.9063084 -0.4226171 0 -0.9659219 -0.258834 0 -0.9659258 -0.2588195 0 -0.9961947 -0.08715611 0 -0.9063046 0.4226253 0 -0.8191591 0.5735663 0 -0.8191491 0.5735806 0 -0.7071174 0.7070962 0 -0.7071068 0.7071068 0 -0.258804 0.9659299 0 -0.2588093 0.9659284 0 0.2588146 0.965927 0 0.7070962 0.7071174 0 0.8191591 0.5735663 0 0.8191491 0.5735806 0 0.9063128 0.4226078 0 0.9961947 -0.08715611 0 0.9659272 -0.2588142 0 0.9659205 -0.2588393 0 0.9063165 -0.4225997 0 0.8191423 -0.5735906 0 0.8191522 -0.5735763 0 0.4226084 -0.9063125 0 0.4226171 -0.9063084 0 0.2588294 -0.9659231 0.9961987 0 -0.08711034 0.9659332 0 -0.2587918 0.9063065 0 -0.4226211 0.8191323 0 -0.5736048 0.7071068 0 -0.7071068 0.5736048 0 -0.8191323 0.4226009 0 -0.906316 0.258805 0 -0.9659296 0.08716297 0 -0.9961941 -0.08716297 0 -0.9961941 -0.258805 0 -0.9659296 -0.4226009 0 -0.906316 -0.5736048 0 -0.8191323 -0.7071068 0 -0.7071068 -0.8191323 0 -0.5736048 -0.9063065 0 -0.4226211 -0.9659332 0 -0.2587918 -0.9961987 0 -0.08711034 -0.9961983 0 0.08711493 -0.9659332 0 0.2587918 -0.9063065 0 0.4226211 -0.8191323 0 0.5736048 -0.7071068 0 0.7071068 -0.5736048 0 0.8191323 -0.4226009 0 0.906316 -0.258805 0 0.9659296 -0.08716297 0 0.9961941 0.08716297 0 0.9961941 0.258805 0 0.9659296 0.4226009 0 0.906316 0.5736048 0 0.8191323 0.7071068 0 0.7071068 0.8191323 0 0.5736048 0.9063065 0 0.4226211 0.9659332 0 0.2587918 0.9961983 0 0.08711493 0.9961985 0 -0.08711266 0.9659314 0 -0.2587984 0.819141 0 -0.5735923 0.573587 0 -0.8191447 0.2588298 0 -0.965923 -0.2588298 0 -0.965923 -0.573587 0 -0.8191447 -0.819141 0 -0.5735923 -0.9659314 0 -0.2587984 -0.9961985 0 -0.08711266 -0.9961985 0 0.08711266 -0.9659314 0 0.2587984 -0.9063113 0 0.422611 -0.7071201 0 0.7070935 -0.5735691 0 0.8191571 -0.2588298 0 0.965923 0.2588298 0 0.965923 0.5735691 0 0.8191571 0.7071201 0 0.7070935 0.9063113 0 0.422611 0.9659314 0 0.2587984 0.9961985 0 0.08711266 -0.08715391 0 0.9961949 -0.2588055 0 0.9659295 -0.4226199 0 0.906307 -0.5735846 0 0.8191464 -0.707098 0 0.7071155 -0.8191522 0 0.5735763 -0.9063131 0 0.4226068 -0.9063137 0 0.4226056 -0.9659239 0 0.2588262 -0.996195 0 0.08715236 -0.996195 0 -0.08715236 -0.9659227 0 -0.2588306 -0.9063163 0 -0.4226001 -0.9063168 0 -0.4225988 -0.8191493 0 -0.5735805 -0.707098 0 -0.7071155 -0.5735787 0 -0.8191505 -0.4226272 0 -0.9063037 -0.2588137 0 -0.9659273 -0.08715391 0 -0.9961949 0 0.996195 0.08715188 0 0.9659243 0.2588248 0 0.9659227 0.2588306 0 0.9063113 0.4226107 0 0.9063027 0.4226292 0 0.8191541 0.5735736 0 0.7071127 0.707101 0 0.5735846 0.8191464 0 0.4226107 0.9063113 0 0.4226158 0.906309 0 0.2588143 0.9659272 0 0.08715289 0.996195 0 0.08715188 0.996195 0 0.08715188 -0.996195 0 0.08715289 -0.996195 0 0.2588197 -0.9659258 0 0.2588251 -0.9659242 0 0.4226158 -0.906309 0 0.4226203 -0.9063069 0 0.5735768 -0.8191519 0 0.7071127 -0.707101 0 0.8191541 -0.5735736 0 0.8191464 -0.5735846 0 0.906311 -0.4226113 0 0.9063113 -0.4226107 0 0.9659227 -0.2588306 0 0.996195 -0.08715188 -0.9961985 0 -0.08711308 -0.9062666 0 -0.4227064 -0.9062673 0 -0.4227053 -0.8191859 0 -0.5735282 -0.7071418 0 -0.7070718 -0.5735282 0 -0.8191859 -0.422621 0 -0.9063066 -0.2588481 0 -0.9659181 -0.08711308 0 -0.9961985 0.08711308 0 -0.9961985 0.2588481 0 -0.9659181 0.422621 0 -0.9063066 0.5735282 0 -0.8191859 0.7071418 0 -0.7070718 0.8191859 0 -0.5735282 0.9062666 0 -0.4227064 0.9062673 0 -0.4227053 0.9659227 0 -0.2588306 0.9961985 0 -0.08711308 0.9961979 0 0.08711916 0.9659227 0 0.2588306 0.9062793 0 0.4226797 0.9062798 0 0.4226784 0.8191629 0 0.5735611 0.7071418 0 0.7070718 0.5735282 0 0.8191859 0.422621 0 0.9063066 0.2588481 0 0.9659181 0.08718258 0 0.9961925 -0.08718258 0 0.9961925 -0.2588481 0 0.9659181 -0.422621 0 0.9063066 -0.5735282 0 0.8191859 -0.7071418 0 0.7070718 -0.8191629 0 0.5735611 -0.9062793 0 0.4226797 -0.9062798 0 0.4226784 -0.9659227 0 0.2588306 -0.9961979 0 0.08711916 -0.9961979 0 -0.08711916 -0.965925 0 -0.2588219 -0.906273 0 -0.4226931 -0.9062735 0 -0.4226918 -0.8191629 0 -0.5735611 -0.7071593 0 -0.7070543 -0.5735517 0 -0.8191695 -0.4225922 0 -0.90632 -0.08714783 0 -0.9961954 0.08714783 0 -0.9961954 0.4225922 0 -0.90632 0.5735517 0 -0.8191695 0.7071593 0 -0.7070543 0.8191629 0 -0.5735611 0.906273 0 -0.4226931 0.9062735 0 -0.4226918 0.965925 0 -0.2588219 0.9961979 0 -0.08711916 0.9961982 0 0.08711612 0.906273 0 0.4226931 0.9062735 0 0.4226918 0.8191744 0 0.5735446 0.5735517 0 0.8191695 0.4225922 0 0.90632 0.08714783 0 0.9961954 -0.08714783 0 0.9961954 -0.4225922 0 0.90632 -0.5735517 0 0.8191695 -0.8191744 0 0.5735446 -0.906273 0 0.4226931 -0.9062735 0 0.4226918 -0.9961982 0 0.08711612 1 -5.41128e-5 0 1 1.40306e-4 0 1 -1.40306e-4 0 1 1.08469e-4 0 0.9999998 6.61257e-4 0 1 -2.37039e-4 0 1 -4.58352e-5 0 1 1.79389e-5 0 1 -2.22239e-4 0 1 1.61696e-5 0 1 -1.5778e-5 0 1 -1.65796e-4 0 1 1.15222e-4 0 1 -1.31063e-5 0 1 1.0836e-5 0 1 1.08362e-5 0 1 -5.32902e-5 0 1 -6.07704e-5 0 0.999243 0.03890585 0 1 -1.59726e-5 0 1 -2.05153e-4 0 1 2.10898e-5 0 1 -8.07175e-5 0 1 9.6488e-5 0 1 -3.46918e-5 0 1 -1.83744e-5 0 1 5.9754e-5 0 1 4.58348e-5 0 1 -2.28283e-5 0 1 -5.90714e-6 0 1 3.12433e-5 0 1 -3.1243e-5 0 1 1.13612e-4 0 1 -3.12435e-5 0 1 -1.56216e-5 0 1 -5.4676e-5 0 1 -3.90542e-5 0 1 2.27221e-4 0 1 -2.43682e-4 0 1 2.8403e-5 0 1 -6.24866e-5 0 1 5.68056e-5 0 1 -2.84029e-5 0 1 6.24867e-5 0 1 2.84028e-5 0 1 -5.68079e-5 0 1 -4.26042e-5 0 1 -7.10068e-5 0 1 -1.13611e-4 0 1 1.24973e-4 0 1 -1.77522e-4 0 1 1.77516e-4 0 -1 1.91211e-5 0 -1 -5.90714e-6 0 -1 -1.71881e-5 0 -1 -1.56885e-4 0 -1 2.0533e-4 0 -1 5.29503e-5 0 -1 -5.51231e-5 0 -1 2.24081e-5 0 -1 4.58353e-5 0 -1 5.70697e-6 0 -1 -5.90714e-6 0 -1 -1.53043e-5 0 -1 6.18348e-5 0 -1 3.04599e-5 0 -1 1.28786e-5 0 -1 2.46393e-4 0 -1 -1.20711e-4 0 -1 6.24867e-5 0 -1 -1.06513e-4 0 -1 9.94103e-5 0 -1 -6.24865e-5 0 -1 4.26041e-5 0 -1 -6.24876e-5 0 -1 7.10073e-5 0 -1 2.84038e-5 0 -1 -2.84029e-5 0 -1 1.56216e-5 0 -1 7.81082e-6 0 -1 -2.84028e-5 0 -1 1.56216e-5 0 -1 1.77063e-4 0 -1 -4.99038e-6 0 -0.9999999 4.67174e-4 0 -1 2.48844e-4 0 -1 4.6537e-5 0 -1 6.68953e-5 0 -1 -2.14479e-5 0 -1 2.13996e-5 0 -1 -1.62143e-4 0 -1 -1.6806e-4 0 -1 1.38595e-5 0 -1 -6.24856e-5 0 -1 2.84029e-5 0 -1 2.84033e-5 0 -1 2.84029e-5 0 -1 6.24862e-5 0 -1 -8.52106e-5 0 -1 7.10071e-5 0 -1 1.42014e-4 0 -1 1.20715e-4 0 1.83064e-6 0 1 -3.66097e-6 0 1 1.83065e-6 0 1 -1.83066e-6 0 1 9.15345e-7 0 1 5.49191e-6 0 1 -5.49197e-6 0 1 2.92916e-5 0 1 -3.20372e-6 0 1 -9.15352e-7 0 -1 -1.46458e-5 0 -1 2.28831e-7 0 -1 -9.15338e-7 0 -1 9.15318e-7 0 -1 -1.83069e-6 0 -1 -3.66139e-6 0 -1 -0.08714318 -0.9961958 0 -0.9961944 -0.08716005 0 -0.9961944 -0.08716005 0 -0.9659072 -0.2588888 0 -0.9659342 -0.2587882 0 -0.9062908 -0.4226548 0 -0.9063321 -0.4225664 0 -0.8191418 -0.5735911 0 -0.707116 -0.7070976 0 -0.5735423 -0.8191761 0 -0.5736435 -0.8191051 0 -0.4226153 -0.9063092 0 -0.422574 -0.9063284 0 -0.2588386 -0.9659206 0 -0.2588117 -0.9659278 0 -0.08714264 -0.9961959 0 -0.087143 -0.9961958 0 -0.08714753 -0.9961955 0 -0.08715015 -0.9961952 0 -0.08714026 -0.996196 0 0.08710783 0.9961989 0 0.0870884 0.9962007 0 0.0871126 0.9961985 0 0.08709955 0.9961996 0 0.08709955 0.9961996 0 0.08708542 0.9962009 0 0.258886 0.9659079 0 0.2588859 0.9659079 0 0.4226332 0.9063008 0 0.4224683 0.9063777 0 0.5737154 0.8190547 0 0.5735129 0.8191965 0 0.7068577 0.7073559 0 0.7072886 0.706925 0 0.8191491 0.5735809 0 0.819149 0.5735808 0 0.9064107 0.4223977 0 0.9062456 0.4227517 0 0.9658831 0.2589783 0 0.9659909 0.2585762 0 0.9962036 0.08705502 0 0.9961661 0.08748269 0 0 -1 1.31574e-5 0 -1 1.10256e-5 0 -1 -4.30001e-6 0 -1 1.89265e-6 0 -1 -3.65036e-6 0 -1 -4.44476e-6 0 -1 3.59002e-6 0 -1 2.87332e-6 0 -1 -1.0186e-5 0 -1 1.3128e-5 0 -1 1.82206e-5 0 -1 -3.00084e-5 0 -1 3.89894e-5 0 -1 -1.61576e-5 0 -1 -1.5144e-6 0 -1 -2.20199e-5 0 -1 1.47015e-5 0 -1 -3.7098e-6 0 -1 8.85436e-6 0 -1 6.51167e-6 0 -1 1.50767e-5 0 -1 -1.01597e-5 0 -1 1.31743e-6 0 -1 1.60509e-5 0 -1 -3.42185e-5 0 -1 2.12035e-5 0 -1 1.62977e-5 0 -1 -1.0844e-5 0 -1 2.43532e-6 0 -1 4.61909e-6 0 -1 -1.47015e-5 0 -1 1.01598e-5 0 -1 -1.50767e-5 0 -1 -6.51167e-6 0 -1 -4.01021e-7 0 -1 -5.20959e-6 0 -1 3.7098e-6 0 -1 5.04439e-5 0 -1 1.61576e-5 0 -1 -3.41144e-5 0 -1 3.69331e-5 0 -1 -1.82206e-5 0 -1 3.50608e-6 0 -1 1.2911e-5 0 -1 4.1726e-6 0 -1 -1.6072e-5 0 -1 -2.43532e-6 0 -1 3.42323e-5 0 -1 -1.62959e-5 0 -1 -1.66489e-5 0 -1 7.54239e-6 0 -1 -3.8902e-5 0 -1 -2.20723e-6 0 -1 -1.0501e-5 0 -1 -8.46521e-6 0 -1 5.91436e-5 0 -1 -2.73639e-5 0 -1 9.97089e-6 0 -1 6.69703e-5 0 -1 -1.89281e-5 0 -1 -1.14155e-5 0 -1 1.44001e-5 0 -1 1.21587e-5 0 -1 -1.18209e-5 0 -1 -3.92095e-5 0 -1 3.65361e-5 0 -1 -3.44008e-5 0 -1 3.45889e-5 0 -1 -7.74513e-6 0 -1 2.06098e-5 0 -1 5.85554e-6 0 -1 2.98607e-6 0 -1 5.4276e-6 0 -1 3.39711e-5 0 -1 -6.7692e-6 0 -1 -3.02339e-5 0 -1 -1.39041e-5 0 -1 1.20123e-5 0 -1 5.91508e-6 0 -1 -1.63292e-5 0 -1 1.49396e-5 0 -1 4.68375e-6 0 -1 -2.15538e-5 0 -1 1.37161e-5 0 -1 1.30849e-5 0 -1 -1.17577e-5 0 -1 2.08417e-5 0 -1 -2.25648e-5 0 -1 -2.87886e-5 0 -1 2.90398e-5 0 -1 -1.53713e-5 0 -1 -1.14169e-5 0 -1 -1.89263e-5 0 -1 1.61945e-5 0 -1 -3.89057e-5 0 -1 7.54262e-6 0 -1 1.2014e-5 0 -1 -1.17745e-5 0 -1 8.7562e-6 0 -1 -6.76865e-6 0 -1 5.43596e-5 0 -1 -3.36624e-5 0 -1 1.5431e-5 0 -1 4.44634e-6 0 -1 -3.46709e-6 0 -1 7.2888e-7 0 -1 -1.25427e-6 0 -1 8.40848e-6 0 -1 -9.79931e-6 0 -1 -2.61456e-6 0 -1 4.37167e-6 0 -1 2.50903e-5 0 -1 -1.23498e-5 0 -1 -3.81347e-5 0 -1 4.17274e-6 0 -1 -1.60509e-5 0 -1 1.10274e-5 0 -1 -1.60691e-5 0 -1 5.44501e-6 0 -1 -8.69406e-6 0 -1 7.47194e-6 0 -1 2.25396e-5 0 -1 -3.07e-5 0 -1 -2.83094e-6 0 -1 -2.87871e-5 0 -1 2.68754e-5 0 -1 1.85076e-5 0 -1 -6.74595e-6 0 -1 -9.04938e-6 0 -1 2.8058e-6 0 -1 -5.19371e-6 0 -1 3.07e-5 0 -1 -3.00625e-5 0 -1 -7.47083e-6 0 -1 1.1663e-5 0 -1 1.26518e-5 0 -1 -5.44501e-6 0 -1 -1.6194e-5 0 -1 -3.42195e-5 0 -1 1.23513e-5 0 -1 -1.72448e-5 0 -1 2.61471e-6 0 -1 7.34986e-6 0 -1 -8.40848e-6 0 -1 -7.30567e-7 0 -1 -8.25506e-6 0 -1 9.04988e-6 0 -1 2.43537e-6 0 -1 -3.4243e-5 0 -1 1.63009e-5 0 -1 4.35844e-5 0 -1 -1.76713e-5 0 -1 -2.6874e-5 0 -1 6.7692e-6 0 -1 -1.48298e-6 0 -1 -6.76297e-6 0 -1 -5.85458e-6 0 -1 -2.06135e-5 0 -1 7.74377e-6 0 -1 5.66893e-5 0 -1 -1.54319e-5 0 -1 -8.84138e-6 0 -1 1.18209e-5 0 -1 1.02971e-5 0 -1 -9.98363e-6 0 -1 -3.45877e-5 0 -1 3.44284e-5 0 -1 -3.2489e-5 0 -1 3.08499e-5 0 -1 -6.29765e-6 0 -1 1.6443e-5 0 -1 -3.35121e-5 0 -1 4.44795e-6 0 -1 2.22959e-6 0 -1 4.19646e-6 0 -1 7.17811e-6 0 -1 -4.89716e-5 0 -1 3.00567e-5 0 -1 -6.1228e-6 0 -1 -2.87129e-5 0 -1 -1.42342e-5 0 -1 1.17743e-5 0 -1 4.48254e-6 0 -1 -2.61835e-5 0 -1 -3.33156e-5 0 -1 1.17559e-5 0 -1 -1.70349e-5 0 -1 1.10261e-5 0 -1 1.08733e-5 0 -1 -9.96201e-6 0 -1 -2.19452e-5 0 -1 2.15522e-5 0 -1 -1.10404e-5 0 -1 -6.68456e-6 0 -1 -1.54316e-5 0 -1 -1.14785e-6 0 -1 1.13733e-5 0 -1 4.9097e-6 0 -1 -3.39729e-5 0 -1 6.76865e-6 0 -1 1.17745e-5 0 -1 -1.15432e-5 0 -1 8.10425e-6 0 -1 -6.12385e-6 0 -1 4.80862e-5 0 -1 -2.9084e-5 0 -1 1.29692e-5 0 -1 3.08794e-5 0 1 -2.59356e-5 0 1 1.50501e-5 0 1 1.66489e-5 0 1 6.61533e-6 0 1 7.48111e-6 0 1 1.14559e-5 0 1 -1.53243e-5 0 1 1.10384e-5 0 1 -3.59002e-6 0 1 3.65036e-6 0 1 5.04439e-5 0 1 4.61909e-6 0 1 -1.47015e-5 0 1 -3.41164e-5 0 1 3.00084e-5 0 1 -1.21818e-5 0 1 9.42394e-6 0 1 -3.64432e-5 0 1 3.50598e-6 0 1 -1.3128e-5 0 1 1.01597e-5 0 1 -1.50767e-5 0 1 1.76305e-5 0 1 -6.51167e-6 0 1 -4.01021e-7 0 1 -5.20949e-6 0 1 3.7098e-6 0 1 -1.6072e-5 0 1 -2.43532e-6 0 1 3.42555e-5 0 1 -1.62977e-5 0 1 -1.60509e-5 0 1 4.17214e-6 0 1 1.31278e-5 0 1 1.77104e-5 0 1 -4.94619e-6 0 1 -1.54275e-5 0 1 1.50767e-5 0 1 -2.03186e-5 0 1 2.19251e-6 0 1 -2.32206e-5 0 1 1.21821e-5 0 1 1.82206e-5 0 1 -3.00092e-5 0 1 3.89894e-5 0 1 -1.61576e-5 0 1 -1.5144e-6 0 1 -2.20218e-5 0 1 1.47015e-5 0 1 -4.2123e-5 0 1 -4.1726e-6 0 1 1.6049e-5 0 1 -1.10275e-5 0 1 1.07041e-6 0 1 9.63303e-6 0 1 -1.18209e-5 0 1 1.07893e-5 0 1 2.06135e-5 0 1 -3.22091e-5 0 1 -1.17743e-5 0 1 1.15393e-5 0 1 2.87129e-5 0 1 -3.00567e-5 0 1 2.90778e-5 0 1 8.84138e-6 0 1 -3.36605e-5 0 1 3.39683e-5 0 1 -7.17811e-6 0 1 -1.10917e-6 0 1 -4.95344e-6 0 1 -4.44795e-6 0 1 3.35121e-5 0 1 -1.6443e-5 0 1 6.29765e-6 0 1 9.98363e-6 0 1 7.41189e-6 0 1 -3.0849e-5 0 1 3.2489e-5 0 1 -3.44284e-5 0 1 3.45793e-5 0 1 3.40692e-5 0 1 -8.56513e-6 0 1 1.42354e-5 0 1 -1.17745e-5 0 1 5.91688e-6 0 1 9.63209e-6 0 1 -6.76865e-6 0 1 -3.05418e-6 0 1 1.61945e-5 0 1 2.9084e-5 0 1 -3.00531e-5 0 1 -8.91468e-6 0 1 2.87146e-5 0 1 5.43596e-5 0 1 -3.36612e-5 0 1 1.54316e-5 0 1 -2.15522e-5 0 1 1.37171e-5 0 1 1.30904e-5 0 1 -9.79655e-6 0 1 9.54417e-6 0 1 -1.10261e-5 0 1 2.08195e-5 0 1 -1.93032e-5 0 1 4.44634e-6 0 1 -3.50828e-5 0 1 -1.97785e-5 0 1 -2.83094e-6 0 1 -2.87871e-5 0 1 2.6874e-5 0 1 -3.81372e-5 0 1 3.42195e-5 0 1 -1.63009e-5 0 1 1.08456e-5 0 1 -2.43537e-6 0 1 4.1726e-6 0 1 -1.60513e-5 0 1 -1.97597e-5 0 1 -1.1663e-5 0 1 7.2888e-7 0 1 8.40848e-6 0 1 -9.79931e-6 0 1 -2.61471e-6 0 1 4.37167e-6 0 1 2.2545e-5 0 1 1.85076e-5 0 1 -6.74595e-6 0 1 -9.04988e-6 0 1 -1.26518e-5 0 1 2.32757e-6 0 1 -3.46632e-6 0 1 1.72448e-5 0 1 -9.60947e-6 0 1 1.60509e-5 0 1 2.12031e-5 0 1 -3.42206e-5 0 1 -7.30567e-7 0 1 -8.25506e-6 0 1 9.04938e-6 0 1 -1.6195e-5 0 1 2.43537e-6 0 1 -3.42269e-5 0 1 1.63018e-5 0 1 -8.70959e-6 0 1 -4.37167e-6 0 1 -1.24236e-5 0 1 2.8058e-6 0 1 3.07e-5 0 1 -3.00553e-5 0 1 -7.47194e-6 0 1 1.16621e-5 0 1 7.34986e-6 0 1 4.35844e-5 0 1 -1.76713e-5 0 1 -2.68754e-5 0 1 -2.50903e-5 0 1 3.46709e-6 0 1 -2.32815e-6 0 1 8.69406e-6 0 1 1.04517e-5 0 1 -1.44001e-5 0 1 -9.97089e-6 0 1 2.73639e-5 0 1 6.7692e-6 0 1 -1.20123e-5 0 1 1.17743e-5 0 1 3.02339e-5 0 1 -5.43478e-5 0 1 3.36636e-5 0 1 -1.54303e-5 0 1 -5.91436e-5 0 1 8.46521e-6 0 1 4.45919e-6 0 1 7.59988e-6 0 1 1.14155e-5 0 1 -5.85554e-6 0 1 -3.97643e-5 0 1 3.8902e-5 0 1 -1.48298e-6 0 1 1.49304e-6 0 1 4.29406e-5 0 1 -2.06098e-5 0 1 7.74513e-6 0 1 1.18209e-5 0 1 8.57904e-6 0 1 -3.45877e-5 0 1 3.44008e-5 0 1 -3.65361e-5 0 1 3.92111e-5 0 1 4.31034e-5 0 1 -1.10404e-5 0 1 1.38998e-5 0 1 -1.2014e-5 0 1 8.59247e-6 0 1 1.04499e-5 0 1 -7.54262e-6 0 1 3.36624e-5 0 1 -3.39739e-5 0 1 -9.63182e-6 0 1 3.02357e-5 0 1 6.2251e-5 0 1 -3.97626e-5 0 1 1.89263e-5 0 1 -2.90398e-5 0 1 1.79934e-5 0 1 1.63292e-5 0 1 -1.18736e-5 0 1 1.16855e-5 0 1 -1.37161e-5 0 1 2.25648e-5 0 1 -2.08417e-5 0 -0.5735734 0.8191542 0 -0.9062964 0.4226427 0 -0.9961948 0.08715426 0 -0.5735734 -0.8191542 0 0.5735734 -0.8191542 0 0.9961948 0.08715426 0 0.5735734 0.8191542 0.08715391 0 -0.9961949 0.2588137 0 -0.9659273 0.4226272 0 -0.9063037 0.5735787 0 -0.8191505 0.707098 0 -0.7071155 0.8191493 0 -0.5735805 0.9063163 0 -0.4226001 0.9063168 0 -0.4225988 0.996195 0 -0.08715236 0.996195 0 0.08715236 0.9659239 0 0.2588262 0.9063131 0 0.4226068 0.9063137 0 0.4226056 0.8191522 0 0.5735763 0.707098 0 0.7071155 0.5735846 0 0.8191464 0.4226199 0 0.906307 0.2588055 0 0.9659295 0.08715391 0 0.9961949 0 0.9961949 -0.08715391 0 0.9063069 -0.4226203 0 0.7070952 -0.7071185 0 0.5735846 -0.8191464 0 0.4226254 -0.9063045 0 0.707101 0.7071127 0 0.8191464 0.5735846 0 0.9961949 0.08715391 0 -1 6.68778e-6 0 -1 -2.42792e-6 0 -1 -1.74503e-5 0 -1 8.0241e-6 0 -1 -3.88717e-5 0 -1 1.42049e-5 0 -1 5.67408e-5 0 -1 -1.22144e-5 0 -1 -1.78461e-6 0 -1 1.41523e-5 0 -1 -1.34691e-5 0 -1 1.2751e-5 0 -1 -7.44885e-6 0 -1 -1.51428e-5 0 -1 5.77634e-5 0 -1 -6.08532e-6 0 -1 1.48512e-6 0 -1 -2.92888e-5 0 -1 3.60774e-5 0 -1 8.86249e-6 0 -1 -2.55525e-5 0 -1 1.79694e-5 0 -1 -4.31332e-5 0 -1 6.91659e-5 0 -1 -1.04757e-5 0 -1 3.21685e-5 0 -1 7.09622e-5 0 -1 -8.51558e-6 0 -1 8.38701e-6 0 -1 -4.39932e-5 0 -1 -2.5594e-6 0 -1 1.21268e-5 0 -1 -1.76643e-5 0 -1 1.67003e-5 0 -1 -1.57561e-5 0 -1 9.63484e-5 0 -1 1.90975e-5 0 -1 -4.12725e-6 0 -1 1.2207e-4 0 -1 -7.54475e-5 0 -1 -5.29194e-5 0 -1 -1.3118e-4 0 -1 1.68284e-4 0 -1 2.55956e-6 0 -1 1.60766e-5 0 -1 -6.91659e-5 0 -1 4.39932e-5 0 -1 1.0476e-5 0 -1 -9.6353e-5 0 -1 -1.2207e-4 0 -1 3.45686e-5 0 -1 -1.68249e-4 0 -1 1.3118e-4 0 -1 8.51544e-6 0 -1 -4.60138e-5 0 -1 4.12766e-6 0 -1 -1.90953e-5 0 -1 1.57551e-5 0 -1 -1.53215e-5 0 -1 1.76643e-5 0 -1 -5.38457e-6 0 -1 -3.21685e-5 0 -1 7.46123e-5 0 -1 -1.79694e-5 0 -1 3.35368e-5 0 -1 1.4548e-5 0 -1 1.01169e-5 0 -1 2.44487e-5 0 -1 -1.30634e-4 0 -1 7.94791e-5 0 -1 -6.91372e-6 0 -1 2.44141e-5 0 -1 -3.01484e-5 0 -1 -9.63484e-5 0 -1 -7.15563e-5 0 -1 4.12752e-6 0 -1 2.65683e-5 0 -1 1.57541e-5 0 -1 -1.91403e-5 0 -1 7.5429e-5 0 -1 5.29231e-5 0 -1 5.49451e-5 0 -1 3.53907e-5 0 -1 -1.17305e-6 0 -1 1.10097e-6 0 -1 -2.43074e-5 0 -1 6.97817e-6 0 -1 -3.09578e-5 0 -1 -1.1525e-5 0 -1 9.711e-6 0 -1 -3.21691e-5 0 -1 -3.34685e-6 0 -1 1.45467e-5 0 -1 2.05436e-5 0 -1 -3.01373e-5 0 -1 -3.32036e-5 0 -1 8.89021e-5 0 -1 -1.95984e-5 0 -1 -1.24626e-5 0 -1 1.44485e-5 0 -1 1.03494e-5 0 -1 3.30936e-5 0 -1 1.18526e-4 0 -1 -3.7108e-5 0 -1 3.30877e-5 0 -1 1.65955e-5 0 -1 8.9815e-5 0 -1 -1.56538e-5 0 -1 1.52216e-5 0 -1 -4.14688e-5 0 -1 -1.26821e-5 0 -1 -4.14662e-5 0 -1 1.44502e-5 0 -1 -1.24629e-5 0 -1 4.06372e-5 0 -1 5.60186e-6 0 -1 1.56579e-5 0 -1 -2.45098e-5 0 -1 1.01856e-5 0 -1 3.59563e-5 0 -1 -6.70781e-5 0 -1 2.35001e-5 0 -1 -2.28966e-5 0 -1 -2.93413e-6 0 -1 7.38997e-6 0 -1 5.62886e-6 0 -1 -5.03018e-5 0 -1 9.41642e-6 0 -1 3.59609e-5 0 -1 1.29587e-5 0 -1 3.72912e-6 0 -1 -7.68285e-5 0 -1 1.82366e-5 0 -1 -7.73013e-6 0 -1 -2.28889e-5 0 -1 -4.49115e-5 0 -1 1.5651e-5 0 -1 -1.44492e-5 0 -1 4.14662e-5 0 -1 1.26821e-5 0 -1 -3.30877e-5 0 -1 3.71122e-5 0 -1 -1.18511e-4 0 -1 1.95996e-5 0 -1 1.56655e-5 0 -1 -8.88849e-5 0 -1 3.71113e-5 0 -1 4.14671e-5 0 -1 -1.65927e-5 0 -1 1.56531e-5 0 -1 4.25798e-5 0 -1 -2.34996e-5 0 -1 5.03157e-5 0 -1 5.03014e-5 0 -1 -5.2223e-5 0 -1 4.25786e-5 0 -1 -1.51382e-5 0 -1 1.2762e-5 0 -1 -1.8975e-5 0 -1 1.41543e-5 0 -1 -2.4278e-6 0 -1 9.85241e-6 0 -1 7.1053e-6 0 -1 1.90478e-6 0 -1 1.42018e-5 0 -1 -1.29266e-5 0 -1 8.20425e-6 0 -1 -7.10873e-6 0 -1 4.14182e-6 0 -1 -1.71421e-5 0 -1 -2.46529e-6 0 -1 8.41955e-7 0 -1 1.74803e-5 0 -1 -2.64478e-6 0 -1 -8.75902e-6 0 -1 9.10986e-6 0 -1 -5.81287e-6 0 -1 8.86106e-6 0 -1 -1.57546e-5 0 -1 1.53201e-5 0 -1 -1.76685e-5 0 -1 4.9195e-5 0 -1 -1.53068e-6 0 -1 1.30662e-6 0 -1 9.63438e-5 0 -1 -7.54503e-5 0 -1 -9.8008e-5 0 -1 2.59195e-5 0 -1 -6.97778e-6 0 -1 6.71862e-6 0 -1 -4.12746e-6 0 -1 1.90964e-5 0 -1 -5.49571e-5 0 -1 2.43016e-5 0 -1 -1.35001e-6 0 -1 1.17305e-6 0 -1 1.01861e-5 0 -1 7.72893e-6 0 -1 7.19217e-5 0 -1 -1.44269e-5 0 -1 1.44284e-5 0 -1 -3.59563e-5 0 -1 1.01868e-5 0 -1 -2.28833e-5 0 -1 2.35073e-5 0 -1 6.70601e-5 0 -1 -2.35073e-5 0 -1 2.35054e-5 0 -1 -2.2891e-5 0 -1 -5.6287e-6 0 -1 -5.63004e-6 0 -1 -9.41642e-6 0 -1 7.73013e-6 0 -1 -1.01894e-5 0 -1 -6.70601e-5 0 -1 7.38975e-6 0 -1 5.629e-6 0 -1 1.51382e-5 0 -1 -8.1646e-6 0 -1 -8.86167e-6 0 -1 -9.10902e-6 0 -1 3.34659e-6 0 -1 2.26238e-5 0 -1 -1.49084e-5 0 -1 1.34582e-5 0 -1 -1.27655e-5 0 -1 -1.42018e-5 0 -1 -1.90478e-6 0 -1 3.01373e-5 0 -1 3.14789e-5 0 -1 -2.34667e-6 0 -1 2.64478e-6 0 -1 4.45951e-5 0 -1 -2.58906e-5 0 -1 5.0029e-6 0 -1 -2.05436e-5 0 -1 -2.54375e-5 0 -1 1.36992e-5 0 -1 -1.58823e-6 0 -1 1.03779e-6 0 -1 3.02883e-5 0 -1 5.06688e-5 0 -1 1.29631e-5 0 -1 -1.01169e-5 0 -1 1.45433e-5 0 -1 -3.72635e-5 0 -1 -1.48483e-6 0 -1 6.0858e-6 0 -1 -1.90492e-6 0 -1 -1.42012e-5 0 -1 6.49941e-5 0 -1 -8.26296e-6 0 -1 7.79904e-6 0 -1 -3.60729e-5 0 -1 -5.77634e-5 0 -1 2.55498e-5 0 -1 -1.64612e-6 0 -1 5.81287e-6 0 -1 -8.86326e-6 0 -1 -3.35379e-5 0 -1 3.14736e-5 0 -1 -2.44141e-5 0 -1 6.91372e-6 0 -1 -7.94791e-5 0 -1 8.98062e-5 0 -1 -1.27543e-5 0 -1 1.777e-5 0 -1 -1.49103e-5 0 -1 -8.16289e-6 0 -1 2.26294e-5 0 -1 1.56594e-5 0 1 5.49571e-5 0 1 -4.9195e-5 0 1 1.57546e-5 0 1 -1.91403e-5 0 1 6.97778e-6 0 1 -3.09598e-5 0 1 -2.59195e-5 0 1 9.8008e-5 0 1 -4.81719e-5 0 1 -1.90964e-5 0 1 3.53957e-5 0 1 -1.17305e-6 0 1 1.10113e-6 0 1 -2.43016e-5 0 1 2.65683e-5 0 1 -9.17606e-6 0 1 7.44968e-6 0 1 1.51382e-5 0 1 9.29064e-7 0 1 -2.54272e-5 0 1 1.37038e-5 0 1 -8.41955e-7 0 1 8.20385e-6 0 1 1.74511e-5 0 1 -6.68649e-6 0 1 -2.34737e-6 0 1 2.64478e-6 0 1 7.14122e-6 0 1 1.71421e-5 0 1 -5.01847e-6 0 1 -2.08603e-5 0 1 -9.85241e-6 0 1 -1.41543e-5 0 1 1.34642e-5 0 1 -1.2762e-5 0 1 -8.86106e-6 0 1 -9.10986e-6 0 1 -2.65683e-5 0 1 -7.5429e-5 0 1 2.59195e-5 0 1 -1.57541e-5 0 1 1.53196e-5 0 1 -1.76685e-5 0 1 1.9096e-5 0 1 4.8173e-5 0 1 -6.97817e-6 0 1 6.71862e-6 0 1 -5.49451e-5 0 1 2.43074e-5 0 1 -1.34978e-6 0 1 1.17305e-6 0 1 7.15563e-5 0 1 -9.711e-6 0 1 5.0034e-6 0 1 -1.29525e-5 0 1 -6.70781e-5 0 1 -1.45467e-5 0 1 5.38433e-6 0 1 3.21691e-5 0 1 3.01373e-5 0 1 3.14789e-5 0 1 3.34659e-6 0 1 -3.35368e-5 0 1 3.14736e-5 0 1 -2.44141e-5 0 1 6.91372e-6 0 1 -7.94791e-5 0 1 2.44926e-5 0 1 -1.01169e-5 0 1 2.99269e-6 0 1 -2.31035e-5 0 1 -2.55956e-6 0 1 -3.14006e-5 0 1 -3.57765e-5 0 1 -2.62437e-5 0 1 5.4034e-6 0 1 2.06699e-5 0 1 1.2207e-4 0 1 -5.29194e-5 0 1 4.81765e-5 0 1 1.05333e-5 0 1 2.66451e-5 0 1 -1.0476e-5 0 1 3.21685e-5 0 1 -4.12766e-6 0 1 -2.65679e-5 0 1 -1.76643e-5 0 1 1.67003e-5 0 1 -1.57551e-5 0 1 1.95984e-5 0 1 -8.89021e-5 0 1 -3.30936e-5 0 1 -1.03494e-5 0 1 -1.44485e-5 0 1 1.24626e-5 0 1 -8.88942e-5 0 1 1.95996e-5 0 1 -8.9815e-5 0 1 1.56524e-5 0 1 -1.52199e-5 0 1 4.14662e-5 0 1 4.14688e-5 0 1 -1.65927e-5 0 1 1.56538e-5 0 1 -1.03507e-5 0 1 -3.30877e-5 0 1 4.25761e-5 0 1 1.24629e-5 0 1 -4.06372e-5 0 1 -2.35001e-5 0 1 5.03145e-5 0 1 -5.62886e-6 0 1 -2.61116e-6 0 1 -5.62992e-6 0 1 -9.41642e-6 0 1 -1.56579e-5 0 1 -5.60186e-6 0 1 -1.01856e-5 0 1 7.72869e-6 0 1 6.70781e-5 0 1 -2.35071e-5 0 1 2.28889e-5 0 1 2.99801e-5 0 1 -1.82428e-5 0 1 1.44278e-5 0 1 -1.01868e-5 0 1 -3.59609e-5 0 1 7.68285e-5 0 1 -2.79684e-6 0 1 4.31958e-6 0 1 1.03494e-5 0 1 3.30921e-5 0 1 1.65955e-5 0 1 4.49115e-5 0 1 1.44502e-5 0 1 -1.24617e-5 0 1 1.44492e-5 0 1 8.88849e-5 0 1 -1.96015e-5 0 1 8.9815e-5 0 1 -1.56531e-5 0 1 1.52216e-5 0 1 -4.14671e-5 0 1 -1.95996e-5 0 1 1.18511e-4 0 1 -3.71122e-5 0 1 3.30877e-5 0 1 -1.26821e-5 0 1 -4.14662e-5 0 1 -6.70961e-5 0 1 -4.25786e-5 0 1 2.35073e-5 0 1 -5.03014e-5 0 1 5.63004e-6 0 1 2.61116e-6 0 1 5.6287e-6 0 1 9.41686e-6 0 1 2.42792e-6 0 1 3.02883e-5 0 1 3.95795e-6 0 1 1.35377e-5 0 1 6.08532e-6 0 1 -1.29631e-5 0 1 -1.90446e-6 0 1 -1.42049e-5 0 1 -1.2751e-5 0 1 1.89728e-5 0 1 -1.41523e-5 0 1 4.14236e-6 0 1 3.03532e-5 0 1 -2.44034e-5 0 1 2.55525e-5 0 1 -1.64612e-6 0 1 5.81287e-6 0 1 -8.86249e-6 0 1 -3.21685e-5 0 1 1.04757e-5 0 1 1.57561e-5 0 1 -1.53215e-5 0 1 1.76643e-5 0 1 4.12725e-6 0 1 -1.90975e-5 0 1 3.57765e-5 0 1 3.13991e-5 0 1 2.5594e-6 0 1 -2.06699e-5 0 1 1.00707e-5 0 1 2.74854e-5 0 1 -2.66455e-5 0 1 5.29194e-5 0 1 7.54475e-5 0 1 2.45098e-5 0 1 -3.45686e-5 0 1 1.74847e-5 0 1 -2.64478e-6 0 1 -8.75987e-6 0 1 -3.02737e-5 0 1 8.1646e-6 0 1 -2.26238e-5 0 1 9.10902e-6 0 1 2.38475e-6 0 1 -5.81287e-6 0 1 8.86167e-6 0 1 1.45467e-5 0 1 3.35407e-5 0 1 -3.01373e-5 0 1 -3.32036e-5 0 1 -5.0029e-6 0 1 5.13748e-6 0 1 1.90478e-6 0 1 1.42018e-5 0 1 -4.45951e-5 0 1 2.10394e-5 0 1 -1.03779e-6 0 1 1.27655e-5 0 1 -1.7772e-5 0 1 1.49084e-5 0 1 -1.34691e-5 0 1 -5.66503e-6 0 1 1.42012e-5 0 1 -7.44835e-6 0 1 -1.51428e-5 0 1 1.01169e-5 0 1 -2.44496e-5 0 1 7.94791e-5 0 1 -6.91372e-6 0 1 2.44141e-5 0 1 -3.01484e-5 0 1 -3.34654e-6 0 1 -2.26294e-5 0 1 5.03561e-6 0 1 1.86986e-5 0 1 -1.64033e-5 0 1 1.49103e-5 0 1 8.86326e-6 0 1 -2.55498e-5 0 1 1.48483e-6 0 1 -1.35377e-5 0 1 8.25765e-6 0 1 2.83809e-5 0 1 -2.58551e-5 0 1 9.57423e-6 0 1 -9.57423e-6 0 1 -1.4423e-5 0 1 1.01853e-5 0 1 7.73036e-6 0 1 1.01894e-5 0 1 -7.73013e-6 0 1 7.19217e-5 0 1 -1.44284e-5 0 1 1.44269e-5 0 1 -3.59563e-5 0 1 6.70601e-5 0 1 -2.35073e-5 0 1 2.28833e-5 0 1 -2.35054e-5 0 1 5.03022e-5 0 1 2.34996e-5 0 1 -2.28966e-5 0 1 -5.629e-6 0 1 -5.62979e-6 0 1 3.45686e-5 -9.15348e-7 0 -1 1.83078e-6 0 -1 9.15304e-7 0 -1 -1.46432e-5 0 -1 2.28822e-7 0 -1 -9.15349e-7 0 -1 4.57674e-7 0 1 -5.49172e-6 0 1 -1.83073e-6 0 1 2.9295e-5 0 1 -2.74594e-6 0 1 -2.92839e-5 0 1 3.66151e-6 0 1 1.83061e-6 0 1 -1.83063e-6 0 1 1.46461e-5 0 1 -1.83068e-6 0 1 -0.0871759 0.996193 0 -0.9961848 0.08726888 0 -0.08716535 0.9961939 0 -0.08717608 0.9961929 0 -0.9961943 0.08716195 0 -0.9659342 0.2587882 0 -0.965961 0.2586877 0 -0.9062947 0.4226465 0 -0.9062947 0.4226465 0 -0.8190912 0.5736634 0 -0.8191925 0.5735188 0 -0.7071698 0.7070437 0 -0.7070621 0.7071515 0 -0.5735782 0.8191509 0 -0.422574 0.9063284 0 -0.4226565 0.9062899 0 -0.2587847 0.9659351 0 -0.2588386 0.9659206 0 -0.08716458 0.996194 0 -0.0871703 0.9961935 0 0.08720552 -0.9961904 0 0.08712744 -0.9961972 0 0.08715844 -0.9961946 0 0.08715468 -0.9961948 0 0.0872097 -0.99619 0 0.2587782 -0.9659368 0 0.258886 -0.9659079 0 0.4225614 -0.9063344 0 0.5739181 -0.8189128 0 0.5733105 -0.8193382 0 0.7071169 -0.7070968 0 0.8191202 -0.5736219 0 0.9062612 -0.4227182 0 0.9064263 -0.4223642 0 0.9659851 -0.2585981 0 0.9658773 -0.2590002 0 0.9962036 -0.08705502 0 0.9961661 -0.08748269 0 0 1 3.74449e-7 0 1 1.40374e-7 0 1 -3.9734e-7 0 1 8.40596e-7 0 1 -1.55102e-7 0 1 8.2749e-7 0 1 -1.02708e-6 0 1 0 0 1 6.72651e-7 0 1 -7.94761e-7 0 1 1.59581e-6 0 1 1.68495e-6 0 1 6.76537e-7 0 1 -9.9123e-7 0 1 0 0 1 5.02102e-7 0 1 9.9123e-7 0 1 -1.54873e-6 0 1 -1.68483e-6 0 1 5.13507e-7 0 1 0 0 1 -3.19203e-6 0 1 0 0 1 -6.80057e-7 0 1 3.28895e-7 0 1 -3.13868e-7 0 1 0 0 1 -1.25655e-6 0 1 1.25596e-6 0 1 6.76342e-7 0 1 0 0 1 5.02008e-7 0 1 4.35528e-7 0 1 -5.01895e-7 0 1 -6.76537e-7 0 1 6.72568e-7 0 1 4.35516e-7 0 1 -9.9189e-7 0 1 -4.35516e-7 0 1 5.02111e-7 0 1 -6.72435e-7 0 1 0 0 1 1.25651e-6 0 1 -1.256e-6 0 1 -6.76316e-7 0 1 6.72435e-7 0 1 -9.91387e-7 0 1 -1.79202e-7 0 1 -5.02218e-7 0 1 2.11664e-6 0 1 0 0 1 -7.51548e-7 0 1 1.256e-6 0 1 -1.28346e-6 0 1 -7.09511e-7 0 1 6.35343e-7 0 1 -1.34643e-6 0 1 1.37855e-6 0 1 -1.25651e-6 0 1 -6.76108e-7 0 1 -4.35613e-7 0 1 5.02011e-7 0 1 1.19804e-6 0 1 1.60135e-7 0 1 7.13531e-7 0 1 0 0 1 1.25658e-6 0 1 6.76316e-7 0 1 -5.02102e-7 0 1 0 0 1 0 0 1 -4.74264e-7 0 1 -4.33319e-7 0 1 -8.93061e-7 0 1 4.98202e-7 0 1 9.87175e-7 0 1 0 0 1 -8.03194e-7 0 1 4.982e-7 0 1 0 0 1 4.90461e-7 0 1 0 0 1 5.49078e-7 0 1 1.05841e-6 0 1 -7.0974e-7 0 1 1.75609e-6 0 1 -1.81026e-6 0 1 7.0363e-7 0 1 -4.7435e-7 0 1 -4.33344e-7 0 1 6.72551e-7 0 1 0 0 1 1.25616e-6 0 1 6.76472e-7 0 1 4.35494e-7 0 1 0 0 1 5.02182e-7 0 1 0 0 1 1.75679e-6 0 1 -1.75609e-6 0 1 6.61932e-7 0 1 -4.98202e-7 0 1 5.58167e-7 0 1 -7.13531e-7 0 1 9.91513e-7 0 1 -2.69211e-6 0 1 -7.81531e-7 0 1 1.60138e-7 0 1 -2.70158e-7 0 1 -6.72551e-7 0 1 1.33503e-6 0 1 8.93061e-7 0 1 0 0 1 -9.26794e-7 0 1 7.78719e-7 0 1 4.33344e-7 0 1 0 0 1 4.27429e-7 0 1 2.00312e-6 0 1 -1.75477e-6 0 1 6.62269e-7 0 1 1.98287e-6 0 1 -6.76056e-7 0 1 -1.77693e-6 0 1 1.37847e-6 0 -1 3.07458e-6 0 -1 -1.6391e-6 0 -1 5.02102e-7 0 -1 9.9123e-7 0 -1 -1.54867e-6 0 -1 -1.68495e-6 0 -1 -1.98665e-7 0 -1 -1.59581e-6 0 -1 7.19648e-7 0 -1 1.02708e-6 0 -1 -8.2749e-7 0 -1 3.13868e-7 0 -1 -3.28895e-7 0 -1 4.97992e-7 0 -1 4.35613e-7 0 -1 -5.02102e-7 0 -1 -1.68831e-7 0 -1 9.0628e-7 0 -1 -7.9472e-7 0 -1 1.59614e-6 0 -1 3.08429e-6 0 -1 -2.30623e-6 0 -1 0 0 -1 -1.25596e-6 0 -1 1.25655e-6 0 -1 6.76537e-7 0 -1 -1.54336e-6 0 -1 4.35528e-7 0 -1 -5.02008e-7 0 -1 2.30578e-6 0 -1 -4.35528e-7 0 -1 9.91733e-7 0 -1 3.08551e-6 0 -1 -2.30549e-6 0 -1 1.63962e-6 0 -1 -4.35516e-7 0 -1 5.02011e-7 0 -1 -3.08551e-6 0 -1 2.30595e-6 0 -1 0 0 -1 4.35516e-7 0 -1 -9.91387e-7 0 -1 1.256e-6 0 -1 -1.25651e-6 0 -1 -6.76108e-7 0 -1 1.80679e-7 0 -1 -5.6166e-7 0 -1 -3.43558e-6 0 -1 1.81173e-6 0 -1 -5.49093e-7 0 -1 -1.05826e-6 0 -1 7.09511e-7 0 -1 -6.76316e-7 0 -1 9.91387e-7 0 -1 -1.63929e-6 0 -1 2.30549e-6 0 -1 1.54336e-6 0 -1 -5.02011e-7 0 -1 -1.98287e-6 0 -1 6.76108e-7 0 -1 1.7766e-6 0 -1 -1.37855e-6 0 -1 1.34643e-6 0 -1 -6.35343e-7 0 -1 -2.72229e-6 0 -1 1.68489e-7 0 -1 6.80057e-7 0 -1 -2.56232e-6 0 -1 3.0849e-6 0 -1 -2.30589e-6 0 -1 8.15464e-7 0 -1 1.71755e-6 0 -1 -7.78719e-7 0 -1 -1.8407e-7 0 -1 -1.52575e-6 0 -1 5.47669e-6 0 -1 -1.37847e-6 0 -1 1.25719e-6 0 -1 6.76056e-7 0 -1 -4.33344e-7 0 -1 -5.58259e-7 0 -1 4.98294e-7 0 -1 8.51488e-7 0 -1 2.96539e-6 0 -1 -2.00312e-6 0 -1 1.3462e-6 0 -1 9.48761e-7 0 -1 -2.76389e-6 0 -1 4.33344e-7 0 -1 0 0 -1 -1.28229e-6 0 -1 4.35494e-7 0 -1 -5.02182e-7 0 -1 0 0 -1 -4.74235e-7 0 -1 -8.15464e-7 0 -1 0 0 -1 2.35742e-6 0 -1 -4.98202e-7 0 -1 5.58259e-7 0 -1 2.30589e-6 0 -1 -1.63904e-6 0 -1 4.98202e-7 0 -1 -1.17967e-6 0 -1 1.75609e-6 0 -1 -1.75679e-6 0 -1 -8.51488e-7 0 -1 -4.35494e-7 0 -1 9.91513e-7 0 -1 -1.25616e-6 0 -1 1.25658e-6 0 -1 6.76316e-7 0 -1 0 0 -1 1.17967e-6 0 -1 4.33319e-7 0 -1 -1.28236e-6 0 -1 -6.16945e-7 0 -1 5.45361e-7 0 -1 9.04667e-7 0 -1 1.81026e-6 0 -1 -1.63937e-6 0 -1 7.0974e-7 0 -1 -1.05841e-6 0 -1 -5.49078e-7 0 -1 1.81215e-6 0 -1 -3.43482e-6 0 -1 1.3561e-7 0 -1 -5.53101e-7 0 -1 -4.982e-7 9.15312e-7 0 -1 -9.15312e-7 0 -1 9.15312e-7 0 -1 1.46434e-5 0 -1 -2.2882e-7 0 -1 -4.1191e-6 0 1 5.49173e-6 0 1 -2.92937e-5 0 1 1.83072e-6 0 1 -9.15298e-7 0 1 -1.83062e-6 0 1 1.83066e-6 0 1 -1.46439e-5 0 1 1.8307e-6 0 1 -7.32193e-6 0 1 0.0871452 -0.9961956 0 0.0871756 -0.996193 0 0.08711481 -0.9961983 0 0.08713501 -0.9961965 0 0.9659342 -0.2587882 0 0.9063321 -0.4225664 0 0.9062908 -0.4226548 0 0.8190912 -0.5736634 0 0.7071698 -0.7070437 0 0.5735929 -0.8191406 0 0.4226565 -0.9062899 0 0.2587847 -0.9659351 0 0.08713912 -0.9961962 0 0.0871756 -0.9961931 0 0.08715349 -0.9961949 0 -0.08709901 0.9961997 0 -0.08709162 0.9962003 0 -0.08695012 0.9962127 0 -0.08701068 0.9962074 0 -0.08701074 0.9962074 0 -0.08707141 0.9962021 0 -0.08701074 0.9962075 0 -0.08716022 0.9961944 0 -0.2586706 0.9659656 0 -0.258886 0.9659079 0 -0.4227984 0.9062238 0 -0.7070731 0.7071405 0 -0.8193514 0.5732915 0 -0.9060804 0.4231055 0 -0.9660985 0.2581741 0 -0.9657753 0.2593803 0 -0.9962409 0.0866273 0 -2.60365e-6 0 -1 1.27002e-6 0 -1 3.55632e-6 0 -1 1.52407e-6 0 -1 -1.6257e-5 0 -1 4.06416e-6 0 -1 -2.03213e-6 0 -1 1.01608e-6 0 -1 -8.12849e-6 0 1 2.03209e-6 0 1 -1.6257e-5 0 1 2.0321e-6 0 1 -3.04812e-6 0 1 4.06423e-6 0 1 -3.25098e-5 0 1 4.06418e-6 0 1 -1.52415e-6 0 1 3.25129e-5 0 1 1.52403e-6 0 1 -3.25135e-5 0 1 2.15913e-6 0 1 -0.07845216 -0.996918 0 -0.07841902 -0.9969206 0 -0.07844179 -0.9969188 0 -0.0784555 -0.9969177 0 -0.07844936 -0.9969182 0 -0.07845956 -0.9969173 0 -0.07844942 -0.9969182 0 -0.0784471 -0.9969184 0 -0.2334418 -0.9723709 0 -0.2334419 -0.9723709 0 -0.3827119 -0.9238678 0 -0.5225136 -0.852631 0 -0.5224602 -0.8526638 0 -0.6494242 -0.7604265 0 -0.6494833 -0.7603759 0 -0.760373 -0.6494868 0 -0.8526851 -0.5224254 0 -0.8526316 -0.5225124 0 -0.9239027 -0.3826276 0 -0.9238604 -0.3827297 0 -0.9723847 -0.233384 0 -0.9723575 -0.2334972 0 -0.9969135 -0.07850885 0 -0.9969228 -0.07838994 0 0.07847356 0.9969162 0 0.0784837 0.9969155 0 0.07846748 0.9969167 0 0.07840263 0.9969218 0 0.07848995 0.996915 0 0.2334001 0.9723808 0 0.2332915 0.9724069 0 0.3828804 0.923798 0 0.3827111 0.9238681 0 0.5222827 0.8527725 0 0.5224959 0.8526418 0 0.6495565 0.7603135 0 0.64932 0.7605153 0 0.7603242 0.649544 0 0.7605605 0.6492671 0 0.8527251 0.52236 0 0.8525119 0.5227081 0 0.923945 0.3825254 0 0.972333 0.2335993 0 0.9969133 0.07851076 0 0.9969506 0.07803493 0 0.07832175 0.9969282 0 0.07847636 0.996916 0 -1 1.63048e-5 0 -1 -4.17685e-6 0 -1 -2.21761e-5 0 -1 -3.54818e-5 0 -1 1.22602e-5 0 -1 -1.45624e-4 0 -1 1.53786e-4 0 -1 -1.64124e-4 0 -1 1.64132e-4 0 -1 -9.69622e-5 0 -1 -3.60711e-5 0 -1 9.69621e-5 0 -1 -1.29859e-4 0 -1 4.84806e-5 0 -1 1.01004e-4 0 -1 -7.21448e-5 0 -1 2.8858e-5 0 -1 2.42405e-5 0 -1 -2.88577e-5 0 -1 6.06015e-6 0 -1 1.21203e-5 0 -1 -1.13786e-4 0 -1 -8.78913e-5 0 -1 1.115e-4 0 -1 -1.96145e-4 0 -1 7.6385e-5 0 -1 2.42521e-5 0 -1 4.28149e-5 0 -1 -1.09761e-4 0 -1 2.22826e-5 0 -1 8.32071e-5 0 -1 -3.4175e-5 0 -1 8.15263e-6 0 -1 1.23444e-5 0 -1 8.35881e-5 0 -1 -2.32641e-6 0 -1 -3.70911e-5 0 -1 9.33369e-6 0 -1 1.9069e-4 0 -1 1.36433e-4 0 -1 -1.3944e-4 0 -1 -3.41738e-5 0 -1 4.16072e-5 0 -1 5.12612e-5 0 -1 -1.14027e-5 0 -1 1.96158e-5 0 -1 2.78883e-4 0 -1 -1.98457e-4 0 -1 8.12264e-5 0 -1 1.01788e-4 0 -1 2.88578e-5 0 -1 -1.1543e-4 0 -1 9.69612e-5 0 -1 5.77159e-5 0 -1 -9.69619e-5 0 -1 -4.32869e-5 0 -1 1.22648e-4 0 -1 -1.22643e-4 0 0.9999997 -7.82905e-4 0 1 4.97847e-5 0 1 8.69577e-5 0 1 6.89528e-5 0 1 -4.17685e-6 0 1 -7.5532e-5 0 1 -6.2088e-5 0 1 7.42747e-5 0 1 2.1778e-4 0 1 -5.27318e-5 0 1 3.06088e-5 0 1 -1.87961e-4 0 1 2.85078e-5 0 1 -2.45203e-5 0 0.9999988 0.001595914 0 0.999999 -0.001421391 0 1 4.95429e-4 0 1 7.55321e-5 0 1 6.26534e-5 0 1 7.42747e-5 0 1 -1.74948e-4 0 1 2.32641e-6 0 1 -5.29882e-6 0 1 9.33372e-6 0 1 8.15263e-6 0 1 -4.17685e-6 0 1 -7.22817e-5 0 1 -1.19983e-5 0 1 -8.32143e-5 0 1 3.04535e-5 0 1 2.88578e-5 0 1 2.88575e-5 0 1 2.88575e-5 0 1 -9.69623e-5 0 1 1.15431e-4 0 1 1.44289e-4 0 1 8.65746e-5 0 1 -9.69619e-5 0 1 1.58718e-4 0 1 -1.08213e-4 0 1 5.23056e-5 0 1 -5.23034e-5 0 1 3.54818e-5 0 1 -2.49644e-4 0 1 1.70871e-5 0 1 2.42406e-5 0 1 -1.4429e-5 0 1 5.77151e-5 0 1 2.4241e-5 0 1 -1.15432e-4 0 1 4.84806e-5 0 1 -2.42403e-5 0 1 3.63607e-5 0 1 6.06014e-6 0 1 2.30867e-4 0 1 1.81804e-5 0 1 -2.30857e-4 0 0.08715951 0 -0.9961944 0.2588394 0 -0.9659204 0.422598 0 -0.9063173 0.5735731 0 -0.8191543 0.8191191 0 -0.5736235 0.9063231 0 -0.4225856 0.9659522 0 -0.2587211 0.9961877 0 -0.0872361 0.9961877 0 0.0872361 0.9659522 0 0.2587211 0.9063231 0 0.4225856 0.8191191 0 0.5736235 0.5735899 0 0.8191426 0.4225775 0 0.906327 0.2588394 0 0.9659204 0.08715951 0 0.9961944 -0.08715951 0 0.9961944 -0.2588394 0 0.9659204 -0.4225775 0 0.906327 -0.5735899 0 0.8191426 -0.8191191 0 0.5736235 -0.9063231 0 0.4225856 -0.9659522 0 0.2587211 -0.9961877 0 0.0872361 -0.9961877 0 -0.0872361 -0.9659522 0 -0.2587211 -0.9063231 0 -0.4225856 -0.8191191 0 -0.5736235 -0.5735731 0 -0.8191543 -0.422598 0 -0.9063173 -0.2588394 0 -0.9659204 -0.08715951 0 -0.9961944 0.08713465 0 -0.9961966 0.5735564 0 -0.8191661 0.7071318 0 -0.7070818 0.9063186 0 -0.4225952 0.9961879 0 -0.08723396 0.9961876 0 0.08723831 0.9063275 0 0.422576 0.5735564 0 0.8191661 0.422598 0 0.9063173 0.0871843 0 0.9961923 -0.0871843 0 0.9961923 -0.422598 0 0.9063173 -0.5735564 0 0.8191661 -0.9063275 0 0.422576 -0.9961876 0 0.08723831 -0.9961879 0 -0.08723396 -0.9063186 0 -0.4225952 -0.7071318 0 -0.7070818 -0.5735564 0 -0.8191661 -0.08713465 0 -0.9961966 0.2588144 0 -0.9659271 0.4226363 0 -0.9062995 0.8191661 0 -0.5735564 0.9062803 0 -0.4226773 0.9659271 0 -0.2588144 0.9961966 0 -0.08713465 0.9961962 0 0.08713901 0.9659271 0 0.2588144 0.9062892 0 0.4226582 0.8191661 0 0.5735564 0.4226363 0 0.9062995 0.2588144 0 0.9659271 -0.2588144 0 0.9659271 -0.4226363 0 0.9062995 -0.8191661 0 0.5735564 -0.9062892 0 0.4226582 -0.9659271 0 0.2588144 -0.9961962 0 0.08713901 -0.9961966 0 -0.08713465 -0.9659271 0 -0.2588144 -0.9062803 0 -0.4226773 -0.8191661 0 -0.5735564 -0.4226363 0 -0.9062995 -0.2588144 0 -0.9659271 0.9062847 0 -0.4226678 0.9961963 0 -0.08713686 0.9961963 0 0.08713686 0.9062847 0 0.4226678 0.4226157 0 0.9063091 -0.4226157 0 0.9063091 -0.9062847 0 0.4226678 -0.9961963 0 0.08713686 -0.9961963 0 -0.08713686 -0.9062847 0 -0.4226678 0 -0.9961977 0.08712244 0 -0.9659285 0.2588092 0 -0.9659215 0.2588351 0 -0.9063045 0.4226253 0 -0.9062939 0.4226481 0 -0.8191614 0.573563 0 -0.7070999 0.7071138 0 -0.7071138 0.7070999 0 -0.5735892 0.8191432 0 -0.5735762 0.8191523 0 -0.4226025 0.9063152 0 -0.2588152 0.9659269 0 -0.2588083 0.9659287 0 -0.0871638 0.9961941 0 0.08716142 0.9961943 0 0.08715897 0.9961945 0 0.2588222 0.965925 0 0.4226025 0.9063152 0 0.5735762 0.8191523 0 0.5735892 0.8191432 0 0.7071138 0.7070999 0 0.7070999 0.7071138 0 0.8191614 0.573563 0 0.9062939 0.4226481 0 0.9063045 0.4226253 0 0.9659215 0.2588351 0 0.9659285 0.2588092 0 0.9961929 0.08717763 0 0.9961953 0.08715003 0 0.9961957 -0.0871452 0 0.996193 -0.08717519 0 0.9659285 -0.2588092 0 0.9659215 -0.2588351 0 0.9063045 -0.4226253 0 0.9062939 -0.4226481 0 0.8191432 -0.5735892 0 0.8191523 -0.5735762 0 0.7071207 -0.707093 0 0.7071346 -0.707079 0 0.5735892 -0.8191432 0 0.5735762 -0.8191523 0 0.4226025 -0.9063152 0 0.2588222 -0.965925 0 0.08715897 -0.9961945 0 0.08716142 -0.9961943 0 -0.0871638 -0.9961941 0 -0.2588083 -0.9659287 0 -0.2588152 -0.9659269 0 -0.4226025 -0.9063152 0 -0.5735762 -0.8191523 0 -0.5735892 -0.8191432 0 -0.7071346 -0.707079 0 -0.7071207 -0.707093 0 -0.8191432 -0.5735892 0 -0.8191523 -0.5735762 0 -0.9062939 -0.4226481 0 -0.9063045 -0.4226253 0 -0.9659215 -0.2588351 0 -0.9659285 -0.2588092 0 -0.9961981 -0.08711761 0 -0.9961979 -0.08712005 0 -0.9961979 0.08712005 0 -0.9659304 0.2588023 0 -0.8191432 0.5735892 0 -0.8191523 0.5735762 0 -0.7071138 0.7070999 0 -0.7071207 0.707093 0 -0.5735706 0.8191563 0 -0.5735668 0.8191588 0 -0.4226367 0.9062992 0 -0.08714312 0.9961959 0 0.08714073 0.9961961 0 0.08713829 0.9961962 0 0.4226367 0.9062992 0 0.5735575 0.8191654 0 0.5735799 0.8191497 0 0.7071277 0.707086 0 0.8191432 0.5735892 0 0.8191523 0.5735762 0 0.9659234 0.2588282 0 0.996193 0.08717519 0 0.9961954 0.08714765 0 0.9961954 -0.08714765 0 0.9063095 -0.4226146 0 0.7071138 -0.7070999 0 -0.7071277 -0.707086 0 -0.7071068 -0.7071068 0 -0.9062989 -0.4226375 0 0.5735736 0.8191541 0 0.5735791 0.8191502 0 0.7071185 0.7070952 0 0.7071068 0.7071068 0 0.7071185 -0.7070952 0 0.7071068 -0.7071068 0 0.5735791 -0.8191502 0 0.5735736 -0.8191541 0 0.4226062 -0.9063134 0.2588143 0 0.9659272 0.4226065 0 0.9063133 0.7071155 0 0.707098 0.8191357 0 0.5735998 0.9063004 0 0.4226344 0.9063004 0 0.4226343 0.9659414 0 0.2587609 0.996192 0 0.08718711 0.996192 0 -0.08718711 0.9659402 0 -0.2587652 0.9063035 0 -0.4226276 0.9063035 0 -0.4226276 0.8191328 0 -0.5736039 0.7071155 0 -0.707098 0.5735846 0 -0.8191464 0.4226065 0 -0.9063133 0.2588224 0 -0.9659249 -0.9961893 0 0.08721792 -0.9659049 0 0.2588974 -0.9063471 0 0.422534 -0.819141 0 0.5735923 -0.4226009 0 0.9063159 -0.2588033 0 0.9659301 -0.08717221 0 0.9961933 0.08717221 0 0.9961933 0.2588033 0 0.9659301 0.4226009 0 0.9063159 0.819141 0 0.5735923 0.9063471 0 0.422534 0.9659049 0 0.2588974 0.9961893 0 0.08721792 0.9961891 0 -0.08722025 0.9659067 0 -0.2588908 0.9063471 0 -0.422534 0.4226009 0 -0.9063159 0.2588033 0 -0.9659301 0.08717221 0 -0.9961933 -0.08717221 0 -0.9961933 -0.2588033 0 -0.9659301 -0.4226009 0 -0.9063159 -0.9063471 0 -0.422534 -0.9659067 0 -0.2588908 -0.9961891 0 -0.08722025 -0.4225791 0 0.9063261 -0.4225791 0 0.9063261 -0.258828 0 0.9659234 -0.08714586 0 0.9961956 0.08714586 0 0.9961956 0.258828 0 0.9659234 0.4225791 0 0.9063261 0.4225791 0 0.9063261 0.9961893 0 -0.08721792 0.9659049 0 -0.2588974 0.08714586 0 -0.9961956 -0.08714586 0 -0.9961956 -0.9659049 0 -0.2588974 -0.9961893 0 -0.08721792 -0.9961891 0 0.08722025 -0.9659067 0 0.2588908 -0.2587785 0 0.9659367 0.2587785 0 0.9659367 0.9659067 0 0.2588908 0.9961891 0 0.08722025 0.9961895 0 -0.0872156 0.2587785 0 -0.9659367 -0.2587785 0 -0.9659367 -0.9961895 0 -0.0872156 0.7071593 0 0.7070543 -0.5736175 0 0.8191233 -0.7070193 0 0.7071943 -0.8192287 0 0.5734671 -0.9063272 0 0.4225769 -0.9063272 0 -0.4225769 -0.8192287 0 -0.5734671 -0.7070193 0 -0.7071943 -0.5736175 0 -0.8191233 -0.7070018 0 0.7072119 -0.8192402 0 0.5734506 -0.9063335 0 -0.4225634 -0.573594 0 -0.8191398 0.9062798 0 -0.4226784 -0.573594 0 0.8191398 -0.9063335 0 0.4225634 -0.9063209 0 -0.4225902 -0.8192517 0 -0.5734342 -0.7070018 0 -0.7072119 0.9659538 0 -0.2587149 0.9961876 0 -0.08723831 0.7071193 0 0.7070943 0.5735731 0 0.8191543 -0.5735731 0 0.8191543 -0.7071193 0 0.7070943 -0.9961876 0 -0.08723831 -0.9659538 0 -0.2587149 0.9659288 0 -0.2588082 0.9961962 0 -0.08713901 -0.9961962 0 -0.08713901 -0.9659288 0 -0.2588082 0 -1 -6.68764e-6 0 -1 2.42773e-6 0 -1 1.74508e-5 0 -1 -8.0253e-6 0 -1 3.88769e-5 0 -1 -1.42015e-5 0 -1 -5.67215e-5 0 -1 1.22155e-5 0 -1 1.78481e-6 0 -1 -1.41539e-5 0 -1 1.34676e-5 0 -1 -1.27529e-5 0 -1 7.44973e-6 0 -1 1.514e-5 0 -1 6.08487e-6 0 -1 -1.48492e-6 0 -1 2.92881e-5 0 -1 -3.60819e-5 0 -1 -8.86228e-6 0 -1 2.55525e-5 0 -1 -1.79695e-5 0 -1 4.31348e-5 0 -1 -7.09622e-5 0 -1 -8.38716e-6 0 -1 4.39939e-5 0 -1 2.55951e-6 0 -1 -1.21261e-5 0 -1 1.76659e-5 0 -1 -1.67003e-5 0 -1 -1.90964e-5 0 -1 7.54333e-5 0 -1 5.29194e-5 0 -1 -1.68253e-4 0 -1 -2.55951e-6 0 -1 -1.60767e-5 0 -1 6.91611e-5 0 -1 -4.39939e-5 0 -1 1.22063e-4 0 -1 -3.45665e-5 0 -1 1.68282e-4 0 -1 -8.51544e-6 0 -1 4.60154e-5 0 -1 -4.1278e-6 0 -1 1.90956e-5 0 -1 -1.57556e-5 0 -1 1.5322e-5 0 -1 -1.76638e-5 0 -1 5.38399e-6 0 -1 3.21709e-5 0 -1 -7.46102e-5 0 -1 1.79705e-5 0 -1 -3.35413e-5 0 -1 -1.45463e-5 0 -1 -1.01173e-5 0 -1 -2.44463e-5 0 -1 1.30634e-4 0 -1 -7.94762e-5 0 -1 3.01445e-5 0 -1 7.15512e-5 0 -1 -4.12766e-6 0 -1 -2.65679e-5 0 -1 1.91384e-5 0 -1 -7.54532e-5 0 -1 -5.29157e-5 0 -1 -5.49451e-5 0 -1 -3.53907e-5 0 -1 1.17331e-6 0 -1 -1.10121e-6 0 -1 2.4306e-5 0 -1 -6.97837e-6 0 -1 3.09578e-5 0 -1 1.15234e-5 0 -1 -9.71213e-6 0 -1 -3.35368e-5 0 -1 3.21703e-5 0 -1 3.34614e-6 0 -1 -1.45482e-5 0 -1 -2.05449e-5 0 -1 3.01394e-5 0 -1 3.31945e-5 0 -1 -8.88928e-5 0 -1 1.24617e-5 0 -1 -1.44489e-5 0 -1 -1.03507e-5 0 -1 -3.30965e-5 0 -1 -3.30921e-5 0 -1 -8.9815e-5 0 -1 -1.52233e-5 0 -1 1.26811e-5 0 -1 1.24614e-5 0 -1 -4.0624e-5 0 -1 -5.60073e-6 0 -1 -1.56593e-5 0 -1 2.45098e-5 0 -1 -1.01868e-5 0 -1 -3.59512e-5 0 -1 -2.35075e-5 0 -1 2.28945e-5 0 -1 2.9342e-6 0 -1 -7.38787e-6 0 -1 -5.62802e-6 0 -1 -9.41686e-6 0 -1 -1.29641e-5 0 -1 -3.72889e-6 0 -1 7.67607e-5 0 -1 -1.82351e-5 0 -1 2.28966e-5 0 -1 4.49085e-5 0 -1 1.44495e-5 0 -1 -4.14671e-5 0 -1 -1.26811e-5 0 -1 -3.71053e-5 0 -1 1.1854e-4 0 -1 -1.56622e-5 0 -1 8.89047e-5 0 -1 -3.71048e-5 0 -1 1.65947e-5 0 -1 -1.56531e-5 0 -1 -4.25773e-5 0 -1 2.35043e-5 0 -1 -5.03086e-5 0 -1 -5.03212e-5 0 -1 5.22184e-5 0 -1 1.5141e-5 0 -1 -1.27554e-5 0 -1 1.89728e-5 0 -1 -1.41556e-5 0 -1 2.42796e-6 0 -1 -9.85241e-6 0 -1 -7.10409e-6 0 -1 1.29329e-5 0 -1 -8.20425e-6 0 -1 -4.14202e-6 0 -1 1.70641e-5 0 -1 2.46296e-6 0 -1 -8.42954e-7 0 -1 -1.74892e-5 0 -1 2.64399e-6 0 -1 8.75925e-6 0 -1 -9.10799e-6 0 -1 -8.86264e-6 0 -1 -4.91915e-5 0 -1 1.53012e-6 0 -1 -1.30654e-6 0 -1 7.54361e-5 0 -1 9.79744e-5 0 -1 -2.59188e-5 0 -1 6.97759e-6 0 -1 -6.71862e-6 0 -1 5.4933e-5 0 -1 -2.4306e-5 0 -1 1.34954e-6 0 -1 -1.17322e-6 0 -1 -7.19011e-5 0 -1 -1.4426e-5 0 -1 3.59615e-5 0 -1 -1.01861e-5 0 -1 -6.70961e-5 0 -1 2.34972e-5 0 -1 6.70781e-5 0 -1 -2.35016e-5 0 -1 2.28917e-5 0 -1 5.6289e-6 0 -1 5.62784e-6 0 -1 9.41686e-6 0 -1 -7.73036e-6 0 -1 1.0187e-5 0 -1 6.70961e-5 0 -1 -7.3864e-6 0 -1 -5.6289e-6 0 -1 6.70691e-5 0 -1 -1.5141e-5 0 -1 8.16374e-6 0 -1 8.86123e-6 0 -1 9.10967e-6 0 -1 -3.3465e-6 0 -1 -2.26294e-5 0 -1 1.49121e-5 0 -1 -1.34661e-5 0 -1 1.27554e-5 0 -1 1.90492e-6 0 -1 -3.01502e-5 0 -1 -3.14736e-5 0 -1 2.34713e-6 0 -1 -2.64399e-6 0 -1 -4.4611e-5 0 -1 2.58906e-5 0 -1 -5.0033e-6 0 -1 2.05449e-5 0 -1 2.54375e-5 0 -1 -1.36923e-5 0 -1 1.58742e-6 0 -1 -1.038e-6 0 -1 -3.0281e-5 0 -1 -5.06483e-5 0 -1 -1.29651e-5 0 -1 1.01173e-5 0 -1 -1.45439e-5 0 -1 3.72629e-5 0 -1 1.48492e-6 0 -1 -6.08476e-6 0 -1 1.42015e-5 0 -1 -6.49941e-5 0 -1 8.26212e-6 0 -1 -7.79967e-6 0 -1 3.60819e-5 0 -1 -2.5546e-5 0 -1 1.64613e-6 0 -1 8.8623e-6 0 -1 7.94844e-5 0 -1 -8.98062e-5 0 -1 1.27529e-5 0 -1 -1.77668e-5 0 -1 1.49107e-5 0 -1 8.16502e-6 0 -1 -2.26256e-5 0 -1 -1.56665e-5 0 1 4.91915e-5 0 1 1.9139e-5 0 1 -6.97759e-6 0 1 3.09617e-5 0 1 2.59188e-5 0 1 -9.79744e-5 0 1 1.90953e-5 0 1 -3.53907e-5 0 1 1.17322e-6 0 1 -1.10128e-6 0 1 2.4306e-5 0 1 9.17741e-6 0 1 -7.44968e-6 0 1 -1.5141e-5 0 1 -9.30503e-7 0 1 2.54375e-5 0 1 -1.36923e-5 0 1 8.42954e-7 0 1 -8.20493e-6 0 1 -1.74531e-5 0 1 6.68778e-6 0 1 2.34713e-6 0 1 -2.64399e-6 0 1 -7.13796e-6 0 1 -1.70641e-5 0 1 5.02169e-6 0 1 2.0862e-5 0 1 9.85241e-6 0 1 1.41556e-5 0 1 1.27554e-5 0 1 8.86264e-6 0 1 9.10799e-6 0 1 2.65679e-5 0 1 7.54532e-5 0 1 -2.59188e-5 0 1 1.76664e-5 0 1 -1.9096e-5 0 1 -4.81742e-5 0 1 6.97837e-6 0 1 -6.7179e-6 0 1 5.49451e-5 0 1 -2.4306e-5 0 1 1.34943e-6 0 1 -1.17331e-6 0 1 -7.15487e-5 0 1 9.71213e-6 0 1 -5.0033e-6 0 1 1.29524e-5 0 1 6.70691e-5 0 1 1.45482e-5 0 1 -5.3841e-6 0 1 -3.21703e-5 0 1 -3.01394e-5 0 1 -3.14789e-5 0 1 -3.34659e-6 0 1 3.35413e-5 0 1 -3.14736e-5 0 1 7.94762e-5 0 1 -2.44926e-5 0 1 1.01173e-5 0 1 -2.99247e-6 0 1 2.31049e-5 0 1 2.55951e-6 0 1 2.62428e-5 0 1 -5.4033e-6 0 1 -2.06701e-5 0 1 -1.22063e-4 0 1 5.29157e-5 0 1 -1.05336e-5 0 1 -2.66451e-5 0 1 -3.21709e-5 0 1 4.1278e-6 0 1 2.65675e-5 0 1 1.76638e-5 0 1 -1.67009e-5 0 1 1.57556e-5 0 1 8.88928e-5 0 1 3.30965e-5 0 1 1.03507e-5 0 1 1.44489e-5 0 1 1.65931e-5 0 1 -4.25798e-5 0 1 -1.24614e-5 0 1 4.0624e-5 0 1 2.35075e-5 0 1 5.62802e-6 0 1 1.56593e-5 0 1 5.60073e-6 0 1 1.01868e-5 0 1 -7.72821e-6 0 1 -2.99765e-5 0 1 1.82375e-5 0 1 3.59563e-5 0 1 -7.67607e-5 0 1 2.79667e-6 0 1 -4.32137e-6 0 1 -4.49085e-5 0 1 1.24623e-5 0 1 -1.44495e-5 0 1 -8.89047e-5 0 1 1.95965e-5 0 1 1.56531e-5 0 1 -1.52233e-5 0 1 4.14671e-5 0 1 -1.1854e-4 0 1 3.71053e-5 0 1 1.26811e-5 0 1 4.25773e-5 0 1 -2.34972e-5 0 1 5.03212e-5 0 1 -5.62784e-6 0 1 -5.6289e-6 0 1 -2.42773e-6 0 1 -3.0281e-5 0 1 -3.95785e-6 0 1 -1.35375e-5 0 1 -6.08487e-6 0 1 1.29651e-5 0 1 1.42015e-5 0 1 1.27529e-5 0 1 -1.89817e-5 0 1 1.41539e-5 0 1 -8.20277e-6 0 1 -4.14236e-6 0 1 -3.03586e-5 0 1 2.44062e-5 0 1 -2.55525e-5 0 1 1.64612e-6 0 1 8.86228e-6 0 1 1.53215e-5 0 1 -1.76659e-5 0 1 -4.12752e-6 0 1 1.90964e-5 0 1 -3.14009e-5 0 1 -2.55951e-6 0 1 2.06693e-5 0 1 -1.00709e-5 0 1 -2.74859e-5 0 1 -7.54333e-5 0 1 -2.45098e-5 0 1 3.45665e-5 0 1 -1.7487e-5 0 1 2.64399e-6 0 1 8.7601e-6 0 1 -8.16374e-6 0 1 2.26294e-5 0 1 -9.10967e-6 0 1 -8.86123e-6 0 1 -1.45482e-5 0 1 3.01502e-5 0 1 3.32027e-5 0 1 5.0033e-6 0 1 -5.13537e-6 0 1 -1.90492e-6 0 1 4.4611e-5 0 1 -2.10383e-5 0 1 1.038e-6 0 1 -1.27554e-5 0 1 1.777e-5 0 1 -1.49121e-5 0 1 1.34672e-5 0 1 5.66462e-6 0 1 -1.42015e-5 0 1 1.514e-5 0 1 -1.01173e-5 0 1 2.44487e-5 0 1 -7.94844e-5 0 1 3.01514e-5 0 1 2.26256e-5 0 1 -5.03553e-6 0 1 -1.86994e-5 0 1 1.64028e-5 0 1 -1.49107e-5 0 1 -8.8623e-6 0 1 2.5546e-5 0 1 -1.48492e-6 0 1 1.35401e-5 0 1 -8.25972e-6 0 1 -2.83836e-5 0 1 2.58524e-5 0 1 1.44254e-5 0 1 -1.01855e-5 0 1 -1.0187e-5 0 1 -7.19217e-5 0 1 1.4426e-5 0 1 3.59512e-5 0 1 -2.28945e-5 0 1 1.01861e-5 0 1 2.35016e-5 0 1 -5.03149e-5 0 1 -2.35043e-5 0 1 2.28917e-5 0 1 5.6289e-6 0 1 5.62784e-6 3.66156e-6 0 1 -1.83066e-6 0 1 7.32236e-6 0 1 1.83061e-6 0 1 -4.57695e-6 0 1 2.92859e-5 0 1 -5.49172e-6 0 1 5.49219e-6 0 1 -4.57674e-7 0 1 9.15347e-7 0 -1 1.46483e-5 0 -1 -2.2884e-7 0 -1 -9.15302e-7 0 -1 1.83072e-6 0 -1 3.66139e-6 0 -1 0.08716154 0.9961942 0 0.9961943 0.08716195 0 0.08717525 0.9961931 0 0.08715844 0.9961945 0 0.9659072 0.2588888 0 0.9659342 0.2587882 0 0.9063359 0.422558 0 0.9063359 0.422558 0 0.8191418 0.5735911 0 0.8190912 0.5736634 0 0.707116 0.7070976 0 0.7070621 0.7071515 0 0.5736289 0.8191154 0 0.5735782 0.8191509 0 0.4226153 0.9063092 0 0.422574 0.9063284 0 0.2588386 0.9659206 0 0.08716922 0.9961935 0 0.08715677 0.9961947 0 -0.08720552 -0.9961904 0 -0.08716255 -0.9961942 0 -0.08719694 -0.9961912 0 -0.08715468 -0.9961948 0 -0.0872097 -0.99619 0 -0.258886 -0.9659079 0 -0.2588859 -0.9659079 0 -0.4223964 -0.9064113 0 -0.4225614 -0.9063344 0 -0.5735129 -0.8191965 0 -0.5737155 -0.8190547 0 -0.7071169 -0.7070968 0 -0.7069014 -0.7073121 0 -0.8191202 -0.5736219 0 -0.8193227 -0.5733327 0 -0.9062612 -0.4227182 0 -0.9062612 -0.4227182 0 -0.9659851 -0.2585981 0 -0.9658773 -0.2590002 0 -0.9962036 -0.08705502 0 0 1 -3.74449e-7 0 1 -1.40331e-7 0 1 3.9734e-7 0 1 -8.40596e-7 0 1 1.55099e-7 0 1 -8.27525e-7 0 1 1.02701e-6 0 1 0 0 1 -6.72471e-7 0 1 7.9472e-7 0 1 -1.59598e-6 0 1 -1.68477e-6 0 1 -6.75926e-7 0 1 9.91796e-7 0 1 0 0 1 -5.02115e-7 0 1 -9.91796e-7 0 1 1.5488e-6 0 1 1.68472e-6 0 1 -5.13507e-7 0 1 0 0 1 3.19203e-6 0 1 0 0 1 6.80057e-7 0 1 -3.28871e-7 0 1 3.13875e-7 0 1 0 0 1 1.25564e-6 0 1 -1.25564e-6 0 1 -6.76251e-7 0 1 -5.02011e-7 0 1 -4.35419e-7 0 1 5.02053e-7 0 1 6.76251e-7 0 1 -6.72531e-7 0 1 9.91749e-7 0 1 4.35385e-7 0 1 6.72483e-7 0 1 0 0 1 -1.2569e-6 0 1 1.25587e-6 0 1 6.76186e-7 0 1 -6.72483e-7 0 1 9.91324e-7 0 1 1.79202e-7 0 1 -2.11664e-6 0 1 0 0 1 7.5155e-7 0 1 -1.25706e-6 0 1 1.28367e-6 0 1 7.09511e-7 0 1 -6.35343e-7 0 1 1.34617e-6 0 1 -1.37839e-6 0 1 1.2569e-6 0 1 4.3558e-7 0 1 -1.19819e-6 0 1 -1.60122e-7 0 1 0 0 1 -7.13733e-7 0 1 0 0 1 -1.25561e-6 0 1 -6.76472e-7 0 1 5.02115e-7 0 1 0 0 1 0 0 1 4.74263e-7 0 1 4.3332e-7 0 1 8.93266e-7 0 1 -4.98548e-7 0 1 -9.87424e-7 0 1 0 0 1 8.03327e-7 0 1 -4.98075e-7 0 1 0 0 1 -4.9046e-7 0 1 0 0 1 -5.4897e-7 0 1 -1.05819e-6 0 1 7.09453e-7 0 1 -1.79295e-6 0 1 1.84605e-6 0 1 -7.0372e-7 0 1 -6.72491e-7 0 1 0 0 1 -1.25567e-6 0 1 -6.76446e-7 0 1 5.02124e-7 0 1 0 0 1 -7.1374e-7 0 1 0 0 1 1.79295e-6 0 1 -6.61772e-7 0 1 4.98544e-7 0 1 -5.58243e-7 0 1 7.13733e-7 0 1 -9.91576e-7 0 1 6.76446e-7 0 1 2.69304e-6 0 1 7.81461e-7 0 1 -1.60151e-7 0 1 2.70158e-7 0 1 6.72504e-7 0 1 -1.33496e-6 0 1 -8.93266e-7 0 1 0 0 1 9.26739e-7 0 1 -7.78874e-7 0 1 -4.3332e-7 0 1 0 0 1 -4.27452e-7 0 1 4.35428e-7 0 1 -2.04369e-6 0 1 -6.62285e-7 0 1 -1.98287e-6 0 1 1.77699e-6 0 1 -1.37816e-6 0 -1 -3.07397e-6 0 -1 1.63944e-6 0 -1 -5.01908e-7 0 -1 -9.91796e-7 0 -1 1.54873e-6 0 -1 1.68477e-6 0 -1 1.9866e-7 0 -1 1.59598e-6 0 -1 -7.19615e-7 0 -1 -1.02701e-6 0 -1 8.27525e-7 0 -1 -3.13875e-7 0 -1 3.28871e-7 0 -1 -4.97984e-7 0 -1 -4.35458e-7 0 -1 5.02115e-7 0 -1 1.68839e-7 0 -1 -9.06291e-7 0 -1 7.9472e-7 0 -1 -1.59593e-6 0 -1 2.30561e-6 0 -1 1.25564e-6 0 -1 -1.25564e-6 0 -1 -6.76251e-7 0 -1 1.54275e-6 0 -1 -2.30588e-6 0 -1 4.35419e-7 0 -1 -9.91906e-7 0 -1 2.30607e-6 0 -1 2.30566e-6 0 -1 -1.63941e-6 0 -1 -5.02066e-7 0 -1 3.08611e-6 0 -1 -2.30582e-6 0 -1 -4.35385e-7 0 -1 9.91827e-7 0 -1 -1.25587e-6 0 -1 1.2569e-6 0 -1 6.76186e-7 0 -1 -1.80671e-7 0 -1 5.61693e-7 0 -1 3.43558e-6 0 -1 -1.81215e-6 0 -1 5.49078e-7 0 -1 1.05819e-6 0 -1 -7.09511e-7 0 -1 -9.91324e-7 0 -1 1.6393e-6 0 -1 -2.30566e-6 0 -1 -1.54306e-6 0 -1 -4.3558e-7 0 -1 1.98287e-6 0 -1 -6.76186e-7 0 -1 -1.77738e-6 0 -1 1.37839e-6 0 -1 -1.34617e-6 0 -1 6.35343e-7 0 -1 2.72207e-6 0 -1 -1.68491e-7 0 -1 -6.80057e-7 0 -1 -4.35428e-7 0 -1 2.56232e-6 0 -1 2.30573e-6 0 -1 -8.15695e-7 0 -1 -1.71699e-6 0 -1 7.78874e-7 0 -1 1.84114e-7 0 -1 1.52566e-6 0 -1 -5.47669e-6 0 -1 1.37816e-6 0 -1 -1.25567e-6 0 -1 -6.76446e-7 0 -1 4.3332e-7 0 -1 5.58243e-7 0 -1 -4.98544e-7 0 -1 -8.51509e-7 0 -1 -3.0247e-6 0 -1 2.04369e-6 0 -1 -1.34637e-6 0 -1 -9.4865e-7 0 -1 2.76421e-6 0 -1 -4.3332e-7 0 -1 0 0 -1 1.28235e-6 0 -1 0 0 -1 4.74263e-7 0 -1 8.15703e-7 0 -1 0 0 -1 -2.356e-6 0 -1 4.98548e-7 0 -1 -5.58239e-7 0 -1 -2.30568e-6 0 -1 1.63925e-6 0 -1 1.17887e-6 0 -1 -1.79295e-6 0 -1 1.79295e-6 0 -1 8.51509e-7 0 -1 -9.91607e-7 0 -1 1.25567e-6 0 -1 0 0 -1 8.15695e-7 0 -1 -1.17816e-6 0 -1 6.17082e-7 0 -1 -5.4547e-7 0 -1 -9.04783e-7 0 -1 -1.84605e-6 0 -1 -3.07458e-6 0 -1 1.63928e-6 0 -1 -5.02115e-7 0 -1 -9.91576e-7 0 -1 6.76472e-7 0 -1 -7.09453e-7 0 -1 5.4897e-7 0 -1 -1.81213e-6 0 -1 3.43482e-6 0 -1 -1.3561e-7 0 -1 5.53257e-7 0 -1 4.98075e-7 1.83061e-6 0 1 1.83064e-6 0 1 -1.83068e-6 0 1 9.15312e-7 0 1 5.49217e-6 0 1 -5.49169e-6 0 1 2.92972e-5 0 1 -3.20386e-6 0 1 -9.15396e-7 0 -1 -1.46432e-5 0 -1 2.28822e-7 0 -1 9.15342e-7 0 -1 -1.83066e-6 0 -1 -3.66097e-6 0 -1 -0.08715283 -0.996195 0 -0.08713507 -0.9961965 0 -0.08715534 -0.9961948 0 -0.0871452 -0.9961956 0 -0.9962037 -0.08705312 0 -0.9062907 -0.4226549 0 -0.8191925 -0.5735188 0 -0.7070621 -0.7071515 0 -0.5735929 -0.8191406 0 -0.08715122 -0.9961951 0 -0.08711481 -0.9961983 0 -0.08714568 -0.9961956 0 -0.08715337 -0.9961949 0 0.08709889 0.9961997 0 0.08705163 0.9962038 0 0.08710175 0.9961994 0 0.08709162 0.9962003 0 0.08717274 0.9961933 0 0.08710777 0.996199 0 0.08712279 0.9961977 0 0.2587782 0.9659368 0 0.7070731 0.7071405 0 5.96934e-6 0 1 -3.25132e-5 0 1 -1.52402e-6 0 1 1.52414e-6 0 1 -4.06423e-6 0 1 3.04812e-6 0 1 2.03213e-6 0 1 4.06425e-6 0 -1 -1.01605e-6 0 -1 2.0321e-6 0 -1 -1.62559e-5 0 -1 4.06423e-6 0 -1 -1.62549e-5 0 -1 2.54011e-6 0 -1 5.0805e-7 0 -1 -1.27003e-6 0 -1 1.62567e-5 0 -1 -1.46059e-6 0 -1 0.07844102 -0.9969188 0 0.07845991 -0.9969174 0 0.07845705 -0.9969176 0 0.07844328 -0.9969187 0 0.07845956 -0.9969173 0 0.07841902 -0.9969206 0 0.07845956 -0.9969173 0 0.07844942 -0.9969182 0 0.0784471 -0.9969184 0 0.2334419 -0.9723709 0 0.2334418 -0.9723709 0 0.3827119 -0.9238678 0 0.5225135 -0.852631 0 0.5224602 -0.8526636 0 0.6494242 -0.7604265 0 0.6494833 -0.7603759 0 0.760373 -0.6494868 0 0.8526851 -0.5224254 0 0.8526316 -0.5225124 0 0.9239027 -0.3826276 0 0.9238604 -0.3827297 0 0.9723848 -0.233384 0 0.9723576 -0.2334972 0 0.9969135 -0.07850885 0 0.9969228 -0.07838994 0 -0.07847356 0.9969162 0 -0.0784837 0.9969155 0 -0.07841879 0.9969206 0 -0.0784837 0.9969155 0 -0.07848995 0.996915 0 -0.2332915 0.9724069 0 -0.2334001 0.9723808 0 -0.3828804 0.923798 0 -0.3827111 0.9238681 0 -0.5222827 0.8527725 0 -0.5224959 0.8526418 0 -0.6495565 0.7603135 0 -0.64932 0.7605153 0 -0.7603242 0.649544 0 -0.7605605 0.6492671 0 -0.8527251 0.52236 0 -0.8525119 0.5227081 0 -0.923945 0.3825254 0 -0.972333 0.2335993 0 -0.9969133 0.07851076 0 -0.9969506 0.07803493 0 -0.078565 0.996909 0 -0.07856535 0.996909 0 -0.07843202 0.9969196 0 1 -8.15263e-6 0 1 4.17685e-6 0 1 2.21761e-5 0 1 -1.96158e-5 0 1 8.32146e-5 0 1 -5.12612e-5 0 1 1.22643e-4 0 1 -1.22648e-4 0 1 9.69623e-5 0 1 -1.94785e-4 0 1 9.69621e-5 0 1 4.32869e-5 0 1 -4.84807e-5 0 1 -5.77159e-5 0 1 -2.88578e-5 0 1 -2.88574e-5 0 1 1.81802e-5 0 1 3.52377e-4 0 1 -2.69173e-5 0 1 -9.35618e-5 0 1 -3.46165e-4 0 1 -3.47687e-5 0 0.9998775 0.01566153 0 1 -1.90651e-4 0 1 1.59618e-4 0 0.9999998 7.51816e-4 0 1 1.52911e-4 0 1 1.35194e-4 0 1 5.14215e-6 0 1 -4.16058e-5 0 1 3.41747e-5 0 1 1.63048e-5 0 1 -3.70344e-5 0 1 2.28518e-4 0 1 -1.51622e-4 0 1 -4.65282e-7 0 1 4.76894e-5 0 1 -9.33372e-6 0 1 -2.67234e-4 0 1 1.85348e-4 0 1 -4.94699e-6 0 1 2.42734e-5 0 1 -7.82226e-5 0 1 3.4175e-5 0 1 -8.32071e-5 0 1 -1.02523e-4 0 1 1.14029e-5 0 1 -1.22602e-5 0 1 -1.13018e-4 0 1 -1.81842e-4 0 1 2.40787e-5 0 1 -3.04535e-5 0 1 -2.88578e-5 0 1 -5.77151e-5 0 1 -2.88575e-5 0 1 -2.88578e-5 0 1 7.21445e-5 0 1 -9.69612e-5 0 1 -5.77162e-5 0 1 9.6962e-5 0 1 -1.4429e-4 0 1 3.60711e-5 0 1 -1.64131e-4 0 1 1.64124e-4 0 -1 8.29752e-6 0 -1 2.57652e-4 0 -1 -7.77088e-5 0 -1 2.08843e-5 0 -1 -4.12244e-4 0 -1 -2.21801e-4 0 -0.9998768 0.01569956 0 -1 -5.65935e-5 0 -1 -1.12202e-4 0 -1 -1.1467e-4 0 -1 1.46243e-4 0 -1 -1.53784e-4 0 -1 3.42082e-5 0 -0.9999988 -0.001595914 0 -0.9999996 9.2266e-4 0 -1 -1.77376e-4 0 -1 1.64253e-4 0 -1 -2.26772e-4 0 -1 -1.12202e-4 0 -1 -4.27656e-5 0 -1 1.86113e-6 0 -1 -1.58965e-5 0 -1 2.80011e-5 0 -1 6.58387e-5 0 -1 -4.0762e-5 0 -1 2.08842e-5 0 -1 1.28501e-4 0 -1 -2.22826e-5 0 -1 -2.88572e-5 0 -1 5.77167e-5 0 -1 -2.88578e-5 0 -1 5.77156e-5 0 -1 1.29861e-4 0 -1 5.04996e-5 0 -1 -7.93605e-5 0 -1 7.93571e-5 0 -1 2.49644e-4 0 -1 -1.53785e-4 0 -1 1.44288e-5 0 -1 -2.42405e-5 0 -1 2.42407e-5 0 -1 -1.15432e-4 0 -1 2.42404e-5 0 -1 3.63608e-5 0 -1 -3.03007e-5 0 -1 3.03006e-5 0 -0.7071318 0 0.7070818 -0.8191497 0 0.5735799 -0.5735899 0 -0.8191426 0.5735899 0 -0.8191426 0.8191497 0 0.5735799 0.7071318 0 0.7070818 0 -0.9961977 -0.08712244 0 -0.8191614 -0.573563 0 -0.5735799 -0.8191497 0 -0.5735575 -0.8191654 0 -0.4226253 -0.9063045 0 -0.4226139 -0.9063099 0 0.4226253 -0.9063045 0 0.4226139 -0.9063099 0 0.5735668 -0.8191588 0 0.5735706 -0.8191563 0 0.8191614 -0.573563 0 0.9961929 -0.08717763 0 0.9659304 0.2588023 0 0.4226253 0.9063045 0 0.4226139 0.9063099 0 -0.4226253 0.9063045 0 -0.4226139 0.9063099 0 -0.9659234 0.2588282 -0.2588224 0 -0.9659249 -0.4226065 0 -0.9063133 -0.5735846 0 -0.8191464 -0.7071155 0 -0.707098 -0.8191328 0 -0.5736039 -0.9063035 0 -0.4226276 -0.9063035 0 -0.4226276 -0.9659402 0 -0.2587652 -0.996192 0 -0.08718711 -0.996192 0 0.08718711 -0.9659414 0 0.2587609 -0.9063004 0 0.4226344 -0.9063004 0 0.4226343 -0.8191357 0 0.5735998 -0.7071155 0 0.707098 -0.4226065 0 0.9063133 -0.2588143 0 0.9659272 -0.9063518 0 0.4225238 -0.573587 0 0.8191447 0.573587 0 0.8191447 0.9063518 0 0.4225238 -0.9962077 0 -0.08700734 -0.9962077 0 0.08700734 0.4225574 0 -0.9063362 0.4225573 0 -0.9063363 0.258828 0 -0.9659234 -0.258828 0 -0.9659234 -0.4225574 0 -0.9063362 -0.4225573 0 -0.9063363 -0.9962079 0 -0.08700501 -0.9962075 0 0.08700966 -0.08718258 0 -0.9961925 0.08718258 0 -0.9961925 0.08711308 0 0.9961985 -0.08711308 0 0.9961985 -0.9062798 0 -0.4226784 -0.7071593 0 0.7070543 0 -1 0 0 -1 4.42396e-7 0 -1 5.2154e-7 0 -1 0 0 -1 0 0 -1 0 0 -1 0 0 -1 -2.93053e-7 0 -1 -1.47464e-7 0 -1 1.11611e-6 0 -1 9.2979e-7 0 -1 1.29946e-6 0 -1 -1.61808e-6 0 -1 1.12056e-6 0 -1 0 0 -1 1.34136e-7 0 -1 -1.39135e-6 0 -1 5.8983e-7 0 -1 0 0 -1 0 0 -1 1.08802e-6 0 -1 -1.56338e-7 0 -1 0 0 -1 -2.4606e-7 0 -1 3.23205e-7 0 -1 -1.80465e-7 0 -1 0 0 -1 1.68531e-7 0 -1 0 0 -1 2.96071e-7 0 -1 -6.31975e-7 0 -1 2.01087e-6 0 -1 -1.98656e-7 0 -1 -1.0238e-6 0 -1 2.06337e-7 0 -1 0 0 -1 0 0 -1 -2.84394e-7 0 -1 2.0918e-7 0 -1 -1.69199e-7 0 -1 2.82444e-7 0 -1 0 0 -1 0 0 -1 0 0 -1 0 0 -1 6.23187e-7 0 -1 -1.4745e-7 0 -1 -3.05331e-7 0 -1 2.51794e-7 0 -1 0 0 -1 0 0 -1 0 0 -1 5.21465e-7 0 -1 0 0 -1 0 0 -1 -2.93042e-7 0 -1 -1.47481e-7 0 -1 1.11537e-6 0 -1 -1.45935e-6 0 -1 0 0 -1 0 0 -1 0 0 -1 0 0 -1 0 0 -1 -2.46054e-7 0 -1 -1.0045e-5 0 -1 2.08998e-7 0 -1 2.57555e-6 0 -1 8.75816e-7 0 -1 -3.61832e-7 0 -1 -3.57601e-7 0 -1 3.05331e-7 0 -1 2.93069e-7 0 -1 -2.67922e-6 0 -1 8.10299e-7 0 -1 4.80621e-7 0 -1 -2.55986e-7 0 -1 2.46079e-7 0 -1 -6.23118e-7 0 -1 -5.21546e-7 0 -1 -6.22963e-7 0 -1 2.93042e-7 0 -1 3.05432e-7 0 -1 -4.92421e-7 0 -1 -5.74618e-7 0 -1 1.01606e-6 0 -1 -3.2133e-7 0 -1 -1.34841e-6 0 -1 -2.08027e-7 0 -1 -1.11537e-6 0 -1 -1.11611e-6 0 -1 1.45892e-6 0 -1 5.85535e-6 0 -1 5.24989e-6 0 -1 5.20547e-7 0 -1 0 0 -1 2.30135e-6 0 -1 1.42835e-7 0 -1 -4.42396e-7 0 -1 8.10313e-7 0 -1 -1.63459e-6 0 -1 -1.95352e-7 0 -1 1.67471e-6 0 -1 -5.94963e-7 0 -1 -3.61841e-7 0 -1 -1.92973e-7 0 -1 3.00477e-6 0 -1 1.92003e-6 0 -1 -5.46366e-6 0 -1 -3.59125e-7 0 -1 1.40874e-6 0 -1 -6.23e-7 0 -1 2.93053e-7 0 -1 3.05444e-7 0 -1 4.81395e-7 0 -1 -1.84672e-6 0 -1 8.86823e-7 0 -1 2.46047e-7 0 -1 -2.56007e-7 0 -1 -9.2979e-7 0 -1 1.45899e-6 0 -1 3.59125e-7 0 -1 -1.42835e-7 0 -1 5.21505e-7 0 -1 1.29935e-6 0 -1 -3.59158e-7 0 -1 1.40858e-6 0 -1 -2.30118e-6 0 -1 -1.12056e-6 0 -1 2.4606e-7 0 -1 -2.46047e-7 0 -1 3.62266e-7 0 -1 1.6476e-7 0 -1 0 0 -1 -1.39731e-7 0 -1 -6.03026e-7 0 -1 4.37454e-7 0 -1 -2.20094e-7 0 -1 1.62168e-6 0 -1 -3.13249e-7 0 -1 2.33615e-6 0 -1 -3.23881e-7 0 -1 -6.13285e-7 0 -1 -1.35104e-6 0 -1 7.8082e-7 0 -1 1.45931e-6 0 -1 -2.67932e-6 0 -1 1.66215e-6 0 -1 -1.1806e-6 0 -1 2.92987e-7 0 -1 3.0542e-7 0 -1 2.46072e-7 0 -1 3.7213e-7 0 -1 -3.57625e-7 0 -1 -5.85425e-6 0 -1 4.80658e-7 0 -1 1.14525e-6 0 -1 8.75706e-7 0 -1 -1.34815e-6 0 -1 -3.2137e-7 0 -1 -5.74512e-7 0 -1 -5.30885e-7 0 -1 -4.05836e-7 0 -1 0 0 -1 4.42144e-7 0 -1 -1.71779e-6 0 -1 -4.14291e-6 0 -1 4.59613e-7 0 -1 -1.45934e-6 0 -1 1.70326e-6 0 -1 1.1806e-6 0 -1 -1.89947e-6 0 -1 6.25467e-7 0 -1 -7.80791e-7 0 -1 1.54397e-6 0 -1 -4.02115e-7 0 -1 -4.4465e-7 0 -1 -7.88484e-7 0 -1 3.40014e-7 0 -1 3.41702e-7 0 -1 4.24477e-6 0 -1 2.18194e-6 0 -1 -7.03966e-7 0 -1 -1.47475e-7 0 -1 6.23044e-7 0 -1 5.30885e-7 0 -1 5.74427e-7 0 -1 -1.01633e-6 0 -1 5.48323e-7 0 -1 -4.42184e-7 0 -1 4.05869e-7 0 -1 2.53166e-7 0 -1 -2.46072e-7 0 -1 1.11569e-6 0 -1 5.21552e-7 0 -1 6.23e-7 0 -1 -2.93004e-7 0 -1 -3.05402e-7 0 -1 3.41679e-7 0 -1 3.40007e-7 0 -1 -7.88494e-7 0 -1 -7.03956e-7 0 -1 -5.30747e-7 0 -1 -5.74702e-7 0 -1 0 0 -1 3.59113e-7 0 -1 1.29955e-6 0 -1 9.29862e-7 0 -1 1.16584e-6 0 -1 -1.46143e-6 0 -1 -2.46085e-7 0 -1 2.53232e-7 0 -1 -8.86885e-7 0 -1 8.42336e-7 0 -1 -1.25591e-6 0 -1 1.55888e-6 0 -1 2.03782e-6 0 -1 -1.1752e-6 0 -1 1.1112e-6 0 -1 -1.58222e-6 0 -1 3.05402e-7 0 -1 2.93004e-7 0 -1 -6.22957e-7 0 -1 6.23056e-7 0 -1 -1.47461e-7 0 -1 -1.11569e-6 0 -1 -9.29862e-7 0 -1 -1.29946e-6 0 -1 -1.38722e-6 0 -1 6.12434e-7 0 -1 -1.06214e-6 0 -1 1.19153e-6 0 -1 -3.59098e-7 0 -1 0 0 -1 4.88612e-7 0 -1 -7.15159e-7 0 -1 -4.12016e-6 0 -1 2.23015e-6 0 -1 -2.48099e-7 0 -1 -1.29807e-5 0 -1 1.85933e-6 0 -1 0 0 -1 0 0 -1 2.46085e-7 0 -1 1.42834e-7 0 -1 1.64083e-6 0 -1 1.25255e-6 0 -1 -1.11661e-6 0 -1 7.8755e-7 0 -1 0 0 -1 0 0 -1 1.05091e-6 0 -1 -6.25442e-7 0 -1 6.25417e-7 0 -1 -7.8082e-7 0 -1 1.89947e-6 0 -1 5.21546e-7 0 -1 -1.45931e-6 0 -1 -5.29805e-7 0 -1 -5.21447e-7 0 -1 -6.23037e-7 0 -1 -3.0542e-7 0 -1 -2.92987e-7 0 -1 4.02115e-7 0 -1 -1.35124e-6 0 -1 -4.42144e-7 0 -1 4.42184e-7 0 -1 4.8921e-7 0 -1 -7.16473e-7 0 -1 3.36905e-7 0 -1 -2.64128e-6 0 -1 2.24267e-6 0 -1 -3.57633e-7 0 -1 0 0 -1 -8.38182e-6 0 -1 -9.21285e-7 0 -1 3.00434e-6 0 -1 1.47461e-7 0 -1 -6.23056e-7 0 -1 1.45928e-6 0 -1 -1.92987e-7 0 -1 -3.61799e-7 0 -1 7.15159e-7 0 -1 -4.88612e-7 0 -1 1.29807e-5 0 -1 4.88565e-7 0 -1 -2.23015e-6 0 -1 2.63143e-6 0 -1 -2.56013e-7 0 -1 2.46054e-7 0 -1 5.04856e-7 0 -1 6.23118e-7 0 -1 -2.93069e-7 0 -1 5.215e-7 0 -1 -1.45928e-6 0 -1 -5.21482e-7 0 -1 -2.46079e-7 0.5000001 0 -0.8660254 0.5000002 0 -0.8660253 -0.5000002 0 0.8660253 -0.5000004 0 0.8660253 0 1 -2.70474e-6 0 1 1.06214e-6 0 1 -1.5887e-6 0 1 2.20094e-7 0 1 -4.37454e-7 0 1 6.03026e-7 0 1 1.39731e-7 0 1 9.29862e-7 0 1 1.11569e-6 0 1 -1.45928e-6 0 1 -3.05402e-7 0 1 3.59098e-7 0 1 -1.40875e-6 0 1 -1.4747e-7 0 1 -2.93004e-7 0 1 3.05402e-7 0 1 0 0 1 1.47461e-7 0 1 -6.23056e-7 0 1 -9.799e-7 0 1 6.93602e-7 0 1 1.45928e-6 0 1 -1.11569e-6 0 1 7.15159e-7 0 1 -4.88612e-7 0 1 -1.42834e-7 0 1 4.42334e-7 0 1 1.29807e-5 0 1 3.34659e-6 0 1 -1.48873e-6 0 1 -2.46085e-7 0 1 2.46054e-7 0 1 -7.8755e-7 0 1 1.26788e-6 0 1 -5.32568e-7 0 1 1.1112e-6 0 1 -1.64083e-6 0 1 5.30747e-7 0 1 1.79155e-6 0 1 2.05518e-6 0 1 -2.18189e-6 0 1 -5.21552e-7 0 1 -3.41679e-7 0 1 -1.7801e-7 0 1 -3.40007e-7 0 1 2.93004e-7 0 1 -9.29862e-7 0 1 -1.29955e-6 0 1 -4.42334e-7 0 1 1.42834e-7 0 1 1.81117e-6 0 1 -1.16584e-6 0 1 -1.25884e-7 0 1 -2.53232e-7 0 1 2.46085e-7 0 1 8.97559e-7 0 1 -1.84676e-6 0 1 -1.55888e-6 0 1 1.55845e-6 0 1 -3.91648e-7 0 1 -8.42336e-7 0 1 2.30135e-6 0 1 -1.1112e-6 0 1 -2.63836e-6 0 1 -3.41702e-7 0 1 -3.40014e-7 0 1 -8.48954e-6 0 1 7.88484e-7 0 1 7.03966e-7 0 1 4.02115e-7 0 1 -1.1806e-6 0 1 -1.11579e-6 0 1 1.45934e-6 0 1 -1.54397e-6 0 1 7.80791e-7 0 1 -6.25467e-7 0 1 2.92987e-7 0 1 3.0542e-7 0 1 2.07146e-6 0 1 -4.59613e-7 0 1 -3.2137e-7 0 1 -5.74427e-7 0 1 -5.30885e-7 0 1 5.66041e-7 0 1 4.42184e-7 0 1 -5.29805e-7 0 1 2.46072e-7 0 1 -2.53166e-7 0 1 8.58988e-7 0 1 -1.05091e-6 0 1 1.70326e-6 0 1 1.1806e-6 0 1 -1.89947e-6 0 1 6.25417e-7 0 1 -7.8082e-7 0 1 5.21546e-7 0 1 -1.45931e-6 0 1 1.54397e-6 0 1 -4.02115e-7 0 1 -4.4465e-7 0 1 -3.0542e-7 0 1 -2.92987e-7 0 1 3.61807e-7 0 1 3.57625e-7 0 1 -4.42144e-7 0 1 4.05836e-7 0 1 2.67932e-6 0 1 -8.10299e-7 0 1 2.5598e-7 0 1 -2.46072e-7 0 1 -4.80658e-7 0 1 2.92723e-6 0 1 5.30885e-7 0 1 5.74512e-7 0 1 -1.01619e-6 0 1 3.2137e-7 0 1 1.34826e-6 0 1 0 0 1 3.13249e-7 0 1 -8.20341e-7 0 1 6.13285e-7 0 1 0 0 1 0 0 1 0 0 1 0 0 1 1.95594e-6 0 1 1.61808e-6 0 1 1.42835e-7 0 1 -3.5916e-7 0 1 1.40849e-6 0 1 -6.22975e-7 0 1 1.47464e-7 0 1 3.05444e-7 0 1 -2.51594e-7 0 1 0 0 1 0 0 1 -3.76597e-7 0 1 1.69199e-7 0 1 -1.6476e-7 0 1 0 0 1 0 0 1 -1.3796e-7 0 1 1.56338e-7 0 1 0 0 1 1.54752e-7 0 1 -5.8983e-7 0 1 1.39135e-6 0 1 -2.69648e-7 0 1 0 0 1 0 0 1 0 0 1 0 0 1 2.88742e-7 0 1 -1.61605e-7 0 1 0 0 1 -1.31963e-6 0 1 -4.42025e-7 0 1 -9.2979e-7 0 1 -1.11611e-6 0 1 1.45895e-6 0 1 0 0 1 0 0 1 -2.06337e-7 0 1 3.59158e-7 0 1 -4.42396e-7 0 1 4.42396e-7 0 1 -1.42835e-7 0 1 -3.59125e-7 0 1 1.40874e-6 0 1 -6.23e-7 0 1 2.93053e-7 0 1 5.21523e-7 0 1 -2.93053e-7 0 1 -1.47461e-7 0 1 1.11611e-6 0 1 9.2979e-7 0 1 1.29935e-6 0 1 -2.30118e-6 0 1 1.12056e-6 0 1 -1.12056e-6 0 1 1.45899e-6 0 1 2.46047e-7 0 1 -2.4606e-7 0 1 3.59125e-7 0 1 -1.1852e-6 0 1 -8.75681e-7 0 1 3.61841e-7 0 1 5.21505e-7 0 1 -8.86823e-7 0 1 1.84672e-6 0 1 1.0216e-6 0 1 0 0 1 -1.47464e-7 0 1 -1.5586e-6 0 1 3.91656e-7 0 1 8.42327e-7 0 1 2.67905e-6 0 1 -8.10313e-7 0 1 -3.11709e-6 0 1 5.46366e-6 0 1 2.56007e-7 0 1 -2.46047e-7 0 1 6.23118e-7 0 1 5.215e-7 0 1 3.57601e-7 0 1 3.61832e-7 0 1 -2.93042e-7 0 1 -1.47481e-7 0 1 1.11537e-6 0 1 -2.93069e-7 0 1 -3.05331e-7 0 1 -8.75816e-7 0 1 1.34838e-6 0 1 3.2133e-7 0 1 5.74618e-7 0 1 -1.63587e-6 0 1 4.92421e-7 0 1 -4.53833e-7 0 1 2.77369e-7 0 1 -2.46079e-7 0 1 2.55986e-7 0 1 -3.00405e-6 0 1 4.79221e-7 0 1 -2.92791e-6 0 1 -4.80621e-7 0 1 0 0 1 0 0 1 0 0 1 3.05331e-7 0 1 2.93069e-7 0 1 0 0 1 0 0 1 -6.23187e-7 0 1 -5.21465e-7 0 1 -6.22982e-7 0 1 1.47481e-7 0 1 3.05432e-7 0 1 -3.3548e-7 0 1 0 0 1 0 0 1 0 0 1 0 0 1 0 0 1 0 0 1 0 0 1 -2.08998e-7 0 1 1.00482e-5 0 1 0 0 1 0 0 1 -3.43407e-6 0 1 -1.11537e-6 0 1 1.45898e-6 0 1 2.46079e-7 0 1 -6.23118e-7 0 1 -5.21546e-7 0 1 -6.22963e-7 0 1 2.93042e-7 0 1 5.21482e-7 0 1 -1.47486e-7 0 1 1.45892e-6 0 1 2.4606e-7 0 1 -2.46054e-7 0 1 5.21494e-7 0 1 6.23056e-7 0 1 -9.04712e-7 0 1 -7.15159e-7 0 1 -1.46654e-6 0 1 0 0 1 1.51851e-6 0 1 7.3275e-7 0 1 -3.34659e-6 0 1 2.40466e-7 0 1 -1.29807e-5 0 1 1.85933e-6 0 1 3.57633e-7 0 1 3.61799e-7 0 1 -8.75693e-7 0 1 -8.10285e-7 0 1 -7.00891e-6 0 1 3.61039e-6 0 1 2.56013e-7 0 1 6.25442e-7 0 1 -7.80664e-7 0 1 1.56156e-6 0 1 6.23037e-7 0 1 5.21447e-7 0 1 -1.35104e-6 0 1 1.54428e-6 0 1 1.45931e-6 0 1 -4.42184e-7 0 1 4.42144e-7 -0.9961819 0 -0.0873028 -0.9659697 0 -0.2586554 -0.9062876 0 -0.4226619 -0.8191314 0 -0.573606 -0.7071652 0 -0.7070484 -0.5736216 0 -0.8191205 -0.4225554 0 -0.9063372 -0.2588139 0 -0.9659273 -0.0871399 0 -0.9961961 0.0871669 0 -0.9961937 0.2588139 0 -0.9659273 0.4225554 0 -0.9063372 0.5736216 0 -0.8191205 0.7071652 0 -0.7070484 0.8191314 0 -0.573606 0.9062279 0 -0.4227896 0.9659697 0 -0.2586554 0.9961954 0 -0.08714836 0.9961953 0 0.08714866 0.9961954 0 0.08714801 0.9659699 0 0.2586544 0.9659695 0 0.2586564 0.9062279 0 0.4227896 0.8191314 0 0.573606 0.7071652 0 0.7070484 0.5736242 0 0.8191186 0.5736191 0 0.8191223 0.4225554 0 0.9063372 0.2587957 0 0.9659321 0.0871824 0 0.9961925 0.08719009 0 0.9961917 -0.08716309 0 0.9961941 -0.08715534 0 0.9961947 -0.2587957 0 0.9659321 -0.4225554 0 0.9063372 -0.5736191 0 0.8191223 -0.5736242 0 0.8191186 -0.7071652 0 0.7070484 -0.8191314 0 0.573606 -0.9062876 0 0.4226619 -0.9659695 0 0.2586564 -0.9659699 0 0.2586544 -0.9961819 0 0.08730244 -0.9961819 0 0.0873031 -0.9961954 0 -0.08714836 -0.9062279 0 -0.4227896 -0.422615 0 -0.9063094 -0.08712637 0 -0.9961973 0.422615 0 -0.9063094 0.5735485 0 -0.8191716 0.9062876 0 -0.4226619 0.9659308 0 -0.2588006 0.9659311 0 0.2587996 0.9659305 0 0.2588016 0.9062876 0 0.4226619 0.5735511 0 0.8191698 0.5735459 0 0.8191735 0.422615 0 0.9063094 -0.08714956 0 0.9961953 -0.08714187 0 0.996196 -0.422615 0 0.9063094 -0.9062279 0 0.4227896 -0.9961954 0 0.08714801 -0.9961953 0 0.08714866 -0.9961817 0 -0.08730447 -0.9659711 0 -0.2586506 -0.5736348 0 -0.8191114 -0.4225234 0 -0.9063521 -0.258832 0 -0.9659224 0.258832 0 -0.9659224 0.4225234 0 -0.9063521 0.5736348 0 -0.8191114 0.9659711 0 -0.2586506 0.9961953 0 -0.08715003 0.9961954 0 0.08714836 0.9659697 0 0.2586554 0.7071554 0 0.7070581 0.5736348 0 0.8191114 0.4225394 0 0.9063447 0.258832 0 0.9659224 0.0871669 0 0.9961937 -0.0871399 0 0.9961961 -0.258832 0 0.9659224 -0.4225394 0 0.9063447 -0.5736348 0 0.8191114 -0.7071554 0 0.7070581 -0.9659697 0 0.2586554 -0.9961819 0 0.0873028 -0.9961953 0 -0.08715003 -0.422583 0 -0.9063242 0.422583 0 -0.9063242 0.5735616 0 -0.8191626 0.9659321 0 -0.2587957 0.9659308 0 0.2588006 0.5735616 0 0.8191626 0.422599 0 0.9063168 -0.08712637 0 0.9961973 -0.422599 0 0.9063168 -0.9961954 0 0.08714836 -0.9961817 0 -0.08730518 -0.9062889 0 -0.4226588 -0.8191289 0 -0.5736097 -0.7071691 0 -0.7070446 -0.5736295 0 -0.819115 -0.4225362 0 -0.9063462 -0.4225106 0 -0.906358 -0.2588393 0 -0.9659205 0.2588393 0 -0.9659205 0.4225106 0 -0.906358 0.4225362 0 -0.9063462 0.5736295 0 -0.819115 0.7071691 0 -0.7070446 0.8191289 0 -0.5736097 0.9062293 0 -0.4227867 0.9961951 0 -0.08715069 0.9961953 0 0.08715003 0.9659711 0 0.2586506 0.4225234 0 0.9063521 -0.4225234 0 0.9063521 -0.9659711 0 0.2586506 -0.9961817 0 0.08730447 -0.9961951 0 -0.08715069 -0.9062293 0 -0.4227867 -0.4225959 0 -0.9063184 -0.4225702 0 -0.9063302 0.4225702 0 -0.9063302 0.4225959 0 -0.9063184 0.5735563 0 -0.8191661 0.9062889 0 -0.4226588 0.9659321 0 0.2587957 0.422583 0 0.9063242 -0.422583 0 0.9063242 -0.9961953 0 0.08715003 -0.9659321 0 -0.2587957 -0.5735563 0 -0.8191661 -0.08715343 0 -0.9961949 0.08715343 0 -0.9961949 0.08715343 0 0.9961949 -0.08715343 0 0.9961949 -0.5735616 0 0.8191626 -0.9659321 0 0.2587957 -0.5735616 0 -0.8191626 -0.9659308 0 0.2588006 -0.9659308 0 -0.2588006 -0.5735485 0 -0.8191716 0.08716887 0 0.9961936 0.08717656 0 0.9961929 -0.08717656 0 0.9961929 -0.08716887 0 0.9961936 -0.5735459 0 0.8191735 -0.5735511 0 0.8191698 -0.9659305 0 0.2588016 -0.9659311 0 0.2587996 0.9961982 0 0.08711671 0.996198 0 0.08711791 0.9659228 0 0.2588306 0.9063242 0 0.4225832 0.8191488 0 0.5735813 0.7070963 0 0.7071173 0.5735634 0 0.8191612 0.4226295 0 0.9063026 0.4226353 0 0.9062999 0.2588241 0 0.9659245 0.258811 0 0.965928 0.08715087 0 0.9961951 0.08715784 0 0.9961946 -0.08716082 0 0.9961943 -0.258811 0 0.965928 -0.2588241 0 0.9659245 -0.4226152 0 0.9063093 -0.4226095 0 0.906312 -0.5735763 0 0.8191521 -0.7071015 0 0.7071121 -0.7071051 0 0.7071086 -0.8191569 0 0.5735695 -0.8191592 0 0.5735662 -0.9062962 0 0.4226434 -0.9659271 0 0.2588143 -0.9659277 0 0.2588125 -0.9961936 0 0.08716946 -0.9961935 0 0.08717006 0.08715784 0 -0.9961946 0.2588183 0 -0.9659261 0.4226135 0 -0.90631 0.5735734 0 -0.8191542 0.8191528 0 -0.5735755 0.9063119 0 -0.4226097 0.9659271 0 -0.2588143 0.9961943 0 -0.08716106 -0.9961951 0 -0.08715236 -0.9659228 0 -0.2588306 -0.8191507 0 -0.5735784 -0.7070959 0 -0.7071177 -0.5735816 0 -0.8191485 -0.4226101 0 -0.9063116 -0.2588096 0 -0.9659284 -0.08715826 0 -0.9961945 0.5735378 0 -0.8191792 0.5735534 0 -0.8191682 0.707101 0 -0.7071127 0.8191559 0 -0.5735709 0.906301 0 -0.4226329 0.9062927 0 -0.4226508 0.9659476 0 -0.2587381 0.9961908 0 -0.08720111 0.08711916 0 -0.9961979 0.2588393 0 -0.9659204 0.4225884 0 -0.9063217 -0.9961815 0 -0.08730649 -0.9961819 0 -0.08730244 -0.9659418 0 -0.2587594 -0.9659388 0 -0.2587711 -0.9062982 0 -0.4226388 -0.9063066 0 -0.422621 -0.8191706 0 -0.5735501 -0.7070718 0 -0.7071418 -0.7070484 0 -0.7071651 -0.5736582 0 -0.8190949 -0.422566 0 -0.9063322 -0.258854 0 -0.9659165 -0.08710902 0 -0.9961988 0.9961819 0 0.08730244 0.9659402 0 0.2587652 0.9063025 0 0.4226299 0.7070659 0 0.7071477 0.5736034 0 0.8191333 0.5736191 0 0.8191223 0.4226011 0 0.9063158 0.2588248 0 0.9659243 0.258803 0 0.9659302 0.08716547 0 0.9961939 -0.08716547 0 0.9961939 -0.2588176 0 0.9659263 -0.2588393 0 0.9659204 -0.4225788 0 0.9063263 -0.5736464 0 0.8191031 -0.5736308 0 0.819114 -0.7070952 0 0.7071185 -0.9062801 0 0.4226778 -0.9659258 0 0.2588197 -0.9962022 0 0.08707082 0.9961921 0 0.08718663 0.08715969 0 -0.9961944 0.2588139 0 -0.9659273 0.4226155 0 -0.9063092 0.4226203 0 -0.9063069 0.5735916 0 -0.8191415 0.7070718 0 -0.7071418 0.7070689 0 -0.7071447 0.8191648 0 -0.5735583 0.9063025 0 -0.4226299 0.9659407 0 -0.2587638 0.9659411 0 -0.2587624 0.9961919 0 -0.08718764 -0.08715969 0 -0.9961944 -0.2588139 0 -0.9659273 -0.4226155 0 -0.9063092 -0.4226203 0 -0.9063069 -0.5735916 0 -0.8191415 -0.7070689 0 -0.7071447 -0.8191648 0 -0.5735583 -0.9063025 0 -0.4226299 -0.9659407 0 -0.2587638 -0.9659411 0 -0.2587624 -0.9961919 0 -0.08718764 -0.08715534 0 0.9961948 -0.2588322 0 0.9659224 -0.258854 0 0.9659165 -0.4225564 0 0.9063367 -0.5736739 0 0.8190839 -0.5736582 0 0.8190949 -0.7070659 0 0.7071477 -0.9063025 0 0.4226299 -0.9659402 0 0.2587652</float_array>
          <technique_common>
            <accessor source="#BOX_PAD1_0_simple_002-mesh-normals-array" count="4668" stride="3">
              <param name="X" type="float"/>
              <param name="Y" type="float"/>
              <param name="Z" type="float"/>
            </accessor>
          </technique_common>
        </source>
        <vertices id="BOX_PAD1_0_simple_002-mesh-vertices">
          <input semantic="POSITION" source="#BOX_PAD1_0_simple_002-mesh-positions"/>
        </vertices>
        <triangles count="13412">
          <input semantic="VERTEX" source="#BOX_PAD1_0_simple_002-mesh-vertices" offset="0"/>
          <input semantic="NORMAL" source="#BOX_PAD1_0_simple_002-mesh-normals" offset="1"/>
          <p>0 0 1 0 2 0 1 0 3 0 2 0 2 1 3 1 4 1 2 2 4 2 5 2 6 0 7 0 8 0 7 0 9 0 8 0 8 3 9 3 10 3 8 4 10 4 11 4 12 5 13 5 14 5 0 0 2 0 8 0 8 6 2 6 15 6 8 7 15 7 6 7 16 0 17 0 18 0 16 0 18 0 19 0 17 0 20 0 18 0 18 8 20 8 21 8 18 9 21 9 22 9 11 0 23 0 8 0 8 10 23 10 24 10 8 0 24 0 22 0 22 11 24 11 25 11 22 0 25 0 18 0 26 0 27 0 28 0 28 12 27 12 29 12 28 13 29 13 30 13 12 0 14 0 18 0 18 14 14 14 31 14 18 15 31 15 19 15 32 0 33 0 34 0 34 16 33 16 35 16 36 0 37 0 33 0 33 17 37 17 38 17 33 0 38 0 39 0 39 18 38 18 40 18 5 0 41 0 2 0 2 19 41 19 42 19 2 0 42 0 43 0 43 20 42 20 44 20 30 0 45 0 28 0 28 21 45 21 46 21 28 22 46 22 47 22 47 0 46 0 48 0 25 23 49 23 18 23 18 24 49 24 50 24 18 25 50 25 51 25 51 0 52 0 18 0 18 26 52 26 53 26 18 27 53 27 33 27 33 28 53 28 54 28 33 29 54 29 35 29 32 30 55 30 33 30 33 31 55 31 56 31 33 32 56 32 36 32 44 33 26 33 43 33 43 0 26 0 28 0 43 0 28 0 57 0 57 0 28 0 58 0 57 0 58 0 59 0 59 0 58 0 60 0 59 0 60 0 61 0 61 0 60 0 62 0 61 0 62 0 63 0 63 34 62 34 64 34 63 0 64 0 65 0 65 35 64 35 66 35 65 0 66 0 67 0 67 36 66 36 68 36 67 0 68 0 69 0 69 37 68 37 70 37 69 0 70 0 71 0 71 38 70 38 72 38 71 0 72 0 73 0 73 39 72 39 39 39 73 0 39 0 74 0 74 0 39 0 40 0 48 0 75 0 47 0 47 0 75 0 76 0 47 0 76 0 77 0 77 40 76 40 78 40 77 0 78 0 79 0 79 0 78 0 80 0 79 0 80 0 81 0 81 41 80 41 82 41 81 0 82 0 83 0 83 42 82 42 84 42 83 0 84 0 85 0 85 43 84 43 86 43 85 0 86 0 87 0 87 44 86 44 88 44 87 45 88 45 89 45 89 46 88 46 90 46 89 0 90 0 91 0 91 47 90 47 92 47 91 0 92 0 12 0 12 48 92 48 93 48 12 49 93 49 13 49 12 50 18 50 94 50 94 50 18 50 95 50 96 51 97 51 98 51 98 52 97 52 99 52 98 53 99 53 100 53 96 51 98 51 101 51 101 51 98 51 102 51 101 51 102 51 103 51 100 51 104 51 98 51 98 54 104 54 105 54 98 55 105 55 106 55 107 56 108 56 98 56 98 57 108 57 109 57 110 51 95 51 111 51 111 51 95 51 112 51 109 51 113 51 98 51 98 58 113 58 114 58 98 59 114 59 95 59 95 60 114 60 115 60 95 61 115 61 112 61 110 51 116 51 95 51 95 62 116 62 117 62 95 63 117 63 118 63 119 51 120 51 121 51 121 51 120 51 122 51 119 51 123 51 120 51 120 64 123 64 124 64 120 65 124 65 125 65 126 51 94 51 127 51 127 51 94 51 95 51 127 51 95 51 128 51 128 51 95 51 118 51 122 51 120 51 129 51 129 66 120 66 130 66 129 51 130 51 131 51 132 51 133 51 134 51 134 67 133 67 135 67 136 68 137 68 125 68 126 51 138 51 94 51 94 69 138 69 139 69 94 51 139 51 140 51 140 70 139 70 141 70 140 51 141 51 142 51 142 71 141 71 143 71 142 51 143 51 144 51 144 72 143 72 145 72 144 51 145 51 146 51 146 73 145 73 147 73 146 74 147 74 148 74 148 75 147 75 149 75 148 51 149 51 150 51 150 76 149 76 151 76 150 51 151 51 152 51 152 77 151 77 153 77 152 78 153 78 154 78 154 51 153 51 155 51 154 51 155 51 130 51 130 51 155 51 156 51 130 51 156 51 131 51 107 79 98 79 157 79 157 80 98 80 106 80 157 51 106 51 134 51 134 81 106 81 158 81 134 82 158 82 132 82 135 51 159 51 134 51 134 83 159 83 160 83 134 84 160 84 161 84 161 51 162 51 134 51 134 85 162 85 163 85 134 51 163 51 125 51 125 86 163 86 164 86 125 87 164 87 136 87 137 51 165 51 125 51 125 88 165 88 166 88 125 89 166 89 120 89 120 90 166 90 167 90 120 51 167 51 168 51 168 91 169 91 120 91 120 51 169 51 170 51 120 51 170 51 171 51 171 92 170 92 172 92 171 51 172 51 173 51 173 93 172 93 174 93 173 51 174 51 175 51 175 94 174 94 176 94 175 51 176 51 177 51 177 95 176 95 178 95 177 96 178 96 179 96 179 97 178 97 180 97 179 51 180 51 181 51 181 98 180 98 182 98 181 51 182 51 183 51 183 99 182 99 184 99 183 51 184 51 185 51 185 100 184 100 186 100 185 51 186 51 102 51 102 70 186 70 187 70 102 69 187 69 103 69 102 101 98 101 39 101 39 101 98 101 33 101 130 102 120 102 47 102 47 102 120 102 28 102 33 101 98 101 188 101 188 103 98 103 189 103 188 104 189 104 190 104 190 101 189 101 191 101 190 101 191 101 192 101 192 101 191 101 193 101 192 101 193 101 194 101 194 105 193 105 195 105 194 101 195 101 196 101 196 101 195 101 197 101 196 101 197 101 198 101 198 106 197 106 199 106 198 101 199 101 200 101 200 101 199 101 201 101 200 107 201 107 202 107 202 108 201 108 203 108 202 101 203 101 204 101 204 109 203 109 205 109 206 50 207 50 208 50 208 110 207 110 209 110 208 50 209 50 210 50 210 111 209 111 211 111 210 112 211 112 212 112 212 113 211 113 213 113 212 50 213 50 214 50 214 114 213 114 215 114 214 50 215 50 216 50 216 50 215 50 217 50 216 50 217 50 218 50 218 115 217 115 219 115 218 50 219 50 220 50 220 116 219 116 221 116 220 117 221 117 222 117 222 118 221 118 223 118 222 119 223 119 18 119 18 50 223 50 95 50 224 120 205 120 203 120 98 121 95 121 223 121 98 122 223 122 189 122 189 123 223 123 221 123 189 124 221 124 191 124 191 125 221 125 219 125 191 126 219 126 193 126 193 127 219 127 217 127 193 127 217 127 195 127 195 128 217 128 215 128 195 128 215 128 197 128 197 129 215 129 213 129 197 130 213 130 199 130 199 131 213 131 211 131 199 132 211 132 201 132 201 133 211 133 209 133 201 134 209 134 203 134 207 135 225 135 209 135 209 136 225 136 226 136 209 137 226 137 203 137 203 136 226 136 227 136 203 138 227 138 224 138 204 139 228 139 202 139 202 140 228 140 229 140 206 141 208 141 230 141 230 142 208 142 231 142 229 143 231 143 202 143 202 144 231 144 208 144 202 145 208 145 200 145 200 146 208 146 210 146 200 147 210 147 198 147 198 148 210 148 212 148 198 149 212 149 196 149 196 150 212 150 214 150 196 151 214 151 194 151 194 152 214 152 216 152 194 153 216 153 192 153 192 154 216 154 218 154 192 155 218 155 190 155 190 156 218 156 220 156 190 157 220 157 188 157 188 158 220 158 222 158 188 159 222 159 33 159 33 160 222 160 18 160 232 101 233 101 234 101 234 101 233 101 235 101 234 101 235 101 236 101 236 101 235 101 237 101 236 101 237 101 238 101 238 101 237 101 239 101 238 101 239 101 205 101 205 101 239 101 204 101 207 50 206 50 240 50 240 50 206 50 241 50 240 50 241 50 242 50 242 50 241 50 243 50 242 50 243 50 244 50 244 50 243 50 245 50 244 50 245 50 246 50 246 50 245 50 247 50 236 161 238 161 248 161 249 161 250 161 251 161 252 161 253 161 254 161 254 162 255 162 256 162 253 161 257 161 254 161 254 163 257 163 258 163 254 161 258 161 255 161 259 161 260 161 254 161 254 161 260 161 261 161 261 161 262 161 254 161 254 161 262 161 263 161 254 164 263 164 252 164 249 161 251 161 264 161 244 161 246 161 251 161 251 165 246 165 265 165 251 166 265 166 266 166 266 161 267 161 251 161 251 167 267 167 268 167 251 168 268 168 269 168 269 161 270 161 251 161 251 169 270 169 271 169 251 161 271 161 264 161 272 161 273 161 274 161 274 161 273 161 275 161 274 161 275 161 276 161 277 161 278 161 279 161 280 161 281 161 282 161 281 161 283 161 282 161 282 170 283 170 284 170 282 171 284 171 285 171 277 161 279 161 286 161 285 161 287 161 282 161 282 172 287 172 288 172 282 173 288 173 289 173 289 174 290 174 282 174 282 175 290 175 291 175 282 176 291 176 279 176 279 177 291 177 292 177 279 178 292 178 286 178 276 161 293 161 274 161 274 179 293 179 294 179 274 161 294 161 295 161 295 180 294 180 296 180 295 181 296 181 297 181 297 182 298 182 295 182 295 183 298 183 299 183 295 184 299 184 300 184 272 161 274 161 301 161 301 185 274 185 226 185 301 161 226 161 302 161 303 161 304 161 225 161 225 186 304 186 305 186 278 161 306 161 279 161 279 161 306 161 307 161 279 161 307 161 225 161 225 187 307 187 308 187 225 188 308 188 303 188 305 161 309 161 225 161 225 189 309 189 310 189 225 161 310 161 226 161 226 190 310 190 311 190 226 191 311 191 302 191 312 161 313 161 314 161 314 161 313 161 315 161 314 161 315 161 316 161 317 161 318 161 319 161 320 161 321 161 295 161 322 161 323 161 274 161 316 161 324 161 314 161 314 192 324 192 325 192 314 193 325 193 326 193 317 161 319 161 327 161 322 161 274 161 328 161 321 161 329 161 295 161 295 194 329 194 330 194 295 195 330 195 331 195 331 196 332 196 295 196 295 197 332 197 333 197 295 198 333 198 274 198 274 199 333 199 334 199 274 200 334 200 328 200 326 201 335 201 319 201 319 202 335 202 336 202 319 203 336 203 337 203 337 204 338 204 319 204 319 205 338 205 339 205 319 206 339 206 327 206 227 207 340 207 341 207 341 161 342 161 227 161 227 208 342 208 343 208 227 209 343 209 312 209 323 161 344 161 274 161 274 161 344 161 345 161 274 161 345 161 226 161 226 210 345 210 346 210 346 161 347 161 226 161 226 211 347 211 348 211 226 161 348 161 227 161 227 212 348 212 349 212 227 213 349 213 340 213 256 214 232 214 254 214 254 161 232 161 234 161 254 161 234 161 350 161 351 161 352 161 350 161 352 161 353 161 350 161 350 215 353 215 354 215 350 216 354 216 355 216 350 217 356 217 254 217 254 218 356 218 357 218 254 219 357 219 358 219 358 220 359 220 254 220 254 221 359 221 360 221 254 222 360 222 361 222 355 223 362 223 350 223 350 224 362 224 363 224 350 225 363 225 356 225 361 161 364 161 254 161 254 226 364 226 365 226 254 227 365 227 366 227 367 161 368 161 259 161 259 228 368 228 369 228 366 229 370 229 254 229 254 230 370 230 371 230 254 161 371 161 259 161 259 231 371 231 372 231 259 232 372 232 367 232 373 161 374 161 319 161 369 161 375 161 259 161 259 233 375 233 376 233 259 234 376 234 377 234 377 235 378 235 259 235 259 236 378 236 379 236 259 237 379 237 319 237 319 238 379 238 380 238 319 239 380 239 373 239 374 240 381 240 319 240 319 241 381 241 382 241 319 242 382 242 383 242 383 161 384 161 319 161 319 243 384 243 385 243 319 161 385 161 350 161 350 244 385 244 386 244 350 245 386 245 351 245 387 161 388 161 314 161 314 246 388 246 389 246 390 161 391 161 248 161 248 247 391 247 392 247 248 248 392 248 393 248 394 161 395 161 248 161 248 249 395 249 350 249 248 161 350 161 236 161 236 161 350 161 234 161 396 161 397 161 350 161 389 161 398 161 314 161 314 250 398 250 399 250 314 251 399 251 400 251 400 161 401 161 314 161 314 252 401 252 402 252 314 253 402 253 403 253 403 161 404 161 314 161 314 254 404 254 405 254 314 161 405 161 248 161 248 255 405 255 406 255 248 161 406 161 390 161 393 256 407 256 248 256 248 257 407 257 408 257 248 258 408 258 394 258 395 161 409 161 350 161 350 259 409 259 410 259 350 260 410 260 411 260 326 161 319 161 314 161 314 161 319 161 412 161 314 261 412 261 387 261 411 223 413 223 350 223 350 262 413 262 414 262 350 263 414 263 396 263 397 161 415 161 350 161 350 245 415 245 416 245 350 161 416 161 319 161 319 264 416 264 417 264 417 161 418 161 319 161 319 265 418 265 419 265 319 266 419 266 420 266 420 267 421 267 319 267 319 268 421 268 422 268 319 269 422 269 412 269 312 270 314 270 227 270 227 161 314 161 248 161 227 161 248 161 224 161 224 161 248 161 238 161 224 161 238 161 205 161 423 161 424 161 425 161 259 271 426 271 427 271 428 272 429 272 425 272 425 273 429 273 430 273 425 274 430 274 423 274 424 275 431 275 425 275 425 276 431 276 432 276 425 277 432 277 433 277 427 278 434 278 259 278 259 279 434 279 435 279 259 161 435 161 436 161 437 161 438 161 260 161 260 280 438 280 439 280 260 281 439 281 440 281 440 161 441 161 260 161 260 282 441 282 442 282 260 283 442 283 443 283 444 161 428 161 445 161 445 161 428 161 260 161 445 161 260 161 446 161 446 161 260 161 443 161 444 161 447 161 428 161 428 284 447 284 448 284 428 285 448 285 449 285 433 161 450 161 425 161 425 286 450 286 451 286 425 287 451 287 452 287 436 161 453 161 259 161 259 288 453 288 454 288 259 289 454 289 455 289 455 161 456 161 259 161 259 290 456 290 457 290 259 291 457 291 260 291 260 292 457 292 458 292 260 293 458 293 437 293 449 294 459 294 428 294 428 295 459 295 460 295 428 296 460 296 429 296 318 161 320 161 319 161 319 161 320 161 295 161 319 161 295 161 259 161 259 161 295 161 425 161 259 161 425 161 426 161 426 161 425 161 452 161 461 161 462 161 251 161 463 161 464 161 425 161 465 161 466 161 250 161 465 161 250 161 467 161 250 297 468 297 251 297 251 298 468 298 469 298 251 299 469 299 461 299 462 300 470 300 251 300 251 301 470 301 471 301 251 302 471 302 472 302 464 303 473 303 425 303 425 304 473 304 474 304 425 161 474 161 475 161 476 161 477 161 428 161 428 305 477 305 478 305 428 306 478 306 479 306 466 161 480 161 250 161 250 307 480 307 481 307 250 308 481 308 482 308 472 161 483 161 251 161 251 309 483 309 484 309 251 310 484 310 485 310 475 161 486 161 425 161 425 311 486 311 487 311 425 312 487 312 488 312 488 161 489 161 425 161 425 313 489 313 490 313 425 314 490 314 428 314 428 315 490 315 491 315 428 316 491 316 476 316 479 161 492 161 428 161 428 317 492 317 493 317 428 161 493 161 250 161 250 318 493 318 494 318 250 319 494 319 467 319 482 320 495 320 250 320 250 321 495 321 496 321 250 322 496 322 468 322 300 161 280 161 295 161 295 161 280 161 282 161 295 161 282 161 425 161 425 161 282 161 251 161 425 161 251 161 463 161 463 161 251 161 485 161 497 161 498 161 282 161 498 161 499 161 282 161 282 323 499 323 500 323 282 324 500 324 501 324 282 325 502 325 251 325 251 326 502 326 503 326 251 327 503 327 504 327 504 328 505 328 251 328 251 329 505 329 506 329 251 330 506 330 507 330 501 331 508 331 282 331 282 332 508 332 509 332 282 333 509 333 502 333 507 161 510 161 251 161 251 334 510 334 511 334 251 335 511 335 512 335 513 161 514 161 244 161 244 336 514 336 515 336 512 337 516 337 251 337 251 338 516 338 517 338 251 161 517 161 244 161 244 339 517 339 518 339 244 340 518 340 513 340 519 161 520 161 242 161 515 161 521 161 244 161 244 341 521 341 522 341 244 342 522 342 523 342 523 343 524 343 244 343 244 344 524 344 525 344 244 345 525 345 242 345 242 346 525 346 526 346 242 347 526 347 519 347 520 348 527 348 242 348 242 349 527 349 528 349 242 350 528 350 529 350 529 161 530 161 242 161 242 351 530 351 531 351 242 161 531 161 282 161 282 352 531 352 532 352 282 353 532 353 497 353 240 354 533 354 534 354 535 161 279 161 536 161 536 355 279 355 537 355 538 356 539 356 279 356 279 161 539 161 540 161 279 357 540 357 537 357 541 161 542 161 282 161 534 161 543 161 240 161 240 358 543 358 544 358 240 359 544 359 545 359 240 161 546 161 547 161 545 161 548 161 240 161 240 360 548 360 549 360 240 361 549 361 546 361 535 362 550 362 279 362 279 363 550 363 551 363 279 364 551 364 552 364 552 161 553 161 279 161 279 365 553 365 554 365 279 161 554 161 282 161 282 366 554 366 555 366 282 367 555 367 556 367 242 368 557 368 240 368 240 369 557 369 558 369 240 370 558 370 533 370 556 371 559 371 282 371 282 372 559 372 560 372 282 373 560 373 541 373 542 161 561 161 282 161 282 374 561 374 562 374 282 161 562 161 242 161 242 375 562 375 563 375 563 161 564 161 242 161 242 376 564 376 565 376 242 377 565 377 566 377 566 378 567 378 242 378 242 379 567 379 568 379 242 380 568 380 557 380 225 161 207 161 279 161 279 161 207 161 240 161 279 161 240 161 538 161 538 381 240 381 547 381 247 102 245 102 569 102 570 382 571 382 572 382 572 383 571 383 573 383 574 102 572 102 575 102 575 384 572 384 233 384 574 102 576 102 572 102 572 385 576 385 577 385 572 386 577 386 570 386 247 102 569 102 578 102 579 102 580 102 569 102 569 387 580 387 581 387 569 102 581 102 582 102 582 388 583 388 569 388 569 389 583 389 584 389 569 390 584 390 585 390 585 102 586 102 569 102 569 102 586 102 587 102 569 391 587 391 578 391 588 102 589 102 590 102 590 102 589 102 591 102 590 102 591 102 592 102 593 392 594 392 595 392 596 102 597 102 598 102 598 102 597 102 599 102 592 102 600 102 590 102 590 393 600 393 601 393 590 394 601 394 593 394 594 102 602 102 595 102 595 395 602 395 603 395 595 396 603 396 604 396 605 102 606 102 595 102 595 397 606 397 607 397 595 102 607 102 608 102 608 398 607 398 609 398 604 399 610 399 595 399 595 400 610 400 611 400 595 401 611 401 605 401 609 102 612 102 608 102 608 402 612 402 613 402 608 403 613 403 614 403 614 404 615 404 608 404 608 405 615 405 616 405 608 406 616 406 597 406 597 407 616 407 617 407 597 408 617 408 599 408 596 102 618 102 597 102 597 102 618 102 619 102 597 102 619 102 231 102 231 409 619 409 620 409 620 102 621 102 231 102 231 410 621 410 622 410 231 102 622 102 230 102 230 411 622 411 623 411 230 412 623 412 624 412 624 102 625 102 230 102 230 413 625 413 626 413 230 414 626 414 627 414 628 102 629 102 630 102 630 102 629 102 631 102 630 102 631 102 632 102 633 102 634 102 597 102 597 102 634 102 635 102 636 102 637 102 638 102 638 415 637 415 639 415 640 416 608 416 641 416 641 102 608 102 597 102 641 417 597 417 642 417 642 102 597 102 635 102 640 102 643 102 608 102 608 418 643 418 644 418 608 419 644 419 645 419 645 420 646 420 608 420 608 421 646 421 647 421 608 102 647 102 638 102 638 422 647 422 648 422 638 423 648 423 636 423 639 102 649 102 638 102 638 424 649 424 650 424 638 425 650 425 651 425 651 426 652 426 638 426 638 427 652 427 653 427 638 428 653 428 630 428 630 429 653 429 654 429 630 430 654 430 628 430 655 431 656 431 229 431 656 102 657 102 229 102 229 432 657 432 658 432 229 433 658 433 659 433 660 102 231 102 661 102 661 102 231 102 229 102 661 102 229 102 662 102 662 102 229 102 659 102 660 102 663 102 231 102 231 434 663 434 664 434 231 435 664 435 597 435 597 102 664 102 665 102 597 102 665 102 633 102 666 102 667 102 595 102 595 436 667 436 668 436 669 102 670 102 243 102 671 102 672 102 569 102 569 437 672 437 673 437 569 438 673 438 674 438 674 102 675 102 569 102 569 439 675 439 676 439 569 440 676 440 677 440 668 102 678 102 595 102 595 441 678 441 679 441 595 102 679 102 243 102 243 442 679 442 680 442 243 443 680 443 669 443 670 102 681 102 243 102 243 444 681 444 682 444 243 445 682 445 683 445 684 102 685 102 595 102 595 446 685 446 686 446 686 102 687 102 595 102 595 447 687 447 688 447 595 448 688 448 666 448 683 102 689 102 243 102 243 449 689 449 690 449 243 450 690 450 245 450 245 451 690 451 691 451 245 452 691 452 692 452 692 453 693 453 245 453 245 454 693 454 694 454 245 455 694 455 695 455 695 102 696 102 245 102 245 456 696 456 697 456 245 457 697 457 698 457 698 458 699 458 245 458 245 459 699 459 700 459 245 102 700 102 569 102 569 460 700 460 701 460 569 461 701 461 671 461 702 102 703 102 241 102 704 462 705 462 241 462 241 463 705 463 706 463 243 102 707 102 595 102 595 464 707 464 708 464 595 465 708 465 709 465 710 102 711 102 590 102 590 466 711 466 712 466 713 102 243 102 714 102 714 102 243 102 241 102 714 102 241 102 715 102 715 102 241 102 706 102 709 102 716 102 595 102 595 467 716 467 717 467 595 468 717 468 718 468 593 102 595 102 590 102 590 469 595 469 719 469 590 470 719 470 710 470 713 102 720 102 243 102 243 471 720 471 721 471 243 472 721 472 722 472 722 102 723 102 243 102 243 473 723 473 724 473 243 474 724 474 707 474 718 475 725 475 595 475 595 476 725 476 726 476 595 477 726 477 719 477 712 102 727 102 590 102 590 478 727 478 728 478 590 479 728 479 729 479 729 102 730 102 590 102 590 480 730 480 731 480 590 481 731 481 732 481 703 102 733 102 241 102 241 482 733 482 734 482 241 483 734 483 704 483 732 102 735 102 590 102 590 484 735 484 736 484 590 102 736 102 241 102 241 485 736 485 737 485 241 102 737 102 702 102 241 102 206 102 590 102 590 102 206 102 230 102 590 486 230 486 588 486 588 102 230 102 627 102 738 487 739 487 569 487 740 488 741 488 742 488 742 102 741 102 743 102 569 489 739 489 579 489 579 490 739 490 744 490 579 491 744 491 745 491 745 102 746 102 579 102 579 492 746 492 747 492 579 493 747 493 748 493 749 102 750 102 579 102 579 494 750 494 751 494 579 102 751 102 741 102 741 495 751 495 752 495 741 496 752 496 743 496 748 102 753 102 579 102 579 497 753 497 754 497 579 498 754 498 749 498 755 499 756 499 757 499 757 102 756 102 758 102 759 500 760 500 569 500 569 102 760 102 761 102 569 501 761 501 762 501 756 502 741 502 763 502 763 102 764 102 756 102 756 503 764 503 765 503 756 102 765 102 766 102 766 504 767 504 756 504 756 505 767 505 768 505 756 506 768 506 758 506 762 102 769 102 569 102 569 507 769 507 770 507 569 102 770 102 738 102 740 508 771 508 741 508 741 509 771 509 772 509 741 510 772 510 763 510 755 511 773 511 756 511 756 512 773 512 774 512 756 102 774 102 569 102 569 513 774 513 775 513 569 514 775 514 759 514 776 515 777 515 756 515 778 102 779 102 780 102 780 516 779 516 781 516 781 102 782 102 780 102 780 517 782 517 783 517 780 518 783 518 784 518 756 519 777 519 741 519 741 520 777 520 785 520 741 521 785 521 786 521 786 102 787 102 741 102 741 522 787 522 788 522 741 523 788 523 789 523 789 102 790 102 741 102 741 524 790 524 791 524 741 102 791 102 780 102 780 525 791 525 792 525 780 526 792 526 778 526 793 527 794 527 795 527 795 102 794 102 796 102 797 528 798 528 756 528 756 102 798 102 799 102 756 529 799 529 800 529 573 102 801 102 572 102 572 530 801 530 802 530 572 102 802 102 794 102 794 102 802 102 780 102 794 531 780 531 803 531 803 102 804 102 794 102 794 532 804 532 805 532 794 102 805 102 806 102 806 533 807 533 794 533 794 534 807 534 808 534 794 535 808 535 796 535 800 102 809 102 756 102 756 536 809 536 810 536 756 102 810 102 776 102 784 537 811 537 780 537 780 538 811 538 812 538 780 539 812 539 803 539 793 540 813 540 794 540 794 541 813 541 814 541 794 102 814 102 756 102 756 542 814 542 815 542 756 543 815 543 797 543 816 102 817 102 818 102 818 544 817 544 819 544 820 102 821 102 572 102 572 545 821 545 822 545 822 102 823 102 572 102 572 546 823 546 824 546 572 547 824 547 825 547 826 102 827 102 638 102 638 548 827 548 828 548 819 102 829 102 818 102 818 549 829 549 830 549 818 102 830 102 638 102 638 550 830 550 831 550 638 551 831 551 826 551 828 552 832 552 638 552 638 553 832 553 833 553 638 554 833 554 834 554 825 555 835 555 572 555 572 556 835 556 836 556 572 557 836 557 818 557 818 558 836 558 837 558 818 559 837 559 838 559 839 102 840 102 794 102 794 560 840 560 841 560 838 102 842 102 818 102 818 561 842 561 843 561 818 562 843 562 816 562 834 102 839 102 638 102 638 563 839 563 794 563 638 102 794 102 608 102 608 102 794 102 756 102 608 102 756 102 595 102 595 102 756 102 569 102 595 564 569 564 684 564 684 102 569 102 677 102 841 565 844 565 794 565 794 566 844 566 845 566 794 567 845 567 846 567 846 102 847 102 794 102 794 568 847 568 848 568 794 569 848 569 849 569 849 570 850 570 794 570 794 571 850 571 851 571 794 102 851 102 572 102 572 572 851 572 852 572 572 573 852 573 820 573 853 102 854 102 630 102 855 574 856 574 630 574 630 575 856 575 857 575 638 102 858 102 818 102 818 576 858 576 859 576 818 549 859 549 860 549 861 577 862 577 863 577 864 102 638 102 865 102 865 102 638 102 630 102 865 102 630 102 866 102 866 102 630 102 857 102 860 102 867 102 818 102 818 578 867 578 868 578 818 579 868 579 869 579 862 102 861 102 870 102 870 102 861 102 818 102 870 102 818 102 871 102 864 102 872 102 638 102 638 580 872 580 873 580 638 581 873 581 874 581 874 102 875 102 638 102 638 582 875 582 876 582 638 583 876 583 858 583 869 584 877 584 818 584 818 585 877 585 878 585 818 586 878 586 871 586 863 102 879 102 861 102 861 587 879 587 880 587 861 588 880 588 881 588 881 102 882 102 861 102 861 589 882 589 883 589 861 590 883 590 884 590 854 102 885 102 630 102 630 591 885 591 886 591 630 592 886 592 855 592 884 102 887 102 861 102 861 593 887 593 888 593 861 102 888 102 630 102 630 594 888 594 889 594 630 102 889 102 853 102 632 102 655 102 630 102 630 102 655 102 229 102 630 102 229 102 861 102 861 102 229 102 228 102 233 102 572 102 235 102 235 102 572 102 818 102 235 102 818 102 237 102 237 102 818 102 861 102 237 102 861 102 239 102 239 102 861 102 228 102 239 102 228 102 204 102 249 0 580 0 250 0 250 0 580 0 579 0 250 0 579 0 428 0 428 0 579 0 741 0 428 0 741 0 260 0 260 0 741 0 780 0 260 0 780 0 261 0 261 0 780 0 802 0 139 595 93 595 141 595 141 596 93 596 92 596 141 597 92 597 143 597 143 598 92 598 90 598 143 599 90 599 145 599 145 599 90 599 88 599 145 600 88 600 147 600 147 601 88 601 86 601 147 602 86 602 149 602 149 603 86 603 84 603 149 604 84 604 151 604 151 605 84 605 82 605 151 606 82 606 153 606 153 607 82 607 80 607 153 608 80 608 155 608 155 609 80 609 78 609 155 610 78 610 156 610 156 610 78 610 76 610 156 611 76 611 131 611 131 612 76 612 75 612 131 613 75 613 129 613 129 614 75 614 48 614 129 615 48 615 122 615 122 616 48 616 46 616 122 617 46 617 121 617 121 618 46 618 45 618 121 619 45 619 119 619 119 620 45 620 30 620 119 621 30 621 123 621 123 622 30 622 29 622 123 623 29 623 124 623 124 623 29 623 27 623 124 624 27 624 125 624 125 625 27 625 26 625 125 626 26 626 134 626 134 627 26 627 44 627 134 628 44 628 157 628 157 628 44 628 42 628 157 629 42 629 107 629 107 629 42 629 41 629 107 630 41 630 108 630 108 630 41 630 5 630 108 631 5 631 109 631 109 632 5 632 4 632 109 633 4 633 113 633 113 633 4 633 3 633 113 634 3 634 114 634 114 635 3 635 1 635 114 636 1 636 115 636 115 636 1 636 0 636 115 637 0 637 112 637 112 638 0 638 8 638 112 639 8 639 111 639 111 640 8 640 22 640 111 641 22 641 110 641 110 641 22 641 21 641 110 642 21 642 116 642 116 643 21 643 20 643 116 644 20 644 117 644 117 645 20 645 17 645 117 646 17 646 118 646 118 647 17 647 16 647 118 648 16 648 128 648 128 648 16 648 19 648 128 649 19 649 127 649 127 650 19 650 31 650 127 651 31 651 126 651 126 651 31 651 14 651 126 652 14 652 138 652 138 652 14 652 13 652 138 653 13 653 139 653 139 653 13 653 93 653 163 595 24 595 164 595 164 596 24 596 23 596 164 654 23 654 136 654 136 655 23 655 11 655 136 656 11 656 137 656 137 657 11 657 10 657 137 600 10 600 165 600 165 601 10 601 9 601 165 602 9 602 166 602 166 603 9 603 7 603 166 658 7 658 167 658 167 659 7 659 6 659 167 660 6 660 168 660 168 661 6 661 15 661 168 662 15 662 169 662 169 663 15 663 2 663 169 664 2 664 170 664 170 664 2 664 43 664 170 611 43 611 172 611 172 611 43 611 57 611 172 613 57 613 174 613 174 614 57 614 59 614 174 665 59 665 176 665 176 616 59 616 61 616 176 666 61 666 178 666 178 667 61 667 63 667 178 668 63 668 180 668 180 669 63 669 65 669 180 621 65 621 182 621 182 622 65 622 67 622 182 623 67 623 184 623 184 623 67 623 69 623 184 670 69 670 186 670 186 671 69 671 71 671 186 626 71 626 187 626 187 627 71 627 73 627 187 628 73 628 103 628 103 628 73 628 74 628 103 672 74 672 101 672 101 672 74 672 40 672 101 630 40 630 96 630 96 630 40 630 38 630 96 631 38 631 97 631 97 632 38 632 37 632 97 673 37 673 99 673 99 673 37 673 36 673 99 674 36 674 100 674 100 675 36 675 56 675 100 676 56 676 104 676 104 636 56 636 55 636 104 637 55 637 105 637 105 638 55 638 32 638 105 639 32 639 106 639 106 639 32 639 34 639 106 677 34 677 158 677 158 677 34 677 35 677 158 678 35 678 132 678 132 679 35 679 54 679 132 680 54 680 133 680 133 680 54 680 53 680 133 681 53 681 135 681 135 682 53 682 52 682 135 648 52 648 159 648 159 648 52 648 51 648 159 649 51 649 160 649 160 650 51 650 50 650 160 683 50 683 161 683 161 684 50 684 49 684 161 685 49 685 162 685 162 685 49 685 25 685 162 653 25 653 163 653 163 653 25 653 24 653 283 686 606 686 284 686 284 686 606 686 605 686 284 687 605 687 285 687 285 687 605 687 611 687 285 688 611 688 287 688 287 688 611 688 610 688 287 689 610 689 288 689 288 689 610 689 604 689 288 690 604 690 289 690 289 690 604 690 603 690 289 691 603 691 290 691 290 691 603 691 602 691 290 692 602 692 291 692 291 692 602 692 594 692 291 693 594 693 292 693 292 693 594 693 593 693 292 694 593 694 286 694 286 694 593 694 601 694 286 695 601 695 277 695 277 695 601 695 600 695 277 696 600 696 278 696 278 696 600 696 592 696 278 697 592 697 306 697 306 697 592 697 591 697 306 698 591 698 307 698 307 698 591 698 589 698 307 699 589 699 308 699 308 699 589 699 588 699 308 700 588 700 303 700 303 700 588 700 627 700 303 701 627 701 304 701 304 701 627 701 626 701 304 702 626 702 305 702 305 702 626 702 625 702 305 703 625 703 309 703 309 703 625 703 624 703 309 704 624 704 310 704 310 704 624 704 623 704 310 705 623 705 311 705 311 705 623 705 622 705 311 706 622 706 302 706 302 706 622 706 621 706 302 707 621 707 301 707 301 707 621 707 620 707 301 708 620 708 272 708 272 708 620 708 619 708 272 709 619 709 273 709 273 709 619 709 618 709 273 710 618 710 275 710 275 710 618 710 596 710 275 711 596 711 276 711 276 711 596 711 598 711 276 712 598 712 293 712 293 712 598 712 599 712 293 713 599 713 294 713 294 713 599 713 617 713 294 714 617 714 296 714 296 714 617 714 616 714 296 715 616 715 297 715 297 715 616 715 615 715 297 716 615 716 298 716 298 716 615 716 614 716 298 717 614 717 299 717 299 717 614 717 613 717 299 718 613 718 300 718 300 718 613 718 612 718 300 719 612 719 280 719 280 719 612 719 609 719 280 720 609 720 281 720 281 720 609 720 607 720 281 721 607 721 283 721 283 721 607 721 606 721 467 686 750 686 465 686 465 686 750 686 749 686 465 687 749 687 466 687 466 687 749 687 754 687 466 688 754 688 480 688 480 688 754 688 753 688 480 689 753 689 481 689 481 689 753 689 748 689 481 690 748 690 482 690 482 690 748 690 747 690 482 691 747 691 495 691 495 691 747 691 746 691 495 692 746 692 496 692 496 692 746 692 745 692 496 693 745 693 468 693 468 693 745 693 744 693 468 694 744 694 469 694 469 694 744 694 739 694 469 695 739 695 461 695 461 695 739 695 738 695 461 696 738 696 462 696 462 696 738 696 770 696 462 697 770 697 470 697 470 697 770 697 769 697 470 698 769 698 471 698 471 698 769 698 762 698 471 699 762 699 472 699 472 699 762 699 761 699 472 700 761 700 483 700 483 700 761 700 760 700 483 701 760 701 484 701 484 701 760 701 759 701 484 702 759 702 485 702 485 702 759 702 775 702 485 703 775 703 463 703 463 703 775 703 774 703 463 704 774 704 464 704 464 704 774 704 773 704 464 705 773 705 473 705 473 705 773 705 755 705 473 706 755 706 474 706 474 706 755 706 757 706 474 707 757 707 475 707 475 707 757 707 758 707 475 708 758 708 486 708 486 708 758 708 768 708 486 709 768 709 487 709 487 709 768 709 767 709 487 710 767 710 488 710 488 710 767 710 766 710 488 711 766 711 489 711 489 711 766 711 765 711 489 712 765 712 490 712 490 712 765 712 764 712 490 713 764 713 491 713 491 713 764 713 763 713 491 714 763 714 476 714 476 714 763 714 772 714 476 715 772 715 477 715 477 715 772 715 771 715 477 716 771 716 478 716 478 716 771 716 740 716 478 717 740 717 479 717 479 717 740 717 742 717 479 718 742 718 492 718 492 718 742 718 743 718 492 719 743 719 493 719 493 719 743 719 752 719 493 720 752 720 494 720 494 720 752 720 751 720 494 721 751 721 467 721 467 721 751 721 750 721 446 722 778 722 445 722 445 722 778 722 792 722 445 723 792 723 444 723 444 723 792 723 791 723 444 688 791 688 447 688 447 688 791 688 790 688 447 724 790 724 448 724 448 724 790 724 789 724 448 690 789 690 449 690 449 690 789 690 788 690 449 725 788 725 459 725 459 725 788 725 787 725 459 692 787 692 460 692 460 692 787 692 786 692 460 726 786 726 429 726 429 726 786 726 785 726 429 694 785 694 430 694 430 694 785 694 777 694 430 695 777 695 423 695 423 695 777 695 776 695 423 727 776 727 424 727 424 727 776 727 810 727 424 697 810 697 431 697 431 697 810 697 809 697 431 728 809 728 432 728 432 728 809 728 800 728 432 699 800 699 433 699 433 699 800 699 799 699 433 729 799 729 450 729 450 729 799 729 798 729 450 701 798 701 451 701 451 701 798 701 797 701 451 730 797 730 452 730 452 730 797 730 815 730 452 731 815 731 426 731 426 731 815 731 814 731 426 732 814 732 427 732 427 732 814 732 813 732 427 733 813 733 434 733 434 733 813 733 793 733 434 734 793 734 435 734 435 734 793 734 795 734 435 707 795 707 436 707 436 707 795 707 796 707 436 735 796 735 453 735 453 735 796 735 808 735 453 736 808 736 454 736 454 736 808 736 807 736 454 710 807 710 455 710 455 710 807 710 806 710 455 737 806 737 456 737 456 737 806 737 805 737 456 712 805 712 457 712 457 712 805 712 804 712 457 713 804 713 458 713 458 713 804 713 803 713 458 738 803 738 437 738 437 738 803 738 812 738 437 715 812 715 438 715 438 715 812 715 811 715 438 739 811 739 439 739 439 739 811 739 784 739 439 740 784 740 440 740 440 740 784 740 783 740 440 718 783 718 441 718 441 718 783 718 782 718 441 741 782 741 442 741 442 741 782 741 781 741 442 742 781 742 443 742 443 742 781 742 779 742 443 743 779 743 446 743 446 743 779 743 778 743 318 722 636 722 320 722 320 722 636 722 648 722 320 723 648 723 321 723 321 723 648 723 647 723 321 688 647 688 329 688 329 688 647 688 646 688 329 724 646 724 330 724 330 724 646 724 645 724 330 690 645 690 331 690 331 690 645 690 644 690 331 725 644 725 332 725 332 725 644 725 643 725 332 692 643 692 333 692 333 692 643 692 640 692 333 726 640 726 334 726 334 726 640 726 641 726 334 694 641 694 328 694 328 694 641 694 642 694 328 695 642 695 322 695 322 695 642 695 635 695 322 727 635 727 323 727 323 727 635 727 634 727 323 697 634 697 344 697 344 697 634 697 633 697 344 728 633 728 345 728 345 728 633 728 665 728 345 699 665 699 346 699 346 699 665 699 664 699 346 729 664 729 347 729 347 729 664 729 663 729 347 701 663 701 348 701 348 701 663 701 660 701 348 730 660 730 349 730 349 730 660 730 661 730 349 731 661 731 340 731 340 731 661 731 662 731 340 732 662 732 341 732 341 732 662 732 659 732 341 733 659 733 342 733 342 733 659 733 658 733 342 734 658 734 343 734 343 734 658 734 657 734 343 707 657 707 312 707 312 707 657 707 656 707 312 735 656 735 313 735 313 735 656 735 655 735 313 736 655 736 315 736 315 736 655 736 632 736 315 710 632 710 316 710 316 710 632 710 631 710 316 737 631 737 324 737 324 737 631 737 629 737 324 712 629 712 325 712 325 712 629 712 628 712 325 713 628 713 326 713 326 713 628 713 654 713 326 738 654 738 335 738 335 738 654 738 653 738 335 715 653 715 336 715 336 715 653 715 652 715 336 739 652 739 337 739 337 739 652 739 651 739 337 740 651 740 338 740 338 740 651 740 650 740 338 718 650 718 339 718 339 718 650 718 649 718 339 741 649 741 327 741 327 741 649 741 639 741 327 742 639 742 317 742 317 742 639 742 637 742 317 743 637 743 318 743 318 743 637 743 636 743 246 744 247 744 578 744 246 744 578 744 265 744 265 745 578 745 587 745 265 745 587 745 266 745 266 746 587 746 586 746 266 746 586 746 267 746 267 747 586 747 585 747 267 747 585 747 268 747 268 748 585 748 584 748 268 748 584 748 269 748 269 749 584 749 583 749 269 749 583 749 270 749 270 750 583 750 582 750 270 751 582 751 271 751 271 752 582 752 581 752 271 752 581 752 264 752 264 753 581 753 580 753 264 753 580 753 249 753 261 754 802 754 801 754 261 754 801 754 262 754 262 755 801 755 573 755 262 755 573 755 263 755 263 756 573 756 571 756 263 757 571 757 252 757 252 758 571 758 570 758 252 758 570 758 253 758 253 759 570 759 577 759 253 759 577 759 257 759 257 760 577 760 576 760 257 760 576 760 258 760 258 761 576 761 574 761 258 761 574 761 255 761 255 762 574 762 575 762 255 762 575 762 256 762 256 763 575 763 233 763 256 763 233 763 232 763 130 764 47 764 77 764 130 764 77 764 154 764 154 765 77 765 79 765 154 766 79 766 152 766 152 767 79 767 81 767 152 768 81 768 150 768 150 769 81 769 83 769 150 769 83 769 148 769 148 770 83 770 85 770 148 633 85 633 146 633 146 771 85 771 87 771 146 771 87 771 144 771 144 772 87 772 89 772 144 773 89 773 142 773 142 774 89 774 91 774 142 774 91 774 140 774 140 775 91 775 12 775 140 776 12 776 94 776 102 777 39 777 72 777 102 778 72 778 185 778 185 779 72 779 70 779 185 780 70 780 183 780 183 781 70 781 68 781 183 782 68 782 181 782 181 783 68 783 66 783 181 783 66 783 179 783 179 648 66 648 64 648 179 784 64 784 177 784 177 785 64 785 62 785 177 786 62 786 175 786 175 787 62 787 60 787 175 788 60 788 173 788 173 789 60 789 58 789 173 789 58 789 171 789 171 790 58 790 28 790 171 790 28 790 120 790 736 791 538 791 737 791 737 791 538 791 547 791 737 755 547 755 702 755 702 755 547 755 546 755 702 792 546 792 703 792 703 793 546 793 549 793 703 794 549 794 733 794 733 794 549 794 548 794 733 795 548 795 734 795 734 795 548 795 545 795 734 796 545 796 704 796 704 796 545 796 544 796 704 797 544 797 705 797 705 797 544 797 543 797 705 798 543 798 706 798 706 798 543 798 534 798 706 799 534 799 715 799 715 799 534 799 533 799 715 800 533 800 714 800 714 800 533 800 558 800 714 801 558 801 713 801 713 801 558 801 557 801 713 802 557 802 720 802 720 802 557 802 568 802 720 803 568 803 721 803 721 803 568 803 567 803 721 804 567 804 722 804 722 804 567 804 566 804 722 805 566 805 723 805 723 805 566 805 565 805 723 806 565 806 724 806 724 807 565 807 564 807 724 808 564 808 707 808 707 808 564 808 563 808 707 809 563 809 708 809 708 809 563 809 562 809 708 810 562 810 709 810 709 810 562 810 561 810 709 811 561 811 716 811 716 811 561 811 542 811 716 812 542 812 717 812 717 813 542 813 541 813 717 814 541 814 718 814 718 814 541 814 560 814 718 815 560 815 725 815 725 815 560 815 559 815 725 816 559 816 726 816 726 816 559 816 556 816 726 817 556 817 719 817 719 817 556 817 555 817 719 818 555 818 710 818 710 818 555 818 554 818 710 819 554 819 711 819 711 819 554 819 553 819 711 820 553 820 712 820 712 820 553 820 552 820 712 821 552 821 727 821 727 821 552 821 551 821 727 822 551 822 728 822 728 822 551 822 550 822 728 823 550 823 729 823 729 823 550 823 535 823 729 824 535 824 730 824 730 824 535 824 536 824 730 825 536 825 731 825 731 825 536 825 537 825 731 826 537 826 732 826 732 827 537 827 540 827 732 828 540 828 735 828 735 828 540 828 539 828 735 829 539 829 736 829 736 829 539 829 538 829 679 791 532 791 680 791 680 791 532 791 531 791 680 755 531 755 669 755 669 755 531 755 530 755 669 792 530 792 670 792 670 793 530 793 529 793 670 794 529 794 681 794 681 794 529 794 528 794 681 795 528 795 682 795 682 795 528 795 527 795 682 796 527 796 683 796 683 796 527 796 520 796 683 797 520 797 689 797 689 797 520 797 519 797 689 798 519 798 690 798 690 798 519 798 526 798 690 799 526 799 691 799 691 799 526 799 525 799 691 800 525 800 692 800 692 800 525 800 524 800 692 801 524 801 693 801 693 801 524 801 523 801 693 802 523 802 694 802 694 802 523 802 522 802 694 803 522 803 695 803 695 803 522 803 521 803 695 804 521 804 696 804 696 804 521 804 515 804 696 805 515 805 697 805 697 805 515 805 514 805 697 806 514 806 698 806 698 807 514 807 513 807 698 808 513 808 699 808 699 808 513 808 518 808 699 809 518 809 700 809 700 809 518 809 517 809 700 810 517 810 701 810 701 810 517 810 516 810 701 811 516 811 671 811 671 811 516 811 512 811 671 812 512 812 672 812 672 813 512 813 511 813 672 814 511 814 673 814 673 814 511 814 510 814 673 815 510 815 674 815 674 815 510 815 507 815 674 816 507 816 675 816 675 816 507 816 506 816 675 817 506 817 676 817 676 817 506 817 505 817 676 818 505 818 677 818 677 818 505 818 504 818 677 819 504 819 684 819 684 819 504 819 503 819 684 820 503 820 685 820 685 820 503 820 502 820 685 821 502 821 686 821 686 821 502 821 509 821 686 822 509 822 687 822 687 822 509 822 508 822 687 823 508 823 688 823 688 823 508 823 501 823 688 824 501 824 666 824 666 824 501 824 500 824 666 825 500 825 667 825 667 825 500 825 499 825 667 826 499 826 668 826 668 827 499 827 498 827 668 828 498 828 678 828 678 828 498 828 497 828 678 829 497 829 679 829 679 829 497 829 532 829 830 830 386 830 831 830 831 830 386 830 385 830 831 831 385 831 826 831 826 831 385 831 384 831 826 832 384 832 827 832 827 833 384 833 383 833 827 834 383 834 828 834 828 834 383 834 382 834 828 835 382 835 832 835 832 835 382 835 381 835 832 836 381 836 833 836 833 836 381 836 374 836 833 837 374 837 834 837 834 837 374 837 373 837 834 798 373 798 839 798 839 798 373 798 380 798 839 838 380 838 840 838 840 838 380 838 379 838 840 839 379 839 841 839 841 839 379 839 378 839 841 801 378 801 844 801 844 801 378 801 377 801 844 840 377 840 845 840 845 840 377 840 376 840 845 841 376 841 846 841 846 841 376 841 375 841 846 842 375 842 847 842 847 842 375 842 369 842 847 843 369 843 848 843 848 843 369 843 368 843 848 844 368 844 849 844 849 845 368 845 367 845 849 846 367 846 850 846 850 846 367 846 372 846 850 847 372 847 851 847 851 847 372 847 371 847 851 848 371 848 852 848 852 848 371 848 370 848 852 811 370 811 820 811 820 811 370 811 366 811 820 849 366 849 821 849 821 850 366 850 365 850 821 851 365 851 822 851 822 851 365 851 364 851 822 815 364 815 823 815 823 815 364 815 361 815 823 852 361 852 824 852 824 852 361 852 360 852 824 853 360 853 825 853 825 853 360 853 359 853 825 818 359 818 835 818 835 818 359 818 358 818 835 854 358 854 836 854 836 854 358 854 357 854 836 855 357 855 837 855 837 855 357 855 356 855 837 821 356 821 838 821 838 821 356 821 363 821 838 856 363 856 842 856 842 856 363 856 362 856 842 857 362 857 843 857 843 857 362 857 355 857 843 824 355 824 816 824 816 824 355 824 354 824 816 858 354 858 817 858 817 858 354 858 353 858 817 859 353 859 819 859 819 860 353 860 352 860 819 828 352 828 829 828 829 828 352 828 351 828 829 861 351 861 830 861 830 861 351 861 386 861 888 830 405 830 889 830 889 830 405 830 404 830 889 831 404 831 853 831 853 831 404 831 403 831 853 832 403 832 854 832 854 833 403 833 402 833 854 834 402 834 885 834 885 834 402 834 401 834 885 835 401 835 886 835 886 835 401 835 400 835 886 836 400 836 855 836 855 836 400 836 399 836 855 837 399 837 856 837 856 837 399 837 398 837 856 798 398 798 857 798 857 798 398 798 389 798 857 838 389 838 866 838 866 838 389 838 388 838 866 839 388 839 865 839 865 839 388 839 387 839 865 801 387 801 864 801 864 801 387 801 412 801 864 840 412 840 872 840 872 840 412 840 422 840 872 841 422 841 873 841 873 841 422 841 421 841 873 842 421 842 874 842 874 842 421 842 420 842 874 843 420 843 875 843 875 843 420 843 419 843 875 844 419 844 876 844 876 845 419 845 418 845 876 846 418 846 858 846 858 846 418 846 417 846 858 847 417 847 859 847 859 847 417 847 416 847 859 848 416 848 860 848 860 848 416 848 415 848 860 811 415 811 867 811 867 811 415 811 397 811 867 849 397 849 868 849 868 850 397 850 396 850 868 851 396 851 869 851 869 851 396 851 414 851 869 815 414 815 877 815 877 815 414 815 413 815 877 852 413 852 878 852 878 852 413 852 411 852 878 853 411 853 871 853 871 853 411 853 410 853 871 818 410 818 870 818 870 818 410 818 409 818 870 854 409 854 862 854 862 854 409 854 395 854 862 855 395 855 863 855 863 855 395 855 394 855 863 821 394 821 879 821 879 821 394 821 408 821 879 856 408 856 880 856 880 856 408 856 407 856 880 857 407 857 881 857 881 857 407 857 393 857 881 824 393 824 882 824 882 824 393 824 392 824 882 858 392 858 883 858 883 858 392 858 391 858 883 859 391 859 884 859 884 860 391 860 390 860 884 828 390 828 887 828 887 828 390 828 406 828 887 861 406 861 888 861 888 861 406 861 405 861 890 51 891 51 892 51 891 51 893 51 892 51 892 862 893 862 894 862 892 863 894 863 895 863 896 51 897 51 898 51 897 51 899 51 898 51 898 864 899 864 900 864 898 865 900 865 901 865 902 51 903 51 904 51 890 51 892 51 898 51 898 866 892 866 905 866 898 867 905 867 896 867 906 51 907 51 908 51 906 51 908 51 909 51 907 51 910 51 908 51 908 868 910 868 911 868 908 869 911 869 912 869 901 870 913 870 898 870 898 871 913 871 914 871 898 51 914 51 912 51 912 872 914 872 915 872 912 51 915 51 908 51 916 51 917 51 918 51 918 873 917 873 919 873 918 874 919 874 920 874 902 51 904 51 908 51 908 875 904 875 921 875 908 876 921 876 909 876 922 51 923 51 924 51 924 51 923 51 925 51 926 51 927 51 923 51 923 877 927 877 928 877 923 51 928 51 929 51 929 878 928 878 930 878 895 51 931 51 892 51 892 879 931 879 932 879 892 880 932 880 933 880 933 881 932 881 934 881 920 51 935 51 918 51 918 882 935 882 936 882 918 883 936 883 937 883 937 51 936 51 938 51 915 51 939 51 908 51 908 884 939 884 940 884 908 885 940 885 941 885 941 51 942 51 908 51 908 886 942 886 943 886 908 59 943 59 923 59 923 887 943 887 944 887 923 888 944 888 925 888 922 889 945 889 923 889 923 890 945 890 946 890 923 891 946 891 926 891 934 51 916 51 933 51 933 51 916 51 918 51 933 51 918 51 947 51 947 892 918 892 948 892 947 51 948 51 949 51 949 893 948 893 950 893 949 51 950 51 951 51 951 51 950 51 952 51 951 51 952 51 953 51 953 51 952 51 954 51 953 51 954 51 955 51 955 51 954 51 956 51 955 894 956 894 957 894 957 895 956 895 958 895 957 51 958 51 959 51 959 896 958 896 960 896 959 51 960 51 961 51 961 897 960 897 962 897 961 51 962 51 963 51 963 898 962 898 929 898 963 899 929 899 964 899 964 900 929 900 930 900 938 51 965 51 937 51 937 51 965 51 966 51 937 51 966 51 967 51 967 901 966 901 968 901 967 902 968 902 969 902 969 903 968 903 970 903 969 51 970 51 971 51 971 904 970 904 972 904 971 905 972 905 973 905 973 906 972 906 974 906 973 51 974 51 975 51 975 907 974 907 976 907 975 51 976 51 977 51 977 908 976 908 978 908 977 51 978 51 979 51 979 909 978 909 980 909 979 51 980 51 981 51 981 910 980 910 982 910 981 911 982 911 902 911 902 912 982 912 983 912 902 913 983 913 903 913 902 101 908 101 984 101 984 101 908 101 985 101 986 0 987 0 988 0 988 914 987 914 989 914 988 915 989 915 990 915 986 0 988 0 991 0 991 0 988 0 992 0 991 0 992 0 993 0 990 0 994 0 988 0 988 916 994 916 995 916 988 9 995 9 996 9 997 0 998 0 988 0 988 917 998 917 999 917 1000 0 985 0 1001 0 1001 0 985 0 1002 0 999 918 1003 918 988 918 988 919 1003 919 1004 919 988 27 1004 27 985 27 985 920 1004 920 1005 920 985 921 1005 921 1002 921 1000 922 1006 922 985 922 985 923 1006 923 1007 923 985 924 1007 924 1008 924 1009 0 1010 0 1011 0 1011 0 1010 0 1012 0 1009 0 1013 0 1010 0 1010 925 1013 925 1014 925 1010 926 1014 926 1015 926 1016 0 984 0 1017 0 1017 0 984 0 985 0 1017 0 985 0 1018 0 1018 0 985 0 1008 0 1012 0 1010 0 1019 0 1019 0 1010 0 1020 0 1019 927 1020 927 1021 927 1022 0 1023 0 1024 0 1024 928 1023 928 1025 928 1026 929 1027 929 1015 929 1016 0 1028 0 984 0 984 930 1028 930 1029 930 984 931 1029 931 1030 931 1030 932 1029 932 1031 932 1030 0 1031 0 1032 0 1032 933 1031 933 1033 933 1032 934 1033 934 1034 934 1034 935 1033 935 1035 935 1034 936 1035 936 1036 936 1036 937 1035 937 1037 937 1036 0 1037 0 1038 0 1038 938 1037 938 1039 938 1038 34 1039 34 1040 34 1040 939 1039 939 1041 939 1040 940 1041 940 1042 940 1042 0 1041 0 1043 0 1042 941 1043 941 1044 941 1044 942 1043 942 1045 942 1044 943 1045 943 1020 943 1020 0 1045 0 1046 0 1020 0 1046 0 1021 0 997 944 988 944 1047 944 1047 945 988 945 996 945 1047 0 996 0 1024 0 1024 946 996 946 1048 946 1024 947 1048 947 1022 947 1025 0 1049 0 1024 0 1024 948 1049 948 1050 948 1024 949 1050 949 1051 949 1051 0 1052 0 1024 0 1024 950 1052 950 1053 950 1024 0 1053 0 1015 0 1015 951 1053 951 1054 951 1015 952 1054 952 1026 952 1027 0 1055 0 1015 0 1015 953 1055 953 1056 953 1015 954 1056 954 1010 954 1010 0 1056 0 1057 0 1010 0 1057 0 1058 0 1058 0 1059 0 1010 0 1010 0 1059 0 1060 0 1010 0 1060 0 1061 0 1061 0 1060 0 1062 0 1061 955 1062 955 1063 955 1063 956 1062 956 1064 956 1063 0 1064 0 1065 0 1065 957 1064 957 1066 957 1065 0 1066 0 1067 0 1067 958 1066 958 1068 958 1067 959 1068 959 1069 959 1069 960 1068 960 1070 960 1069 0 1070 0 1071 0 1071 961 1070 961 1072 961 1071 0 1072 0 1073 0 1073 935 1072 935 1074 935 1073 0 1074 0 1075 0 1075 962 1074 962 1076 962 1075 0 1076 0 992 0 992 963 1076 963 1077 963 992 930 1077 930 993 930 992 50 988 50 929 50 929 50 988 50 923 50 1020 102 1010 102 937 102 937 102 1010 102 918 102 923 50 988 50 1078 50 1078 964 988 964 1079 964 1078 965 1079 965 1080 965 1080 966 1079 966 1081 966 1080 119 1081 119 1082 119 1082 50 1081 50 1083 50 1082 50 1083 50 1084 50 1084 967 1083 967 1085 967 1084 50 1085 50 1086 50 1086 50 1085 50 1087 50 1086 50 1087 50 1088 50 1088 968 1087 968 1089 968 1088 50 1089 50 1090 50 1090 969 1089 969 1091 969 1090 50 1091 50 1092 50 1092 970 1091 970 1093 970 1092 971 1093 971 1094 971 1094 972 1093 972 1095 972 1096 101 1097 101 1098 101 1098 973 1097 973 1099 973 1098 974 1099 974 1100 974 1100 975 1099 975 1101 975 1100 101 1101 101 1102 101 1102 101 1101 101 1103 101 1102 101 1103 101 1104 101 1104 976 1103 976 1105 976 1104 101 1105 101 1106 101 1106 101 1105 101 1107 101 1106 101 1107 101 1108 101 1108 977 1107 977 1109 977 1108 101 1109 101 1110 101 1110 978 1109 978 1111 978 1110 101 1111 101 1112 101 1112 101 1111 101 1113 101 1112 979 1113 979 908 979 908 101 1113 101 985 101 1114 980 1095 980 1093 980 988 981 985 981 1113 981 988 982 1113 982 1079 982 1079 983 1113 983 1111 983 1079 984 1111 984 1081 984 1081 985 1111 985 1109 985 1081 986 1109 986 1083 986 1083 987 1109 987 1107 987 1083 987 1107 987 1085 987 1085 988 1107 988 1105 988 1085 988 1105 988 1087 988 1087 989 1105 989 1103 989 1087 990 1103 990 1089 990 1089 991 1103 991 1101 991 1089 992 1101 992 1091 992 1091 993 1101 993 1099 993 1091 994 1099 994 1093 994 1097 995 1115 995 1099 995 1099 996 1115 996 1116 996 1099 997 1116 997 1093 997 1093 998 1116 998 1117 998 1093 999 1117 999 1114 999 1094 1000 1118 1000 1092 1000 1092 1001 1118 1001 1119 1001 1096 1002 1098 1002 1120 1002 1120 1003 1098 1003 1121 1003 1119 1004 1121 1004 1092 1004 1092 1005 1121 1005 1098 1005 1092 1006 1098 1006 1090 1006 1090 1007 1098 1007 1100 1007 1090 1008 1100 1008 1088 1008 1088 1009 1100 1009 1102 1009 1088 1010 1102 1010 1086 1010 1086 1011 1102 1011 1104 1011 1086 1012 1104 1012 1084 1012 1084 1013 1104 1013 1106 1013 1084 1014 1106 1014 1082 1014 1082 1015 1106 1015 1108 1015 1082 1016 1108 1016 1080 1016 1080 1017 1108 1017 1110 1017 1080 1018 1110 1018 1078 1018 1078 1019 1110 1019 1112 1019 1078 1020 1112 1020 923 1020 923 1021 1112 1021 908 1021 1122 50 1123 50 1124 50 1124 50 1123 50 1125 50 1124 50 1125 50 1126 50 1126 50 1125 50 1127 50 1126 50 1127 50 1128 50 1128 50 1127 50 1129 50 1128 50 1129 50 1095 50 1095 50 1129 50 1094 50 1097 101 1096 101 1130 101 1130 101 1096 101 1131 101 1130 101 1131 101 1132 101 1132 101 1131 101 1133 101 1132 101 1133 101 1134 101 1134 101 1133 101 1135 101 1134 101 1135 101 1136 101 1136 101 1135 101 1137 101 1126 161 1128 161 1138 161 1139 161 1140 161 1141 161 1142 161 1143 161 1144 161 1144 1022 1145 1022 1146 1022 1143 161 1147 161 1144 161 1144 1023 1147 1023 1148 1023 1144 161 1148 161 1145 161 1149 161 1150 161 1144 161 1144 161 1150 161 1151 161 1151 161 1152 161 1144 161 1144 161 1152 161 1153 161 1144 1024 1153 1024 1142 1024 1139 161 1141 161 1154 161 1134 161 1136 161 1141 161 1141 1025 1136 1025 1155 1025 1141 1026 1155 1026 1156 1026 1156 161 1157 161 1141 161 1141 1027 1157 1027 1158 1027 1141 1028 1158 1028 1159 1028 1159 161 1160 161 1141 161 1141 1029 1160 1029 1161 1029 1141 161 1161 161 1154 161 1162 161 1163 161 1164 161 1164 161 1163 161 1165 161 1164 161 1165 161 1166 161 1167 161 1168 161 1169 161 1170 161 1171 161 1172 161 1171 161 1173 161 1172 161 1172 1030 1173 1030 1174 1030 1172 1031 1174 1031 1175 1031 1167 161 1169 161 1176 161 1175 161 1177 161 1172 161 1172 1032 1177 1032 1178 1032 1172 1033 1178 1033 1179 1033 1179 1034 1180 1034 1172 1034 1172 1035 1180 1035 1181 1035 1172 1036 1181 1036 1169 1036 1169 1037 1181 1037 1182 1037 1169 1038 1182 1038 1176 1038 1166 161 1183 161 1164 161 1164 1039 1183 1039 1184 1039 1164 161 1184 161 1185 161 1185 1040 1184 1040 1186 1040 1185 1041 1186 1041 1187 1041 1187 196 1188 196 1185 196 1185 1042 1188 1042 1189 1042 1185 1043 1189 1043 1190 1043 1162 161 1164 161 1191 161 1191 1044 1164 1044 1116 1044 1191 161 1116 161 1192 161 1193 161 1194 161 1115 161 1115 1045 1194 1045 1195 1045 1168 161 1196 161 1169 161 1169 161 1196 161 1197 161 1169 161 1197 161 1115 161 1115 1046 1197 1046 1198 1046 1115 1047 1198 1047 1193 1047 1195 161 1199 161 1115 161 1115 1048 1199 1048 1200 1048 1115 161 1200 161 1116 161 1116 1049 1200 1049 1201 1049 1116 1050 1201 1050 1192 1050 1202 161 1203 161 1204 161 1204 161 1203 161 1205 161 1204 161 1205 161 1206 161 1207 161 1208 161 1209 161 1210 161 1211 161 1185 161 1212 161 1213 161 1164 161 1206 161 1214 161 1204 161 1204 1051 1214 1051 1215 1051 1204 1052 1215 1052 1216 1052 1207 161 1209 161 1217 161 1212 161 1164 161 1218 161 1211 161 1219 161 1185 161 1185 1053 1219 1053 1220 1053 1185 1054 1220 1054 1221 1054 1221 182 1222 182 1185 182 1185 1055 1222 1055 1223 1055 1185 1056 1223 1056 1164 1056 1164 1057 1223 1057 1224 1057 1164 1058 1224 1058 1218 1058 1216 1059 1225 1059 1209 1059 1209 1060 1225 1060 1226 1060 1209 1061 1226 1061 1227 1061 1227 1062 1228 1062 1209 1062 1209 1063 1228 1063 1229 1063 1209 1064 1229 1064 1217 1064 1117 1065 1230 1065 1231 1065 1231 161 1232 161 1117 161 1117 1066 1232 1066 1233 1066 1117 307 1233 307 1202 307 1213 161 1234 161 1164 161 1164 161 1234 161 1235 161 1164 161 1235 161 1116 161 1116 1067 1235 1067 1236 1067 1236 161 1237 161 1116 161 1116 1068 1237 1068 1238 1068 1116 161 1238 161 1117 161 1117 1069 1238 1069 1239 1069 1117 1070 1239 1070 1230 1070 1146 1071 1122 1071 1144 1071 1144 161 1122 161 1124 161 1144 161 1124 161 1240 161 1241 161 1242 161 1240 161 1242 161 1243 161 1240 161 1240 1072 1243 1072 1244 1072 1240 1073 1244 1073 1245 1073 1240 1074 1246 1074 1144 1074 1144 1075 1246 1075 1247 1075 1144 1076 1247 1076 1248 1076 1248 1077 1249 1077 1144 1077 1144 1078 1249 1078 1250 1078 1144 1079 1250 1079 1251 1079 1245 1080 1252 1080 1240 1080 1240 1081 1252 1081 1253 1081 1240 1082 1253 1082 1246 1082 1251 161 1254 161 1144 161 1144 1083 1254 1083 1255 1083 1144 1084 1255 1084 1256 1084 1257 161 1258 161 1149 161 1149 1085 1258 1085 1259 1085 1256 1086 1260 1086 1144 1086 1144 1087 1260 1087 1261 1087 1144 161 1261 161 1149 161 1149 1088 1261 1088 1262 1088 1149 1089 1262 1089 1257 1089 1263 161 1264 161 1209 161 1259 161 1265 161 1149 161 1149 1090 1265 1090 1266 1090 1149 1091 1266 1091 1267 1091 1267 328 1268 328 1149 328 1149 1092 1268 1092 1269 1092 1149 1093 1269 1093 1209 1093 1209 1094 1269 1094 1270 1094 1209 366 1270 366 1263 366 1264 331 1271 331 1209 331 1209 1095 1271 1095 1272 1095 1209 1096 1272 1096 1273 1096 1273 161 1274 161 1209 161 1209 1097 1274 1097 1275 1097 1209 161 1275 161 1240 161 1240 1098 1275 1098 1276 1098 1240 1099 1276 1099 1241 1099 1277 161 1278 161 1204 161 1204 1100 1278 1100 1279 1100 1280 161 1281 161 1138 161 1138 1101 1281 1101 1282 1101 1138 1102 1282 1102 1283 1102 1284 161 1285 161 1138 161 1138 1103 1285 1103 1240 1103 1138 161 1240 161 1126 161 1126 161 1240 161 1124 161 1286 161 1287 161 1240 161 1279 161 1288 161 1204 161 1204 1104 1288 1104 1289 1104 1204 1105 1289 1105 1290 1105 1290 161 1291 161 1204 161 1204 1106 1291 1106 1292 1106 1204 1107 1292 1107 1293 1107 1293 161 1294 161 1204 161 1204 1108 1294 1108 1295 1108 1204 161 1295 161 1138 161 1138 1109 1295 1109 1296 1109 1138 161 1296 161 1280 161 1283 1110 1297 1110 1138 1110 1138 1111 1297 1111 1298 1111 1138 1112 1298 1112 1284 1112 1285 161 1299 161 1240 161 1240 1113 1299 1113 1300 1113 1240 1114 1300 1114 1301 1114 1216 161 1209 161 1204 161 1204 161 1209 161 1302 161 1204 1115 1302 1115 1277 1115 1301 1080 1303 1080 1240 1080 1240 1116 1303 1116 1304 1116 1240 1117 1304 1117 1286 1117 1287 161 1305 161 1240 161 1240 1118 1305 1118 1306 1118 1240 161 1306 161 1209 161 1209 1119 1306 1119 1307 1119 1307 161 1308 161 1209 161 1209 1120 1308 1120 1309 1120 1209 1121 1309 1121 1310 1121 1310 1122 1311 1122 1209 1122 1209 1123 1311 1123 1312 1123 1209 1124 1312 1124 1302 1124 1202 1125 1204 1125 1117 1125 1117 161 1204 161 1138 161 1117 161 1138 161 1114 161 1114 161 1138 161 1128 161 1114 161 1128 161 1095 161 1313 161 1314 161 1315 161 1149 1126 1316 1126 1317 1126 1318 1127 1319 1127 1315 1127 1315 1128 1319 1128 1320 1128 1315 1129 1320 1129 1313 1129 1314 1130 1321 1130 1315 1130 1315 1131 1321 1131 1322 1131 1315 1132 1322 1132 1323 1132 1317 1133 1324 1133 1149 1133 1149 1134 1324 1134 1325 1134 1149 161 1325 161 1326 161 1327 161 1328 161 1150 161 1150 1135 1328 1135 1329 1135 1150 187 1329 187 1330 187 1330 161 1331 161 1150 161 1150 1136 1331 1136 1332 1136 1150 1137 1332 1137 1333 1137 1334 161 1318 161 1335 161 1335 161 1318 161 1150 161 1335 161 1150 161 1336 161 1336 161 1150 161 1333 161 1334 161 1337 161 1318 161 1318 1138 1337 1138 1338 1138 1318 1139 1338 1139 1339 1139 1323 161 1340 161 1315 161 1315 1140 1340 1140 1341 1140 1315 1141 1341 1141 1342 1141 1326 161 1343 161 1149 161 1149 1142 1343 1142 1344 1142 1149 1143 1344 1143 1345 1143 1345 161 1346 161 1149 161 1149 1144 1346 1144 1347 1144 1149 1145 1347 1145 1150 1145 1150 1146 1347 1146 1348 1146 1150 1147 1348 1147 1327 1147 1339 1148 1349 1148 1318 1148 1318 1149 1349 1149 1350 1149 1318 1150 1350 1150 1319 1150 1208 161 1210 161 1209 161 1209 161 1210 161 1185 161 1209 161 1185 161 1149 161 1149 161 1185 161 1315 161 1149 161 1315 161 1316 161 1316 161 1315 161 1342 161 1351 161 1352 161 1141 161 1353 161 1354 161 1315 161 1355 161 1356 161 1140 161 1355 161 1140 161 1357 161 1140 1151 1358 1151 1141 1151 1141 1152 1358 1152 1359 1152 1141 1153 1359 1153 1351 1153 1352 1154 1360 1154 1141 1154 1141 1155 1360 1155 1361 1155 1141 1156 1361 1156 1362 1156 1354 1157 1363 1157 1315 1157 1315 1158 1363 1158 1364 1158 1315 161 1364 161 1365 161 1366 161 1367 161 1318 161 1318 1159 1367 1159 1368 1159 1318 210 1368 210 1369 210 1356 161 1370 161 1140 161 1140 209 1370 209 1371 209 1140 1160 1371 1160 1372 1160 1362 161 1373 161 1141 161 1141 1161 1373 1161 1374 1161 1141 1162 1374 1162 1375 1162 1365 161 1376 161 1315 161 1315 1163 1376 1163 1377 1163 1315 1164 1377 1164 1378 1164 1378 161 1379 161 1315 161 1315 1165 1379 1165 1380 1165 1315 1166 1380 1166 1318 1166 1318 1167 1380 1167 1381 1167 1318 1168 1381 1168 1366 1168 1369 161 1382 161 1318 161 1318 1169 1382 1169 1383 1169 1318 161 1383 161 1140 161 1140 1170 1383 1170 1384 1170 1140 1171 1384 1171 1357 1171 1372 1172 1385 1172 1140 1172 1140 1173 1385 1173 1386 1173 1140 1174 1386 1174 1358 1174 1190 161 1170 161 1185 161 1185 161 1170 161 1172 161 1185 161 1172 161 1315 161 1315 161 1172 161 1141 161 1315 161 1141 161 1353 161 1353 161 1141 161 1375 161 1387 161 1388 161 1172 161 1388 161 1389 161 1172 161 1172 1175 1389 1175 1390 1175 1172 241 1390 241 1391 241 1172 1176 1392 1176 1141 1176 1141 1177 1392 1177 1393 1177 1141 1178 1393 1178 1394 1178 1394 235 1395 235 1141 235 1141 1179 1395 1179 1396 1179 1141 1180 1396 1180 1397 1180 1391 1181 1398 1181 1172 1181 1172 1182 1398 1182 1399 1182 1172 1183 1399 1183 1392 1183 1397 161 1400 161 1141 161 1141 1184 1400 1184 1401 1184 1141 1185 1401 1185 1402 1185 1403 161 1404 161 1134 161 1134 1186 1404 1186 1405 1186 1402 1187 1406 1187 1141 1187 1141 1188 1406 1188 1407 1188 1141 161 1407 161 1134 161 1134 1189 1407 1189 1408 1189 1134 1190 1408 1190 1403 1190 1409 161 1410 161 1132 161 1405 161 1411 161 1134 161 1134 1191 1411 1191 1412 1191 1134 1192 1412 1192 1413 1192 1413 1193 1414 1193 1134 1193 1134 1194 1414 1194 1415 1194 1134 1195 1415 1195 1132 1195 1132 1196 1415 1196 1416 1196 1132 1197 1416 1197 1409 1197 1410 1198 1417 1198 1132 1198 1132 1199 1417 1199 1418 1199 1132 1200 1418 1200 1419 1200 1419 161 1420 161 1132 161 1132 1201 1420 1201 1421 1201 1132 161 1421 161 1172 161 1172 1202 1421 1202 1422 1202 1172 1203 1422 1203 1387 1203 1130 1204 1423 1204 1424 1204 1425 161 1169 161 1426 161 1426 1205 1169 1205 1427 1205 1428 1206 1429 1206 1169 1206 1169 161 1429 161 1430 161 1169 1207 1430 1207 1427 1207 1431 161 1432 161 1172 161 1424 161 1433 161 1130 161 1130 1208 1433 1208 1434 1208 1130 1209 1434 1209 1435 1209 1130 161 1436 161 1437 161 1435 161 1438 161 1130 161 1130 1210 1438 1210 1439 1210 1130 1211 1439 1211 1436 1211 1425 1212 1440 1212 1169 1212 1169 1213 1440 1213 1441 1213 1169 1214 1441 1214 1442 1214 1442 161 1443 161 1169 161 1169 1215 1443 1215 1444 1215 1169 161 1444 161 1172 161 1172 239 1444 239 1445 239 1172 1216 1445 1216 1446 1216 1132 1217 1447 1217 1130 1217 1130 1218 1447 1218 1448 1218 1130 1219 1448 1219 1423 1219 1446 1181 1449 1181 1172 1181 1172 1220 1449 1220 1450 1220 1172 1221 1450 1221 1431 1221 1432 161 1451 161 1172 161 1172 1222 1451 1222 1452 1222 1172 161 1452 161 1132 161 1132 1223 1452 1223 1453 1223 1453 161 1454 161 1132 161 1132 1224 1454 1224 1455 1224 1132 1225 1455 1225 1456 1225 1456 1226 1457 1226 1132 1226 1132 1227 1457 1227 1458 1227 1132 1228 1458 1228 1447 1228 1115 161 1097 161 1169 161 1169 161 1097 161 1130 161 1169 161 1130 161 1428 161 1428 1229 1130 1229 1437 1229 1137 102 1135 102 1459 102 1460 1230 1461 1230 1462 1230 1462 1231 1461 1231 1463 1231 1464 102 1462 102 1465 102 1465 1232 1462 1232 1123 1232 1464 102 1466 102 1462 102 1462 1233 1466 1233 1467 1233 1462 1234 1467 1234 1460 1234 1137 102 1459 102 1468 102 1469 102 1470 102 1459 102 1459 1235 1470 1235 1471 1235 1459 102 1471 102 1472 102 1472 1236 1473 1236 1459 1236 1459 1237 1473 1237 1474 1237 1459 1238 1474 1238 1475 1238 1475 102 1476 102 1459 102 1459 102 1476 102 1477 102 1459 1239 1477 1239 1468 1239 1478 102 1479 102 1480 102 1480 102 1479 102 1481 102 1480 102 1481 102 1482 102 1483 1240 1484 1240 1485 1240 1486 102 1487 102 1488 102 1488 102 1487 102 1489 102 1482 102 1490 102 1480 102 1480 1241 1490 1241 1491 1241 1480 1242 1491 1242 1483 1242 1484 102 1492 102 1485 102 1485 1243 1492 1243 1493 1243 1485 1244 1493 1244 1494 1244 1495 102 1496 102 1485 102 1485 1245 1496 1245 1497 1245 1485 102 1497 102 1498 102 1498 1246 1497 1246 1499 1246 1494 1247 1500 1247 1485 1247 1485 1248 1500 1248 1501 1248 1485 1249 1501 1249 1495 1249 1499 102 1502 102 1498 102 1498 1250 1502 1250 1503 1250 1498 1251 1503 1251 1504 1251 1504 1252 1505 1252 1498 1252 1498 1253 1505 1253 1506 1253 1498 1254 1506 1254 1487 1254 1487 1255 1506 1255 1507 1255 1487 1256 1507 1256 1489 1256 1486 102 1508 102 1487 102 1487 102 1508 102 1509 102 1487 102 1509 102 1121 102 1121 1257 1509 1257 1510 1257 1510 102 1511 102 1121 102 1121 1258 1511 1258 1512 1258 1121 102 1512 102 1120 102 1120 1259 1512 1259 1513 1259 1120 1260 1513 1260 1514 1260 1514 102 1515 102 1120 102 1120 1261 1515 1261 1516 1261 1120 1262 1516 1262 1517 1262 1518 102 1519 102 1520 102 1520 102 1519 102 1521 102 1520 102 1521 102 1522 102 1523 102 1524 102 1487 102 1487 102 1524 102 1525 102 1526 102 1527 102 1528 102 1528 1263 1527 1263 1529 1263 1530 1264 1498 1264 1531 1264 1531 102 1498 102 1487 102 1531 1265 1487 1265 1532 1265 1532 102 1487 102 1525 102 1530 102 1533 102 1498 102 1498 1266 1533 1266 1534 1266 1498 1267 1534 1267 1535 1267 1535 1268 1536 1268 1498 1268 1498 1269 1536 1269 1537 1269 1498 102 1537 102 1528 102 1528 1270 1537 1270 1538 1270 1528 1271 1538 1271 1526 1271 1529 102 1539 102 1528 102 1528 1272 1539 1272 1540 1272 1528 1273 1540 1273 1541 1273 1541 1274 1542 1274 1528 1274 1528 1275 1542 1275 1543 1275 1528 1276 1543 1276 1520 1276 1520 1277 1543 1277 1544 1277 1520 1278 1544 1278 1518 1278 1545 1279 1546 1279 1119 1279 1546 102 1547 102 1119 102 1119 1280 1547 1280 1548 1280 1119 1281 1548 1281 1549 1281 1550 102 1121 102 1551 102 1551 102 1121 102 1119 102 1551 102 1119 102 1552 102 1552 102 1119 102 1549 102 1550 102 1553 102 1121 102 1121 1282 1553 1282 1554 1282 1121 1283 1554 1283 1487 1283 1487 102 1554 102 1555 102 1487 102 1555 102 1523 102 1556 102 1557 102 1485 102 1485 1284 1557 1284 1558 1284 1559 102 1560 102 1133 102 1561 102 1562 102 1459 102 1459 1285 1562 1285 1563 1285 1459 1286 1563 1286 1564 1286 1564 102 1565 102 1459 102 1459 1287 1565 1287 1566 1287 1459 1288 1566 1288 1567 1288 1558 102 1568 102 1485 102 1485 1289 1568 1289 1569 1289 1485 102 1569 102 1133 102 1133 1290 1569 1290 1570 1290 1133 1291 1570 1291 1559 1291 1560 102 1571 102 1133 102 1133 1292 1571 1292 1572 1292 1133 1293 1572 1293 1573 1293 1574 102 1575 102 1485 102 1485 1294 1575 1294 1576 1294 1576 102 1577 102 1485 102 1485 1295 1577 1295 1578 1295 1485 1296 1578 1296 1556 1296 1573 102 1579 102 1133 102 1133 1297 1579 1297 1580 1297 1133 1298 1580 1298 1135 1298 1135 1299 1580 1299 1581 1299 1135 1300 1581 1300 1582 1300 1582 1301 1583 1301 1135 1301 1135 1302 1583 1302 1584 1302 1135 1303 1584 1303 1585 1303 1585 102 1586 102 1135 102 1135 1304 1586 1304 1587 1304 1135 1305 1587 1305 1588 1305 1588 1306 1589 1306 1135 1306 1135 1307 1589 1307 1590 1307 1135 102 1590 102 1459 102 1459 1308 1590 1308 1591 1308 1459 1309 1591 1309 1561 1309 1592 102 1593 102 1131 102 1594 1310 1595 1310 1131 1310 1131 1311 1595 1311 1596 1311 1133 102 1597 102 1485 102 1485 1312 1597 1312 1598 1312 1485 1313 1598 1313 1599 1313 1600 102 1601 102 1480 102 1480 1314 1601 1314 1602 1314 1603 102 1133 102 1604 102 1604 102 1133 102 1131 102 1604 102 1131 102 1605 102 1605 102 1131 102 1596 102 1599 102 1606 102 1485 102 1485 1315 1606 1315 1607 1315 1485 1316 1607 1316 1608 1316 1483 102 1485 102 1480 102 1480 1317 1485 1317 1609 1317 1480 1318 1609 1318 1600 1318 1603 102 1610 102 1133 102 1133 1319 1610 1319 1611 1319 1133 1320 1611 1320 1612 1320 1612 102 1613 102 1133 102 1133 1321 1613 1321 1614 1321 1133 1322 1614 1322 1597 1322 1608 1323 1615 1323 1485 1323 1485 1324 1615 1324 1616 1324 1485 1325 1616 1325 1609 1325 1602 102 1617 102 1480 102 1480 1326 1617 1326 1618 1326 1480 1327 1618 1327 1619 1327 1619 102 1620 102 1480 102 1480 1328 1620 1328 1621 1328 1480 1329 1621 1329 1622 1329 1593 102 1623 102 1131 102 1131 1330 1623 1330 1624 1330 1131 1331 1624 1331 1594 1331 1622 102 1625 102 1480 102 1480 1332 1625 1332 1626 1332 1480 102 1626 102 1131 102 1131 1333 1626 1333 1627 1333 1131 102 1627 102 1592 102 1131 102 1096 102 1480 102 1480 102 1096 102 1120 102 1480 1334 1120 1334 1478 1334 1478 102 1120 102 1517 102 1628 1335 1629 1335 1459 1335 1630 1336 1631 1336 1632 1336 1632 102 1631 102 1633 102 1459 1337 1629 1337 1469 1337 1469 1338 1629 1338 1634 1338 1469 1339 1634 1339 1635 1339 1635 102 1636 102 1469 102 1469 1340 1636 1340 1637 1340 1469 1341 1637 1341 1638 1341 1639 102 1640 102 1469 102 1469 1342 1640 1342 1641 1342 1469 102 1641 102 1631 102 1631 1343 1641 1343 1642 1343 1631 1344 1642 1344 1633 1344 1638 102 1643 102 1469 102 1469 1345 1643 1345 1644 1345 1469 1346 1644 1346 1639 1346 1645 528 1646 528 1647 528 1647 102 1646 102 1648 102 1649 1347 1650 1347 1459 1347 1459 102 1650 102 1651 102 1459 1348 1651 1348 1652 1348 1646 1349 1631 1349 1653 1349 1653 102 1654 102 1646 102 1646 1350 1654 1350 1655 1350 1646 102 1655 102 1656 102 1656 1351 1657 1351 1646 1351 1646 1352 1657 1352 1658 1352 1646 1353 1658 1353 1648 1353 1652 102 1659 102 1459 102 1459 1354 1659 1354 1660 1354 1459 102 1660 102 1628 102 1630 1355 1661 1355 1631 1355 1631 1356 1661 1356 1662 1356 1631 1357 1662 1357 1653 1357 1645 1358 1663 1358 1646 1358 1646 1359 1663 1359 1664 1359 1646 102 1664 102 1459 102 1459 1360 1664 1360 1665 1360 1459 1361 1665 1361 1649 1361 1666 1362 1667 1362 1646 1362 1668 102 1669 102 1670 102 1670 1363 1669 1363 1671 1363 1671 102 1672 102 1670 102 1670 1364 1672 1364 1673 1364 1670 1365 1673 1365 1674 1365 1646 1366 1667 1366 1631 1366 1631 1367 1667 1367 1675 1367 1631 1368 1675 1368 1676 1368 1676 102 1677 102 1631 102 1631 1369 1677 1369 1678 1369 1631 409 1678 409 1679 409 1679 102 1680 102 1631 102 1631 1370 1680 1370 1681 1370 1631 102 1681 102 1670 102 1670 1371 1681 1371 1682 1371 1670 1372 1682 1372 1668 1372 1683 500 1684 500 1685 500 1685 102 1684 102 1686 102 1687 1373 1688 1373 1646 1373 1646 102 1688 102 1689 102 1646 1374 1689 1374 1690 1374 1463 102 1691 102 1462 102 1462 1375 1691 1375 1692 1375 1462 102 1692 102 1684 102 1684 102 1692 102 1670 102 1684 1376 1670 1376 1693 1376 1693 102 1694 102 1684 102 1684 1377 1694 1377 1695 1377 1684 102 1695 102 1696 102 1696 1378 1697 1378 1684 1378 1684 1379 1697 1379 1698 1379 1684 1380 1698 1380 1686 1380 1690 102 1699 102 1646 102 1646 1381 1699 1381 1700 1381 1646 102 1700 102 1666 102 1674 1382 1701 1382 1670 1382 1670 1383 1701 1383 1702 1383 1670 1384 1702 1384 1693 1384 1683 1385 1703 1385 1684 1385 1684 1386 1703 1386 1704 1386 1684 102 1704 102 1646 102 1646 1387 1704 1387 1705 1387 1646 1388 1705 1388 1687 1388 1706 102 1707 102 1708 102 1708 1389 1707 1389 1709 1389 1710 102 1711 102 1462 102 1462 1390 1711 1390 1712 1390 1712 102 1713 102 1462 102 1462 1391 1713 1391 1714 1391 1462 1392 1714 1392 1715 1392 1716 102 1717 102 1528 102 1528 1393 1717 1393 1718 1393 1709 102 1719 102 1708 102 1708 1394 1719 1394 1720 1394 1708 102 1720 102 1528 102 1528 1395 1720 1395 1721 1395 1528 1396 1721 1396 1716 1396 1718 1397 1722 1397 1528 1397 1528 1398 1722 1398 1723 1398 1528 1399 1723 1399 1724 1399 1715 1400 1725 1400 1462 1400 1462 1401 1725 1401 1726 1401 1462 1402 1726 1402 1708 1402 1708 1403 1726 1403 1727 1403 1708 1404 1727 1404 1728 1404 1729 102 1730 102 1684 102 1684 1405 1730 1405 1731 1405 1728 102 1732 102 1708 102 1708 1406 1732 1406 1733 1406 1708 1407 1733 1407 1706 1407 1724 102 1729 102 1528 102 1528 1408 1729 1408 1684 1408 1528 102 1684 102 1498 102 1498 102 1684 102 1646 102 1498 102 1646 102 1485 102 1485 102 1646 102 1459 102 1485 1409 1459 1409 1574 1409 1574 102 1459 102 1567 102 1731 1410 1734 1410 1684 1410 1684 1411 1734 1411 1735 1411 1684 1412 1735 1412 1736 1412 1736 102 1737 102 1684 102 1684 1413 1737 1413 1738 1413 1684 1414 1738 1414 1739 1414 1739 1415 1740 1415 1684 1415 1684 1416 1740 1416 1741 1416 1684 102 1741 102 1462 102 1462 1417 1741 1417 1742 1417 1462 1418 1742 1418 1710 1418 1743 102 1744 102 1520 102 1745 1419 1746 1419 1520 1419 1520 1420 1746 1420 1747 1420 1528 102 1748 102 1708 102 1708 1421 1748 1421 1749 1421 1708 1422 1749 1422 1750 1422 1751 1423 1752 1423 1753 1423 1754 102 1528 102 1755 102 1755 102 1528 102 1520 102 1755 102 1520 102 1756 102 1756 102 1520 102 1747 102 1750 102 1757 102 1708 102 1708 1424 1757 1424 1758 1424 1708 1425 1758 1425 1759 1425 1752 102 1751 102 1760 102 1760 102 1751 102 1708 102 1760 102 1708 102 1761 102 1754 102 1762 102 1528 102 1528 1426 1762 1426 1763 1426 1528 1427 1763 1427 1764 1427 1764 102 1765 102 1528 102 1528 1428 1765 1428 1766 1428 1528 1429 1766 1429 1748 1429 1759 1430 1767 1430 1708 1430 1708 1431 1767 1431 1768 1431 1708 1432 1768 1432 1761 1432 1753 102 1769 102 1751 102 1751 1433 1769 1433 1770 1433 1751 1434 1770 1434 1771 1434 1771 102 1772 102 1751 102 1751 1435 1772 1435 1773 1435 1751 1436 1773 1436 1774 1436 1744 102 1775 102 1520 102 1520 1437 1775 1437 1776 1437 1520 1438 1776 1438 1745 1438 1774 102 1777 102 1751 102 1751 1439 1777 1439 1778 1439 1751 102 1778 102 1520 102 1520 1440 1778 1440 1779 1440 1520 102 1779 102 1743 102 1522 102 1545 102 1520 102 1520 102 1545 102 1119 102 1520 102 1119 102 1751 102 1751 102 1119 102 1118 102 1123 102 1462 102 1125 102 1125 102 1462 102 1708 102 1125 102 1708 102 1127 102 1127 102 1708 102 1751 102 1127 102 1751 102 1129 102 1129 102 1751 102 1118 102 1129 102 1118 102 1094 102 1139 51 1470 51 1140 51 1140 51 1470 51 1469 51 1140 51 1469 51 1318 51 1318 51 1469 51 1631 51 1318 51 1631 51 1150 51 1150 51 1631 51 1670 51 1150 51 1670 51 1151 51 1151 51 1670 51 1692 51 1029 627 983 627 1031 627 1031 626 983 626 982 626 1031 671 982 671 1033 671 1033 670 982 670 980 670 1033 623 980 623 1035 623 1035 623 980 623 978 623 1035 1441 978 1441 1037 1441 1037 1441 978 1441 976 1441 1037 669 976 669 1039 669 1039 619 976 619 974 619 1039 667 974 667 1041 667 1041 666 974 666 972 666 1041 1442 972 1442 1043 1442 1043 665 972 665 970 665 1043 614 970 614 1045 614 1045 613 970 613 968 613 1045 1443 968 1443 1046 1443 1046 611 968 611 966 611 1046 610 966 610 1021 610 1021 664 966 664 965 664 1021 609 965 609 1019 609 1019 662 965 662 938 662 1019 661 938 661 1012 661 1012 660 938 660 936 660 1012 659 936 659 1011 659 1011 604 936 604 935 604 1011 603 935 603 1009 603 1009 602 935 602 920 602 1009 1444 920 1444 1013 1444 1013 1444 920 1444 919 1444 1013 657 919 657 1014 657 1014 656 919 656 917 656 1014 655 917 655 1015 655 1015 654 917 654 916 654 1015 596 916 596 1024 596 1024 595 916 595 934 595 1024 653 934 653 1047 653 1047 653 934 653 932 653 1047 685 932 685 997 685 997 685 932 685 931 685 997 684 931 684 998 684 998 683 931 683 895 683 998 1445 895 1445 999 1445 999 1445 895 1445 894 1445 999 648 894 648 1003 648 1003 648 894 648 893 648 1003 682 893 682 1004 682 1004 646 893 646 891 646 1004 680 891 680 1005 680 1005 680 891 680 890 680 1005 643 890 643 1002 643 1002 678 890 678 898 678 1002 641 898 641 1001 641 1001 677 898 677 912 677 1001 1446 912 1446 1000 1446 1000 639 912 639 911 639 1000 638 911 638 1006 638 1006 637 911 637 910 637 1006 676 910 676 1007 676 1007 676 910 676 907 676 1007 675 907 675 1008 675 1008 674 907 674 906 674 1008 673 906 673 1018 673 1018 633 906 633 909 633 1018 1447 909 1447 1017 1447 1017 1447 909 1447 921 1447 1017 630 921 630 1016 630 1016 630 921 630 904 630 1016 672 904 672 1028 672 1028 672 904 672 903 672 1028 628 903 628 1029 628 1029 628 903 628 983 628 1053 627 914 627 1054 627 1054 626 914 626 913 626 1054 625 913 625 1026 625 1026 624 913 624 901 624 1026 623 901 623 1027 623 1027 623 901 623 900 623 1027 1441 900 1441 1055 1441 1055 1441 900 1441 899 1441 1055 620 899 620 1056 620 1056 619 899 619 897 619 1056 618 897 618 1057 618 1057 617 897 617 896 617 1057 616 896 616 1058 616 1058 615 896 615 905 615 1058 614 905 614 1059 614 1059 613 905 613 892 613 1059 612 892 612 1060 612 1060 611 892 611 933 611 1060 610 933 610 1062 610 1062 610 933 610 947 610 1062 609 947 609 1064 609 1064 608 947 608 949 608 1064 607 949 607 1066 607 1066 606 949 606 951 606 1066 605 951 605 1068 605 1068 604 951 604 953 604 1068 603 953 603 1070 603 1070 602 953 602 955 602 1070 1444 955 1444 1072 1444 1072 1444 955 1444 957 1444 1072 599 957 599 1074 599 1074 599 957 599 959 599 1074 598 959 598 1076 598 1076 597 959 597 961 597 1076 596 961 596 1077 596 1077 595 961 595 963 595 1077 653 963 653 993 653 993 653 963 653 964 653 993 652 964 652 991 652 991 652 964 652 930 652 991 651 930 651 986 651 986 651 930 651 928 651 986 1445 928 1445 987 1445 987 1445 928 1445 927 1445 987 648 927 648 989 648 989 648 927 648 926 648 989 647 926 647 990 647 990 646 926 646 946 646 990 645 946 645 994 645 994 644 946 644 945 644 994 643 945 643 995 643 995 642 945 642 922 642 995 641 922 641 996 641 996 641 922 641 924 641 996 640 924 640 1048 640 1048 639 924 639 925 639 1048 638 925 638 1022 638 1022 637 925 637 944 637 1022 636 944 636 1023 636 1023 636 944 636 943 636 1023 635 943 635 1025 635 1025 634 943 634 942 634 1025 633 942 633 1049 633 1049 633 942 633 941 633 1049 1447 941 1447 1050 1447 1050 1447 941 1447 940 1447 1050 630 940 630 1051 630 1051 630 940 630 939 630 1051 629 939 629 1052 629 1052 629 939 629 915 629 1052 628 915 628 1053 628 1053 628 915 628 914 628 1173 732 1496 732 1174 732 1174 732 1496 732 1495 732 1174 733 1495 733 1175 733 1175 733 1495 733 1501 733 1175 734 1501 734 1177 734 1177 734 1501 734 1500 734 1177 707 1500 707 1178 707 1178 707 1500 707 1494 707 1178 735 1494 735 1179 735 1179 735 1494 735 1493 735 1179 736 1493 736 1180 736 1180 736 1493 736 1492 736 1180 710 1492 710 1181 710 1181 710 1492 710 1484 710 1181 737 1484 737 1182 737 1182 737 1484 737 1483 737 1182 712 1483 712 1176 712 1176 712 1483 712 1491 712 1176 713 1491 713 1167 713 1167 713 1491 713 1490 713 1167 738 1490 738 1168 738 1168 738 1490 738 1482 738 1168 715 1482 715 1196 715 1196 715 1482 715 1481 715 1196 739 1481 739 1197 739 1197 739 1481 739 1479 739 1197 740 1479 740 1198 740 1198 740 1479 740 1478 740 1198 718 1478 718 1193 718 1193 718 1478 718 1517 718 1193 741 1517 741 1194 741 1194 741 1517 741 1516 741 1194 742 1516 742 1195 742 1195 742 1516 742 1515 742 1195 743 1515 743 1199 743 1199 743 1515 743 1514 743 1199 722 1514 722 1200 722 1200 722 1514 722 1513 722 1200 723 1513 723 1201 723 1201 723 1513 723 1512 723 1201 688 1512 688 1192 688 1192 688 1512 688 1511 688 1192 724 1511 724 1191 724 1191 724 1511 724 1510 724 1191 690 1510 690 1162 690 1162 690 1510 690 1509 690 1162 725 1509 725 1163 725 1163 725 1509 725 1508 725 1163 692 1508 692 1165 692 1165 692 1508 692 1486 692 1165 726 1486 726 1166 726 1166 726 1486 726 1488 726 1166 694 1488 694 1183 694 1183 694 1488 694 1489 694 1183 695 1489 695 1184 695 1184 695 1489 695 1507 695 1184 727 1507 727 1186 727 1186 727 1507 727 1506 727 1186 697 1506 697 1187 697 1187 697 1506 697 1505 697 1187 728 1505 728 1188 728 1188 728 1505 728 1504 728 1188 699 1504 699 1189 699 1189 699 1504 699 1503 699 1189 729 1503 729 1190 729 1190 729 1503 729 1502 729 1190 701 1502 701 1170 701 1170 701 1502 701 1499 701 1170 730 1499 730 1171 730 1171 730 1499 730 1497 730 1171 731 1497 731 1173 731 1173 731 1497 731 1496 731 1357 732 1640 732 1355 732 1355 732 1640 732 1639 732 1355 733 1639 733 1356 733 1356 733 1639 733 1644 733 1356 734 1644 734 1370 734 1370 734 1644 734 1643 734 1370 707 1643 707 1371 707 1371 707 1643 707 1638 707 1371 735 1638 735 1372 735 1372 735 1638 735 1637 735 1372 736 1637 736 1385 736 1385 736 1637 736 1636 736 1385 710 1636 710 1386 710 1386 710 1636 710 1635 710 1386 737 1635 737 1358 737 1358 737 1635 737 1634 737 1358 712 1634 712 1359 712 1359 712 1634 712 1629 712 1359 713 1629 713 1351 713 1351 713 1629 713 1628 713 1351 738 1628 738 1352 738 1352 738 1628 738 1660 738 1352 715 1660 715 1360 715 1360 715 1660 715 1659 715 1360 739 1659 739 1361 739 1361 739 1659 739 1652 739 1361 740 1652 740 1362 740 1362 740 1652 740 1651 740 1362 718 1651 718 1373 718 1373 718 1651 718 1650 718 1373 741 1650 741 1374 741 1374 741 1650 741 1649 741 1374 742 1649 742 1375 742 1375 742 1649 742 1665 742 1375 743 1665 743 1353 743 1353 743 1665 743 1664 743 1353 722 1664 722 1354 722 1354 722 1664 722 1663 722 1354 723 1663 723 1363 723 1363 723 1663 723 1645 723 1363 688 1645 688 1364 688 1364 688 1645 688 1647 688 1364 724 1647 724 1365 724 1365 724 1647 724 1648 724 1365 690 1648 690 1376 690 1376 690 1648 690 1658 690 1376 725 1658 725 1377 725 1377 725 1658 725 1657 725 1377 692 1657 692 1378 692 1378 692 1657 692 1656 692 1378 726 1656 726 1379 726 1379 726 1656 726 1655 726 1379 694 1655 694 1380 694 1380 694 1655 694 1654 694 1380 695 1654 695 1381 695 1381 695 1654 695 1653 695 1381 727 1653 727 1366 727 1366 727 1653 727 1662 727 1366 697 1662 697 1367 697 1367 697 1662 697 1661 697 1367 728 1661 728 1368 728 1368 728 1661 728 1630 728 1368 699 1630 699 1369 699 1369 699 1630 699 1632 699 1369 729 1632 729 1382 729 1382 729 1632 729 1633 729 1382 701 1633 701 1383 701 1383 701 1633 701 1642 701 1383 730 1642 730 1384 730 1384 730 1642 730 1641 730 1384 731 1641 731 1357 731 1357 731 1641 731 1640 731 1336 704 1668 704 1335 704 1335 704 1668 704 1682 704 1335 705 1682 705 1334 705 1334 705 1682 705 1681 705 1334 706 1681 706 1337 706 1337 706 1681 706 1680 706 1337 707 1680 707 1338 707 1338 707 1680 707 1679 707 1338 708 1679 708 1339 708 1339 708 1679 708 1678 708 1339 709 1678 709 1349 709 1349 709 1678 709 1677 709 1349 710 1677 710 1350 710 1350 710 1677 710 1676 710 1350 711 1676 711 1319 711 1319 711 1676 711 1675 711 1319 712 1675 712 1320 712 1320 712 1675 712 1667 712 1320 713 1667 713 1313 713 1313 713 1667 713 1666 713 1313 714 1666 714 1314 714 1314 714 1666 714 1700 714 1314 715 1700 715 1321 715 1321 715 1700 715 1699 715 1321 716 1699 716 1322 716 1322 716 1699 716 1690 716 1322 717 1690 717 1323 717 1323 717 1690 717 1689 717 1323 718 1689 718 1340 718 1340 718 1689 718 1688 718 1340 719 1688 719 1341 719 1341 719 1688 719 1687 719 1341 720 1687 720 1342 720 1342 720 1687 720 1705 720 1342 721 1705 721 1316 721 1316 721 1705 721 1704 721 1316 686 1704 686 1317 686 1317 686 1704 686 1703 686 1317 687 1703 687 1324 687 1324 687 1703 687 1683 687 1324 688 1683 688 1325 688 1325 688 1683 688 1685 688 1325 689 1685 689 1326 689 1326 689 1685 689 1686 689 1326 690 1686 690 1343 690 1343 690 1686 690 1698 690 1343 691 1698 691 1344 691 1344 691 1698 691 1697 691 1344 692 1697 692 1345 692 1345 692 1697 692 1696 692 1345 693 1696 693 1346 693 1346 693 1696 693 1695 693 1346 694 1695 694 1347 694 1347 694 1695 694 1694 694 1347 695 1694 695 1348 695 1348 695 1694 695 1693 695 1348 696 1693 696 1327 696 1327 696 1693 696 1702 696 1327 697 1702 697 1328 697 1328 697 1702 697 1701 697 1328 698 1701 698 1329 698 1329 698 1701 698 1674 698 1329 699 1674 699 1330 699 1330 699 1674 699 1673 699 1330 700 1673 700 1331 700 1331 700 1673 700 1672 700 1331 701 1672 701 1332 701 1332 701 1672 701 1671 701 1332 702 1671 702 1333 702 1333 702 1671 702 1669 702 1333 703 1669 703 1336 703 1336 703 1669 703 1668 703 1208 704 1526 704 1210 704 1210 704 1526 704 1538 704 1210 705 1538 705 1211 705 1211 705 1538 705 1537 705 1211 706 1537 706 1219 706 1219 706 1537 706 1536 706 1219 707 1536 707 1220 707 1220 707 1536 707 1535 707 1220 708 1535 708 1221 708 1221 708 1535 708 1534 708 1221 709 1534 709 1222 709 1222 709 1534 709 1533 709 1222 710 1533 710 1223 710 1223 710 1533 710 1530 710 1223 711 1530 711 1224 711 1224 711 1530 711 1531 711 1224 712 1531 712 1218 712 1218 712 1531 712 1532 712 1218 713 1532 713 1212 713 1212 713 1532 713 1525 713 1212 714 1525 714 1213 714 1213 714 1525 714 1524 714 1213 715 1524 715 1234 715 1234 715 1524 715 1523 715 1234 716 1523 716 1235 716 1235 716 1523 716 1555 716 1235 717 1555 717 1236 717 1236 717 1555 717 1554 717 1236 718 1554 718 1237 718 1237 718 1554 718 1553 718 1237 719 1553 719 1238 719 1238 719 1553 719 1550 719 1238 720 1550 720 1239 720 1239 720 1550 720 1551 720 1239 721 1551 721 1230 721 1230 721 1551 721 1552 721 1230 686 1552 686 1231 686 1231 686 1552 686 1549 686 1231 687 1549 687 1232 687 1232 687 1549 687 1548 687 1232 688 1548 688 1233 688 1233 688 1548 688 1547 688 1233 689 1547 689 1202 689 1202 689 1547 689 1546 689 1202 690 1546 690 1203 690 1203 690 1546 690 1545 690 1203 691 1545 691 1205 691 1205 691 1545 691 1522 691 1205 692 1522 692 1206 692 1206 692 1522 692 1521 692 1206 693 1521 693 1214 693 1214 693 1521 693 1519 693 1214 694 1519 694 1215 694 1215 694 1519 694 1518 694 1215 695 1518 695 1216 695 1216 695 1518 695 1544 695 1216 696 1544 696 1225 696 1225 696 1544 696 1543 696 1225 697 1543 697 1226 697 1226 697 1543 697 1542 697 1226 698 1542 698 1227 698 1227 698 1542 698 1541 698 1227 699 1541 699 1228 699 1228 699 1541 699 1540 699 1228 700 1540 700 1229 700 1229 700 1540 700 1539 700 1229 701 1539 701 1217 701 1217 701 1539 701 1529 701 1217 702 1529 702 1207 702 1207 702 1529 702 1527 702 1207 703 1527 703 1208 703 1208 703 1527 703 1526 703 1136 1448 1137 1448 1468 1448 1136 1448 1468 1448 1155 1448 1155 1449 1468 1449 1477 1449 1155 1449 1477 1449 1156 1449 1156 1450 1477 1450 1476 1450 1156 1450 1476 1450 1157 1450 1157 1451 1476 1451 1475 1451 1157 1451 1475 1451 1158 1451 1158 1452 1475 1452 1474 1452 1158 1452 1474 1452 1159 1452 1159 1453 1474 1453 1473 1453 1159 1453 1473 1453 1160 1453 1160 1454 1473 1454 1472 1454 1160 1455 1472 1455 1161 1455 1161 808 1472 808 1471 808 1161 808 1471 808 1154 808 1154 1456 1471 1456 1470 1456 1154 1456 1470 1456 1139 1456 1151 1457 1692 1457 1691 1457 1151 1457 1691 1457 1152 1457 1152 1458 1691 1458 1463 1458 1152 1458 1463 1458 1153 1458 1153 1459 1463 1459 1461 1459 1153 1460 1461 1460 1142 1460 1142 1461 1461 1461 1460 1461 1142 1461 1460 1461 1143 1461 1143 1462 1460 1462 1467 1462 1143 1462 1467 1462 1147 1462 1147 1463 1467 1463 1466 1463 1147 1463 1466 1463 1148 1463 1148 1464 1466 1464 1464 1464 1148 1464 1464 1464 1145 1464 1145 1465 1464 1465 1465 1465 1145 1465 1465 1465 1146 1465 1146 1466 1465 1466 1123 1466 1146 1466 1123 1466 1122 1466 1020 1467 937 1467 967 1467 1020 790 967 790 1044 790 1044 789 967 789 969 789 1044 789 969 789 1042 789 1042 788 969 788 971 788 1042 1468 971 1468 1040 1468 1040 785 971 785 973 785 1040 786 973 786 1038 786 1038 784 973 784 975 784 1038 1469 975 1469 1036 1469 1036 1470 975 1470 977 1470 1036 783 977 783 1034 783 1034 782 977 782 979 782 1034 1471 979 1471 1032 1471 1032 780 979 780 981 780 1032 779 981 779 1030 779 1030 778 981 778 902 778 1030 777 902 777 984 777 992 776 929 776 962 776 992 775 962 775 1075 775 1075 774 962 774 960 774 1075 774 960 774 1073 774 1073 773 960 773 958 773 1073 772 958 772 1071 772 1071 771 958 771 956 771 1071 771 956 771 1069 771 1069 633 956 633 954 633 1069 1472 954 1472 1067 1472 1067 769 954 769 952 769 1067 1473 952 1473 1065 1473 1065 768 952 768 950 768 1065 767 950 767 1063 767 1063 765 950 765 948 765 1063 765 948 765 1061 765 1061 1474 948 1474 918 1474 1061 764 918 764 1010 764 1626 848 1428 848 1627 848 1627 848 1428 848 1437 848 1627 811 1437 811 1592 811 1592 811 1437 811 1436 811 1592 849 1436 849 1593 849 1593 850 1436 850 1439 850 1593 851 1439 851 1623 851 1623 851 1439 851 1438 851 1623 815 1438 815 1624 815 1624 815 1438 815 1435 815 1624 852 1435 852 1594 852 1594 852 1435 852 1434 852 1594 853 1434 853 1595 853 1595 853 1434 853 1433 853 1595 818 1433 818 1596 818 1596 818 1433 818 1424 818 1596 854 1424 854 1605 854 1605 854 1424 854 1423 854 1605 855 1423 855 1604 855 1604 855 1423 855 1448 855 1604 821 1448 821 1603 821 1603 821 1448 821 1447 821 1603 856 1447 856 1610 856 1610 856 1447 856 1458 856 1610 857 1458 857 1611 857 1611 857 1458 857 1457 857 1611 824 1457 824 1612 824 1612 824 1457 824 1456 824 1612 858 1456 858 1613 858 1613 858 1456 858 1455 858 1613 859 1455 859 1614 859 1614 860 1455 860 1454 860 1614 828 1454 828 1597 828 1597 828 1454 828 1453 828 1597 861 1453 861 1598 861 1598 861 1453 861 1452 861 1598 830 1452 830 1599 830 1599 830 1452 830 1451 830 1599 831 1451 831 1606 831 1606 831 1451 831 1432 831 1606 832 1432 832 1607 832 1607 833 1432 833 1431 833 1607 834 1431 834 1608 834 1608 834 1431 834 1450 834 1608 835 1450 835 1615 835 1615 835 1450 835 1449 835 1615 836 1449 836 1616 836 1616 836 1449 836 1446 836 1616 837 1446 837 1609 837 1609 837 1446 837 1445 837 1609 798 1445 798 1600 798 1600 798 1445 798 1444 798 1600 838 1444 838 1601 838 1601 838 1444 838 1443 838 1601 839 1443 839 1602 839 1602 839 1443 839 1442 839 1602 801 1442 801 1617 801 1617 801 1442 801 1441 801 1617 840 1441 840 1618 840 1618 840 1441 840 1440 840 1618 841 1440 841 1619 841 1619 841 1440 841 1425 841 1619 842 1425 842 1620 842 1620 842 1425 842 1426 842 1620 843 1426 843 1621 843 1621 843 1426 843 1427 843 1621 844 1427 844 1622 844 1622 845 1427 845 1430 845 1622 846 1430 846 1625 846 1625 846 1430 846 1429 846 1625 847 1429 847 1626 847 1626 847 1429 847 1428 847 1569 848 1422 848 1570 848 1570 848 1422 848 1421 848 1570 811 1421 811 1559 811 1559 811 1421 811 1420 811 1559 849 1420 849 1560 849 1560 850 1420 850 1419 850 1560 851 1419 851 1571 851 1571 851 1419 851 1418 851 1571 815 1418 815 1572 815 1572 815 1418 815 1417 815 1572 852 1417 852 1573 852 1573 852 1417 852 1410 852 1573 853 1410 853 1579 853 1579 853 1410 853 1409 853 1579 818 1409 818 1580 818 1580 818 1409 818 1416 818 1580 854 1416 854 1581 854 1581 854 1416 854 1415 854 1581 855 1415 855 1582 855 1582 855 1415 855 1414 855 1582 821 1414 821 1583 821 1583 821 1414 821 1413 821 1583 856 1413 856 1584 856 1584 856 1413 856 1412 856 1584 857 1412 857 1585 857 1585 857 1412 857 1411 857 1585 824 1411 824 1586 824 1586 824 1411 824 1405 824 1586 858 1405 858 1587 858 1587 858 1405 858 1404 858 1587 859 1404 859 1588 859 1588 860 1404 860 1403 860 1588 828 1403 828 1589 828 1589 828 1403 828 1408 828 1589 861 1408 861 1590 861 1590 861 1408 861 1407 861 1590 830 1407 830 1591 830 1591 830 1407 830 1406 830 1591 831 1406 831 1561 831 1561 831 1406 831 1402 831 1561 832 1402 832 1562 832 1562 833 1402 833 1401 833 1562 834 1401 834 1563 834 1563 834 1401 834 1400 834 1563 835 1400 835 1564 835 1564 835 1400 835 1397 835 1564 836 1397 836 1565 836 1565 836 1397 836 1396 836 1565 837 1396 837 1566 837 1566 837 1396 837 1395 837 1566 798 1395 798 1567 798 1567 798 1395 798 1394 798 1567 838 1394 838 1574 838 1574 838 1394 838 1393 838 1574 839 1393 839 1575 839 1575 839 1393 839 1392 839 1575 801 1392 801 1576 801 1576 801 1392 801 1399 801 1576 840 1399 840 1577 840 1577 840 1399 840 1398 840 1577 841 1398 841 1578 841 1578 841 1398 841 1391 841 1578 842 1391 842 1556 842 1556 842 1391 842 1390 842 1556 843 1390 843 1557 843 1557 843 1390 843 1389 843 1557 844 1389 844 1558 844 1558 845 1389 845 1388 845 1558 846 1388 846 1568 846 1568 846 1388 846 1387 846 1568 847 1387 847 1569 847 1569 847 1387 847 1422 847 1720 810 1276 810 1721 810 1721 810 1276 810 1275 810 1721 811 1275 811 1716 811 1716 811 1275 811 1274 811 1716 812 1274 812 1717 812 1717 813 1274 813 1273 813 1717 814 1273 814 1718 814 1718 814 1273 814 1272 814 1718 815 1272 815 1722 815 1722 815 1272 815 1271 815 1722 816 1271 816 1723 816 1723 816 1271 816 1264 816 1723 817 1264 817 1724 817 1724 817 1264 817 1263 817 1724 818 1263 818 1729 818 1729 818 1263 818 1270 818 1729 819 1270 819 1730 819 1730 819 1270 819 1269 819 1730 820 1269 820 1731 820 1731 820 1269 820 1268 820 1731 821 1268 821 1734 821 1734 821 1268 821 1267 821 1734 822 1267 822 1735 822 1735 822 1267 822 1266 822 1735 823 1266 823 1736 823 1736 823 1266 823 1265 823 1736 824 1265 824 1737 824 1737 824 1265 824 1259 824 1737 825 1259 825 1738 825 1738 825 1259 825 1258 825 1738 826 1258 826 1739 826 1739 827 1258 827 1257 827 1739 828 1257 828 1740 828 1740 828 1257 828 1262 828 1740 829 1262 829 1741 829 1741 829 1262 829 1261 829 1741 791 1261 791 1742 791 1742 791 1261 791 1260 791 1742 755 1260 755 1710 755 1710 755 1260 755 1256 755 1710 792 1256 792 1711 792 1711 793 1256 793 1255 793 1711 794 1255 794 1712 794 1712 794 1255 794 1254 794 1712 795 1254 795 1713 795 1713 795 1254 795 1251 795 1713 796 1251 796 1714 796 1714 796 1251 796 1250 796 1714 797 1250 797 1715 797 1715 797 1250 797 1249 797 1715 798 1249 798 1725 798 1725 798 1249 798 1248 798 1725 799 1248 799 1726 799 1726 799 1248 799 1247 799 1726 800 1247 800 1727 800 1727 800 1247 800 1246 800 1727 801 1246 801 1728 801 1728 801 1246 801 1253 801 1728 802 1253 802 1732 802 1732 802 1253 802 1252 802 1732 803 1252 803 1733 803 1733 803 1252 803 1245 803 1733 804 1245 804 1706 804 1706 804 1245 804 1244 804 1706 805 1244 805 1707 805 1707 805 1244 805 1243 805 1707 806 1243 806 1709 806 1709 807 1243 807 1242 807 1709 808 1242 808 1719 808 1719 808 1242 808 1241 808 1719 809 1241 809 1720 809 1720 809 1241 809 1276 809 1778 810 1295 810 1779 810 1779 810 1295 810 1294 810 1779 811 1294 811 1743 811 1743 811 1294 811 1293 811 1743 812 1293 812 1744 812 1744 813 1293 813 1292 813 1744 814 1292 814 1775 814 1775 814 1292 814 1291 814 1775 815 1291 815 1776 815 1776 815 1291 815 1290 815 1776 816 1290 816 1745 816 1745 816 1290 816 1289 816 1745 817 1289 817 1746 817 1746 817 1289 817 1288 817 1746 818 1288 818 1747 818 1747 818 1288 818 1279 818 1747 819 1279 819 1756 819 1756 819 1279 819 1278 819 1756 820 1278 820 1755 820 1755 820 1278 820 1277 820 1755 821 1277 821 1754 821 1754 821 1277 821 1302 821 1754 822 1302 822 1762 822 1762 822 1302 822 1312 822 1762 823 1312 823 1763 823 1763 823 1312 823 1311 823 1763 824 1311 824 1764 824 1764 824 1311 824 1310 824 1764 825 1310 825 1765 825 1765 825 1310 825 1309 825 1765 826 1309 826 1766 826 1766 827 1309 827 1308 827 1766 828 1308 828 1748 828 1748 828 1308 828 1307 828 1748 829 1307 829 1749 829 1749 829 1307 829 1306 829 1749 791 1306 791 1750 791 1750 791 1306 791 1305 791 1750 755 1305 755 1757 755 1757 755 1305 755 1287 755 1757 792 1287 792 1758 792 1758 793 1287 793 1286 793 1758 794 1286 794 1759 794 1759 794 1286 794 1304 794 1759 795 1304 795 1767 795 1767 795 1304 795 1303 795 1767 796 1303 796 1768 796 1768 796 1303 796 1301 796 1768 797 1301 797 1761 797 1761 797 1301 797 1300 797 1761 798 1300 798 1760 798 1760 798 1300 798 1299 798 1760 799 1299 799 1752 799 1752 799 1299 799 1285 799 1752 800 1285 800 1753 800 1753 800 1285 800 1284 800 1753 801 1284 801 1769 801 1769 801 1284 801 1298 801 1769 802 1298 802 1770 802 1770 802 1298 802 1297 802 1770 803 1297 803 1771 803 1771 803 1297 803 1283 803 1771 804 1283 804 1772 804 1772 804 1283 804 1282 804 1772 805 1282 805 1773 805 1773 805 1282 805 1281 805 1773 806 1281 806 1774 806 1774 807 1281 807 1280 807 1774 808 1280 808 1777 808 1777 808 1280 808 1296 808 1777 809 1296 809 1778 809 1778 809 1296 809 1295 809 1780 161 1781 161 1782 161 1783 161 1784 161 1785 161 1786 1475 1787 1475 1788 1475 1789 161 1790 161 1786 161 1786 1476 1790 1476 1791 1476 1786 1477 1791 1477 1787 1477 1785 161 1792 161 1783 161 1783 1478 1792 1478 1793 1478 1783 1479 1793 1479 1794 1479 1795 161 1796 161 1797 161 1797 1480 1796 1480 1798 1480 1794 1481 1799 1481 1783 1481 1783 1482 1799 1482 1800 1482 1783 1483 1800 1483 1801 1483 1788 161 1802 161 1786 161 1786 1484 1802 1484 1803 1484 1786 161 1803 161 1797 161 1797 1485 1803 1485 1804 1485 1797 1486 1804 1486 1795 1486 1798 161 1805 161 1797 161 1797 1487 1805 1487 1806 1487 1797 1488 1806 1488 1807 1488 1801 161 1808 161 1809 161 1809 161 1808 161 1810 161 1809 161 1810 161 1811 161 1811 161 1810 161 1812 161 1813 1489 1814 1489 1784 1489 1814 161 1815 161 1784 161 1784 1490 1815 1490 1816 1490 1784 1491 1816 1491 1817 1491 1817 161 1818 161 1784 161 1784 1492 1818 1492 1819 1492 1784 1493 1819 1493 1785 1493 1820 161 1821 161 1822 161 1789 161 1823 161 1790 161 1790 161 1823 161 1822 161 1790 161 1822 161 1824 161 1824 161 1822 161 1821 161 1807 161 1825 161 1797 161 1797 1494 1825 1494 1826 1494 1797 161 1826 161 1784 161 1784 161 1826 161 1827 161 1784 1495 1827 1495 1813 1495 1822 161 1828 161 1820 161 1820 161 1828 161 1829 161 1820 161 1829 161 1830 161 1830 161 1829 161 1831 161 1830 161 1831 161 1832 161 1832 161 1831 161 1833 161 1832 161 1833 161 1834 161 1834 161 1833 161 1835 161 1834 161 1835 161 1810 161 1810 161 1835 161 1836 161 1810 161 1836 161 1812 161 1801 161 1809 161 1783 161 1783 1496 1809 1496 1837 1496 1783 1497 1837 1497 1838 1497 1839 1498 1840 1498 1841 1498 1842 161 1843 161 1844 161 1845 161 1846 161 1786 161 1786 1499 1846 1499 1847 1499 1786 1500 1847 1500 1789 1500 1838 1501 1848 1501 1783 1501 1783 1502 1848 1502 1849 1502 1783 161 1849 161 1841 161 1841 1503 1849 1503 1850 1503 1841 1504 1850 1504 1839 1504 1840 161 1851 161 1841 161 1841 1505 1851 1505 1852 1505 1841 1506 1852 1506 1853 1506 1843 161 1854 161 1844 161 1844 1507 1854 1507 1855 1507 1844 161 1855 161 1786 161 1786 1508 1855 1508 1856 1508 1786 1509 1856 1509 1845 1509 1857 1510 1858 1510 1844 1510 1844 1511 1858 1511 1859 1511 1844 1512 1859 1512 1842 1512 1860 1513 1861 1513 1844 1513 1844 1514 1861 1514 1862 1514 1844 1515 1862 1515 1857 1515 1853 161 1863 161 1841 161 1841 1516 1863 1516 1864 1516 1841 1517 1864 1517 1860 1517 1865 161 1866 161 1867 161 1866 161 1868 161 1867 161 1867 1518 1868 1518 1869 1518 1867 1519 1869 1519 1870 1519 1870 1520 1871 1520 1867 1520 1867 1521 1871 1521 1872 1521 1867 161 1872 161 1873 161 1874 1522 1875 1522 1876 1522 1877 161 1878 161 1879 161 1879 1523 1878 1523 1880 1523 1877 161 1881 161 1878 161 1878 1524 1881 1524 1882 1524 1878 1525 1882 1525 1867 1525 1867 1526 1882 1526 1883 1526 1867 1527 1883 1527 1865 1527 1872 161 1884 161 1873 161 1873 1528 1884 1528 1885 1528 1873 1529 1885 1529 1886 1529 1887 161 1888 161 1878 161 1888 161 1889 161 1878 161 1878 1530 1889 1530 1890 1530 1878 1531 1890 1531 1880 1531 1876 161 1891 161 1874 161 1874 1532 1891 1532 1892 1532 1874 161 1892 161 1878 161 1878 1533 1892 1533 1893 1533 1878 1534 1893 1534 1887 1534 1894 161 1895 161 1874 161 1874 1535 1895 1535 1896 1535 1874 1536 1896 1536 1875 1536 1886 1537 1897 1537 1873 1537 1873 1538 1897 1538 1898 1538 1873 161 1898 161 1899 161 1900 161 1901 161 1894 161 1894 1539 1901 1539 1902 1539 1894 1540 1902 1540 1895 1540 1898 161 1903 161 1899 161 1899 1541 1903 1541 1904 1541 1899 1542 1904 1542 1905 1542 1905 1543 1906 1543 1899 1543 1899 1544 1906 1544 1907 1544 1899 1545 1907 1545 1894 1545 1894 1546 1907 1546 1908 1546 1894 1547 1908 1547 1900 1547 1909 1548 1910 1548 1911 1548 1912 161 1913 161 1914 161 1914 161 1913 161 1915 161 1916 161 1911 161 1917 161 1917 161 1911 161 1918 161 1919 1549 1920 1549 1921 1549 1910 161 1922 161 1911 161 1911 1550 1922 1550 1923 1550 1911 1551 1923 1551 1918 1551 1916 161 1924 161 1925 161 1925 1552 1924 1552 1926 1552 1925 1553 1926 1553 1927 1553 1912 161 1928 161 1913 161 1913 161 1928 161 1929 161 1913 161 1929 161 1911 161 1911 1554 1929 1554 1930 1554 1911 1555 1930 1555 1909 1555 1931 1556 1932 1556 1913 1556 1920 1557 1933 1557 1921 1557 1921 1558 1933 1558 1934 1558 1921 161 1934 161 1913 161 1913 1559 1934 1559 1935 1559 1913 1560 1935 1560 1931 1560 1932 161 1936 161 1913 161 1913 1561 1936 1561 1937 1561 1913 1562 1937 1562 1915 1562 1938 161 1939 161 1921 161 1921 1563 1939 1563 1940 1563 1921 1564 1940 1564 1919 1564 1941 1539 1942 1539 1943 1539 1927 161 1944 161 1925 161 1925 1565 1944 1565 1945 1565 1925 161 1945 161 1941 161 1941 1566 1945 1566 1946 1566 1941 1567 1946 1567 1942 1567 1947 161 1948 161 1938 161 1938 161 1948 161 1949 161 1938 1568 1949 1568 1939 1568 1943 161 1950 161 1941 161 1941 1569 1950 1569 1951 1569 1941 161 1951 161 1938 161 1938 161 1951 161 1952 161 1938 1570 1952 1570 1947 1570 1953 161 1954 161 1874 161 1955 161 1956 161 1925 161 1957 161 1958 161 1874 161 1874 1571 1958 1571 1959 1571 1874 1572 1959 1572 1953 1572 1955 161 1925 161 1954 161 1960 161 1961 161 1911 161 1962 161 1963 161 1878 161 1878 1573 1963 1573 1964 1573 1878 1574 1964 1574 1965 1574 1966 161 1967 161 1874 161 1874 1575 1967 1575 1968 1575 1874 1576 1968 1576 1957 1576 1956 1577 1969 1577 1925 1577 1925 1578 1969 1578 1970 1578 1925 1579 1970 1579 1971 1579 1916 161 1925 161 1911 161 1911 161 1925 161 1972 161 1911 1580 1972 1580 1960 1580 1965 1581 1973 1581 1878 1581 1878 1582 1973 1582 1974 1582 1878 161 1974 161 1874 161 1874 1583 1974 1583 1975 1583 1874 1584 1975 1584 1966 1584 1971 161 1976 161 1925 161 1925 1585 1976 1585 1977 1585 1925 1586 1977 1586 1972 1586 1961 161 1978 161 1911 161 1911 1587 1978 1587 1979 1587 1911 1588 1979 1588 1980 1588 1981 161 1982 161 1878 161 1983 1589 1878 1589 1984 1589 1984 161 1878 161 1985 161 1981 161 1878 161 1986 161 1982 161 1987 161 1878 161 1878 1590 1987 1590 1988 1590 1878 1591 1988 1591 1985 1591 1989 1592 1990 1592 1991 1592 1992 161 1993 161 1994 161 1995 161 1996 161 1994 161 1994 1593 1996 1593 1997 1593 1994 1594 1997 1594 1998 1594 1993 1595 1999 1595 1994 1595 1994 1596 1999 1596 2000 1596 1994 1597 2000 1597 1995 1597 1962 161 1878 161 2001 161 2001 1598 1878 1598 1983 1598 2001 161 1983 161 2002 161 2002 161 1983 161 2003 161 2002 161 2003 161 2004 161 1989 161 1991 161 2005 161 2006 161 1990 161 2007 161 2004 161 2003 161 2008 161 2008 161 2003 161 2009 161 2008 161 2009 161 2007 161 2007 161 2009 161 2010 161 2007 161 2010 161 2006 161 1991 161 2011 161 1994 161 1994 1599 2011 1599 2012 1599 1994 1600 2012 1600 1992 1600 2006 161 2013 161 1990 161 1990 161 2013 161 2014 161 1990 161 2014 161 2015 161 2016 161 2017 161 1991 161 1991 1601 2017 1601 2018 1601 1991 1602 2018 1602 2011 1602 2019 161 2020 161 1991 161 1991 1603 2020 1603 2021 1603 2015 161 2022 161 1990 161 1990 1604 2022 1604 2023 1604 1990 1605 2023 1605 1991 1605 1991 1606 2023 1606 2024 1606 1991 1607 2024 1607 2019 1607 2021 161 2025 161 1991 161 1991 1608 2025 1608 2026 1608 1991 1609 2026 1609 2016 1609 2027 161 2028 161 2029 161 2030 161 2029 161 2031 161 2028 161 2032 161 2029 161 2029 1610 2032 1610 2033 1610 2029 1611 2033 1611 2031 1611 2034 161 1786 161 2035 161 2035 161 1786 161 2036 161 2037 161 2038 161 1844 161 1844 1612 2038 1612 2039 1612 2031 161 2040 161 2030 161 2030 1613 2040 1613 2041 1613 2030 1614 2041 1614 2042 1614 2042 161 2043 161 2030 161 2030 1615 2043 1615 2044 1615 2030 1616 2044 1616 2045 1616 2045 1617 2046 1617 2030 1617 2030 1618 2046 1618 2047 1618 2030 1619 2047 1619 2048 1619 2049 161 2050 161 1786 161 1786 1620 2050 1620 2051 1620 1786 1621 2051 1621 2036 1621 2034 161 2052 161 1786 161 1786 1622 2052 1622 2053 1622 1786 161 2053 161 1844 161 1844 1623 2053 1623 2054 1623 1844 1624 2054 1624 2037 1624 2039 161 2055 161 1844 161 1844 1625 2055 1625 2056 1625 1844 161 2056 161 2057 161 2057 1626 2056 1626 2058 1626 2057 1627 2058 1627 2059 1627 2060 161 2061 161 2062 161 2062 161 2061 161 2057 161 2062 161 2057 161 2063 161 2063 161 2057 161 2059 161 2060 161 2064 161 2061 161 2061 1628 2064 1628 2065 1628 2061 161 2065 161 2029 161 2029 1629 2065 1629 2066 1629 2029 1630 2066 1630 2027 1630 2067 161 2068 161 2069 161 2070 161 2071 161 2030 161 2070 161 2030 161 2072 161 2073 1631 2074 1631 2075 1631 2076 161 2077 161 2073 161 2073 1632 2077 1632 2078 1632 2073 161 2078 161 2030 161 2030 1633 2078 1633 2079 1633 2030 1634 2079 1634 2072 1634 2071 161 2080 161 2030 161 2030 1635 2080 1635 2081 1635 2030 1636 2081 1636 2082 1636 2083 161 2084 161 2085 161 2085 161 2084 161 2086 161 2085 161 2086 161 2069 161 2069 161 2086 161 2087 161 2069 1637 2087 1637 2067 1637 2074 161 2073 161 2088 161 2075 161 2089 161 2073 161 2073 1638 2089 1638 2090 1638 2073 1639 2090 1639 2076 1639 2091 161 2092 161 2093 161 2093 1640 2092 1640 2094 1640 2093 1641 2094 1641 2095 1641 2095 1642 2094 1642 2096 1642 2097 161 2098 161 2096 161 2096 1643 2098 1643 2099 1643 2096 161 2099 161 2095 161 2100 161 2101 161 2093 161 2093 161 2101 161 2102 161 2093 161 2102 161 2091 161 2085 161 2103 161 2083 161 2083 161 2103 161 2101 161 2083 161 2101 161 2104 161 2104 161 2101 161 2100 161 2097 161 2105 161 2098 161 2098 1644 2105 1644 2106 1644 2098 161 2106 161 2107 161 2107 1645 2106 1645 2108 1645 2107 1646 2108 1646 2109 1646 2109 161 2110 161 2107 161 2107 1647 2110 1647 2111 1647 2107 1648 2111 1648 2112 1648 2112 161 2113 161 2107 161 2107 1649 2113 1649 2114 1649 2107 161 2114 161 2115 161 2115 161 2116 161 2107 161 2107 1650 2116 1650 2117 1650 2107 161 2117 161 2073 161 2073 1651 2117 1651 2118 1651 2073 1652 2118 1652 2088 1652 2119 161 2030 161 2068 161 2068 161 2030 161 2082 161 2068 161 2082 161 2069 161 2120 161 2121 161 2029 161 2122 161 2123 161 2124 161 2119 161 2125 161 2030 161 2030 1653 2125 1653 2126 1653 2030 161 2126 161 2029 161 2029 1654 2126 1654 2127 1654 2029 1655 2127 1655 2120 1655 2128 161 2129 161 2130 161 2130 1656 2129 1656 2131 1656 2130 161 2131 161 2107 161 2107 1657 2131 1657 2132 1657 2107 1658 2132 1658 2098 1658 2133 1659 2134 1659 2029 1659 2029 1515 2134 1515 2135 1515 2029 1660 2135 1660 2136 1660 2136 161 2137 161 2124 161 2124 1661 2137 1661 2138 1661 2124 1662 2138 1662 2122 1662 2123 161 2139 161 2124 161 2124 1663 2139 1663 2140 1663 2124 1664 2140 1664 2141 1664 2121 161 2142 161 2029 161 2029 1665 2142 1665 2143 1665 2029 1666 2143 1666 2133 1666 2141 1667 2144 1667 2124 1667 2124 1668 2144 1668 2145 1668 2124 161 2145 161 2130 161 2130 1669 2145 1669 2146 1669 2130 1670 2146 1670 2128 1670 2147 161 2148 161 2057 161 2057 1671 2148 1671 2149 1671 2150 161 2151 161 2152 161 2152 1672 2151 1672 2153 1672 2154 161 2061 161 2155 161 2155 161 2061 161 2156 161 2155 161 2156 161 2157 161 2149 1673 2158 1673 2057 1673 2057 1674 2158 1674 2159 1674 2057 161 2159 161 2152 161 2152 1675 2159 1675 2160 1675 2152 1676 2160 1676 2150 1676 2154 161 2161 161 2061 161 2061 1603 2161 1603 2162 1603 2061 1677 2162 1677 2163 1677 2163 161 2164 161 2061 161 2061 1678 2164 1678 2165 1678 2061 1679 2165 1679 2166 1679 2167 161 2168 161 2057 161 2169 1680 2170 1680 2156 1680 2156 1681 2170 1681 2171 1681 2168 1595 2172 1595 2057 1595 2057 1682 2172 1682 2173 1682 2057 1683 2173 1683 2147 1683 2153 161 2174 161 2152 161 2152 1626 2174 1626 2175 1626 2152 1627 2175 1627 2176 1627 2176 161 2177 161 2152 161 2152 1684 2177 1684 2178 1684 2152 161 2178 161 2156 161 2156 1685 2178 1685 2179 1685 2156 1686 2179 1686 2169 1686 2171 161 2180 161 2156 161 2156 1687 2180 1687 2181 1687 2156 1688 2181 1688 2157 1688 2166 1689 2182 1689 2061 1689 2061 1602 2182 1602 2183 1602 2061 161 2183 161 2057 161 2057 1690 2183 1690 2184 1690 2057 1691 2184 1691 2167 1691 2136 161 2124 161 2029 161 2029 161 2124 161 2185 161 2029 161 2185 161 2061 161 2061 161 2185 161 2186 161 2061 161 2186 161 2156 161 1860 161 1844 161 1841 161 1841 161 1844 161 2057 161 1841 161 2057 161 2187 161 2187 161 2057 161 2152 161 2187 161 2152 161 1780 161 2188 1595 2189 1595 1941 1595 2190 161 2191 161 2073 161 2073 1692 2191 1692 2192 1692 2193 161 2107 161 2194 161 2194 161 2107 161 2195 161 2196 161 1938 161 2197 161 2197 161 1938 161 2198 161 1941 1693 2199 1693 2200 1693 2192 161 2201 161 2073 161 2073 1694 2201 1694 2202 1694 2073 161 2202 161 2107 161 2107 161 2202 161 2203 161 2107 1695 2203 1695 2195 1695 2189 161 2204 161 1941 161 1941 1696 2204 1696 2205 1696 1941 1697 2205 1697 2199 1697 2200 161 2206 161 1941 161 1941 1698 2206 1698 2207 1698 1941 161 2207 161 2073 161 2073 1699 2207 1699 2208 1699 2073 1700 2208 1700 2209 1700 2209 161 2210 161 2073 161 2073 1701 2210 1701 2211 1701 2073 1702 2211 1702 2190 1702 2196 161 2212 161 1938 161 1938 161 2212 161 2213 161 1938 161 2213 161 1941 161 1941 1703 2213 1703 2214 1703 1941 1704 2214 1704 2188 1704 2193 161 2215 161 2107 161 2107 1705 2215 1705 2216 1705 2107 1706 2216 1706 2217 1706 2218 1707 1938 1707 2219 1707 2219 1708 1938 1708 2220 1708 2218 161 2221 161 1938 161 1938 1709 2221 1709 2222 1709 1938 1710 2222 1710 2198 1710 2217 1711 2223 1711 2107 1711 2107 1712 2223 1712 2224 1712 2107 161 2224 161 1938 161 1938 1713 2224 1713 2225 1713 1938 1714 2225 1714 2220 1714 2226 1715 1797 1715 2227 1715 2227 161 1797 161 2228 161 2229 1716 2230 1716 1784 1716 1784 1717 2231 1717 2232 1717 2233 161 2234 161 1899 161 1899 1718 2234 1718 2235 1718 2235 161 2236 161 1899 161 1899 1719 2236 1719 2237 1719 1899 1720 2237 1720 2238 1720 2230 161 2239 161 1784 161 1784 1721 2239 1721 2240 1721 1784 1722 2240 1722 2231 1722 2226 161 2241 161 1797 161 1797 1723 2241 1723 2242 1723 1797 1724 2242 1724 2243 1724 2238 1725 2244 1725 1899 1725 1899 1726 2244 1726 2245 1726 1899 161 2245 161 1784 161 1784 1727 2245 1727 2246 1727 1784 1728 2246 1728 2229 1728 2232 1729 2247 1729 1784 1729 1784 1730 2247 1730 2248 1730 1784 1731 2248 1731 1797 1731 1797 1732 2248 1732 2249 1732 1797 1733 2249 1733 2228 1733 2250 161 2251 161 1894 161 2251 161 2252 161 1894 161 1894 1734 2252 1734 2253 1734 1894 1735 2253 1735 2254 1735 2254 161 2255 161 1894 161 1894 1736 2255 1736 2256 1736 1894 1737 2256 1737 1899 1737 1899 1738 2256 1738 2257 1738 1899 1739 2257 1739 2233 1739 2243 161 2258 161 1797 161 1797 1740 2258 1740 2259 1740 1797 161 2259 161 1894 161 1894 1741 2259 1741 2260 1741 1894 1742 2260 1742 2261 1742 2261 161 2262 161 1894 161 1894 1743 2262 1743 2263 1743 1894 1744 2263 1744 2250 1744 1954 161 1925 161 1874 161 1874 161 1925 161 1941 161 1874 161 1941 161 1894 161 1894 161 1941 161 2073 161 1894 161 2073 161 1797 161 1797 161 2073 161 2030 161 1797 161 2030 161 1786 161 1786 161 2030 161 2048 161 1786 1745 2048 1745 2049 1745 1980 161 2005 161 1911 161 1911 161 2005 161 1991 161 1911 161 1991 161 1913 161 1913 161 1991 161 2264 161 1867 161 2265 161 1878 161 1878 161 2265 161 1994 161 1878 161 1994 161 1986 161 1986 161 1994 161 1998 161 1780 161 1782 161 2187 161 2187 161 1782 161 2266 161 2187 161 2266 161 1841 161 1841 161 2266 161 2267 161 1841 161 2267 161 1783 161 1783 161 2267 161 2268 161 1783 161 2268 161 1784 161 1784 161 2268 161 2269 161 1784 161 2269 161 1899 161 1899 161 2269 161 2270 161 1899 161 2270 161 1873 161 1873 161 2270 161 2271 161 1873 161 2271 161 1867 161 1867 161 2271 161 2272 161 1867 161 2272 161 2265 161 2273 102 2274 102 2275 102 2276 102 2277 102 2278 102 2279 102 2280 102 2278 102 2281 102 2282 102 2283 102 2284 102 2285 102 2286 102 2287 102 2288 102 2289 102 2290 1746 2291 1746 2292 1746 2293 1747 2294 1747 2295 1747 2288 102 2296 102 2286 102 2286 1748 2296 1748 2297 1748 2286 1749 2297 1749 2284 1749 2291 102 2298 102 2292 102 2292 1750 2298 1750 2299 1750 2292 1751 2299 1751 2300 1751 2301 102 2302 102 2289 102 2300 102 2303 102 2292 102 2292 1752 2303 1752 2304 1752 2292 1753 2304 1753 2305 1753 2302 102 2306 102 2289 102 2289 1754 2306 1754 2307 1754 2289 1755 2307 1755 2308 1755 2295 1756 2309 1756 2293 1756 2293 1757 2309 1757 2310 1757 2293 102 2310 102 2292 102 2292 1758 2310 1758 2311 1758 2292 1759 2311 1759 2290 1759 2308 102 2312 102 2289 102 2289 1760 2312 1760 2313 1760 2289 1761 2313 1761 2287 1761 2314 102 2315 102 2316 102 2317 102 2318 102 2319 102 2319 102 2318 102 2320 102 2317 102 2321 102 2318 102 2318 1762 2321 1762 2322 1762 2318 1763 2322 1763 2323 1763 2314 102 2316 102 2324 102 2316 102 2325 102 2293 102 2293 1764 2325 1764 2326 1764 2327 1765 2328 1765 2316 1765 2316 1766 2328 1766 2329 1766 2316 1767 2329 1767 2325 1767 2330 102 2331 102 2332 102 2332 102 2331 102 2333 102 2334 102 2335 102 2336 102 2336 1768 2335 1768 2337 1768 2336 102 2337 102 2338 102 2338 102 2337 102 2285 102 2339 102 2340 102 2286 102 2286 1769 2340 1769 2341 1769 2286 1770 2341 1770 2342 1770 2315 102 2343 102 2316 102 2316 1771 2343 1771 2344 1771 2316 1772 2344 1772 2327 1772 2294 102 2293 102 2345 102 2345 102 2293 102 2326 102 2345 1773 2326 1773 2332 1773 2332 1774 2326 1774 2346 1774 2332 1775 2346 1775 2330 1775 2333 102 2347 102 2332 102 2332 102 2347 102 2348 102 2332 102 2348 102 2349 102 2349 102 2348 102 2350 102 2349 102 2350 102 2351 102 2334 102 2352 102 2335 102 2335 102 2352 102 2353 102 2335 102 2353 102 2354 102 2354 102 2353 102 2355 102 2354 102 2355 102 2356 102 2356 102 2355 102 2357 102 2356 102 2357 102 2350 102 2350 102 2357 102 2358 102 2350 102 2358 102 2351 102 2285 102 2337 102 2286 102 2286 1776 2337 1776 2359 1776 2286 1777 2359 1777 2339 1777 2342 102 2360 102 2286 102 2286 1778 2360 1778 2361 1778 2286 102 2361 102 2318 102 2318 1779 2361 1779 2362 1779 2318 1780 2362 1780 2320 1780 2323 102 2363 102 2318 102 2318 1781 2363 1781 2364 1781 2318 102 2364 102 2316 102 2316 102 2364 102 2365 102 2316 1782 2365 1782 2324 1782 2366 102 2367 102 2368 102 2369 102 2370 102 2371 102 2371 1783 2370 1783 2372 1783 2373 102 2374 102 2371 102 2371 1784 2374 1784 2375 1784 2376 102 2377 102 2276 102 2276 1785 2377 1785 2378 1785 2276 102 2378 102 2379 102 2367 102 2380 102 2368 102 2368 1786 2380 1786 2381 1786 2368 102 2381 102 2371 102 2371 1787 2381 1787 2382 1787 2371 1788 2382 1788 2369 1788 2372 102 2383 102 2371 102 2371 1789 2383 1789 2384 1789 2371 1790 2384 1790 2373 1790 2385 102 2386 102 2387 102 2379 102 2388 102 2276 102 2276 1791 2388 1791 2389 1791 2276 1792 2389 1792 2390 1792 2390 1793 2391 1793 2276 1793 2276 1794 2391 1794 2392 1794 2276 102 2392 102 2387 102 2387 1795 2392 1795 2393 1795 2387 1796 2393 1796 2385 1796 2386 1797 2394 1797 2387 1797 2387 1798 2394 1798 2395 1798 2387 102 2395 102 2396 102 2396 1799 2395 1799 2397 1799 2397 102 2398 102 2396 102 2396 102 2398 102 2399 102 2396 1800 2399 1800 2400 1800 2401 1801 2402 1801 2403 1801 2403 1802 2402 1802 2404 1802 2403 102 2404 102 2368 102 2368 1803 2404 1803 2405 1803 2368 1804 2405 1804 2366 1804 2400 102 2406 102 2396 102 2396 102 2406 102 2407 102 2396 102 2407 102 2403 102 2403 1805 2407 1805 2408 1805 2403 1806 2408 1806 2401 1806 2409 102 2410 102 2411 102 2411 1807 2410 1807 2412 1807 2412 102 2413 102 2411 102 2411 1808 2413 1808 2414 1808 2411 1809 2414 1809 2415 1809 2415 102 2416 102 2411 102 2411 1810 2416 1810 2417 1810 2411 1811 2417 1811 2418 1811 2418 1812 2417 1812 2419 1812 2418 1813 2419 1813 2420 1813 2420 102 2421 102 2418 102 2418 1814 2421 1814 2422 1814 2418 102 2422 102 2423 102 2423 1815 2422 1815 2424 1815 2423 1816 2424 1816 2425 1816 2426 1817 2427 1817 2428 1817 2428 102 2429 102 2426 102 2426 1818 2429 1818 2430 1818 2426 1819 2430 1819 2431 1819 2423 102 2432 102 2426 102 2426 1820 2432 1820 2433 1820 2433 102 2434 102 2426 102 2426 1821 2434 1821 2435 1821 2426 1822 2435 1822 2427 1822 2436 1823 2437 1823 2283 1823 2437 102 2438 102 2283 102 2283 1824 2438 1824 2439 1824 2283 1825 2439 1825 2440 1825 2425 102 2441 102 2423 102 2423 1826 2441 1826 2442 1826 2423 1827 2442 1827 2432 1827 2443 102 2444 102 2409 102 2409 1828 2444 1828 2445 1828 2409 1829 2445 1829 2410 1829 2440 102 2446 102 2283 102 2283 1830 2446 1830 2447 1830 2283 1831 2447 1831 2448 1831 2448 102 2449 102 2283 102 2283 1832 2449 1832 2450 1832 2283 102 2450 102 2409 102 2409 1833 2450 1833 2451 1833 2409 1834 2451 1834 2443 1834 2452 102 2453 102 2409 102 2409 1835 2453 1835 2454 1835 2409 1836 2454 1836 2455 1836 2456 102 2457 102 2371 102 2455 102 2458 102 2409 102 2409 1837 2458 1837 2459 1837 2409 1838 2459 1838 2460 1838 2461 102 2462 102 2283 102 2283 1839 2462 1839 2463 1839 2283 1840 2463 1840 2281 1840 2464 102 2465 102 2368 102 2368 1841 2465 1841 2466 1841 2368 1842 2466 1842 2467 1842 2457 1843 2468 1843 2371 1843 2371 1844 2468 1844 2469 1844 2371 102 2469 102 2368 102 2368 1845 2469 1845 2470 1845 2368 1846 2470 1846 2471 1846 2460 102 2472 102 2409 102 2409 1847 2472 1847 2473 1847 2409 102 2473 102 2283 102 2283 1848 2473 1848 2474 1848 2283 1849 2474 1849 2461 1849 2471 102 2475 102 2368 102 2368 1850 2475 1850 2476 1850 2368 1851 2476 1851 2464 1851 2477 102 2478 102 2371 102 2371 1852 2478 1852 2479 1852 2371 1853 2479 1853 2456 1853 2480 102 2481 102 2482 102 2482 102 2481 102 2483 102 2482 102 2483 102 2484 102 2485 1854 2283 1854 2482 1854 2482 102 2283 102 2282 102 2482 102 2282 102 2480 102 2486 102 2487 102 2488 102 2488 1855 2487 1855 2489 1855 2488 1856 2489 1856 2490 1856 2491 102 2492 102 2493 102 2490 102 2494 102 2488 102 2488 1857 2494 1857 2495 1857 2488 1858 2495 1858 2278 1858 2278 1859 2495 1859 2496 1859 2278 1860 2496 1860 2497 1860 2492 102 2498 102 2493 102 2493 102 2498 102 2499 102 2493 102 2499 102 2500 102 2484 102 2483 102 2501 102 2501 102 2483 102 2502 102 2501 102 2502 102 2500 102 2500 102 2502 102 2503 102 2500 102 2503 102 2493 102 2485 102 2504 102 2283 102 2283 1861 2504 1861 2505 1861 2283 1862 2505 1862 2506 1862 2507 102 2508 102 2488 102 2488 1863 2508 1863 2509 1863 2488 1864 2509 1864 2486 1864 2497 1865 2510 1865 2278 1865 2278 1866 2510 1866 2511 1866 2278 1867 2511 1867 2512 1867 2506 102 2513 102 2283 102 2283 1868 2513 1868 2514 1868 2283 102 2514 102 2488 102 2488 1869 2514 1869 2515 1869 2488 1870 2515 1870 2507 1870 2512 102 2516 102 2278 102 2278 1871 2516 1871 2517 1871 2278 1872 2517 1872 2279 1872 2280 102 2518 102 2278 102 2278 1873 2518 1873 2519 1873 2278 1874 2519 1874 2493 1874 2493 1875 2519 1875 2520 1875 2493 102 2520 102 2491 102 2521 102 2522 102 2523 102 2523 1876 2522 1876 2524 1876 2523 1877 2524 1877 2525 1877 2288 102 2286 102 2289 102 2289 102 2286 102 2526 102 2289 1878 2526 1878 2527 1878 2527 102 2528 102 2289 102 2289 1879 2528 1879 2529 1879 2289 1880 2529 1880 2530 1880 2531 102 2532 102 2533 102 2533 1881 2532 1881 2534 1881 2533 1882 2534 1882 2535 1882 2525 102 2536 102 2523 102 2523 1883 2536 1883 2537 1883 2523 1884 2537 1884 2538 1884 2535 1885 2539 1885 2533 1885 2533 1886 2539 1886 2540 1886 2533 102 2540 102 2523 102 2523 1887 2540 1887 2541 1887 2523 1888 2541 1888 2521 1888 2542 102 2543 102 2286 102 2286 1889 2543 1889 2544 1889 2544 1890 2545 1890 2286 1890 2286 1891 2545 1891 2546 1891 2286 1892 2546 1892 2547 1892 2547 102 2548 102 2286 102 2286 1893 2548 1893 2549 1893 2286 1894 2549 1894 2526 1894 2531 102 2533 102 2550 102 2550 102 2533 102 2551 102 2550 1895 2551 1895 2552 1895 2530 102 2553 102 2289 102 2289 1896 2553 1896 2554 1896 2289 102 2554 102 2275 102 2275 1897 2554 1897 2555 1897 2275 1898 2555 1898 2556 1898 2556 102 2557 102 2275 102 2275 1899 2557 1899 2558 1899 2275 1900 2558 1900 2551 1900 2551 1901 2558 1901 2559 1901 2551 1902 2559 1902 2552 1902 2560 102 2561 102 2523 102 2560 102 2523 102 2562 102 2561 102 2563 102 2523 102 2523 1903 2563 1903 2564 1903 2523 102 2564 102 2565 102 2566 1904 2567 1904 2568 1904 2564 102 2569 102 2565 102 2565 102 2569 102 2570 102 2565 102 2570 102 2571 102 2571 102 2570 102 2572 102 2571 102 2572 102 2573 102 2574 102 2575 102 2576 102 2576 1905 2575 1905 2577 1905 2576 1906 2577 1906 2578 1906 2578 102 2579 102 2576 102 2576 1907 2579 1907 2580 1907 2576 1908 2580 1908 2581 1908 2566 102 2568 102 2582 102 2567 102 2583 102 2568 102 2568 1909 2583 1909 2584 1909 2568 1910 2584 1910 2585 1910 2585 102 2586 102 2568 102 2568 1911 2586 1911 2587 1911 2568 102 2587 102 2523 102 2523 1912 2587 1912 2588 1912 2523 1913 2588 1913 2562 1913 2589 102 2590 102 2591 102 2591 1768 2590 1768 2592 1768 2591 102 2592 102 2593 102 2593 102 2592 102 2594 102 2594 1914 2595 1914 2593 1914 2593 102 2595 102 2596 102 2593 102 2596 102 2597 102 2598 102 2599 102 2576 102 2576 1915 2599 1915 2600 1915 2576 1916 2600 1916 2574 1916 2589 102 2601 102 2590 102 2590 102 2601 102 2602 102 2590 102 2602 102 2603 102 2603 102 2602 102 2604 102 2603 102 2604 102 2605 102 2605 102 2604 102 2606 102 2605 102 2606 102 2572 102 2572 102 2606 102 2607 102 2572 102 2607 102 2573 102 2581 102 2608 102 2576 102 2576 1917 2608 1917 2609 1917 2576 1918 2609 1918 2568 1918 2568 1919 2609 1919 2610 1919 2568 1920 2610 1920 2582 1920 2565 102 2611 102 2523 102 2523 1921 2611 1921 2612 1921 2523 1922 2612 1922 2613 1922 2614 102 2615 102 2533 102 2597 102 2598 102 2593 102 2593 102 2598 102 2576 102 2593 102 2576 102 2616 102 2616 102 2576 102 2617 102 2616 102 2617 102 2618 102 2618 102 2617 102 2619 102 2613 102 2620 102 2523 102 2523 1923 2620 1923 2621 1923 2523 102 2621 102 2533 102 2533 1924 2621 1924 2622 1924 2533 1925 2622 1925 2614 1925 2615 102 2623 102 2533 102 2533 1926 2623 1926 2624 1926 2533 1927 2624 1927 2625 1927 2626 102 2627 102 2628 102 2628 1928 2627 1928 2629 1928 2628 1929 2629 1929 2630 1929 2630 102 2631 102 2628 102 2628 1930 2631 1930 2632 1930 2628 1931 2632 1931 2633 1931 2633 102 2634 102 2628 102 2628 1932 2634 1932 2635 1932 2628 102 2635 102 2617 102 2617 1933 2635 1933 2636 1933 2617 1934 2636 1934 2619 1934 2625 102 2637 102 2533 102 2533 1935 2637 1935 2638 1935 2533 1936 2638 1936 2639 1936 2493 1937 2477 1937 2278 1937 2278 102 2477 102 2371 102 2278 102 2371 102 2276 102 2276 102 2371 102 2375 102 2276 102 2375 102 2376 102 2488 102 2640 102 2283 102 2283 102 2640 102 2426 102 2283 1938 2426 1938 2436 1938 2436 102 2426 102 2431 102 2316 102 2396 102 2641 102 2641 102 2396 102 2642 102 2641 102 2643 102 2316 102 2316 1939 2643 1939 2644 1939 2316 1940 2644 1940 2645 1940 2645 102 2646 102 2316 102 2316 1941 2646 1941 2647 1941 2316 102 2647 102 2648 102 2649 102 2396 102 2650 102 2650 102 2396 102 2651 102 2652 1942 2318 1942 2653 1942 2653 102 2318 102 2654 102 2655 102 2656 102 2403 102 2403 1943 2656 1943 2657 1943 2403 1944 2657 1944 2658 1944 2648 102 2659 102 2316 102 2316 1945 2659 1945 2660 1945 2316 1946 2660 1946 2318 1946 2318 1947 2660 1947 2661 1947 2318 1948 2661 1948 2654 1948 2658 102 2662 102 2403 102 2403 1949 2662 1949 2663 1949 2403 1950 2663 1950 2664 1950 2664 102 2665 102 2403 102 2403 1951 2665 1951 2666 1951 2403 102 2666 102 2396 102 2396 102 2666 102 2667 102 2396 1952 2667 1952 2651 1952 2649 102 2668 102 2396 102 2396 1953 2668 1953 2669 1953 2396 1954 2669 1954 2670 1954 2652 102 2671 102 2318 102 2318 1955 2671 1955 2672 1955 2318 1956 2672 1956 2673 1956 2670 1957 2674 1957 2396 1957 2396 1958 2674 1958 2675 1958 2396 1959 2675 1959 2642 1959 2673 102 2676 102 2318 102 2318 1960 2676 1960 2677 1960 2318 102 2677 102 2403 102 2403 1961 2677 1961 2678 1961 2403 1962 2678 1962 2655 1962 2411 102 2679 102 2568 102 2568 1963 2679 1963 2680 1963 2680 102 2681 102 2568 102 2568 1964 2681 1964 2682 1964 2568 1965 2682 1965 2683 1965 2683 102 2684 102 2568 102 2568 1966 2684 1966 2685 1966 2568 1967 2685 1967 2686 1967 2687 102 2411 102 2688 102 2688 102 2411 102 2689 102 2690 102 2691 102 2418 102 2418 1968 2691 1968 2692 1968 2418 1969 2692 1969 2693 1969 2694 102 2576 102 2695 102 2695 102 2576 102 2696 102 2693 102 2697 102 2418 102 2418 1970 2697 1970 2698 1970 2418 1971 2698 1971 2411 1971 2411 1972 2698 1972 2699 1972 2411 1973 2699 1973 2689 1973 2687 102 2700 102 2411 102 2411 1974 2700 1974 2701 1974 2411 1975 2701 1975 2702 1975 2703 102 2704 102 2418 102 2418 1976 2704 1976 2705 1976 2418 1977 2705 1977 2690 1977 2702 102 2706 102 2411 102 2411 1978 2706 1978 2707 1978 2411 1979 2707 1979 2679 1979 2686 102 2708 102 2568 102 2568 1980 2708 1980 2709 1980 2568 102 2709 102 2576 102 2576 102 2709 102 2710 102 2576 1981 2710 1981 2696 1981 2694 102 2711 102 2576 102 2576 1982 2711 1982 2712 1982 2576 1983 2712 1983 2713 1983 2713 102 2714 102 2576 102 2576 1984 2714 1984 2715 1984 2576 102 2715 102 2418 102 2418 1985 2715 1985 2716 1985 2418 1986 2716 1986 2703 1986 2467 102 2452 102 2368 102 2368 1987 2452 1987 2409 1987 2368 102 2409 102 2403 102 2403 102 2409 102 2411 102 2403 102 2411 102 2318 102 2318 102 2411 102 2568 102 2318 102 2568 102 2286 102 2286 102 2568 102 2523 102 2286 1988 2523 1988 2542 1988 2542 102 2523 102 2538 102 2305 102 2301 102 2292 102 2292 102 2301 102 2289 102 2292 102 2289 102 2717 102 2717 102 2289 102 2275 102 2717 102 2275 102 2718 102 2718 102 2275 102 2719 102 2719 102 2275 102 2274 102 2719 1989 2274 1989 2720 1989 2721 102 2722 102 2723 102 2723 1990 2722 1990 2724 1990 2725 102 2726 102 2551 102 2551 1991 2726 1991 2727 1991 2720 102 2728 102 2719 102 2719 1992 2728 1992 2729 1992 2719 1993 2729 1993 2730 1993 2730 102 2731 102 2719 102 2719 1897 2731 1897 2732 1897 2719 1898 2732 1898 2733 1898 2724 1994 2734 1994 2723 1994 2723 1995 2734 1995 2735 1995 2723 102 2735 102 2551 102 2551 1996 2735 1996 2736 1996 2551 1997 2736 1997 2725 1997 2737 1998 2738 1998 2275 1998 2275 1999 2738 1999 2739 1999 2275 2000 2739 2000 2740 2000 2740 102 2741 102 2275 102 2275 1871 2741 1871 2742 1871 2275 1872 2742 1872 2273 1872 2727 102 2743 102 2551 102 2551 2001 2743 2001 2744 2001 2551 2002 2744 2002 2745 2002 2746 1895 2747 1895 2723 1895 2723 2003 2747 2003 2748 2003 2723 2004 2748 2004 2721 2004 2745 102 2749 102 2551 102 2551 2005 2749 2005 2750 2005 2551 1858 2750 1858 2275 1858 2275 2006 2750 2006 2751 2006 2275 1860 2751 1860 2737 1860 2733 102 2752 102 2719 102 2719 1899 2752 1899 2753 1899 2719 1900 2753 1900 2723 1900 2723 1901 2753 1901 2754 1901 2723 1902 2754 1902 2746 1902 2639 102 2626 102 2533 102 2533 2007 2626 2007 2628 2007 2533 102 2628 102 2551 102 2551 102 2628 102 2755 102 2551 102 2755 102 2723 102 2723 102 2755 102 2756 102 2640 102 2757 102 2426 102 2426 102 2757 102 2758 102 2426 102 2758 102 2423 102 2423 102 2758 102 2759 102 2423 102 2759 102 2418 102 2418 102 2759 102 2760 102 2418 102 2760 102 2576 102 2576 102 2760 102 2761 102 2576 102 2761 102 2617 102 2617 102 2761 102 2762 102 2617 102 2762 102 2628 102 2628 102 2762 102 2763 102 2628 102 2763 102 2755 102 2755 102 2763 102 2764 102 2755 102 2764 102 2756 102 2756 102 2764 102 2765 102 2186 50 2718 50 2156 50 2156 50 2718 50 2719 50 2156 50 2719 50 2152 50 2152 50 2719 50 2723 50 2152 50 2723 50 1780 50 1780 50 2723 50 2756 50 1780 50 2756 50 1781 50 1781 50 2756 50 2765 50 2272 101 2757 101 2265 101 2265 101 2757 101 2640 101 2265 101 2640 101 1994 101 1994 101 2640 101 2488 101 1994 101 2488 101 1991 101 1991 101 2488 101 2278 101 1991 101 2278 101 2264 101 2264 101 2278 101 2277 101 2766 50 2767 50 2768 50 2768 50 2767 50 2769 50 2768 0 2769 0 2770 0 2770 0 2769 0 2771 0 2772 51 2767 51 2773 51 2773 51 2767 51 2766 51 2771 101 2772 101 2770 101 2770 101 2772 101 2773 101 2772 101 2771 101 2774 101 2774 2008 2771 2008 2775 2008 2774 2009 2775 2009 2776 2009 2776 101 2775 101 2777 101 2776 101 2777 101 2778 101 2778 101 2777 101 2779 101 2778 101 2779 101 2780 101 2780 2010 2779 2010 2781 2010 2780 101 2781 101 2782 101 2782 101 2781 101 2783 101 2782 101 2783 101 2784 101 2784 101 2783 101 2785 101 2784 101 2785 101 2786 101 2786 101 2785 101 2787 101 2786 2011 2787 2011 2788 2011 2788 2012 2787 2012 2789 2012 2788 101 2789 101 2790 101 2790 2013 2789 2013 2791 2013 2792 50 2793 50 2794 50 2794 2014 2793 2014 2795 2014 2794 50 2795 50 2796 50 2796 2015 2795 2015 2797 2015 2796 50 2797 50 2798 50 2798 2016 2797 2016 2799 2016 2798 2017 2799 2017 2800 2017 2800 2018 2799 2018 2801 2018 2800 2019 2801 2019 2802 2019 2802 2020 2801 2020 2803 2020 2802 50 2803 50 2804 50 2804 2021 2803 2021 2805 2021 2804 50 2805 50 2806 50 2806 2022 2805 2022 2807 2022 2806 2023 2807 2023 2808 2023 2808 2024 2807 2024 2809 2024 2808 50 2809 50 2767 50 2767 50 2809 50 2769 50 2810 2025 2791 2025 2789 2025 2771 2026 2769 2026 2809 2026 2793 2027 2811 2027 2795 2027 2795 2028 2811 2028 2812 2028 2771 2029 2809 2029 2775 2029 2775 2030 2809 2030 2807 2030 2775 2031 2807 2031 2777 2031 2777 2032 2807 2032 2805 2032 2777 2033 2805 2033 2779 2033 2779 2034 2805 2034 2803 2034 2779 2035 2803 2035 2781 2035 2781 2036 2803 2036 2801 2036 2781 2037 2801 2037 2783 2037 2783 2038 2801 2038 2799 2038 2783 2038 2799 2038 2785 2038 2785 2039 2799 2039 2797 2039 2785 2040 2797 2040 2787 2040 2787 2041 2797 2041 2795 2041 2787 2042 2795 2042 2789 2042 2789 2043 2795 2043 2812 2043 2789 2044 2812 2044 2810 2044 2813 2045 2814 2045 2794 2045 2794 2046 2814 2046 2815 2046 2794 2047 2815 2047 2792 2047 2790 2048 2813 2048 2788 2048 2788 2049 2813 2049 2794 2049 2788 2050 2794 2050 2786 2050 2786 2051 2794 2051 2796 2051 2786 2052 2796 2052 2784 2052 2784 2052 2796 2052 2798 2052 2784 2053 2798 2053 2782 2053 2782 2054 2798 2054 2800 2054 2782 2055 2800 2055 2780 2055 2780 2055 2800 2055 2802 2055 2780 2056 2802 2056 2778 2056 2778 2056 2802 2056 2804 2056 2778 2057 2804 2057 2776 2057 2776 2058 2804 2058 2806 2058 2776 2059 2806 2059 2774 2059 2774 2060 2806 2060 2808 2060 2774 2061 2808 2061 2772 2061 2772 2062 2808 2062 2767 2062 2816 50 2817 50 2818 50 2818 50 2817 50 2819 50 2818 50 2819 50 2820 50 2820 50 2819 50 2821 50 2820 50 2821 50 2792 50 2792 50 2821 50 2793 50 2790 101 2791 101 2822 101 2822 101 2791 101 2823 101 2822 101 2823 101 2824 101 2824 101 2823 101 2825 101 2824 101 2825 101 2826 101 2826 101 2825 101 2827 101 2828 102 2829 102 2830 102 2831 102 2832 102 2825 102 2833 102 2834 102 2835 102 2836 102 2837 102 2838 102 2839 102 2840 102 2841 102 2835 2063 2834 2063 2842 2063 2842 2064 2834 2064 2843 2064 2842 2065 2843 2065 2844 2065 2844 2066 2843 2066 2845 2066 2845 2067 2843 2067 2846 2067 2845 102 2846 102 2847 102 2847 2068 2846 2068 2848 2068 2847 2069 2848 2069 2849 2069 2850 102 2851 102 2852 102 2851 102 2853 102 2852 102 2852 2070 2853 2070 2854 2070 2852 2071 2854 2071 2839 2071 2849 102 2848 102 2838 102 2838 2072 2848 2072 2855 2072 2838 2073 2855 2073 2836 2073 2837 102 2856 102 2838 102 2838 2074 2856 2074 2857 2074 2838 102 2857 102 2852 102 2852 2075 2857 2075 2858 2075 2852 2076 2858 2076 2850 2076 2859 102 2860 102 2861 102 2862 102 2863 102 2864 102 2864 2077 2863 2077 2865 2077 2864 2078 2865 2078 2866 2078 2866 102 2867 102 2864 102 2864 2079 2867 2079 2868 2079 2864 102 2868 102 2861 102 2861 2080 2868 2080 2869 2080 2861 2081 2869 2081 2859 2081 2862 102 2864 102 2870 102 2870 102 2864 102 2871 102 2870 102 2871 102 2872 102 2873 102 2874 102 2875 102 2875 2082 2874 2082 2876 2082 2875 102 2876 102 2877 102 2877 2083 2876 2083 2861 2083 2877 2084 2861 2084 2878 2084 2878 102 2861 102 2860 102 2879 102 2880 102 2881 102 2881 102 2880 102 2882 102 2881 102 2882 102 2883 102 2884 102 2885 102 2881 102 2873 102 2879 102 2874 102 2874 2085 2879 2085 2881 2085 2874 102 2881 102 2886 102 2886 102 2881 102 2885 102 2887 2086 2888 2086 2881 2086 2881 2087 2888 2087 2889 2087 2881 2088 2889 2088 2884 2088 2841 102 2890 102 2891 102 2839 102 2841 102 2852 102 2852 2089 2841 2089 2891 2089 2852 102 2891 102 2892 102 2852 2090 2893 2090 2894 2090 2852 102 2894 102 2864 102 2864 2091 2894 2091 2895 2091 2864 2092 2895 2092 2896 2092 2892 102 2897 102 2852 102 2852 2093 2897 2093 2898 2093 2852 2094 2898 2094 2899 2094 2896 102 2900 102 2864 102 2864 2095 2900 2095 2901 2095 2864 2096 2901 2096 2902 2096 2899 102 2903 102 2852 102 2852 2079 2903 2079 2904 2079 2852 2097 2904 2097 2893 2097 2905 102 2871 102 2906 102 2906 102 2871 102 2864 102 2906 102 2864 102 2907 102 2907 102 2864 102 2902 102 2908 102 2909 102 2910 102 2905 102 2911 102 2871 102 2871 102 2911 102 2912 102 2871 102 2912 102 2910 102 2910 102 2912 102 2913 102 2910 2098 2913 2098 2908 2098 2909 102 2914 102 2910 102 2910 2099 2914 2099 2915 2099 2910 2100 2915 2100 2916 2100 2917 102 2918 102 2830 102 2830 2101 2918 2101 2919 2101 2830 2102 2919 2102 2920 2102 2920 102 2921 102 2830 102 2830 2103 2921 2103 2922 2103 2830 2104 2922 2104 2841 2104 2841 102 2922 102 2923 102 2841 102 2923 102 2890 102 2916 102 2924 102 2910 102 2910 2105 2924 2105 2925 2105 2910 102 2925 102 2830 102 2830 2106 2925 2106 2926 2106 2830 2107 2926 2107 2917 2107 2840 102 2927 102 2841 102 2841 102 2927 102 2928 102 2841 102 2928 102 2830 102 2830 102 2928 102 2929 102 2830 2108 2929 2108 2930 2108 2827 102 2825 102 2931 102 2830 2109 2932 2109 2933 2109 2835 2110 2934 2110 2833 2110 2833 102 2934 102 2935 102 2833 102 2935 102 2936 102 2936 102 2935 102 2827 102 2936 102 2827 102 2937 102 2937 102 2827 102 2931 102 2930 102 2938 102 2830 102 2830 2111 2938 2111 2939 2111 2830 2099 2939 2099 2932 2099 2940 102 2825 102 2941 102 2941 2112 2825 2112 2942 2112 2940 102 2943 102 2825 102 2825 2113 2943 2113 2944 2113 2825 2114 2944 2114 2931 2114 2933 102 2945 102 2830 102 2830 2115 2945 2115 2946 2115 2830 102 2946 102 2825 102 2825 2116 2946 2116 2947 2116 2825 2117 2947 2117 2942 2117 2948 102 2949 102 2950 102 2950 2118 2949 2118 2951 2118 2950 2119 2951 2119 2952 2119 2952 102 2953 102 2950 102 2950 2120 2953 2120 2954 2120 2950 102 2954 102 2910 102 2910 2121 2954 2121 2955 2121 2910 2122 2955 2122 2956 2122 2956 102 2957 102 2910 102 2910 2123 2957 2123 2958 2123 2910 2124 2958 2124 2959 2124 2883 102 2960 102 2881 102 2881 102 2960 102 2961 102 2881 102 2961 102 2950 102 2950 2125 2961 2125 2962 2125 2950 2126 2962 2126 2948 2126 2959 102 2963 102 2910 102 2910 2103 2963 2103 2964 2103 2910 2104 2964 2104 2871 2104 2871 102 2964 102 2965 102 2871 102 2965 102 2872 102 2966 102 2967 102 2830 102 2968 102 2969 102 2970 102 2970 2127 2969 2127 2971 2127 2970 2128 2971 2128 2972 2128 2825 102 2832 102 2830 102 2830 2129 2832 2129 2973 2129 2830 2130 2973 2130 2966 2130 2967 102 2974 102 2830 102 2830 2131 2974 2131 2975 2131 2830 2132 2975 2132 2976 2132 2976 102 2977 102 2830 102 2830 102 2977 102 2978 102 2830 2133 2978 2133 2970 2133 2970 2134 2978 2134 2979 2134 2970 2135 2979 2135 2968 2135 2980 102 2981 102 2823 102 2972 2136 2982 2136 2970 2136 2970 2137 2982 2137 2983 2137 2970 102 2983 102 2984 102 2980 102 2823 102 2985 102 2981 2138 2986 2138 2823 2138 2823 2139 2986 2139 2987 2139 2823 2140 2987 2140 2988 2140 2988 102 2989 102 2823 102 2823 2141 2989 2141 2990 2141 2823 2142 2990 2142 2825 2142 2825 2143 2990 2143 2991 2143 2825 102 2991 102 2992 102 2992 102 2993 102 2825 102 2825 2144 2993 2144 2994 2144 2825 2145 2994 2145 2995 2145 2995 102 2996 102 2825 102 2825 2146 2996 2146 2997 2146 2825 2147 2997 2147 2831 2147 2984 102 2998 102 2970 102 2970 2148 2998 2148 2999 2148 2970 102 2999 102 2823 102 2823 2149 2999 2149 3000 2149 2823 2150 3000 2150 2985 2150 2910 2133 3001 2133 3002 2133 3002 2151 3001 2151 3003 2151 3002 2152 3003 2152 3004 2152 2830 102 3005 102 3006 102 3007 102 3008 102 2910 102 2910 2153 3008 2153 3009 2153 2910 102 3009 102 3001 102 3005 102 2830 102 3010 102 3010 2154 2830 2154 2970 2154 3010 102 2970 102 3011 102 2830 102 2829 102 2910 102 2910 2155 2829 2155 3012 2155 2910 2156 3012 2156 3013 2156 3013 102 3014 102 2910 102 2910 2157 3014 2157 3015 2157 2910 2131 3015 2131 3007 2131 3006 102 3016 102 2830 102 2830 2158 3016 2158 3017 2158 2830 2159 3017 2159 3018 2159 3004 102 3019 102 3002 102 3002 2127 3019 2127 3020 2127 3002 2160 3020 2160 3021 2160 3021 2136 3022 2136 3002 2136 3002 2137 3022 2137 3023 2137 3002 102 3023 102 3024 102 3024 102 3025 102 3002 102 3002 2161 3025 2161 3026 2161 3002 102 3026 102 2970 102 2970 2162 3026 2162 3027 2162 2970 2163 3027 2163 3028 2163 3028 102 3029 102 2970 102 2970 2164 3029 2164 3030 2164 2970 2165 3030 2165 3031 2165 3031 102 3032 102 2970 102 2970 2166 3032 2166 3033 2166 2970 102 3033 102 3011 102 3018 102 3034 102 2830 102 2830 2167 3034 2167 3035 2167 2830 2107 3035 2107 2828 2107 3036 2168 2950 2168 3037 2168 3037 102 2950 102 3038 102 3036 102 3039 102 2950 102 2950 2169 3039 2169 3040 2169 2950 2170 3040 2170 3041 2170 3042 102 3043 102 3044 102 3044 2171 3043 2171 2950 2171 3044 102 2950 102 3045 102 3045 102 2950 102 3041 102 2910 2172 3046 2172 3047 2172 3042 102 3048 102 3043 102 3043 102 3048 102 3049 102 3043 2173 3049 2173 3050 2173 3043 102 3051 102 3052 102 3053 102 3002 102 3054 102 3054 102 3002 102 3055 102 3053 2174 3056 2174 3002 2174 3002 2175 3056 2175 3057 2175 3002 2166 3057 2166 3058 2166 3050 102 3059 102 3043 102 3043 2176 3059 2176 3060 2176 3043 2177 3060 2177 3051 2177 3058 102 3061 102 3002 102 3002 2178 3061 2178 3062 2178 3002 2179 3062 2179 2910 2179 2910 2180 3062 2180 3063 2180 2910 102 3063 102 3046 102 3047 102 3064 102 2910 102 2910 2078 3064 2078 3065 2078 2910 2123 3065 2123 3066 2123 3052 102 3067 102 3043 102 3043 2181 3067 2181 3068 2181 3043 102 3068 102 3002 102 3002 2182 3068 2182 3069 2182 3002 2183 3069 2183 3055 2183 3066 2184 3070 2184 2910 2184 2910 2185 3070 2185 3071 2185 2910 102 3071 102 2950 102 2950 2186 3071 2186 3072 2186 2950 2187 3072 2187 3038 2187 2887 102 2881 102 2817 102 2817 102 2881 102 2950 102 2817 102 2950 102 2819 102 2819 102 2950 102 3043 102 2819 102 3043 102 2821 102 2823 102 2791 102 2970 102 2970 102 2791 102 2810 102 2970 102 2810 102 3002 102 3002 102 2810 102 2812 102 3002 102 2812 102 3043 102 3043 102 2812 102 2811 102 3043 102 2811 102 2821 102 2821 102 2811 102 2793 102 2820 161 2792 161 2815 161 3073 161 3074 161 3075 161 3076 161 3077 161 3078 161 3078 161 3077 161 3079 161 3078 161 3079 161 3080 161 3080 161 3079 161 3081 161 3082 161 3083 161 3084 161 3076 2188 3085 2188 3077 2188 3077 2189 3085 2189 3086 2189 3077 2190 3086 2190 3087 2190 3087 161 3088 161 3077 161 3077 2191 3088 2191 3089 2191 3077 161 3089 161 3084 161 3084 2192 3089 2192 3090 2192 3084 2193 3090 2193 3082 2193 3091 161 3092 161 3093 161 3093 2194 3092 2194 3094 2194 3093 161 3094 161 3095 161 3083 161 3096 161 3084 161 3084 2195 3096 2195 3097 2195 3084 161 3097 161 3098 161 3098 2196 3097 2196 3099 2196 3098 2197 3099 2197 3100 2197 3100 2198 3099 2198 3095 2198 3100 161 3095 161 3101 161 3101 161 3095 161 3094 161 3102 161 3075 161 3103 161 3103 161 3075 161 3104 161 3102 161 3105 161 3075 161 3075 2199 3105 2199 3106 2199 3075 2200 3106 2200 3107 2200 3108 161 3109 161 3110 161 3074 161 3111 161 3075 161 3075 161 3111 161 3112 161 3075 2201 3112 2201 3104 2201 3113 161 3114 161 3115 161 3115 161 3114 161 3110 161 3115 161 3110 161 3116 161 3116 161 3110 161 3109 161 3113 161 3117 161 3114 161 3114 2202 3117 2202 3118 2202 3114 2203 3118 2203 3119 2203 3112 161 3120 161 3104 161 3104 2204 3120 2204 3121 2204 3104 161 3121 161 3122 161 3122 2205 3121 2205 3123 2205 3122 161 3123 161 3110 161 3110 2206 3123 2206 3124 2206 3110 2207 3124 2207 3108 2207 3119 2208 3125 2208 3114 2208 3114 2209 3125 2209 3126 2209 3114 2210 3126 2210 3127 2210 3127 161 3126 161 3128 161 3127 161 3129 161 3130 161 3131 161 3132 161 3114 161 3114 2211 3132 2211 3133 2211 3114 161 3133 161 3077 161 3077 2212 3133 2212 3134 2212 3077 2213 3134 2213 3135 2213 3136 2214 3137 2214 3114 2214 3135 161 3138 161 3077 161 3077 2215 3138 2215 3139 2215 3077 2216 3139 2216 3140 2216 3127 161 3130 161 3114 161 3114 161 3130 161 3141 161 3114 2217 3141 2217 3136 2217 3137 161 3142 161 3114 161 3114 2218 3142 2218 3143 2218 3114 2219 3143 2219 3131 2219 3140 2220 3144 2220 3077 2220 3077 2209 3144 2209 3145 2209 3077 2210 3145 2210 3079 2210 3145 161 3146 161 3079 161 3079 161 3146 161 3147 161 3079 161 3147 161 3148 161 3148 161 3149 161 3150 161 3150 2221 3149 2221 3151 2221 3150 2222 3151 2222 3152 2222 3153 161 3154 161 3155 161 3155 2223 3154 2223 3156 2223 3155 2224 3156 2224 3157 2224 3157 2225 3158 2225 3155 2225 3155 2226 3158 2226 3159 2226 3155 2227 3159 2227 3127 2227 3127 161 3159 161 3160 161 3127 161 3160 161 3129 161 3152 161 3161 161 3150 161 3150 2228 3161 2228 3162 2228 3150 2229 3162 2229 3163 2229 3163 161 3164 161 3150 161 3150 2230 3164 2230 3165 2230 3150 161 3165 161 3155 161 3155 2231 3165 2231 3166 2231 3155 2232 3166 2232 3153 2232 3167 161 2824 161 3168 161 3168 161 2824 161 2826 161 3168 161 2826 161 3169 161 3169 161 2826 161 3170 161 3169 161 3170 161 3171 161 3171 161 3170 161 3172 161 3171 161 3172 161 3091 161 3091 2233 3172 2233 3173 2233 3091 2234 3173 2234 3092 2234 3150 2223 3174 2223 3175 2223 3148 161 3150 161 3079 161 3079 161 3150 161 3176 161 3079 161 3176 161 3081 161 3167 2235 3177 2235 2824 2235 2824 2236 3177 2236 3178 2236 2824 2237 3178 2237 3179 2237 3179 161 3180 161 2824 161 2824 2238 3180 2238 3181 2238 2824 2239 3181 2239 3182 2239 3183 161 3184 161 3150 161 3150 2240 3184 2240 3185 2240 3150 2241 3185 2241 3174 2241 3175 161 3186 161 3150 161 3150 2242 3186 2242 3187 2242 3150 2243 3187 2243 3176 2243 3188 2244 3189 2244 3155 2244 3155 2245 3189 2245 3190 2245 3155 2202 3190 2202 3191 2202 3191 2246 3192 2246 3155 2246 3155 2247 3192 2247 3193 2247 3155 161 3193 161 3194 161 3194 2248 3193 2248 3195 2248 3194 2249 3195 2249 3196 2249 3196 161 3197 161 3194 161 3194 2250 3197 2250 3198 2250 3194 2251 3198 2251 3199 2251 3199 161 3200 161 3194 161 3194 2252 3200 2252 3201 2252 3194 2253 3201 2253 3075 2253 3075 161 3201 161 3202 161 3075 161 3202 161 3073 161 3128 161 3203 161 3127 161 3127 161 3203 161 3204 161 3127 161 3204 161 3155 161 3155 161 3204 161 3205 161 3155 2221 3205 2221 3188 2221 2820 161 3206 161 2818 161 2818 161 3206 161 3194 161 2818 161 3194 161 2816 161 2816 161 3194 161 3075 161 2816 161 3075 161 3207 161 3207 2254 3075 2254 3107 2254 3208 161 3209 161 3155 161 3155 2202 3209 2202 3210 2202 3155 2203 3210 2203 3211 2203 3212 2255 3213 2255 3194 2255 3211 2256 3214 2256 3155 2256 3155 2257 3214 2257 3215 2257 3155 161 3215 161 3216 161 3217 2258 3218 2258 3219 2258 3220 161 3221 161 3206 161 3206 2259 3221 2259 3222 2259 3206 2260 3222 2260 3223 2260 3223 161 3224 161 3206 161 3206 2261 3224 2261 3225 2261 3206 2262 3225 2262 3226 2262 3212 2263 3194 2263 3227 2263 3228 161 3229 161 3194 161 3194 2264 3229 2264 3230 2264 3194 161 3230 161 3155 161 3155 2265 3230 2265 3231 2265 3155 2266 3231 2266 3208 2266 3216 161 3232 161 3217 161 3217 2267 3232 2267 3233 2267 3217 161 3233 161 3218 161 3219 161 3234 161 3217 161 3217 2268 3234 2268 3235 2268 3217 2269 3235 2269 3236 2269 3236 161 3237 161 3217 161 3217 2270 3237 2270 3238 2270 3217 161 3238 161 3206 161 3206 2271 3238 2271 3239 2271 3206 2272 3239 2272 3220 2272 3213 161 3240 161 3194 161 3194 2251 3240 2251 3241 2251 3194 2273 3241 2273 3228 2273 3226 161 3242 161 3206 161 3206 2274 3242 2274 3243 2274 3206 161 3243 161 3194 161 3194 2275 3243 2275 3244 2275 3194 161 3244 161 3227 161 3217 2276 3245 2276 3246 2276 3216 161 3217 161 3155 161 3155 2277 3217 2277 3246 2277 3155 2278 3246 2278 3247 2278 3248 161 3249 161 3150 161 3150 2279 3249 2279 3250 2279 3150 2280 3250 2280 3251 2280 3150 2281 3252 2281 3253 2281 3253 2282 3252 2282 3254 2282 3253 2267 3254 2267 3255 2267 3256 161 3257 161 3217 161 3217 2283 3257 2283 3258 2283 3217 161 3258 161 3245 161 3251 2220 3259 2220 3150 2220 3150 2257 3259 2257 3260 2257 3150 161 3260 161 3252 161 3255 161 3261 161 3253 161 3253 2258 3261 2258 3262 2258 3253 2284 3262 2284 3263 2284 3264 2285 3265 2285 3217 2285 3217 2286 3265 2286 3266 2286 3217 2287 3266 2287 3256 2287 3247 161 3267 161 3155 161 3155 2288 3267 2288 3268 2288 3155 2289 3268 2289 3269 2289 3263 161 3270 161 3253 161 3253 2290 3270 2290 3271 2290 3253 2291 3271 2291 3272 2291 3272 161 3273 161 3253 161 3253 2292 3273 2292 3274 2292 3253 161 3274 161 3217 161 3217 2293 3274 2293 3275 2293 3217 2294 3275 2294 3264 2294 3269 161 3276 161 3155 161 3155 2295 3276 2295 3277 2295 3155 2296 3277 2296 3278 2296 3278 161 3279 161 3155 161 3155 2297 3279 2297 3280 2297 3155 161 3280 161 3150 161 3150 2298 3280 2298 3281 2298 3150 2299 3281 2299 3248 2299 3282 161 3283 161 3253 161 3253 2300 3283 2300 3284 2300 3253 2283 3284 2283 3285 2283 3286 161 3287 161 2822 161 3286 161 2822 161 3288 161 3289 161 3253 161 3290 161 3290 161 3253 161 2822 161 3289 161 3291 161 3253 161 3253 2301 3291 2301 3292 2301 3253 2286 3292 2286 3282 2286 3285 161 3293 161 3253 161 3253 2302 3293 2302 3294 2302 3253 161 3294 161 3150 161 3150 2303 3294 2303 3295 2303 3150 161 3295 161 3296 161 3287 161 3297 161 2822 161 2822 2304 3297 2304 3298 2304 2822 2305 3298 2305 3299 2305 3299 161 3300 161 2822 161 2822 2306 3300 2306 3301 2306 2822 2307 3301 2307 3290 2307 3296 2188 3302 2188 3150 2188 3150 2308 3302 2308 3303 2308 3150 2190 3303 2190 3304 2190 3304 161 3305 161 3150 161 3150 2296 3305 2296 3306 2296 3150 2240 3306 2240 3307 2240 3182 161 3183 161 2824 161 2824 161 3183 161 3150 161 2824 161 3150 161 3308 161 3308 161 3150 161 3307 161 3308 161 3309 161 2824 161 2824 2309 3309 2309 3310 2309 2824 2310 3310 2310 3311 2310 3311 161 3312 161 2824 161 2824 2311 3312 2311 3313 2311 2824 2312 3313 2312 3314 2312 3314 2313 3315 2313 2824 2313 2824 161 3315 161 3316 161 2824 2314 3316 2314 2822 2314 2822 2315 3316 2315 3317 2315 2822 2316 3317 2316 3288 2316 2820 161 2815 161 3206 161 3206 161 2815 161 2814 161 3206 161 2814 161 3217 161 3217 161 2814 161 2813 161 3217 161 2813 161 3253 161 3253 161 2813 161 2790 161 3253 161 2790 161 2822 161 3084 51 2838 51 3077 51 3077 51 2838 51 2852 51 3077 51 2852 51 3114 51 3114 51 2852 51 2864 51 3114 51 2864 51 3110 51 3110 51 2864 51 2861 51 2770 101 2773 101 3318 101 3318 2317 2773 2317 3319 2317 3318 104 3319 104 3320 104 3320 101 3319 101 3321 101 3320 101 3321 101 3322 101 3322 101 3321 101 3323 101 3322 101 3323 101 3324 101 3324 2318 3323 2318 3325 2318 3324 101 3325 101 3326 101 3326 101 3325 101 3327 101 3326 101 3327 101 3328 101 3328 2319 3327 2319 3329 2319 3328 101 3329 101 3330 101 3330 101 3329 101 3331 101 3330 2320 3331 2320 3332 2320 3332 2321 3331 2321 3333 2321 3332 101 3333 101 2277 101 2277 109 3333 109 2264 109 2718 50 2186 50 3334 50 3334 2322 2186 2322 3335 2322 3334 50 3335 50 3336 50 3336 2323 3335 2323 3337 2323 3336 2324 3337 2324 3338 2324 3338 2325 3337 2325 3339 2325 3338 50 3339 50 3340 50 3340 2326 3339 2326 3341 2326 3340 50 3341 50 3342 50 3342 50 3341 50 3343 50 3342 50 3343 50 3344 50 3344 2327 3343 2327 3345 2327 3344 50 3345 50 3346 50 3346 2328 3345 2328 3347 2328 3346 2329 3347 2329 3348 2329 3348 2330 3347 2330 3349 2330 3348 2331 3349 2331 2768 2331 2768 50 3349 50 2766 50 2773 121 2766 121 3349 121 3335 2332 2186 2332 2185 2332 2185 2333 2124 2333 3335 2333 3335 2334 2124 2334 2130 2334 3335 2335 2130 2335 2107 2335 2773 122 3349 122 3319 122 3319 2336 3349 2336 3347 2336 3319 124 3347 124 3321 124 3321 2337 3347 2337 3345 2337 3321 2338 3345 2338 3323 2338 3323 2339 3345 2339 3343 2339 3323 127 3343 127 3325 127 3325 2340 3343 2340 3341 2340 3325 128 3341 128 3327 128 3327 2341 3341 2341 3339 2341 3327 129 3339 129 3329 129 3329 131 3339 131 3337 131 3329 2342 3337 2342 3331 2342 3331 2343 3337 2343 3335 2343 3331 133 3335 133 3333 133 3333 137 3335 137 2107 137 3333 2344 2107 2344 1938 2344 1938 2345 1921 2345 3333 2345 3333 2334 1921 2334 1913 2334 3333 2346 1913 2346 2264 2346 2277 2347 2276 2347 3332 2347 3332 2348 2276 2348 2387 2348 3332 2349 2387 2349 2396 2349 2316 2350 2293 2350 3334 2350 2293 2351 2292 2351 3334 2351 3334 2348 2292 2348 2717 2348 3334 2352 2717 2352 2718 2352 2396 2353 2316 2353 3332 2353 3332 2354 2316 2354 3334 2354 3332 2355 3334 2355 3330 2355 3330 2356 3334 2356 3336 2356 3330 147 3336 147 3328 147 3328 2357 3336 2357 3338 2357 3328 149 3338 149 3326 149 3326 150 3338 150 3340 150 3326 2358 3340 2358 3324 2358 3324 151 3340 151 3342 151 3324 153 3342 153 3322 153 3322 2359 3342 2359 3344 2359 3322 2360 3344 2360 3320 2360 3320 156 3344 156 3346 156 3320 2361 3346 2361 3318 2361 3318 2362 3346 2362 3348 2362 3318 2363 3348 2363 2770 2363 2770 160 3348 160 2768 160 2757 101 2272 101 3350 101 3350 2364 2272 2364 3351 2364 3350 101 3351 101 3352 101 3352 2365 3351 2365 3353 2365 3352 101 3353 101 3354 101 3354 2366 3353 2366 3355 2366 3354 101 3355 101 3356 101 3356 2367 3355 2367 3357 2367 3356 101 3357 101 3358 101 3358 101 3357 101 3359 101 3358 2368 3359 2368 3360 2368 3360 2369 3359 2369 3361 2369 3360 101 3361 101 3362 101 3362 2370 3361 2370 3363 2370 3362 101 3363 101 3364 101 3364 101 3363 101 3365 101 3364 101 3365 101 3366 101 3366 2371 3365 2371 3367 2371 3366 101 3367 101 3368 101 3368 101 3367 101 3369 101 3370 50 3371 50 3372 50 3372 50 3371 50 3373 50 3372 50 3373 50 3374 50 3374 50 3373 50 3375 50 3374 2372 3375 2372 3376 2372 3376 2373 3375 2373 3377 2373 3376 2374 3377 2374 3378 2374 3378 2375 3377 2375 3379 2375 3378 50 3379 50 3380 50 3380 2376 3379 2376 3381 2376 3380 50 3381 50 3382 50 3382 2377 3381 2377 3383 2377 3382 2378 3383 2378 3384 2378 3384 2379 3383 2379 3385 2379 3384 50 3385 50 3386 50 3386 2380 3385 2380 3387 2380 3386 2381 3387 2381 3388 2381 3388 2382 3387 2382 3389 2382 3388 2383 3389 2383 2765 2383 2765 2384 3389 2384 1781 2384 3351 2385 2272 2385 2271 2385 2271 2386 2270 2386 3351 2386 3351 2387 2270 2387 2269 2387 3351 2388 2269 2388 2268 2388 3389 2389 2268 2389 2267 2389 2267 2386 2266 2386 3389 2386 3389 2390 2266 2390 1782 2390 3389 2391 1782 2391 1781 2391 2268 2392 3389 2392 3351 2392 3351 2393 3389 2393 3387 2393 3351 2394 3387 2394 3353 2394 3353 2395 3387 2395 3385 2395 3353 2395 3385 2395 3355 2395 3355 2396 3385 2396 3383 2396 3355 2397 3383 2397 3357 2397 3357 2398 3383 2398 3381 2398 3357 2399 3381 2399 3359 2399 3359 2400 3381 2400 3379 2400 3359 2400 3379 2400 3361 2400 3361 2401 3379 2401 3377 2401 3361 2402 3377 2402 3363 2402 3363 2403 3377 2403 3375 2403 3363 2404 3375 2404 3365 2404 3365 2405 3375 2405 3373 2405 3365 2406 3373 2406 3367 2406 3367 2407 3373 2407 3371 2407 3367 2408 3371 2408 3369 2408 2765 2409 2764 2409 3388 2409 3388 2410 2764 2410 2763 2410 3388 2410 2763 2410 2762 2410 2761 2411 2760 2411 3350 2411 2762 2412 2761 2412 3388 2412 3388 2413 2761 2413 3350 2413 3388 2414 3350 2414 3386 2414 3386 2415 3350 2415 3352 2415 3386 2416 3352 2416 3384 2416 3384 2417 3352 2417 3354 2417 3384 2418 3354 2418 3382 2418 3382 2419 3354 2419 3356 2419 3382 2420 3356 2420 3380 2420 3380 2421 3356 2421 3358 2421 3380 2422 3358 2422 3378 2422 3378 2423 3358 2423 3360 2423 3378 2424 3360 2424 3376 2424 3376 2425 3360 2425 3362 2425 3376 2426 3362 2426 3374 2426 3374 2426 3362 2426 3364 2426 3374 2427 3364 2427 3372 2427 3372 2427 3364 2427 3366 2427 3372 2428 3366 2428 3370 2428 3370 2429 3366 2429 3368 2429 2760 2430 2759 2430 3350 2430 3350 2410 2759 2410 2758 2410 3350 2431 2758 2431 2757 2431 94 50 3371 50 3390 50 3390 50 3371 50 3370 50 3391 101 3368 101 102 101 102 101 3368 101 3369 101 3392 0 3393 0 3369 0 3393 0 3394 0 3369 0 3369 2432 3394 2432 3395 2432 3369 2433 3395 2433 3396 2433 3397 0 3398 0 3399 0 3371 2434 3400 2434 3401 2434 3396 2435 3402 2435 3369 2435 3369 2436 3402 2436 3403 2436 3369 0 3403 0 102 0 102 2437 3403 2437 3404 2437 102 2438 3404 2438 3405 2438 3405 0 3406 0 102 0 102 2439 3406 2439 3407 2439 102 0 3407 0 185 0 185 2440 3407 2440 3408 2440 185 2441 3408 2441 183 2441 183 2442 3408 2442 3409 2442 183 2443 3409 2443 3410 2443 3410 2444 3409 2444 3411 2444 3410 2445 3411 2445 3412 2445 3412 2446 3411 2446 3413 2446 3412 0 3413 0 177 0 177 2447 3413 2447 3414 2447 177 0 3414 0 175 0 175 2448 3414 2448 3415 2448 175 2449 3415 2449 173 2449 173 2450 3415 2450 3416 2450 173 2451 3416 2451 171 2451 171 0 3416 0 3417 0 171 2452 3417 2452 120 2452 120 0 3417 0 3418 0 120 0 3418 0 3419 0 3397 0 3399 0 3420 0 3398 0 3421 0 3399 0 3399 2453 3421 2453 3422 2453 3399 2454 3422 2454 3423 2454 3424 0 3425 0 3426 0 3426 2455 3425 2455 3427 2455 3426 0 3427 0 3428 0 3428 2456 3427 2456 3429 2456 3428 2457 3429 2457 3430 2457 3424 0 3426 0 3399 0 3399 2458 3426 2458 3431 2458 3399 2459 3431 2459 3420 2459 3432 0 3433 0 120 0 120 2460 3433 2460 3434 2460 120 2461 3434 2461 130 2461 130 2462 3434 2462 3435 2462 130 2463 3435 2463 3436 2463 3401 0 3437 0 3371 0 3371 2464 3437 2464 3438 2464 3371 2465 3438 2465 3428 2465 3439 0 3440 0 3371 0 3371 2466 3440 2466 3441 2466 3371 2467 3441 2467 3369 2467 3369 2468 3441 2468 3442 2468 3369 2469 3442 2469 3392 2469 3430 0 3443 0 3428 0 3428 2470 3443 2470 3444 2470 3428 0 3444 0 3371 0 3371 2471 3444 2471 3445 2471 3371 2472 3445 2472 3439 2472 3419 0 3446 0 120 0 120 2473 3446 2473 3447 2473 120 2474 3447 2474 3399 2474 3448 0 3449 0 94 0 94 2475 3449 2475 3450 2475 94 0 3450 0 3371 0 3371 2476 3450 2476 3451 2476 3371 2477 3451 2477 3400 2477 3423 2478 3452 2478 3399 2478 3399 2479 3452 2479 3453 2479 3399 0 3453 0 120 0 120 2480 3453 2480 3454 2480 120 2481 3454 2481 3432 2481 3436 0 3455 0 130 0 130 0 3455 0 3456 0 130 0 3456 0 154 0 154 0 3456 0 3457 0 154 0 3457 0 152 0 152 0 3457 0 3458 0 152 0 3458 0 150 0 150 2482 3458 2482 3459 2482 150 0 3459 0 148 0 148 2482 3459 2482 3460 2482 148 0 3460 0 3461 0 3461 2483 3460 2483 3462 2483 3461 2484 3462 2484 144 2484 144 2485 3462 2485 3463 2485 144 2486 3463 2486 142 2486 142 2487 3463 2487 3464 2487 142 0 3464 0 140 0 140 2442 3464 2442 3465 2442 140 0 3465 0 94 0 94 2488 3465 2488 3466 2488 94 2489 3466 2489 3448 2489 3467 51 3468 51 3370 51 3469 2490 3470 2490 3471 2490 3471 2491 3470 2491 3472 2491 3471 2492 3472 2492 3473 2492 3474 51 3475 51 3476 51 3476 2493 3475 2493 3477 2493 3478 51 3479 51 3368 51 3368 2494 3479 2494 3480 2494 3481 51 3482 51 3483 51 3473 51 3484 51 3471 51 3471 2495 3484 2495 3485 2495 3471 51 3485 51 3486 51 3486 2496 3485 2496 3487 2496 3486 2497 3487 2497 3488 2497 3481 51 3483 51 3489 51 3490 2498 3491 2498 3368 2498 3368 2499 3491 2499 3492 2499 3368 2500 3492 2500 3493 2500 3494 51 3495 51 3391 51 3391 2501 3495 2501 3496 2501 3391 51 3496 51 3368 51 3368 2502 3496 2502 3497 2502 3368 2503 3497 2503 3478 2503 3469 2504 3471 2504 3483 2504 3483 2505 3471 2505 3498 2505 3483 2506 3498 2506 3489 2506 3482 51 3499 51 3483 51 3483 2507 3499 2507 3500 2507 3483 2508 3500 2508 3501 2508 3501 51 3502 51 3483 51 3483 2509 3502 2509 3490 2509 3483 51 3490 51 3503 51 3503 51 3490 51 3368 51 3503 51 3368 51 3504 51 3504 51 3368 51 3480 51 3493 51 3505 51 3368 51 3368 2510 3505 2510 3506 2510 3368 2511 3506 2511 3370 2511 3370 2512 3506 2512 3507 2512 3370 2513 3507 2513 3467 2513 3468 51 3508 51 3370 51 3370 2514 3508 2514 3509 2514 3370 2515 3509 2515 3510 2515 3477 51 3511 51 3476 51 3476 2516 3511 2516 3512 2516 3476 2517 3512 2517 3513 2517 3513 2518 3512 2518 3514 2518 3513 51 3514 51 3515 51 3515 2519 3516 2519 3513 2519 3513 51 3516 51 3517 51 3513 51 3517 51 3518 51 3518 2520 3517 2520 3519 2520 3518 51 3519 51 3520 51 3520 2521 3519 2521 3521 2521 3520 51 3521 51 3522 51 3522 2522 3521 2522 3523 2522 3522 2523 3523 2523 3524 2523 3524 2524 3523 2524 3525 2524 3524 51 3525 51 3526 51 3526 2525 3525 2525 3527 2525 3526 51 3527 51 3528 51 3528 2526 3527 2526 3529 2526 3528 2527 3529 2527 3530 2527 3530 2528 3529 2528 3531 2528 3530 51 3531 51 3532 51 3532 2529 3531 2529 3533 2529 3532 51 3533 51 3391 51 3391 2530 3533 2530 3534 2530 3391 2531 3534 2531 3494 2531 3510 2532 3535 2532 3370 2532 3370 51 3535 51 3536 51 3370 51 3536 51 3390 51 3390 2533 3536 2533 3537 2533 3390 2534 3537 2534 3538 2534 3488 51 3474 51 3486 51 3486 51 3474 51 3476 51 3486 51 3476 51 3539 51 3539 2535 3476 2535 3540 2535 3539 2536 3540 2536 3541 2536 3541 51 3540 51 3542 51 3541 2537 3542 2537 3543 2537 3543 2538 3542 2538 3544 2538 3543 2539 3544 2539 3545 2539 3545 2540 3544 2540 3546 2540 3545 51 3546 51 3547 51 3547 51 3546 51 3548 51 3547 51 3548 51 3549 51 3549 2541 3548 2541 3550 2541 3549 51 3550 51 3551 51 3551 2542 3550 2542 3552 2542 3551 51 3552 51 3553 51 3553 2543 3552 2543 3554 2543 3553 2544 3554 2544 3555 2544 3555 2545 3554 2545 3390 2545 3555 2546 3390 2546 3556 2546 3556 51 3390 51 3538 51 3476 102 3513 102 130 102 130 102 3513 102 120 102 2407 2547 1951 2547 2408 2547 2408 2547 1951 2547 1950 2547 2408 2548 1950 2548 2401 2548 2401 2548 1950 2548 1943 2548 2401 2549 1943 2549 2402 2549 2402 2549 1943 2549 1942 2549 2402 2550 1942 2550 2404 2550 2404 2550 1942 2550 1946 2550 2404 690 1946 690 2405 690 2405 690 1946 690 1945 690 2405 2551 1945 2551 2366 2551 2366 2551 1945 2551 1944 2551 2366 2552 1944 2552 2367 2552 2367 2552 1944 2552 1927 2552 2367 2553 1927 2553 2380 2553 2380 2553 1927 2553 1926 2553 2380 2554 1926 2554 2381 2554 2381 2554 1926 2554 1924 2554 2381 2555 1924 2555 2382 2555 2382 2555 1924 2555 1916 2555 2382 2556 1916 2556 2369 2556 2369 2556 1916 2556 1917 2556 2369 2557 1917 2557 2370 2557 2370 2557 1917 2557 1918 2557 2370 2558 1918 2558 2372 2558 2372 2558 1918 2558 1923 2558 2372 717 1923 717 2383 717 2383 717 1923 717 1922 717 2383 2559 1922 2559 2384 2559 2384 2559 1922 2559 1910 2559 2384 2560 1910 2560 2373 2560 2373 2560 1910 2560 1909 2560 2373 2561 1909 2561 2374 2561 2374 2561 1909 2561 1930 2561 2374 2562 1930 2562 2375 2562 2375 2562 1930 2562 1929 2562 2376 2563 1928 2563 2377 2563 2377 2563 1928 2563 1912 2563 2377 2564 1912 2564 2378 2564 2378 2564 1912 2564 1914 2564 2378 2565 1914 2565 2379 2565 2379 2565 1914 2565 1915 2565 2379 2566 1915 2566 2388 2566 2388 2566 1915 2566 1937 2566 2388 708 1937 708 2389 708 2389 708 1937 708 1936 708 2389 2567 1936 2567 2390 2567 2390 2567 1936 2567 1932 2567 2390 2568 1932 2568 2391 2568 2391 2568 1932 2568 1931 2568 2391 2569 1931 2569 2392 2569 2392 2569 1931 2569 1935 2569 2392 2570 1935 2570 2393 2570 2393 2570 1935 2570 1934 2570 2393 2571 1934 2571 2385 2571 2385 2571 1934 2571 1933 2571 2385 2572 1933 2572 2386 2572 2386 2572 1933 2572 1920 2572 2386 2573 1920 2573 2394 2573 2394 2573 1920 2573 1919 2573 2394 2574 1919 2574 2395 2574 2395 2574 1919 2574 1940 2574 2395 699 1940 699 2397 699 2397 699 1940 699 1939 699 2397 2575 1939 2575 2398 2575 2398 2575 1939 2575 1949 2575 2398 2576 1949 2576 2399 2576 2399 2576 1949 2576 1948 2576 2399 2577 1948 2577 2400 2577 2400 2577 1948 2577 1947 2577 2400 2578 1947 2578 2406 2578 2406 2578 1947 2578 1952 2578 1928 50 2376 50 1929 50 1929 50 2376 50 2375 50 1952 101 1951 101 2406 101 2406 101 1951 101 2407 101 2354 2579 2103 2579 2335 2579 2335 2579 2103 2579 2085 2579 2335 2548 2085 2548 2337 2548 2337 2548 2085 2548 2069 2548 2337 2549 2069 2549 2359 2549 2359 2549 2069 2549 2082 2549 2359 2580 2082 2580 2339 2580 2339 2580 2082 2580 2081 2580 2339 2581 2081 2581 2340 2581 2340 2581 2081 2581 2080 2581 2340 2551 2080 2551 2341 2551 2341 2551 2080 2551 2071 2551 2341 2582 2071 2582 2342 2582 2342 2582 2071 2582 2070 2582 2342 2553 2070 2553 2360 2553 2360 2553 2070 2553 2072 2553 2360 2583 2072 2583 2361 2583 2361 2583 2072 2583 2079 2583 2361 2584 2079 2584 2362 2584 2362 2584 2079 2584 2078 2584 2362 2556 2078 2556 2320 2556 2320 2556 2078 2556 2077 2556 2320 2585 2077 2585 2319 2585 2319 2585 2077 2585 2076 2585 2319 2558 2076 2558 2317 2558 2317 2558 2076 2558 2090 2558 2317 717 2090 717 2321 717 2321 717 2090 717 2089 717 2321 2586 2089 2586 2322 2586 2322 2586 2089 2586 2075 2586 2322 2587 2075 2587 2323 2587 2323 2587 2075 2587 2074 2587 2323 2561 2074 2561 2363 2561 2363 2561 2074 2561 2088 2561 2363 2588 2088 2588 2364 2588 2364 2588 2088 2588 2118 2588 2365 2589 2117 2589 2324 2589 2324 2589 2117 2589 2116 2589 2324 2564 2116 2564 2314 2564 2314 2564 2116 2564 2115 2564 2314 2590 2115 2590 2315 2590 2315 2590 2115 2590 2114 2590 2315 2591 2114 2591 2343 2591 2343 2591 2114 2591 2113 2591 2343 708 2113 708 2344 708 2344 708 2113 708 2112 708 2344 2567 2112 2567 2327 2567 2327 2567 2112 2567 2111 2567 2327 2592 2111 2592 2328 2592 2328 2592 2111 2592 2110 2592 2328 2569 2110 2569 2329 2569 2329 2569 2110 2569 2109 2569 2329 2593 2109 2593 2325 2593 2325 2593 2109 2593 2108 2593 2325 2594 2108 2594 2326 2594 2326 2594 2108 2594 2106 2594 2326 2572 2106 2572 2346 2572 2346 2572 2106 2572 2105 2572 2346 2595 2105 2595 2330 2595 2330 2595 2105 2595 2097 2595 2330 2574 2097 2574 2331 2574 2331 2574 2097 2574 2096 2574 2331 2596 2096 2596 2333 2596 2333 2596 2096 2596 2094 2596 2333 2597 2094 2597 2347 2597 2347 2597 2094 2597 2092 2597 2347 2576 2092 2576 2348 2576 2348 2576 2092 2576 2091 2576 2348 2577 2091 2577 2350 2577 2350 2577 2091 2577 2102 2577 2350 2598 2102 2598 2356 2598 2356 2598 2102 2598 2101 2598 2117 50 2365 50 2118 50 2118 50 2365 50 2364 50 2101 101 2103 101 2356 101 2356 101 2103 101 2354 101 2603 2579 1832 2579 2590 2579 2590 2579 1832 2579 1834 2579 2590 2599 1834 2599 2592 2599 2592 2599 1834 2599 1810 2599 2592 2600 1810 2600 2594 2600 2594 2600 1810 2600 1808 2600 2594 2580 1808 2580 2595 2580 2595 2580 1808 2580 1801 2580 2595 2581 1801 2581 2596 2581 2596 2581 1801 2581 1800 2581 2596 2601 1800 2601 2597 2601 2597 2601 1800 2601 1799 2601 2597 2602 1799 2602 2598 2602 2598 2602 1799 2602 1794 2602 2598 2603 1794 2603 2599 2603 2599 2603 1794 2603 1793 2603 2599 2604 1793 2604 2600 2604 2600 2604 1793 2604 1792 2604 2600 2605 1792 2605 2574 2605 2574 2605 1792 2605 1785 2605 2574 2606 1785 2606 2575 2606 2575 2606 1785 2606 1819 2606 2575 2607 1819 2607 2577 2607 2577 2607 1819 2607 1818 2607 2577 2608 1818 2608 2578 2608 2578 2608 1818 2608 1817 2608 2578 717 1817 717 2579 717 2579 717 1817 717 1816 717 2579 2586 1816 2586 2580 2586 2580 2586 1816 2586 1815 2586 2580 2609 1815 2609 2581 2609 2581 2609 1815 2609 1814 2609 2581 2610 1814 2610 2608 2610 2608 2610 1814 2610 1813 2610 2608 2588 1813 2588 2609 2588 2609 2588 1813 2588 1827 2588 2610 2589 1826 2589 2582 2589 2582 2589 1826 2589 1825 2589 2582 2611 1825 2611 2566 2611 2566 2611 1825 2611 1807 2611 2566 2612 1807 2612 2567 2612 2567 2612 1807 2612 1806 2612 2567 2591 1806 2591 2583 2591 2583 2591 1806 2591 1805 2591 2583 708 1805 708 2584 708 2584 708 1805 708 1798 708 2584 2613 1798 2613 2585 2613 2585 2613 1798 2613 1796 2613 2585 2614 1796 2614 2586 2614 2586 2614 1796 2614 1795 2614 2586 2615 1795 2615 2587 2615 2587 2615 1795 2615 1804 2615 2587 2616 1804 2616 2588 2616 2588 2616 1804 2616 1803 2616 2588 2617 1803 2617 2562 2617 2562 2617 1803 2617 1802 2617 2562 2618 1802 2618 2560 2618 2560 2618 1802 2618 1788 2618 2560 2619 1788 2619 2561 2619 2561 2619 1788 2619 1787 2619 2561 2620 1787 2620 2563 2620 2563 2620 1787 2620 1791 2620 2563 2596 1791 2596 2564 2596 2564 2596 1791 2596 1790 2596 2564 2597 1790 2597 2569 2597 2569 2597 1790 2597 1824 2597 2569 2621 1824 2621 2570 2621 2570 2621 1824 2621 1821 2621 2570 2622 1821 2622 2572 2622 2572 2622 1821 2622 1820 2622 2572 2598 1820 2598 2605 2598 2605 2598 1820 2598 1830 2598 1826 50 2610 50 1827 50 1827 50 2610 50 2609 50 1830 101 1832 101 2605 101 2605 101 1832 101 2603 101 2417 2547 1907 2547 2419 2547 2419 2547 1907 2547 1906 2547 2419 2599 1906 2599 2420 2599 2420 2599 1906 2599 1905 2599 2420 2600 1905 2600 2421 2600 2421 2600 1905 2600 1904 2600 2421 2550 1904 2550 2422 2550 2422 2550 1904 2550 1903 2550 2422 690 1903 690 2424 690 2424 690 1903 690 1898 690 2424 2601 1898 2601 2425 2601 2425 2601 1898 2601 1897 2601 2425 2623 1897 2623 2441 2623 2441 2623 1897 2623 1886 2623 2441 2603 1886 2603 2442 2603 2442 2603 1886 2603 1885 2603 2442 2624 1885 2624 2432 2624 2432 2624 1885 2624 1884 2624 2432 2625 1884 2625 2433 2625 2433 2625 1884 2625 1872 2625 2433 2606 1872 2606 2434 2606 2434 2606 1872 2606 1871 2606 2434 2626 1871 2626 2435 2626 2435 2626 1871 2626 1870 2626 2435 2608 1870 2608 2427 2608 2427 2608 1870 2608 1869 2608 2427 717 1869 717 2428 717 2428 717 1869 717 1868 717 2428 2559 1868 2559 2429 2559 2429 2559 1868 2559 1866 2559 2429 2627 1866 2627 2430 2627 2430 2627 1866 2627 1865 2627 2430 2610 1865 2610 2431 2610 2431 2610 1865 2610 1883 2610 2431 2562 1883 2562 2436 2562 2436 2562 1883 2562 1882 2562 2437 2563 1881 2563 2438 2563 2438 2563 1881 2563 1877 2563 2438 2611 1877 2611 2439 2611 2439 2611 1877 2611 1879 2611 2439 2628 1879 2628 2440 2628 2440 2628 1879 2628 1880 2628 2440 2566 1880 2566 2446 2566 2446 2566 1880 2566 1890 2566 2446 708 1890 708 2447 708 2447 708 1890 708 1889 708 2447 2613 1889 2613 2448 2613 2448 2613 1889 2613 1888 2613 2448 2629 1888 2629 2449 2629 2449 2629 1888 2629 1887 2629 2449 2615 1887 2615 2450 2615 2450 2615 1887 2615 1893 2615 2450 2630 1893 2630 2451 2630 2451 2630 1893 2630 1892 2630 2451 2631 1892 2631 2443 2631 2443 2631 1892 2631 1891 2631 2443 2618 1891 2618 2444 2618 2444 2618 1891 2618 1876 2618 2444 2632 1876 2632 2445 2632 2445 2632 1876 2632 1875 2632 2445 2620 1875 2620 2410 2620 2410 2620 1875 2620 1896 2620 2410 699 1896 699 2412 699 2412 699 1896 699 1895 699 2412 2575 1895 2575 2413 2575 2413 2575 1895 2575 1902 2575 2413 2621 1902 2621 2414 2621 2414 2621 1902 2621 1901 2621 2414 2622 1901 2622 2415 2622 2415 2622 1901 2622 1900 2622 2415 2578 1900 2578 2416 2578 2416 2578 1900 2578 1908 2578 1881 50 2437 50 1882 50 1882 50 2437 50 2436 50 1908 101 1907 101 2416 101 2416 101 1907 101 2417 101 3486 2633 3456 2633 3471 2633 3471 2633 3456 2633 3455 2633 3471 2634 3455 2634 3498 2634 3498 2635 3455 2635 3436 2635 3498 2636 3436 2636 3489 2636 3489 2637 3436 2637 3435 2637 3489 2638 3435 2638 3481 2638 3481 2638 3435 2638 3434 2638 3481 2639 3434 2639 3482 2639 3482 2640 3434 2640 3433 2640 3482 2641 3433 2641 3499 2641 3499 2642 3433 2642 3432 2642 3499 2643 3432 2643 3500 2643 3500 2643 3432 2643 3454 2643 3500 2644 3454 2644 3501 2644 3501 2645 3454 2645 3453 2645 3501 2646 3453 2646 3502 2646 3502 2646 3453 2646 3452 2646 3502 2647 3452 2647 3490 2647 3490 2648 3452 2648 3423 2648 3490 2649 3423 2649 3491 2649 3491 2649 3423 2649 3422 2649 3491 2650 3422 2650 3492 2650 3492 2650 3422 2650 3421 2650 3492 2651 3421 2651 3493 2651 3493 2652 3421 2652 3398 2652 3493 2653 3398 2653 3505 2653 3505 2654 3398 2654 3397 2654 3505 2655 3397 2655 3506 2655 3506 2655 3397 2655 3420 2655 3506 2656 3420 2656 3507 2656 3507 2657 3420 2657 3431 2657 3507 2658 3431 2658 3467 2658 3467 2659 3431 2659 3426 2659 3467 2660 3426 2660 3468 2660 3468 2661 3426 2661 3428 2661 3468 2662 3428 2662 3508 2662 3508 2663 3428 2663 3438 2663 3508 2664 3438 2664 3509 2664 3509 2665 3438 2665 3437 2665 3509 2666 3437 2666 3510 2666 3510 2667 3437 2667 3401 2667 3510 2668 3401 2668 3535 2668 3535 2669 3401 2669 3400 2669 3535 2670 3400 2670 3536 2670 3536 2671 3400 2671 3451 2671 3536 2672 3451 2672 3537 2672 3537 2673 3451 2673 3450 2673 3537 2674 3450 2674 3538 2674 3538 2674 3450 2674 3449 2674 3538 2675 3449 2675 3556 2675 3556 2675 3449 2675 3448 2675 3556 2676 3448 2676 3555 2676 3555 2677 3448 2677 3466 2677 3555 2678 3466 2678 3553 2678 3553 2678 3466 2678 3465 2678 3553 2679 3465 2679 3551 2679 3551 2680 3465 2680 3464 2680 3551 2681 3464 2681 3549 2681 3549 2681 3464 2681 3463 2681 3549 2682 3463 2682 3547 2682 3547 2683 3463 2683 3462 2683 3547 2684 3462 2684 3545 2684 3545 2685 3462 2685 3460 2685 3545 2686 3460 2686 3543 2686 3543 2687 3460 2687 3459 2687 3543 2688 3459 2688 3541 2688 3541 2689 3459 2689 3458 2689 3541 2690 3458 2690 3539 2690 3539 2691 3458 2691 3457 2691 3539 2692 3457 2692 3486 2692 3486 2693 3457 2693 3456 2693 3517 2694 3418 2694 3519 2694 3519 2694 3418 2694 3417 2694 3519 2695 3417 2695 3521 2695 3521 2635 3417 2635 3416 2635 3521 2636 3416 2636 3523 2636 3523 2637 3416 2637 3415 2637 3523 2696 3415 2696 3525 2696 3525 2697 3415 2697 3414 2697 3525 2698 3414 2698 3527 2698 3527 2699 3414 2699 3413 2699 3527 2700 3413 2700 3529 2700 3529 2701 3413 2701 3411 2701 3529 2702 3411 2702 3531 2702 3531 2702 3411 2702 3409 2702 3531 2644 3409 2644 3533 2644 3533 2645 3409 2645 3408 2645 3533 2703 3408 2703 3534 2703 3534 2703 3408 2703 3407 2703 3534 2704 3407 2704 3494 2704 3494 2705 3407 2705 3406 2705 3494 2649 3406 2649 3495 2649 3495 2649 3406 2649 3405 2649 3495 2706 3405 2706 3496 2706 3496 2706 3405 2706 3404 2706 3496 2707 3404 2707 3497 2707 3497 2708 3404 2708 3403 2708 3497 2709 3403 2709 3478 2709 3478 633 3403 633 3402 633 3478 2710 3402 2710 3479 2710 3479 2711 3402 2711 3396 2711 3479 2656 3396 2656 3480 2656 3480 2657 3396 2657 3395 2657 3480 2712 3395 2712 3504 2712 3504 2659 3395 2659 3394 2659 3504 2713 3394 2713 3503 2713 3503 2714 3394 2714 3393 2714 3503 2715 3393 2715 3483 2715 3483 2663 3393 2663 3392 2663 3483 2664 3392 2664 3469 2664 3469 2665 3392 2665 3442 2665 3469 2716 3442 2716 3470 2716 3470 2667 3442 2667 3441 2667 3470 2668 3441 2668 3472 2668 3472 2669 3441 2669 3440 2669 3472 2717 3440 2717 3473 2717 3473 2670 3440 2670 3439 2670 3473 2672 3439 2672 3484 2672 3484 2673 3439 2673 3445 2673 3484 2674 3445 2674 3485 2674 3485 2674 3445 2674 3444 2674 3485 2675 3444 2675 3487 2675 3487 2675 3444 2675 3443 2675 3487 2676 3443 2676 3488 2676 3488 2677 3443 2677 3430 2677 3488 2678 3430 2678 3474 2678 3474 2678 3430 2678 3429 2678 3474 2679 3429 2679 3475 2679 3475 2680 3429 2680 3427 2680 3475 2681 3427 2681 3477 2681 3477 2681 3427 2681 3425 2681 3477 2682 3425 2682 3511 2682 3511 2683 3425 2683 3424 2683 3511 2718 3424 2718 3512 2718 3512 2719 3424 2719 3399 2719 3512 2686 3399 2686 3514 2686 3514 2687 3399 2687 3447 2687 3514 2720 3447 2720 3515 2720 3515 2689 3447 2689 3446 2689 3515 2690 3446 2690 3516 2690 3516 2691 3446 2691 3419 2691 3516 2693 3419 2693 3517 2693 3517 2693 3419 2693 3418 2693 94 776 3390 776 3554 776 94 775 3554 775 140 775 140 774 3554 774 3552 774 140 774 3552 774 142 774 142 773 3552 773 3550 773 142 772 3550 772 144 772 144 2721 3550 2721 3548 2721 144 2722 3548 2722 3461 2722 3461 2723 3548 2723 3546 2723 3461 2724 3546 2724 148 2724 148 769 3546 769 3544 769 148 1473 3544 1473 150 1473 150 768 3544 768 3542 768 150 767 3542 767 152 767 152 765 3542 765 3540 765 152 765 3540 765 154 765 154 1474 3540 1474 3476 1474 154 764 3476 764 130 764 120 1467 3513 1467 3518 1467 120 790 3518 790 171 790 171 789 3518 789 3520 789 171 789 3520 789 173 789 173 788 3520 788 3522 788 173 1468 3522 1468 175 1468 175 785 3522 785 3524 785 175 786 3524 786 177 786 177 2725 3524 2725 3526 2725 177 2726 3526 2726 3412 2726 3412 2727 3526 2727 3528 2727 3412 2728 3528 2728 3410 2728 3410 782 3528 782 3530 782 3410 2729 3530 2729 183 2729 183 780 3530 780 3532 780 183 779 3532 779 185 779 185 778 3532 778 3391 778 185 777 3391 777 102 777 2817 1466 2816 1466 3207 1466 2817 1466 3207 1466 2887 1466 2887 2730 3207 2730 3107 2730 2887 2730 3107 2730 2888 2730 2888 2731 3107 2731 3106 2731 2888 2731 3106 2731 2889 2731 2889 1463 3106 1463 3105 1463 2889 1463 3105 1463 2884 1463 2884 2732 3105 2732 3102 2732 2884 2732 3102 2732 2885 2732 2885 2733 3102 2733 3103 2733 2885 2733 3103 2733 2886 2733 2886 2734 3103 2734 3104 2734 2886 2735 3104 2735 2874 2735 2874 2736 3104 2736 3122 2736 2874 2736 3122 2736 2876 2736 2876 2737 3122 2737 3110 2737 2876 2737 3110 2737 2861 2737 2838 2738 3084 2738 3098 2738 2838 2738 3098 2738 2849 2738 2849 2739 3098 2739 3100 2739 2849 2739 3100 2739 2847 2739 2847 2740 3100 2740 3101 2740 2847 2741 3101 2741 2845 2741 2845 2742 3101 2742 3094 2742 2845 2742 3094 2742 2844 2742 2844 2743 3094 2743 3092 2743 2844 2743 3092 2743 2842 2743 2842 2744 3092 2744 3173 2744 2842 2744 3173 2744 2835 2744 2835 2745 3173 2745 3172 2745 2835 2745 3172 2745 2934 2745 2934 2746 3172 2746 3170 2746 2934 2746 3170 2746 2935 2746 2935 1448 3170 1448 2826 1448 2935 1448 2826 1448 2827 1448 3133 2747 2894 2747 3134 2747 3134 2747 2894 2747 2893 2747 3134 2748 2893 2748 3135 2748 3135 2748 2893 2748 2904 2748 3135 2749 2904 2749 3138 2749 3138 2749 2904 2749 2903 2749 3138 2750 2903 2750 3139 2750 3139 2750 2903 2750 2899 2750 3139 735 2899 735 3140 735 3140 735 2899 735 2898 735 3140 736 2898 736 3144 736 3144 736 2898 736 2897 736 3144 2751 2897 2751 3145 2751 3145 710 2897 710 2892 710 3145 2752 2892 2752 3146 2752 3146 2752 2892 2752 2891 2752 3146 2753 2891 2753 3147 2753 3147 2753 2891 2753 2890 2753 3147 2754 2890 2754 3148 2754 3148 2754 2890 2754 2923 2754 3148 2755 2923 2755 3149 2755 3149 2755 2923 2755 2922 2755 3149 2756 2922 2756 3151 2756 3151 715 2922 715 2921 715 3151 739 2921 739 3152 739 3152 739 2921 739 2920 739 3152 740 2920 740 3161 740 3161 740 2920 740 2919 740 3161 2757 2919 2757 3162 2757 3162 2757 2919 2757 2918 2757 3162 2758 2918 2758 3163 2758 3163 2758 2918 2758 2917 2758 3163 2759 2917 2759 3164 2759 3164 2759 2917 2759 2926 2759 3164 2760 2926 2760 3165 2760 3165 2760 2926 2760 2925 2760 3165 2761 2925 2761 3166 2761 3166 2761 2925 2761 2924 2761 3166 2762 2924 2762 3153 2762 3153 2762 2924 2762 2916 2762 3153 2763 2916 2763 3154 2763 3154 2763 2916 2763 2915 2763 3154 724 2915 724 3156 724 3156 724 2915 724 2914 724 3156 690 2914 690 3157 690 3157 690 2914 690 2909 690 3157 725 2909 725 3158 725 3158 725 2909 725 2908 725 3158 2764 2908 2764 3159 2764 3159 692 2908 692 2913 692 3159 2765 2913 2765 3160 2765 3160 2765 2913 2765 2912 2765 3160 2766 2912 2766 3129 2766 3129 2766 2912 2766 2911 2766 3129 2767 2911 2767 3130 2767 3130 2767 2911 2767 2905 2767 3130 2768 2905 2768 3141 2768 3141 2768 2905 2768 2906 2768 3141 2769 2906 2769 3136 2769 3136 697 2906 697 2907 697 3136 728 2907 728 3137 728 3137 728 2907 728 2902 728 3137 699 2902 699 3142 699 3142 699 2902 699 2901 699 3142 729 2901 729 3143 729 3143 729 2901 729 2900 729 3143 2770 2900 2770 3131 2770 3131 2770 2900 2770 2896 2770 3131 2771 2896 2771 3132 2771 3132 2771 2896 2771 2895 2771 3132 2772 2895 2772 3133 2772 3133 2772 2895 2772 2894 2772 3280 2747 2829 2747 3281 2747 3281 2747 2829 2747 2828 2747 3281 2748 2828 2748 3248 2748 3248 2748 2828 2748 3035 2748 3248 2749 3035 2749 3249 2749 3249 2749 3035 2749 3034 2749 3249 2750 3034 2750 3250 2750 3250 2750 3034 2750 3018 2750 3250 735 3018 735 3251 735 3251 735 3018 735 3017 735 3251 736 3017 736 3259 736 3259 736 3017 736 3016 736 3259 2751 3016 2751 3260 2751 3260 710 3016 710 3006 710 3260 2752 3006 2752 3252 2752 3252 2752 3006 2752 3005 2752 3252 2753 3005 2753 3254 2753 3254 2753 3005 2753 3010 2753 3254 2754 3010 2754 3255 2754 3255 2754 3010 2754 3011 2754 3255 2755 3011 2755 3261 2755 3261 2755 3011 2755 3033 2755 3261 2756 3033 2756 3262 2756 3262 715 3033 715 3032 715 3262 739 3032 739 3263 739 3263 739 3032 739 3031 739 3263 740 3031 740 3270 740 3270 740 3031 740 3030 740 3270 2757 3030 2757 3271 2757 3271 2757 3030 2757 3029 2757 3271 2758 3029 2758 3272 2758 3272 2758 3029 2758 3028 2758 3272 2759 3028 2759 3273 2759 3273 2759 3028 2759 3027 2759 3273 2760 3027 2760 3274 2760 3274 2760 3027 2760 3026 2760 3274 2761 3026 2761 3275 2761 3275 2761 3026 2761 3025 2761 3275 2762 3025 2762 3264 2762 3264 2762 3025 2762 3024 2762 3264 2763 3024 2763 3265 2763 3265 2763 3024 2763 3023 2763 3265 724 3023 724 3266 724 3266 724 3023 724 3022 724 3266 690 3022 690 3256 690 3256 690 3022 690 3021 690 3256 725 3021 725 3257 725 3257 725 3021 725 3020 725 3257 2764 3020 2764 3258 2764 3258 692 3020 692 3019 692 3258 2765 3019 2765 3245 2765 3245 2765 3019 2765 3004 2765 3245 2766 3004 2766 3246 2766 3246 2766 3004 2766 3003 2766 3246 2767 3003 2767 3247 2767 3247 2767 3003 2767 3001 2767 3247 2768 3001 2768 3267 2768 3267 2768 3001 2768 3009 2768 3267 2769 3009 2769 3268 2769 3268 697 3009 697 3008 697 3268 728 3008 728 3269 728 3269 728 3008 728 3007 728 3269 699 3007 699 3276 699 3276 699 3007 699 3015 699 3276 729 3015 729 3277 729 3277 729 3015 729 3014 729 3277 2770 3014 2770 3278 2770 3278 2770 3014 2770 3013 2770 3278 2771 3013 2771 3279 2771 3279 2771 3013 2771 3012 2771 3279 2772 3012 2772 3280 2772 3280 2772 3012 2772 2829 2772 3308 2747 2832 2747 3309 2747 3309 2747 2832 2747 2831 2747 3309 2748 2831 2748 3310 2748 3310 2748 2831 2748 2997 2748 3310 2749 2997 2749 3311 2749 3311 2749 2997 2749 2996 2749 3311 2750 2996 2750 3312 2750 3312 2750 2996 2750 2995 2750 3312 708 2995 708 3313 708 3313 708 2995 708 2994 708 3313 709 2994 709 3314 709 3314 709 2994 709 2993 709 3314 2773 2993 2773 3315 2773 3315 2774 2993 2774 2992 2774 3315 2775 2992 2775 3316 2775 3316 2775 2992 2775 2991 2775 3316 2776 2991 2776 3317 2776 3317 2776 2991 2776 2990 2776 3317 2777 2990 2777 3288 2777 3288 2777 2990 2777 2989 2777 3288 2778 2989 2778 3286 2778 3286 2778 2989 2778 2988 2778 3286 2779 2988 2779 3287 2779 3287 2780 2988 2780 2987 2780 3287 716 2987 716 3297 716 3297 716 2987 716 2986 716 3297 717 2986 717 3298 717 3298 717 2986 717 2981 717 3298 2757 2981 2757 3299 2757 3299 2757 2981 2757 2980 2757 3299 2758 2980 2758 3300 2758 3300 2758 2980 2758 2985 2758 3300 2759 2985 2759 3301 2759 3301 2759 2985 2759 3000 2759 3301 2760 3000 2760 3290 2760 3290 2760 3000 2760 2999 2760 3290 2781 2999 2781 3289 2781 3289 2781 2999 2781 2998 2781 3289 2782 2998 2782 3291 2782 3291 2782 2998 2782 2984 2782 3291 2763 2984 2763 3292 2763 3292 2763 2984 2763 2983 2763 3292 724 2983 724 3282 724 3282 724 2983 724 2982 724 3282 690 2982 690 3283 690 3283 690 2982 690 2972 690 3283 725 2972 725 3284 725 3284 725 2972 725 2971 725 3284 2764 2971 2764 3285 2764 3285 692 2971 692 2969 692 3285 2765 2969 2765 3293 2765 3293 2765 2969 2765 2968 2765 3293 2783 2968 2783 3294 2783 3294 2783 2968 2783 2979 2783 3294 2784 2979 2784 3295 2784 3295 2784 2979 2784 2978 2784 3295 2768 2978 2768 3296 2768 3296 2768 2978 2768 2977 2768 3296 2769 2977 2769 3302 2769 3302 697 2977 697 2976 697 3302 728 2976 728 3303 728 3303 728 2976 728 2975 728 3303 699 2975 699 3304 699 3304 699 2975 699 2974 699 3304 729 2974 729 3305 729 3305 729 2974 729 2967 729 3305 2770 2967 2770 3306 2770 3306 2770 2967 2770 2966 2770 3306 2785 2966 2785 3307 2785 3307 2785 2966 2785 2973 2785 3307 2786 2973 2786 3308 2786 3308 2786 2973 2786 2832 2786 3082 2747 2856 2747 3083 2747 3083 2747 2856 2747 2837 2747 3083 2748 2837 2748 3096 2748 3096 2748 2837 2748 2836 2748 3096 2749 2836 2749 3097 2749 3097 2749 2836 2749 2855 2749 3097 2750 2855 2750 3099 2750 3099 2750 2855 2750 2848 2750 3099 708 2848 708 3095 708 3095 708 2848 708 2846 708 3095 709 2846 709 3093 709 3093 709 2846 709 2843 709 3093 2773 2843 2773 3091 2773 3091 2774 2843 2774 2834 2774 3091 2775 2834 2775 3171 2775 3171 2775 2834 2775 2833 2775 3171 2776 2833 2776 3169 2776 3169 2776 2833 2776 2936 2776 3169 2777 2936 2777 3168 2777 3168 2777 2936 2777 2937 2777 3168 2778 2937 2778 3167 2778 3167 2778 2937 2778 2931 2778 3167 2779 2931 2779 3177 2779 3177 2780 2931 2780 2944 2780 3177 716 2944 716 3178 716 3178 716 2944 716 2943 716 3178 717 2943 717 3179 717 3179 717 2943 717 2940 717 3179 2757 2940 2757 3180 2757 3180 2757 2940 2757 2941 2757 3180 2758 2941 2758 3181 2758 3181 2758 2941 2758 2942 2758 3181 2759 2942 2759 3182 2759 3182 2759 2942 2759 2947 2759 3182 2760 2947 2760 3183 2760 3183 2760 2947 2760 2946 2760 3183 2781 2946 2781 3184 2781 3184 2781 2946 2781 2945 2781 3184 2782 2945 2782 3185 2782 3185 2782 2945 2782 2933 2782 3185 2763 2933 2763 3174 2763 3174 2763 2933 2763 2932 2763 3174 724 2932 724 3175 724 3175 724 2932 724 2939 724 3175 690 2939 690 3186 690 3186 690 2939 690 2938 690 3186 725 2938 725 3187 725 3187 725 2938 725 2930 725 3187 2764 2930 2764 3176 2764 3176 692 2930 692 2929 692 3176 2765 2929 2765 3081 2765 3081 2765 2929 2765 2928 2765 3081 2783 2928 2783 3080 2783 3080 2783 2928 2783 2927 2783 3080 2784 2927 2784 3078 2784 3078 2784 2927 2784 2840 2784 3078 2768 2840 2768 3076 2768 3076 2768 2840 2768 2839 2768 3076 2769 2839 2769 3085 2769 3085 697 2839 697 2854 697 3085 728 2854 728 3086 728 3086 728 2854 728 2853 728 3086 699 2853 699 3087 699 3087 699 2853 699 2851 699 3087 729 2851 729 3088 729 3088 729 2851 729 2850 729 3088 2770 2850 2770 3089 2770 3089 2770 2850 2770 2858 2770 3089 2785 2858 2785 3090 2785 3090 2785 2858 2785 2857 2785 3090 2786 2857 2786 3082 2786 3082 2786 2857 2786 2856 2786 3116 2787 2859 2787 3115 2787 3115 2787 2859 2787 2869 2787 3115 2788 2869 2788 3113 2788 3113 2788 2869 2788 2868 2788 3113 2749 2868 2749 3117 2749 3117 2749 2868 2749 2867 2749 3117 707 2867 707 3118 707 3118 707 2867 707 2866 707 3118 708 2866 708 3119 708 3119 708 2866 708 2865 708 3119 709 2865 709 3125 709 3125 709 2865 709 2863 709 3125 2751 2863 2751 3126 2751 3126 710 2863 710 2862 710 3126 2789 2862 2789 3128 2789 3128 2789 2862 2789 2870 2789 3128 2753 2870 2753 3203 2753 3203 2753 2870 2753 2872 2753 3203 2754 2872 2754 3204 2754 3204 2754 2872 2754 2965 2754 3204 2790 2965 2790 3205 2790 3205 2790 2965 2790 2964 2790 3205 2756 2964 2756 3188 2756 3188 715 2964 715 2963 715 3188 716 2963 716 3189 716 3189 716 2963 716 2959 716 3189 717 2959 717 3190 717 3190 717 2959 717 2958 717 3190 718 2958 718 3191 718 3191 718 2958 718 2957 718 3191 2758 2957 2758 3192 2758 3192 2758 2957 2758 2956 2758 3192 2791 2956 2791 3193 2791 3193 2791 2956 2791 2955 2791 3193 2792 2955 2792 3195 2792 3195 2792 2955 2792 2954 2792 3195 2793 2954 2793 3196 2793 3196 2793 2954 2793 2953 2793 3196 2762 2953 2762 3197 2762 3197 2762 2953 2762 2952 2762 3197 2763 2952 2763 3198 2763 3198 2763 2952 2763 2951 2763 3198 689 2951 689 3199 689 3199 689 2951 689 2949 689 3199 690 2949 690 3200 690 3200 690 2949 690 2948 690 3200 691 2948 691 3201 691 3201 691 2948 691 2962 691 3201 2764 2962 2764 3202 2764 3202 692 2962 692 2961 692 3202 2794 2961 2794 3073 2794 3073 2794 2961 2794 2960 2794 3073 2766 2960 2766 3074 2766 3074 2766 2960 2766 2883 2766 3074 2767 2883 2767 3111 2767 3111 2767 2883 2767 2882 2767 3111 2795 2882 2795 3112 2795 3112 2795 2882 2795 2880 2795 3112 2769 2880 2769 3120 2769 3120 697 2880 697 2879 697 3120 698 2879 698 3121 698 3121 698 2879 698 2873 698 3121 699 2873 699 3123 699 3123 699 2873 699 2875 699 3123 700 2875 700 3124 700 3124 700 2875 700 2877 700 3124 2770 2877 2770 3108 2770 3108 2770 2877 2770 2878 2770 3108 2771 2878 2771 3109 2771 3109 2771 2878 2771 2860 2771 3109 2796 2860 2796 3116 2796 3116 2796 2860 2796 2859 2796 3230 2787 3072 2787 3231 2787 3231 2787 3072 2787 3071 2787 3231 2788 3071 2788 3208 2788 3208 2788 3071 2788 3070 2788 3208 2749 3070 2749 3209 2749 3209 2749 3070 2749 3066 2749 3209 707 3066 707 3210 707 3210 707 3066 707 3065 707 3210 708 3065 708 3211 708 3211 708 3065 708 3064 708 3211 709 3064 709 3214 709 3214 709 3064 709 3047 709 3214 2751 3047 2751 3215 2751 3215 710 3047 710 3046 710 3215 2789 3046 2789 3216 2789 3216 2789 3046 2789 3063 2789 3216 2753 3063 2753 3232 2753 3232 2753 3063 2753 3062 2753 3232 2754 3062 2754 3233 2754 3233 2754 3062 2754 3061 2754 3233 2790 3061 2790 3218 2790 3218 2790 3061 2790 3058 2790 3218 2756 3058 2756 3219 2756 3219 715 3058 715 3057 715 3219 716 3057 716 3234 716 3234 716 3057 716 3056 716 3234 717 3056 717 3235 717 3235 717 3056 717 3053 717 3235 718 3053 718 3236 718 3236 718 3053 718 3054 718 3236 2758 3054 2758 3237 2758 3237 2758 3054 2758 3055 2758 3237 2791 3055 2791 3238 2791 3238 2791 3055 2791 3069 2791 3238 2792 3069 2792 3239 2792 3239 2792 3069 2792 3068 2792 3239 2793 3068 2793 3220 2793 3220 2793 3068 2793 3067 2793 3220 2762 3067 2762 3221 2762 3221 2762 3067 2762 3052 2762 3221 2763 3052 2763 3222 2763 3222 2763 3052 2763 3051 2763 3222 689 3051 689 3223 689 3223 689 3051 689 3060 689 3223 690 3060 690 3224 690 3224 690 3060 690 3059 690 3224 691 3059 691 3225 691 3225 691 3059 691 3050 691 3225 2764 3050 2764 3226 2764 3226 692 3050 692 3049 692 3226 2794 3049 2794 3242 2794 3242 2794 3049 2794 3048 2794 3242 2766 3048 2766 3243 2766 3243 2766 3048 2766 3042 2766 3243 2767 3042 2767 3244 2767 3244 2767 3042 2767 3044 2767 3244 2795 3044 2795 3227 2795 3227 2795 3044 2795 3045 2795 3227 2769 3045 2769 3212 2769 3212 697 3045 697 3041 697 3212 698 3041 698 3213 698 3213 698 3041 698 3040 698 3213 699 3040 699 3240 699 3240 699 3040 699 3039 699 3240 700 3039 700 3241 700 3241 700 3039 700 3036 700 3241 2770 3036 2770 3228 2770 3228 2770 3036 2770 3037 2770 3228 2771 3037 2771 3229 2771 3229 2771 3037 2771 3038 2771 3229 2796 3038 2796 3230 2796 3230 2796 3038 2796 3072 2796 2474 848 1974 848 2461 848 2461 848 1974 848 1973 848 2461 811 1973 811 2462 811 2462 811 1973 811 1965 811 2462 850 1965 850 2463 850 2463 850 1965 850 1964 850 2463 814 1964 814 2281 814 2281 814 1964 814 1963 814 2281 2797 1963 2797 2282 2797 2282 2797 1963 2797 1962 2797 2282 852 1962 852 2480 852 2480 852 1962 852 2001 852 2480 853 2001 853 2481 853 2481 853 2001 853 2002 853 2481 818 2002 818 2483 818 2483 818 2002 818 2004 818 2483 854 2004 854 2502 854 2502 854 2004 854 2008 854 2502 855 2008 855 2503 855 2503 855 2008 855 2007 855 2503 821 2007 821 2493 821 2493 821 2007 821 1990 821 2493 856 1990 856 2477 856 2477 856 1990 856 1989 856 2477 2798 1989 2798 2478 2798 2478 2798 1989 2798 2005 2798 2478 2799 2005 2799 2479 2799 2479 2799 2005 2799 1980 2799 2479 2800 1980 2800 2456 2800 2456 2800 1980 2800 1979 2800 2456 2801 1979 2801 2457 2801 2457 2801 1979 2801 1978 2801 2457 828 1978 828 2468 828 2468 828 1978 828 1961 828 2468 861 1961 861 2469 861 2469 861 1961 861 1960 861 2469 830 1960 830 2470 830 2470 830 1960 830 1972 830 2470 831 1972 831 2471 831 2471 831 1972 831 1977 831 2471 2802 1977 2802 2475 2802 2475 2802 1977 2802 1976 2802 2475 2803 1976 2803 2476 2803 2476 2803 1976 2803 1971 2803 2476 2804 1971 2804 2464 2804 2464 2804 1971 2804 1970 2804 2464 2805 1970 2805 2465 2805 2465 2805 1970 2805 1969 2805 2465 837 1969 837 2466 837 2466 837 1969 837 1956 837 2466 798 1956 798 2467 798 2467 798 1956 798 1955 798 2467 838 1955 838 2452 838 2452 838 1955 838 1954 838 2452 839 1954 839 2453 839 2453 839 1954 839 1953 839 2453 801 1953 801 2454 801 2454 801 1953 801 1959 801 2454 840 1959 840 2455 840 2455 840 1959 840 1958 840 2455 841 1958 841 2458 841 2458 841 1958 841 1957 841 2458 842 1957 842 2459 842 2459 842 1957 842 1968 842 2459 843 1968 843 2460 843 2460 843 1968 843 1967 843 2460 845 1967 845 2472 845 2472 845 1967 845 1966 845 2472 846 1966 846 2473 846 2473 846 1966 846 1975 846 2473 847 1975 847 2474 847 2474 847 1975 847 1974 847 2515 848 1986 848 2507 848 2507 848 1986 848 1998 848 2507 811 1998 811 2508 811 2508 811 1998 811 1997 811 2508 850 1997 850 2509 850 2509 850 1997 850 1996 850 2509 851 1996 851 2486 851 2486 851 1996 851 1995 851 2486 815 1995 815 2487 815 2487 815 1995 815 2000 815 2487 852 2000 852 2489 852 2489 852 2000 852 1999 852 2489 853 1999 853 2490 853 2490 853 1999 853 1993 853 2490 818 1993 818 2494 818 2494 818 1993 818 1992 818 2494 854 1992 854 2495 854 2495 854 1992 854 2012 854 2495 855 2012 855 2496 855 2496 855 2012 855 2011 855 2496 821 2011 821 2497 821 2497 821 2011 821 2018 821 2497 856 2018 856 2510 856 2510 856 2018 856 2017 856 2510 2798 2017 2798 2511 2798 2511 2798 2017 2798 2016 2798 2511 2806 2016 2806 2512 2806 2512 2806 2016 2806 2026 2806 2512 2807 2026 2807 2516 2807 2516 2807 2026 2807 2025 2807 2516 2801 2025 2801 2517 2801 2517 2801 2025 2801 2021 2801 2517 828 2021 828 2279 828 2279 828 2021 828 2020 828 2279 861 2020 861 2280 861 2280 861 2020 861 2019 861 2280 830 2019 830 2518 830 2518 830 2019 830 2024 830 2518 755 2024 755 2519 755 2519 755 2024 755 2023 755 2519 2808 2023 2808 2520 2808 2520 2808 2023 2808 2022 2808 2520 2803 2022 2803 2491 2803 2491 2803 2022 2803 2015 2803 2491 2804 2015 2804 2492 2804 2492 2804 2015 2804 2014 2804 2492 2809 2014 2809 2498 2809 2498 2809 2014 2809 2013 2809 2498 797 2013 797 2499 797 2499 797 2013 797 2006 797 2499 798 2006 798 2500 798 2500 798 2006 798 2010 798 2500 838 2010 838 2501 838 2501 838 2010 838 2009 838 2501 839 2009 839 2484 839 2484 839 2009 839 2003 839 2484 801 2003 801 2482 801 2482 801 2003 801 1983 801 2482 802 1983 802 2485 802 2485 802 1983 802 1984 802 2485 803 1984 803 2504 803 2504 803 1984 803 1985 803 2504 842 1985 842 2505 842 2505 842 1985 842 1988 842 2505 843 1988 843 2506 843 2506 843 1988 843 1987 843 2506 2810 1987 2810 2513 2810 2513 2810 1987 2810 1982 2810 2513 808 1982 808 2514 808 2514 808 1982 808 1981 808 2514 847 1981 847 2515 847 2515 847 1981 847 1986 847 2735 810 2159 810 2736 810 2736 810 2159 810 2158 810 2736 811 2158 811 2725 811 2725 811 2158 811 2149 811 2725 813 2149 813 2726 813 2726 813 2149 813 2148 813 2726 814 2148 814 2727 814 2727 814 2148 814 2147 814 2727 815 2147 815 2743 815 2743 815 2147 815 2173 815 2743 816 2173 816 2744 816 2744 816 2173 816 2172 816 2744 817 2172 817 2745 817 2745 817 2172 817 2168 817 2745 818 2168 818 2749 818 2749 818 2168 818 2167 818 2749 819 2167 819 2750 819 2750 819 2167 819 2184 819 2750 820 2184 820 2751 820 2751 820 2184 820 2183 820 2751 821 2183 821 2737 821 2737 821 2183 821 2182 821 2737 822 2182 822 2738 822 2738 822 2182 822 2166 822 2738 2811 2166 2811 2739 2811 2739 2811 2166 2811 2165 2811 2739 2806 2165 2806 2740 2806 2740 2806 2165 2806 2164 2806 2740 2800 2164 2800 2741 2800 2741 2800 2164 2800 2163 2800 2741 2812 2163 2812 2742 2812 2742 2812 2163 2812 2162 2812 2742 828 2162 828 2273 828 2273 828 2162 828 2161 828 2273 829 2161 829 2274 829 2274 829 2161 829 2154 829 2274 791 2154 791 2720 791 2720 791 2154 791 2155 791 2720 755 2155 755 2728 755 2728 755 2155 755 2157 755 2728 2813 2157 2813 2729 2813 2729 2813 2157 2813 2181 2813 2729 2814 2181 2814 2730 2814 2730 2814 2181 2814 2180 2814 2730 2815 2180 2815 2731 2815 2731 2815 2180 2815 2171 2815 2731 2809 2171 2809 2732 2809 2732 2809 2171 2809 2170 2809 2732 797 2170 797 2733 797 2733 797 2170 797 2169 797 2733 798 2169 798 2752 798 2752 798 2169 798 2179 798 2752 799 2179 799 2753 799 2753 799 2179 799 2178 799 2753 800 2178 800 2754 800 2754 800 2178 800 2177 800 2754 801 2177 801 2746 801 2746 801 2177 801 2176 801 2746 802 2176 802 2747 802 2747 802 2176 802 2175 802 2747 803 2175 803 2748 803 2748 803 2175 803 2174 803 2748 804 2174 804 2721 804 2721 804 2174 804 2153 804 2721 805 2153 805 2722 805 2722 805 2153 805 2151 805 2722 807 2151 807 2724 807 2724 807 2151 807 2150 807 2724 808 2150 808 2734 808 2734 808 2150 808 2160 808 2734 809 2160 809 2735 809 2735 809 2160 809 2159 809 2540 810 2054 810 2541 810 2541 810 2054 810 2053 810 2541 811 2053 811 2521 811 2521 811 2053 811 2052 811 2521 813 2052 813 2522 813 2522 813 2052 813 2034 813 2522 814 2034 814 2524 814 2524 814 2034 814 2035 814 2524 815 2035 815 2525 815 2525 815 2035 815 2036 815 2525 816 2036 816 2536 816 2536 816 2036 816 2051 816 2536 817 2051 817 2537 817 2537 817 2051 817 2050 817 2537 818 2050 818 2538 818 2538 818 2050 818 2049 818 2538 819 2049 819 2542 819 2542 819 2049 819 2048 819 2542 820 2048 820 2543 820 2543 820 2048 820 2047 820 2543 821 2047 821 2544 821 2544 821 2047 821 2046 821 2544 822 2046 822 2545 822 2545 822 2046 822 2045 822 2545 2811 2045 2811 2546 2811 2546 2811 2045 2811 2044 2811 2546 2806 2044 2806 2547 2806 2547 2806 2044 2806 2043 2806 2547 2800 2043 2800 2548 2800 2548 2800 2043 2800 2042 2800 2548 2812 2042 2812 2549 2812 2549 2812 2042 2812 2041 2812 2549 828 2041 828 2526 828 2526 828 2041 828 2040 828 2526 829 2040 829 2527 829 2527 829 2040 829 2031 829 2527 791 2031 791 2528 791 2528 791 2031 791 2033 791 2528 755 2033 755 2529 755 2529 755 2033 755 2032 755 2529 2813 2032 2813 2530 2813 2530 2813 2032 2813 2028 2813 2530 2814 2028 2814 2553 2814 2553 2814 2028 2814 2027 2814 2553 2815 2027 2815 2554 2815 2554 2815 2027 2815 2066 2815 2554 2809 2066 2809 2555 2809 2555 2809 2066 2809 2065 2809 2555 797 2065 797 2556 797 2556 797 2065 797 2064 797 2556 798 2064 798 2557 798 2557 798 2064 798 2060 798 2557 799 2060 799 2558 799 2558 799 2060 799 2062 799 2558 800 2062 800 2559 800 2559 800 2062 800 2063 800 2559 801 2063 801 2552 801 2552 801 2063 801 2059 801 2552 802 2059 802 2550 802 2550 802 2059 802 2058 802 2550 803 2058 803 2531 803 2531 803 2058 803 2056 803 2531 804 2056 804 2532 804 2532 804 2056 804 2055 804 2532 805 2055 805 2534 805 2534 805 2055 805 2039 805 2534 807 2039 807 2535 807 2535 807 2039 807 2038 807 2535 808 2038 808 2539 808 2539 808 2038 808 2037 808 2539 809 2037 809 2540 809 2540 809 2037 809 2054 809 2301 2579 2136 2579 2302 2579 2302 2579 2136 2579 2135 2579 2302 2548 2135 2548 2306 2548 2306 2548 2135 2548 2134 2548 2306 2549 2134 2549 2307 2549 2307 2549 2134 2549 2133 2549 2307 2580 2133 2580 2308 2580 2308 2580 2133 2580 2143 2580 2308 2581 2143 2581 2312 2581 2312 2581 2143 2581 2142 2581 2312 2551 2142 2551 2313 2551 2313 2551 2142 2551 2121 2551 2313 2582 2121 2582 2287 2582 2287 2582 2121 2582 2120 2582 2287 2553 2120 2553 2288 2553 2288 2553 2120 2553 2127 2553 2288 2583 2127 2583 2296 2583 2296 2583 2127 2583 2126 2583 2296 2584 2126 2584 2297 2584 2297 2584 2126 2584 2125 2584 2297 2556 2125 2556 2284 2556 2284 2556 2125 2556 2119 2556 2284 2585 2119 2585 2285 2585 2285 2585 2119 2585 2068 2585 2285 2558 2068 2558 2338 2558 2338 2558 2068 2558 2067 2558 2338 717 2067 717 2336 717 2336 717 2067 717 2087 717 2336 2586 2087 2586 2334 2586 2334 2586 2087 2586 2086 2586 2334 2587 2086 2587 2352 2587 2352 2587 2086 2587 2084 2587 2352 2561 2084 2561 2353 2561 2353 2561 2084 2561 2083 2561 2353 2588 2083 2588 2355 2588 2355 2588 2083 2588 2104 2588 2357 2589 2100 2589 2358 2589 2358 2589 2100 2589 2093 2589 2358 2564 2093 2564 2351 2564 2351 2564 2093 2564 2095 2564 2351 2590 2095 2590 2349 2590 2349 2590 2095 2590 2099 2590 2349 2591 2099 2591 2332 2591 2332 2591 2099 2591 2098 2591 2332 708 2098 708 2345 708 2345 708 2098 708 2132 708 2345 2567 2132 2567 2294 2567 2294 2567 2132 2567 2131 2567 2294 2592 2131 2592 2295 2592 2295 2592 2131 2592 2129 2592 2295 2569 2129 2569 2309 2569 2309 2569 2129 2569 2128 2569 2309 2593 2128 2593 2310 2593 2310 2593 2128 2593 2146 2593 2310 2594 2146 2594 2311 2594 2311 2594 2146 2594 2145 2594 2311 2572 2145 2572 2290 2572 2290 2572 2145 2572 2144 2572 2290 2595 2144 2595 2291 2595 2291 2595 2144 2595 2141 2595 2291 2574 2141 2574 2298 2574 2298 2574 2141 2574 2140 2574 2298 2596 2140 2596 2299 2596 2299 2596 2140 2596 2139 2596 2299 2597 2139 2597 2300 2597 2300 2597 2139 2597 2123 2597 2300 2576 2123 2576 2303 2576 2303 2576 2123 2576 2122 2576 2303 2577 2122 2577 2304 2577 2304 2577 2122 2577 2138 2577 2304 2598 2138 2598 2305 2598 2305 2598 2138 2598 2137 2598 2100 50 2357 50 2104 50 2104 50 2357 50 2355 50 2137 101 2136 101 2305 101 2305 101 2136 101 2301 101 2661 2547 2202 2547 2654 2547 2654 2547 2202 2547 2201 2547 2654 2548 2201 2548 2653 2548 2653 2548 2201 2548 2192 2548 2653 2549 2192 2549 2652 2549 2652 2549 2192 2549 2191 2549 2652 2550 2191 2550 2671 2550 2671 2550 2191 2550 2190 2550 2671 690 2190 690 2672 690 2672 690 2190 690 2211 690 2672 2551 2211 2551 2673 2551 2673 2551 2211 2551 2210 2551 2673 2552 2210 2552 2676 2552 2676 2552 2210 2552 2209 2552 2676 2816 2209 2816 2677 2816 2677 2816 2209 2816 2208 2816 2677 2817 2208 2817 2678 2817 2678 2817 2208 2817 2207 2817 2678 2555 2207 2555 2655 2555 2655 2555 2207 2555 2206 2555 2655 2556 2206 2556 2656 2556 2656 2556 2206 2556 2200 2556 2656 2557 2200 2557 2657 2557 2657 2557 2200 2557 2199 2557 2657 2558 2199 2558 2658 2558 2658 2558 2199 2558 2205 2558 2658 2818 2205 2818 2662 2818 2662 2818 2205 2818 2204 2818 2662 2819 2204 2819 2663 2819 2663 2819 2204 2819 2189 2819 2663 2560 2189 2560 2664 2560 2664 2560 2189 2560 2188 2560 2664 2561 2188 2561 2665 2561 2665 2561 2188 2561 2214 2561 2665 2562 2214 2562 2666 2562 2666 2562 2214 2562 2213 2562 2667 2563 2212 2563 2651 2563 2651 2563 2212 2563 2196 2563 2651 2564 2196 2564 2650 2564 2650 2564 2196 2564 2197 2564 2650 2565 2197 2565 2649 2565 2649 2565 2197 2565 2198 2565 2649 2820 2198 2820 2668 2820 2668 2820 2198 2820 2222 2820 2668 2821 2222 2821 2669 2821 2669 2821 2222 2821 2221 2821 2669 2567 2221 2567 2670 2567 2670 2567 2221 2567 2218 2567 2670 2568 2218 2568 2674 2568 2674 2568 2218 2568 2219 2568 2674 2569 2219 2569 2675 2569 2675 2569 2219 2569 2220 2569 2675 2570 2220 2570 2642 2570 2642 2570 2220 2570 2225 2570 2642 2822 2225 2822 2641 2822 2641 2822 2225 2822 2224 2822 2641 2823 2224 2823 2643 2823 2643 2823 2224 2823 2223 2823 2643 2573 2223 2573 2644 2573 2644 2573 2223 2573 2217 2573 2644 2574 2217 2574 2645 2574 2645 2574 2217 2574 2216 2574 2645 699 2216 699 2646 699 2646 699 2216 699 2215 699 2646 2575 2215 2575 2647 2575 2647 2575 2215 2575 2193 2575 2647 2576 2193 2576 2648 2576 2648 2576 2193 2576 2194 2576 2648 2577 2194 2577 2659 2577 2659 2577 2194 2577 2195 2577 2659 2578 2195 2578 2660 2578 2660 2578 2195 2578 2203 2578 2212 50 2667 50 2213 50 2213 50 2667 50 2666 50 2203 101 2202 101 2660 101 2660 101 2202 101 2661 101 2710 2547 2248 2547 2696 2547 2696 2547 2248 2547 2247 2547 2696 2599 2247 2599 2695 2599 2695 2599 2247 2599 2232 2599 2695 2600 2232 2600 2694 2600 2694 2600 2232 2600 2231 2600 2694 2550 2231 2550 2711 2550 2711 2550 2231 2550 2240 2550 2711 690 2240 690 2712 690 2712 690 2240 690 2239 690 2712 2601 2239 2601 2713 2601 2713 2601 2239 2601 2230 2601 2713 2623 2230 2623 2714 2623 2714 2623 2230 2623 2229 2623 2714 2824 2229 2824 2715 2824 2715 2824 2229 2824 2246 2824 2715 2825 2246 2825 2716 2825 2716 2825 2246 2825 2245 2825 2716 2625 2245 2625 2703 2625 2703 2625 2245 2625 2244 2625 2703 2606 2244 2606 2704 2606 2704 2606 2244 2606 2238 2606 2704 2626 2238 2626 2705 2626 2705 2626 2238 2626 2237 2626 2705 2608 2237 2608 2690 2608 2690 2608 2237 2608 2236 2608 2690 2818 2236 2818 2691 2818 2691 2818 2236 2818 2235 2818 2691 2819 2235 2819 2692 2819 2692 2819 2235 2819 2234 2819 2692 2627 2234 2627 2693 2627 2693 2627 2234 2627 2233 2627 2693 2610 2233 2610 2697 2610 2697 2610 2233 2610 2257 2610 2697 2562 2257 2562 2698 2562 2698 2562 2257 2562 2256 2562 2699 2563 2255 2563 2689 2563 2689 2563 2255 2563 2254 2563 2689 2611 2254 2611 2688 2611 2688 2611 2254 2611 2253 2611 2688 2628 2253 2628 2687 2628 2687 2628 2253 2628 2252 2628 2687 2820 2252 2820 2700 2820 2700 2820 2252 2820 2251 2820 2700 2821 2251 2821 2701 2821 2701 2821 2251 2821 2250 2821 2701 2613 2250 2613 2702 2613 2702 2613 2250 2613 2263 2613 2702 2629 2263 2629 2706 2629 2706 2629 2263 2629 2262 2629 2706 2615 2262 2615 2707 2615 2707 2615 2262 2615 2261 2615 2707 2630 2261 2630 2679 2630 2679 2630 2261 2630 2260 2630 2679 2826 2260 2826 2680 2826 2680 2826 2260 2826 2259 2826 2680 2827 2259 2827 2681 2827 2681 2827 2259 2827 2258 2827 2681 2632 2258 2632 2682 2632 2682 2632 2258 2632 2243 2632 2682 2620 2243 2620 2683 2620 2683 2620 2243 2620 2242 2620 2683 699 2242 699 2684 699 2684 699 2242 699 2241 699 2684 2575 2241 2575 2685 2575 2685 2575 2241 2575 2226 2575 2685 2621 2226 2621 2686 2621 2686 2621 2226 2621 2227 2621 2686 2622 2227 2622 2708 2622 2708 2622 2227 2622 2228 2622 2708 2578 2228 2578 2709 2578 2709 2578 2228 2578 2249 2578 2255 50 2699 50 2256 50 2256 50 2699 50 2698 50 2249 101 2248 101 2709 101 2709 101 2248 101 2710 101 2626 2579 1860 2579 2627 2579 2627 2579 1860 2579 1864 2579 2627 2599 1864 2599 2629 2599 2629 2599 1864 2599 1863 2599 2629 2600 1863 2600 2630 2600 2630 2600 1863 2600 1853 2600 2630 2580 1853 2580 2631 2580 2631 2580 1853 2580 1852 2580 2631 2581 1852 2581 2632 2581 2632 2581 1852 2581 1851 2581 2632 2601 1851 2601 2633 2601 2633 2601 1851 2601 1840 2601 2633 2602 1840 2602 2634 2602 2634 2602 1840 2602 1839 2602 2634 2603 1839 2603 2635 2603 2635 2603 1839 2603 1850 2603 2635 2604 1850 2604 2636 2604 2636 2604 1850 2604 1849 2604 2636 2605 1849 2605 2619 2605 2619 2605 1849 2605 1848 2605 2619 2606 1848 2606 2618 2606 2618 2606 1848 2606 1838 2606 2618 2607 1838 2607 2616 2607 2616 2607 1838 2607 1837 2607 2616 2608 1837 2608 2593 2608 2593 2608 1837 2608 1809 2608 2593 717 1809 717 2591 717 2591 717 1809 717 1811 717 2591 2586 1811 2586 2589 2586 2589 2586 1811 2586 1812 2586 2589 2609 1812 2609 2601 2609 2601 2609 1812 2609 1836 2609 2601 2610 1836 2610 2602 2610 2602 2610 1836 2610 1835 2610 2602 2588 1835 2588 2604 2588 2604 2588 1835 2588 1833 2588 2606 2589 1831 2589 2607 2589 2607 2589 1831 2589 1829 2589 2607 2611 1829 2611 2573 2611 2573 2611 1829 2611 1828 2611 2573 2612 1828 2612 2571 2612 2571 2612 1828 2612 1822 2612 2571 2591 1822 2591 2565 2591 2565 2591 1822 2591 1823 2591 2565 708 1823 708 2611 708 2611 708 1823 708 1789 708 2611 2613 1789 2613 2612 2613 2612 2613 1789 2613 1847 2613 2612 2614 1847 2614 2613 2614 2613 2614 1847 2614 1846 2614 2613 2615 1846 2615 2620 2615 2620 2615 1846 2615 1845 2615 2620 2616 1845 2616 2621 2616 2621 2616 1845 2616 1856 2616 2621 2617 1856 2617 2622 2617 2622 2617 1856 2617 1855 2617 2622 2618 1855 2618 2614 2618 2614 2618 1855 2618 1854 2618 2614 2619 1854 2619 2615 2619 2615 2619 1854 2619 1843 2619 2615 2620 1843 2620 2623 2620 2623 2620 1843 2620 1842 2620 2623 2596 1842 2596 2624 2596 2624 2596 1842 2596 1859 2596 2624 2597 1859 2597 2625 2597 2625 2597 1859 2597 1858 2597 2625 2621 1858 2621 2637 2621 2637 2621 1858 2621 1857 2621 2637 2622 1857 2622 2638 2622 2638 2622 1857 2622 1862 2622 2638 2598 1862 2598 2639 2598 2639 2598 1862 2598 1861 2598 1831 50 2606 50 1833 50 1833 50 2606 50 2604 50 1861 101 1860 101 2639 101 2639 101 1860 101 2626 101 3557 161 3558 161 3559 161 3560 161 3561 161 3562 161 3563 2828 3564 2828 3565 2828 3566 161 3567 161 3563 161 3563 2829 3567 2829 3568 2829 3563 2830 3568 2830 3564 2830 3562 161 3569 161 3560 161 3560 2831 3569 2831 3570 2831 3560 2832 3570 2832 3571 2832 3572 161 3573 161 3574 161 3574 2833 3573 2833 3575 2833 3571 2834 3576 2834 3560 2834 3560 2835 3576 2835 3577 2835 3560 2836 3577 2836 3578 2836 3565 161 3579 161 3563 161 3563 2837 3579 2837 3580 2837 3563 161 3580 161 3574 161 3574 2838 3580 2838 3581 2838 3574 2839 3581 2839 3572 2839 3575 161 3582 161 3574 161 3574 2840 3582 2840 3583 2840 3574 2841 3583 2841 3584 2841 3578 161 3585 161 3586 161 3586 161 3585 161 3587 161 3586 161 3587 161 3588 161 3588 161 3587 161 3589 161 3590 1729 3591 1729 3561 1729 3591 161 3592 161 3561 161 3561 2842 3592 2842 3593 2842 3561 2843 3593 2843 3594 2843 3594 161 3595 161 3561 161 3561 2844 3595 2844 3596 2844 3561 2845 3596 2845 3562 2845 3597 161 3598 161 3599 161 3566 161 3600 161 3567 161 3567 161 3600 161 3599 161 3567 161 3599 161 3601 161 3601 161 3599 161 3598 161 3584 161 3602 161 3574 161 3574 2846 3602 2846 3603 2846 3574 161 3603 161 3561 161 3561 161 3603 161 3604 161 3561 2847 3604 2847 3590 2847 3599 161 3605 161 3597 161 3597 161 3605 161 3606 161 3597 161 3606 161 3607 161 3607 161 3606 161 3608 161 3607 161 3608 161 3609 161 3609 161 3608 161 3610 161 3609 161 3610 161 3611 161 3611 161 3610 161 3612 161 3611 161 3612 161 3587 161 3587 161 3612 161 3613 161 3587 161 3613 161 3589 161 3578 161 3586 161 3560 161 3560 2848 3586 2848 3614 2848 3560 2849 3614 2849 3615 2849 3616 1520 3617 1520 3618 1520 3619 161 3620 161 3621 161 3622 161 3623 161 3563 161 3563 1522 3623 1522 3624 1522 3563 1565 3624 1565 3566 1565 3615 2850 3625 2850 3560 2850 3560 1528 3625 1528 3626 1528 3560 161 3626 161 3618 161 3618 2851 3626 2851 3627 2851 3618 2852 3627 2852 3616 2852 3617 161 3628 161 3618 161 3618 2853 3628 2853 3629 2853 3618 2854 3629 2854 3630 2854 3620 161 3631 161 3621 161 3621 2855 3631 2855 3632 2855 3621 161 3632 161 3563 161 3563 2856 3632 2856 3633 2856 3563 1532 3633 1532 3622 1532 3634 1523 3635 1523 3621 1523 3621 2857 3635 2857 3636 2857 3621 1550 3636 1550 3619 1550 3637 1524 3638 1524 3621 1524 3621 2858 3638 2858 3639 2858 3621 2859 3639 2859 3634 2859 3630 161 3640 161 3618 161 3618 1527 3640 1527 3641 1527 3618 2860 3641 2860 3637 2860 3642 161 3643 161 3644 161 3643 161 3645 161 3644 161 3644 2861 3645 2861 3646 2861 3644 2862 3646 2862 3647 2862 3647 2863 3648 2863 3644 2863 3644 2864 3648 2864 3649 2864 3644 161 3649 161 3650 161 3651 1499 3652 1499 3653 1499 3654 161 3655 161 3656 161 3656 1510 3655 1510 3657 1510 3654 161 3658 161 3655 161 3655 2865 3658 2865 3659 2865 3655 2866 3659 2866 3644 2866 3644 2867 3659 2867 3660 2867 3644 1516 3660 1516 3642 1516 3649 161 3661 161 3650 161 3650 2868 3661 2868 3662 2868 3650 2869 3662 2869 3663 2869 3664 161 3665 161 3655 161 3665 161 3666 161 3655 161 3655 2870 3666 2870 3667 2870 3655 2871 3667 2871 3657 2871 3653 161 3668 161 3651 161 3651 2872 3668 2872 3669 2872 3651 161 3669 161 3655 161 3655 2873 3669 2873 3670 2873 3655 2874 3670 2874 3664 2874 3671 161 3672 161 3651 161 3651 2875 3672 2875 3673 2875 3651 2876 3673 2876 3652 2876 3663 2877 3674 2877 3650 2877 3650 2878 3674 2878 3675 2878 3650 161 3675 161 3676 161 3677 161 3678 161 3671 161 3671 2879 3678 2879 3679 2879 3671 2880 3679 2880 3672 2880 3675 161 3680 161 3676 161 3676 2881 3680 2881 3681 2881 3676 2882 3681 2882 3682 2882 3682 2883 3683 2883 3676 2883 3676 2884 3683 2884 3684 2884 3676 1737 3684 1737 3671 1737 3671 1736 3684 1736 3685 1736 3671 2885 3685 2885 3677 2885 3686 1510 3687 1510 3688 1510 3689 161 3690 161 3691 161 3691 161 3690 161 3692 161 3693 161 3688 161 3694 161 3694 161 3688 161 3695 161 3696 2886 3697 2886 3698 2886 3687 161 3699 161 3688 161 3688 2887 3699 2887 3700 2887 3688 2888 3700 2888 3695 2888 3693 161 3701 161 3702 161 3702 1509 3701 1509 3703 1509 3702 2889 3703 2889 3704 2889 3689 161 3705 161 3690 161 3690 161 3705 161 3706 161 3690 161 3706 161 3688 161 3688 2890 3706 2890 3707 2890 3688 2891 3707 2891 3686 2891 3708 2892 3709 2892 3690 2892 3697 2893 3710 2893 3698 2893 3698 2894 3710 2894 3711 2894 3698 161 3711 161 3690 161 3690 2895 3711 2895 3712 2895 3690 2896 3712 2896 3708 2896 3709 161 3713 161 3690 161 3690 2897 3713 2897 3714 2897 3690 2898 3714 2898 3692 2898 3715 161 3716 161 3698 161 3698 2899 3716 2899 3717 2899 3698 2900 3717 2900 3696 2900 3718 2901 3719 2901 3720 2901 3704 161 3721 161 3702 161 3702 2902 3721 2902 3722 2902 3702 161 3722 161 3718 161 3718 2903 3722 2903 3723 2903 3718 2904 3723 2904 3719 2904 3724 161 3725 161 3715 161 3715 161 3725 161 3726 161 3715 2905 3726 2905 3716 2905 3720 161 3727 161 3718 161 3718 2906 3727 2906 3728 2906 3718 161 3728 161 3715 161 3715 161 3728 161 3729 161 3715 2907 3729 2907 3724 2907 3730 161 3731 161 3651 161 3732 161 3733 161 3702 161 3734 161 3735 161 3651 161 3651 2908 3735 2908 3736 2908 3651 1618 3736 1618 3730 1618 3732 161 3702 161 3731 161 3737 161 3738 161 3688 161 3739 161 3740 161 3655 161 3655 2909 3740 2909 3741 2909 3655 2910 3741 2910 3742 2910 3743 161 3744 161 3651 161 3651 2911 3744 2911 3745 2911 3651 2912 3745 2912 3734 2912 3733 1617 3746 1617 3702 1617 3702 1621 3746 1621 3747 1621 3702 2913 3747 2913 3748 2913 3693 161 3702 161 3688 161 3688 161 3702 161 3749 161 3688 1623 3749 1623 3737 1623 3742 2914 3750 2914 3655 2914 3655 1624 3750 1624 3751 1624 3655 161 3751 161 3651 161 3651 2915 3751 2915 3752 2915 3651 1622 3752 1622 3743 1622 3748 161 3753 161 3702 161 3702 2916 3753 2916 3754 2916 3702 1622 3754 1622 3749 1622 3738 161 3755 161 3688 161 3688 1612 3755 1612 3756 1612 3688 2917 3756 2917 3757 2917 3758 161 3759 161 3655 161 3760 2918 3655 2918 3761 2918 3761 161 3655 161 3762 161 3758 161 3655 161 3763 161 3759 161 3764 161 3655 161 3655 2919 3764 2919 3765 2919 3655 2920 3765 2920 3762 2920 3766 2921 3767 2921 3768 2921 3769 161 3770 161 3771 161 3772 161 3773 161 3771 161 3771 2922 3773 2922 3774 2922 3771 2923 3774 2923 3775 2923 3770 1680 3776 1680 3771 1680 3771 2924 3776 2924 3777 2924 3771 2925 3777 2925 3772 2925 3739 161 3655 161 3778 161 3778 2926 3655 2926 3760 2926 3778 161 3760 161 3779 161 3779 161 3760 161 3780 161 3779 161 3780 161 3781 161 3766 161 3768 161 3782 161 3783 161 3767 161 3784 161 3781 161 3780 161 3785 161 3785 161 3780 161 3786 161 3785 161 3786 161 3784 161 3784 161 3786 161 3787 161 3784 161 3787 161 3783 161 3768 161 3788 161 3771 161 3771 2927 3788 2927 3789 2927 3771 2928 3789 2928 3769 2928 3783 161 3790 161 3767 161 3767 161 3790 161 3791 161 3767 161 3791 161 3792 161 3793 161 3794 161 3768 161 3768 1627 3794 1627 3795 1627 3768 2929 3795 2929 3788 2929 3796 161 3797 161 3768 161 3768 1676 3797 1676 3798 1676 3792 161 3799 161 3767 161 3767 2930 3799 2930 3800 2930 3767 2931 3800 2931 3768 2931 3768 2932 3800 2932 3801 2932 3768 2933 3801 2933 3796 2933 3798 161 3802 161 3768 161 3768 1672 3802 1672 3803 1672 3768 2934 3803 2934 3793 2934 3804 161 3805 161 3806 161 3807 161 3806 161 3808 161 3805 161 3809 161 3806 161 3806 2935 3809 2935 3810 2935 3806 1582 3810 1582 3808 1582 3811 161 3563 161 3812 161 3812 161 3563 161 3813 161 3814 161 3815 161 3621 161 3621 2936 3815 2936 3816 2936 3808 161 3817 161 3807 161 3807 2937 3817 2937 3818 2937 3807 2938 3818 2938 3819 2938 3819 161 3820 161 3807 161 3807 1576 3820 1576 3821 1576 3807 2939 3821 2939 3822 2939 3822 2940 3823 2940 3807 2940 3807 1572 3823 1572 3824 1572 3807 2941 3824 2941 3825 2941 3826 161 3827 161 3563 161 3563 2942 3827 2942 3828 2942 3563 2943 3828 2943 3813 2943 3811 161 3829 161 3563 161 3563 2937 3829 2937 3830 2937 3563 161 3830 161 3621 161 3621 2944 3830 2944 3831 2944 3621 2945 3831 2945 3814 2945 3816 161 3832 161 3621 161 3621 2946 3832 2946 3833 2946 3621 161 3833 161 3834 161 3834 2947 3833 2947 3835 2947 3834 2948 3835 2948 3836 2948 3837 161 3838 161 3839 161 3839 161 3838 161 3834 161 3839 161 3834 161 3840 161 3840 161 3834 161 3836 161 3837 161 3841 161 3838 161 3838 2949 3841 2949 3842 2949 3838 161 3842 161 3806 161 3806 2950 3842 2950 3843 2950 3806 2946 3843 2946 3804 2946 3844 161 3845 161 3846 161 3847 161 3848 161 3807 161 3847 161 3807 161 3849 161 3850 2951 3851 2951 3852 2951 3853 161 3854 161 3850 161 3850 2952 3854 2952 3855 2952 3850 161 3855 161 3807 161 3807 2953 3855 2953 3856 2953 3807 2954 3856 2954 3849 2954 3848 161 3857 161 3807 161 3807 2955 3857 2955 3858 2955 3807 2956 3858 2956 3859 2956 3860 161 3861 161 3862 161 3862 161 3861 161 3863 161 3862 161 3863 161 3846 161 3846 161 3863 161 3864 161 3846 2957 3864 2957 3844 2957 3851 161 3850 161 3865 161 3852 161 3866 161 3850 161 3850 1723 3866 1723 3867 1723 3850 1724 3867 1724 3853 1724 3868 161 3869 161 3870 161 3870 2958 3869 2958 3871 2958 3870 2959 3871 2959 3872 2959 3872 1637 3871 1637 3873 1637 3874 161 3875 161 3873 161 3873 2960 3875 2960 3876 2960 3873 161 3876 161 3872 161 3877 161 3878 161 3870 161 3870 161 3878 161 3879 161 3870 161 3879 161 3868 161 3862 161 3880 161 3860 161 3860 161 3880 161 3878 161 3860 161 3878 161 3881 161 3881 161 3878 161 3877 161 3874 161 3882 161 3875 161 3875 2961 3882 2961 3883 2961 3875 161 3883 161 3884 161 3884 2962 3883 2962 3885 2962 3884 2963 3885 2963 3886 2963 3886 161 3887 161 3884 161 3884 2964 3887 2964 3888 2964 3884 2965 3888 2965 3889 2965 3889 161 3890 161 3884 161 3884 2966 3890 2966 3891 2966 3884 161 3891 161 3892 161 3892 161 3893 161 3884 161 3884 2967 3893 2967 3894 2967 3884 161 3894 161 3850 161 3850 1732 3894 1732 3895 1732 3850 2968 3895 2968 3865 2968 3896 161 3807 161 3845 161 3845 161 3807 161 3859 161 3845 161 3859 161 3846 161 3897 161 3898 161 3806 161 3899 161 3900 161 3901 161 3896 161 3902 161 3807 161 3807 1532 3902 1532 3903 1532 3807 161 3903 161 3806 161 3806 1533 3903 1533 3904 1533 3806 1534 3904 1534 3897 1534 3905 161 3906 161 3907 161 3907 2969 3906 2969 3908 2969 3907 161 3908 161 3884 161 3884 2970 3908 2970 3909 2970 3884 2971 3909 2971 3875 2971 3910 1523 3911 1523 3806 1523 3806 2859 3911 2859 3912 2859 3806 2972 3912 2972 3913 2972 3913 161 3914 161 3901 161 3901 2973 3914 2973 3915 2973 3901 2974 3915 2974 3899 2974 3900 161 3916 161 3901 161 3901 2975 3916 2975 3917 2975 3901 2976 3917 2976 3918 2976 3898 161 3919 161 3806 161 3806 1530 3919 1530 3920 1530 3806 1531 3920 1531 3910 1531 3918 2977 3921 2977 3901 2977 3901 2978 3921 2978 3922 2978 3901 161 3922 161 3907 161 3907 2979 3922 2979 3923 2979 3907 2980 3923 2980 3905 2980 3924 161 3925 161 3834 161 3834 2922 3925 2922 3926 2922 3927 161 3928 161 3929 161 3929 1608 3928 1608 3930 1608 3931 161 3838 161 3932 161 3932 161 3838 161 3933 161 3932 161 3933 161 3934 161 3926 2981 3935 2981 3834 2981 3834 1675 3935 1675 3936 1675 3834 161 3936 161 3929 161 3929 2982 3936 2982 3937 2982 3929 2983 3937 2983 3927 2983 3931 161 3938 161 3838 161 3838 1676 3938 1676 3939 1676 3838 2984 3939 2984 3940 2984 3940 161 3941 161 3838 161 3838 2925 3941 2925 3942 2925 3838 1626 3942 1626 3943 1626 3944 161 3945 161 3834 161 3946 2985 3947 2985 3933 2985 3933 2986 3947 2986 3948 2986 3945 2987 3949 2987 3834 2987 3834 2988 3949 2988 3950 2988 3834 2989 3950 2989 3924 2989 3930 161 3951 161 3929 161 3929 2947 3951 2947 3952 2947 3929 2948 3952 2948 3953 2948 3953 161 3954 161 3929 161 3929 2990 3954 2990 3955 2990 3929 161 3955 161 3933 161 3933 2991 3955 2991 3956 2991 3933 2992 3956 2992 3946 2992 3948 161 3957 161 3933 161 3933 2993 3957 2993 3958 2993 3933 2994 3958 2994 3934 2994 3943 2995 3959 2995 3838 2995 3838 2929 3959 2929 3960 2929 3838 161 3960 161 3834 161 3834 2996 3960 2996 3961 2996 3834 2997 3961 2997 3944 2997 3913 161 3901 161 3806 161 3806 161 3901 161 3962 161 3806 161 3962 161 3838 161 3838 161 3962 161 3963 161 3838 161 3963 161 3933 161 3637 161 3621 161 3618 161 3618 161 3621 161 3834 161 3618 161 3834 161 3964 161 3964 161 3834 161 3929 161 3964 161 3929 161 3557 161 3965 2998 3966 2998 3718 2998 3967 161 3968 161 3850 161 3850 2999 3968 2999 3969 2999 3970 161 3884 161 3971 161 3971 161 3884 161 3972 161 3973 161 3715 161 3974 161 3974 161 3715 161 3975 161 3718 3000 3976 3000 3977 3000 3969 161 3978 161 3850 161 3850 3001 3978 3001 3979 3001 3850 161 3979 161 3884 161 3884 161 3979 161 3980 161 3884 3002 3980 3002 3972 3002 3966 161 3981 161 3718 161 3718 3003 3981 3003 3982 3003 3718 3004 3982 3004 3976 3004 3977 161 3983 161 3718 161 3718 3005 3983 3005 3984 3005 3718 161 3984 161 3850 161 3850 3006 3984 3006 3985 3006 3850 3007 3985 3007 3986 3007 3986 161 3987 161 3850 161 3850 1480 3987 1480 3988 1480 3850 3008 3988 3008 3967 3008 3973 161 3989 161 3715 161 3715 161 3989 161 3990 161 3715 161 3990 161 3718 161 3718 3009 3990 3009 3991 3009 3718 3010 3991 3010 3965 3010 3970 161 3992 161 3884 161 3884 3011 3992 3011 3993 3011 3884 3012 3993 3012 3994 3012 3995 3013 3715 3013 3996 3013 3996 3014 3715 3014 3997 3014 3995 161 3998 161 3715 161 3715 3015 3998 3015 3999 3015 3715 3016 3999 3016 3975 3016 3994 3017 4000 3017 3884 3017 3884 3018 4000 3018 4001 3018 3884 161 4001 161 3715 161 3715 3019 4001 3019 4002 3019 3715 3020 4002 3020 3997 3020 4003 3021 3574 3021 4004 3021 4004 161 3574 161 4005 161 4006 3022 4007 3022 3561 3022 3561 3023 4008 3023 4009 3023 4010 161 4011 161 3676 161 3676 3024 4011 3024 4012 3024 4012 161 4013 161 3676 161 3676 3025 4013 3025 4014 3025 3676 3026 4014 3026 4015 3026 4007 161 4016 161 3561 161 3561 3027 4016 3027 4017 3027 3561 3028 4017 3028 4008 3028 4003 161 4018 161 3574 161 3574 1638 4018 1638 4019 1638 3574 3029 4019 3029 4020 3029 4015 3030 4021 3030 3676 3030 3676 3031 4021 3031 4022 3031 3676 161 4022 161 3561 161 3561 3032 4022 3032 4023 3032 3561 3033 4023 3033 4006 3033 4009 1489 4024 1489 3561 1489 3561 3034 4024 3034 4025 3034 3561 3035 4025 3035 3574 3035 3574 1651 4025 1651 4026 1651 3574 3036 4026 3036 4005 3036 4027 161 4028 161 3671 161 4028 161 4029 161 3671 161 3671 1539 4029 1539 4030 1539 3671 3010 4030 3010 4031 3010 4031 161 4032 161 3671 161 3671 1546 4032 1546 4033 1546 3671 1545 4033 1545 3676 1545 3676 3037 4033 3037 4034 3037 3676 3038 4034 3038 4010 3038 4020 161 4035 161 3574 161 3574 3039 4035 3039 4036 3039 3574 161 4036 161 3671 161 3671 3040 4036 3040 4037 3040 3671 3041 4037 3041 4038 3041 4038 161 4039 161 3671 161 3671 3042 4039 3042 4040 3042 3671 3043 4040 3043 4027 3043 3731 161 3702 161 3651 161 3651 161 3702 161 3718 161 3651 161 3718 161 3671 161 3671 161 3718 161 3850 161 3671 161 3850 161 3574 161 3574 161 3850 161 3807 161 3574 161 3807 161 3563 161 3563 161 3807 161 3825 161 3563 3044 3825 3044 3826 3044 3757 161 3782 161 3688 161 3688 161 3782 161 3768 161 3688 161 3768 161 3690 161 3690 161 3768 161 4041 161 3644 161 4042 161 3655 161 3655 161 4042 161 3771 161 3655 161 3771 161 3763 161 3763 161 3771 161 3775 161 3557 161 3559 161 3964 161 3964 161 3559 161 4043 161 3964 161 4043 161 3618 161 3618 161 4043 161 4044 161 3618 161 4044 161 3560 161 3560 161 4044 161 4045 161 3560 161 4045 161 3561 161 3561 161 4045 161 4046 161 3561 161 4046 161 3676 161 3676 161 4046 161 4047 161 3676 161 4047 161 3650 161 3650 161 4047 161 4048 161 3650 161 4048 161 3644 161 3644 161 4048 161 4049 161 3644 161 4049 161 4042 161 4050 102 4051 102 4052 102 4053 102 4054 102 4055 102 4056 102 4057 102 4055 102 4058 102 4059 102 4060 102 4061 102 4062 102 4063 102 4064 102 4065 102 4066 102 4067 1793 4068 1793 4069 1793 4070 3045 4071 3045 4072 3045 4065 102 4073 102 4063 102 4063 1834 4073 1834 4074 1834 4063 3046 4074 3046 4061 3046 4068 102 4075 102 4069 102 4069 3047 4075 3047 4076 3047 4069 3048 4076 3048 4077 3048 4078 102 4079 102 4066 102 4077 102 4080 102 4069 102 4069 3049 4080 3049 4081 3049 4069 3050 4081 3050 4082 3050 4079 102 4083 102 4066 102 4066 1825 4083 1825 4084 1825 4066 3051 4084 3051 4085 3051 4072 3052 4086 3052 4070 3052 4070 3053 4086 3053 4087 3053 4070 102 4087 102 4069 102 4069 3054 4087 3054 4088 3054 4069 3055 4088 3055 4067 3055 4085 102 4089 102 4066 102 4066 1831 4089 1831 4090 1831 4066 3056 4090 3056 4064 3056 4091 102 4092 102 4093 102 4094 102 4095 102 4096 102 4096 102 4095 102 4097 102 4094 102 4098 102 4095 102 4095 3057 4098 3057 4099 3057 4095 3058 4099 3058 4100 3058 4091 102 4093 102 4101 102 4093 102 4102 102 4070 102 4070 3059 4102 3059 4103 3059 4104 3060 4105 3060 4093 3060 4093 3061 4105 3061 4106 3061 4093 3062 4106 3062 4102 3062 4107 102 4108 102 4109 102 4109 102 4108 102 4110 102 4111 102 4112 102 4113 102 4113 3063 4112 3063 4114 3063 4113 102 4114 102 4115 102 4115 102 4114 102 4062 102 4116 102 4117 102 4063 102 4063 3064 4117 3064 4118 3064 4063 3065 4118 3065 4119 3065 4092 102 4120 102 4093 102 4093 3066 4120 3066 4121 3066 4093 3067 4121 3067 4104 3067 4071 102 4070 102 4122 102 4122 102 4070 102 4103 102 4122 3068 4103 3068 4109 3068 4109 3069 4103 3069 4123 3069 4109 3070 4123 3070 4107 3070 4110 102 4124 102 4109 102 4109 102 4124 102 4125 102 4109 102 4125 102 4126 102 4126 102 4125 102 4127 102 4126 102 4127 102 4128 102 4111 102 4129 102 4112 102 4112 102 4129 102 4130 102 4112 102 4130 102 4131 102 4131 102 4130 102 4132 102 4131 102 4132 102 4133 102 4133 102 4132 102 4134 102 4133 102 4134 102 4127 102 4127 102 4134 102 4135 102 4127 102 4135 102 4128 102 4062 102 4114 102 4063 102 4063 3071 4114 3071 4136 3071 4063 3072 4136 3072 4116 3072 4119 102 4137 102 4063 102 4063 3073 4137 3073 4138 3073 4063 102 4138 102 4095 102 4095 1963 4138 1963 4139 1963 4095 3074 4139 3074 4097 3074 4100 102 4140 102 4095 102 4095 3075 4140 3075 4141 3075 4095 102 4141 102 4093 102 4093 102 4141 102 4142 102 4093 3076 4142 3076 4101 3076 4143 102 4144 102 4145 102 4146 102 4147 102 4148 102 4148 3077 4147 3077 4149 3077 4150 102 4151 102 4148 102 4148 3078 4151 3078 4152 3078 4153 102 4154 102 4053 102 4053 3079 4154 3079 4155 3079 4053 102 4155 102 4156 102 4144 102 4157 102 4145 102 4145 1923 4157 1923 4158 1923 4145 102 4158 102 4148 102 4148 1924 4158 1924 4159 1924 4148 3080 4159 3080 4146 3080 4149 102 4160 102 4148 102 4148 3081 4160 3081 4161 3081 4148 3082 4161 3082 4150 3082 4162 102 4163 102 4164 102 4156 102 4165 102 4053 102 4053 3083 4165 3083 4166 3083 4053 3084 4166 3084 4167 3084 4167 3085 4168 3085 4053 3085 4053 3086 4168 3086 4169 3086 4053 102 4169 102 4164 102 4164 3087 4169 3087 4170 3087 4164 3088 4170 3088 4162 3088 4163 3089 4171 3089 4164 3089 4164 3090 4171 3090 4172 3090 4164 102 4172 102 4173 102 4173 3091 4172 3091 4174 3091 4174 102 4175 102 4173 102 4173 102 4175 102 4176 102 4173 3092 4176 3092 4177 3092 4178 3093 4179 3093 4180 3093 4180 3094 4179 3094 4181 3094 4180 102 4181 102 4145 102 4145 3095 4181 3095 4182 3095 4145 3096 4182 3096 4143 3096 4177 102 4183 102 4173 102 4173 102 4183 102 4184 102 4173 102 4184 102 4180 102 4180 3097 4184 3097 4185 3097 4180 3098 4185 3098 4178 3098 4186 102 4187 102 4188 102 4188 3099 4187 3099 4189 3099 4189 102 4190 102 4188 102 4188 3100 4190 3100 4191 3100 4188 3101 4191 3101 4192 3101 4192 102 4193 102 4188 102 4188 1972 4193 1972 4194 1972 4188 1971 4194 1971 4195 1971 4195 3102 4194 3102 4196 3102 4195 3103 4196 3103 4197 3103 4197 102 4198 102 4195 102 4195 3104 4198 3104 4199 3104 4195 102 4199 102 4200 102 4200 3105 4199 3105 4201 3105 4200 3106 4201 3106 4202 3106 4203 3107 4204 3107 4205 3107 4205 102 4206 102 4203 102 4203 1929 4206 1929 4207 1929 4203 1928 4207 1928 4208 1928 4200 102 4209 102 4203 102 4203 3108 4209 3108 4210 3108 4210 102 4211 102 4203 102 4203 3109 4211 3109 4212 3109 4203 3110 4212 3110 4204 3110 4213 3111 4214 3111 4060 3111 4214 102 4215 102 4060 102 4060 3112 4215 3112 4216 3112 4060 3082 4216 3082 4217 3082 4202 102 4218 102 4200 102 4200 3113 4218 3113 4219 3113 4200 3114 4219 3114 4209 3114 4220 102 4221 102 4186 102 4186 1922 4221 1922 4222 1922 4186 3115 4222 3115 4187 3115 4217 102 4223 102 4060 102 4060 3116 4223 3116 4224 3116 4060 3117 4224 3117 4225 3117 4225 102 4226 102 4060 102 4060 3118 4226 3118 4227 3118 4060 102 4227 102 4186 102 4186 3119 4227 3119 4228 3119 4186 3120 4228 3120 4220 3120 4229 102 4230 102 4186 102 4186 1889 4230 1889 4231 1889 4186 3121 4231 3121 4232 3121 4233 102 4234 102 4148 102 4232 102 4235 102 4186 102 4186 3122 4235 3122 4236 3122 4186 3123 4236 3123 4237 3123 4238 102 4239 102 4060 102 4060 3124 4239 3124 4240 3124 4060 1881 4240 1881 4058 1881 4241 102 4242 102 4145 102 4145 1883 4242 1883 4243 1883 4145 1884 4243 1884 4244 1884 4234 1885 4245 1885 4148 1885 4148 1886 4245 1886 4246 1886 4148 102 4246 102 4145 102 4145 1887 4246 1887 4247 1887 4145 1888 4247 1888 4248 1888 4237 102 4249 102 4186 102 4186 1888 4249 1888 4250 1888 4186 102 4250 102 4060 102 4060 3125 4250 3125 4251 3125 4060 1886 4251 1886 4238 1886 4248 102 4252 102 4145 102 4145 1876 4252 1876 4253 1876 4145 1877 4253 1877 4241 1877 4254 102 4255 102 4148 102 4148 3126 4255 3126 4256 3126 4148 3127 4256 3127 4233 3127 4257 102 4258 102 4259 102 4259 102 4258 102 4260 102 4259 102 4260 102 4261 102 4262 3128 4060 3128 4259 3128 4259 102 4060 102 4059 102 4259 102 4059 102 4257 102 4263 102 4264 102 4265 102 4265 3129 4264 3129 4266 3129 4265 1898 4266 1898 4267 1898 4268 102 4269 102 4270 102 4267 102 4271 102 4265 102 4265 3130 4271 3130 4272 3130 4265 102 4272 102 4055 102 4055 1901 4272 1901 4273 1901 4055 1902 4273 1902 4274 1902 4269 102 4275 102 4270 102 4270 102 4275 102 4276 102 4270 102 4276 102 4277 102 4261 102 4260 102 4278 102 4278 102 4260 102 4279 102 4278 102 4279 102 4277 102 4277 102 4279 102 4280 102 4277 102 4280 102 4270 102 4262 102 4281 102 4060 102 4060 3131 4281 3131 4282 3131 4060 3132 4282 3132 4283 3132 4284 102 4285 102 4265 102 4265 3133 4285 3133 4286 3133 4265 3134 4286 3134 4263 3134 4274 1895 4287 1895 4055 1895 4055 2003 4287 2003 4288 2003 4055 2004 4288 2004 4289 2004 4283 102 4290 102 4060 102 4060 3135 4290 3135 4291 3135 4060 102 4291 102 4265 102 4265 3136 4291 3136 4292 3136 4265 1995 4292 1995 4284 1995 4289 102 4293 102 4055 102 4055 1990 4293 1990 4294 1990 4055 3137 4294 3137 4056 3137 4057 102 4295 102 4055 102 4055 3138 4295 3138 4296 3138 4055 3139 4296 3139 4270 3139 4270 3140 4296 3140 4297 3140 4270 102 4297 102 4268 102 4298 102 4299 102 4300 102 4300 1850 4299 1850 4301 1850 4300 1837 4301 1837 4302 1837 4065 102 4063 102 4066 102 4066 102 4063 102 4303 102 4066 1848 4303 1848 4304 1848 4304 102 4305 102 4066 102 4066 3141 4305 3141 4306 3141 4066 1839 4306 1839 4307 1839 4308 102 4309 102 4310 102 4310 3142 4309 3142 4311 3142 4310 3143 4311 3143 4312 3143 4302 102 4313 102 4300 102 4300 3144 4313 3144 4314 3144 4300 3145 4314 3145 4315 3145 4312 1843 4316 1843 4310 1843 4310 3146 4316 3146 4317 3146 4310 102 4317 102 4300 102 4300 3147 4317 3147 4318 3147 4300 3148 4318 3148 4298 3148 4319 102 4320 102 4063 102 4063 1835 4320 1835 4321 1835 4321 3149 4322 3149 4063 3149 4063 3150 4322 3150 4323 3150 4063 1837 4323 1837 4324 1837 4324 102 4325 102 4063 102 4063 3151 4325 3151 4326 3151 4063 3148 4326 3148 4303 3148 4308 102 4310 102 4327 102 4327 102 4310 102 4328 102 4327 1865 4328 1865 4329 1865 4307 102 4330 102 4066 102 4066 3152 4330 3152 4331 3152 4066 102 4331 102 4052 102 4052 3153 4331 3153 4332 3153 4052 3154 4332 3154 4333 3154 4333 102 4334 102 4052 102 4052 3155 4334 3155 4335 3155 4052 102 4335 102 4328 102 4328 3156 4335 3156 4336 3156 4328 1860 4336 1860 4329 1860 4337 102 4338 102 4300 102 4337 102 4300 102 4339 102 4338 102 4340 102 4300 102 4300 3157 4340 3157 4341 3157 4300 102 4341 102 4342 102 4343 3158 4344 3158 4345 3158 4341 102 4346 102 4342 102 4342 102 4346 102 4347 102 4342 102 4347 102 4348 102 4348 102 4347 102 4349 102 4348 102 4349 102 4350 102 4351 102 4352 102 4353 102 4353 3159 4352 3159 4354 3159 4353 3160 4354 3160 4355 3160 4355 102 4356 102 4353 102 4353 3161 4356 3161 4357 3161 4353 3162 4357 3162 4358 3162 4343 102 4345 102 4359 102 4344 102 4360 102 4345 102 4345 1955 4360 1955 4361 1955 4345 3163 4361 3163 4362 3163 4362 102 4363 102 4345 102 4345 3164 4363 3164 4364 3164 4345 102 4364 102 4300 102 4300 3165 4364 3165 4365 3165 4300 3166 4365 3166 4339 3166 4366 102 4367 102 4368 102 4368 3167 4367 3167 4369 3167 4368 102 4369 102 4370 102 4370 102 4369 102 4371 102 4371 3168 4372 3168 4370 3168 4370 102 4372 102 4373 102 4370 102 4373 102 4374 102 4375 102 4376 102 4353 102 4353 3169 4376 3169 4377 3169 4353 3170 4377 3170 4351 3170 4366 102 4378 102 4367 102 4367 102 4378 102 4379 102 4367 102 4379 102 4380 102 4380 102 4379 102 4381 102 4380 102 4381 102 4382 102 4382 102 4381 102 4383 102 4382 102 4383 102 4349 102 4349 102 4383 102 4384 102 4349 102 4384 102 4350 102 4358 102 4385 102 4353 102 4353 3171 4385 3171 4386 3171 4353 3172 4386 3172 4345 3172 4345 1947 4386 1947 4387 1947 4345 3173 4387 3173 4359 3173 4342 102 4388 102 4300 102 4300 1804 4388 1804 4389 1804 4300 1828 4389 1828 4390 1828 4391 102 4392 102 4310 102 4374 102 4375 102 4370 102 4370 102 4375 102 4353 102 4370 102 4353 102 4393 102 4393 102 4353 102 4394 102 4393 102 4394 102 4395 102 4395 102 4394 102 4396 102 4390 102 4397 102 4300 102 4300 1834 4397 1834 4398 1834 4300 102 4398 102 4310 102 4310 3174 4398 3174 4399 3174 4310 3175 4399 3175 4391 3175 4392 102 4400 102 4310 102 4310 3176 4400 3176 4401 3176 4310 3177 4401 3177 4402 3177 4403 102 4404 102 4405 102 4405 1819 4404 1819 4406 1819 4405 3178 4406 3178 4407 3178 4407 102 4408 102 4405 102 4405 3179 4408 3179 4409 3179 4405 3180 4409 3180 4410 3180 4410 102 4411 102 4405 102 4405 3181 4411 3181 4412 3181 4405 102 4412 102 4394 102 4394 3182 4412 3182 4413 3182 4394 1827 4413 1827 4396 1827 4402 102 4414 102 4310 102 4310 1824 4414 1824 4415 1824 4310 3183 4415 3183 4416 3183 4270 3184 4254 3184 4055 3184 4055 102 4254 102 4148 102 4055 102 4148 102 4053 102 4053 102 4148 102 4152 102 4053 102 4152 102 4153 102 4265 102 4417 102 4060 102 4060 102 4417 102 4203 102 4060 3185 4203 3185 4213 3185 4213 102 4203 102 4208 102 4093 102 4173 102 4418 102 4418 102 4173 102 4419 102 4418 102 4420 102 4093 102 4093 3186 4420 3186 4421 3186 4093 3187 4421 3187 4422 3187 4422 102 4423 102 4093 102 4093 3188 4423 3188 4424 3188 4093 102 4424 102 4425 102 4426 102 4173 102 4427 102 4427 102 4173 102 4428 102 4429 102 4095 102 4430 102 4430 102 4095 102 4431 102 4432 102 4433 102 4180 102 4180 3189 4433 3189 4434 3189 4180 3190 4434 3190 4435 3190 4425 102 4436 102 4093 102 4093 3191 4436 3191 4437 3191 4093 102 4437 102 4095 102 4095 1919 4437 1919 4438 1919 4095 3192 4438 3192 4431 3192 4435 102 4439 102 4180 102 4180 3193 4439 3193 4440 3193 4180 1808 4440 1808 4441 1808 4441 102 4442 102 4180 102 4180 3194 4442 3194 4443 3194 4180 102 4443 102 4173 102 4173 102 4443 102 4444 102 4173 3195 4444 3195 4428 3195 4426 102 4445 102 4173 102 4173 3196 4445 3196 4446 3196 4173 3197 4446 3197 4447 3197 4429 102 4448 102 4095 102 4095 3198 4448 3198 4449 3198 4095 1910 4449 1910 4450 1910 4447 3199 4451 3199 4173 3199 4173 3200 4451 3200 4452 3200 4173 3201 4452 3201 4419 3201 4450 102 4453 102 4095 102 4095 3202 4453 3202 4454 3202 4095 102 4454 102 4180 102 4180 3203 4454 3203 4455 3203 4180 3204 4455 3204 4432 3204 4188 102 4456 102 4345 102 4345 3205 4456 3205 4457 3205 4457 102 4458 102 4345 102 4345 3206 4458 3206 4459 3206 4345 3207 4459 3207 4460 3207 4460 102 4461 102 4345 102 4345 1762 4461 1762 4462 1762 4345 3208 4462 3208 4463 3208 4464 102 4188 102 4465 102 4465 102 4188 102 4466 102 4467 102 4468 102 4195 102 4195 3209 4468 3209 4469 3209 4195 3210 4469 3210 4470 3210 4471 102 4353 102 4472 102 4472 102 4353 102 4473 102 4470 102 4474 102 4195 102 4195 3211 4474 3211 4475 3211 4195 1811 4475 1811 4188 1811 4188 1810 4475 1810 4476 1810 4188 3212 4476 3212 4466 3212 4464 102 4477 102 4188 102 4188 1807 4477 1807 4478 1807 4188 3213 4478 3213 4479 3213 4480 102 4481 102 4195 102 4195 3214 4481 3214 4482 3214 4195 3215 4482 3215 4467 3215 4479 102 4483 102 4188 102 4188 3216 4483 3216 4484 3216 4188 3217 4484 3217 4456 3217 4463 102 4485 102 4345 102 4345 3218 4485 3218 4486 3218 4345 102 4486 102 4353 102 4353 102 4486 102 4487 102 4353 3219 4487 3219 4473 3219 4471 102 4488 102 4353 102 4353 3220 4488 3220 4489 3220 4353 3221 4489 3221 4490 3221 4490 102 4491 102 4353 102 4353 3222 4491 3222 4492 3222 4353 102 4492 102 4195 102 4195 3223 4492 3223 4493 3223 4195 3224 4493 3224 4480 3224 4244 102 4229 102 4145 102 4145 102 4229 102 4186 102 4145 102 4186 102 4180 102 4180 102 4186 102 4188 102 4180 102 4188 102 4095 102 4095 102 4188 102 4345 102 4095 102 4345 102 4063 102 4063 102 4345 102 4300 102 4063 102 4300 102 4319 102 4319 102 4300 102 4315 102 4082 102 4078 102 4069 102 4069 102 4078 102 4066 102 4069 102 4066 102 4494 102 4494 102 4066 102 4052 102 4494 102 4052 102 4495 102 4495 102 4052 102 4496 102 4496 102 4052 102 4051 102 4496 3225 4051 3225 4497 3225 4498 102 4499 102 4500 102 4500 3226 4499 3226 4501 3226 4502 102 4503 102 4328 102 4328 1993 4503 1993 4504 1993 4497 102 4505 102 4496 102 4496 3227 4505 3227 4506 3227 4496 1991 4506 1991 4507 1991 4507 102 4508 102 4496 102 4496 3153 4508 3153 4509 3153 4496 3154 4509 3154 4510 3154 4501 3228 4511 3228 4500 3228 4500 3229 4511 3229 4512 3229 4500 102 4512 102 4328 102 4328 1995 4512 1995 4513 1995 4328 3230 4513 3230 4502 3230 4514 1895 4515 1895 4052 1895 4052 2003 4515 2003 4516 2003 4052 3231 4516 3231 4517 3231 4517 102 4518 102 4052 102 4052 3232 4518 3232 4519 3232 4052 3137 4519 3137 4050 3137 4504 102 4520 102 4328 102 4328 3233 4520 3233 4521 3233 4328 3234 4521 3234 4522 3234 4523 1865 4524 1865 4500 1865 4500 3235 4524 3235 4525 3235 4500 3236 4525 3236 4498 3236 4522 102 4526 102 4328 102 4328 3237 4526 3237 4527 3237 4328 102 4527 102 4052 102 4052 3238 4527 3238 4528 3238 4052 1902 4528 1902 4514 1902 4510 102 4529 102 4496 102 4496 3155 4529 3155 4530 3155 4496 102 4530 102 4500 102 4500 3156 4530 3156 4531 3156 4500 1860 4531 1860 4523 1860 4416 102 4403 102 4310 102 4310 1938 4403 1938 4405 1938 4310 102 4405 102 4328 102 4328 102 4405 102 4532 102 4328 102 4532 102 4500 102 4500 102 4532 102 4533 102 4417 102 4534 102 4203 102 4203 102 4534 102 4535 102 4203 102 4535 102 4200 102 4200 102 4535 102 4536 102 4200 102 4536 102 4195 102 4195 102 4536 102 4537 102 4195 102 4537 102 4353 102 4353 102 4537 102 4538 102 4353 102 4538 102 4394 102 4394 102 4538 102 4539 102 4394 102 4539 102 4405 102 4405 102 4539 102 4540 102 4405 102 4540 102 4532 102 4532 102 4540 102 4541 102 4532 102 4541 102 4533 102 4533 102 4541 102 4542 102 3963 101 4495 101 3933 101 3933 101 4495 101 4496 101 3933 101 4496 101 3929 101 3929 101 4496 101 4500 101 3929 101 4500 101 3557 101 3557 101 4500 101 4533 101 3557 101 4533 101 3558 101 3558 101 4533 101 4542 101 4049 50 4534 50 4042 50 4042 50 4534 50 4417 50 4042 50 4417 50 3771 50 3771 50 4417 50 4265 50 3771 50 4265 50 3768 50 3768 50 4265 50 4055 50 3768 50 4055 50 4041 50 4041 50 4055 50 4054 50 4543 101 4544 101 4545 101 4545 101 4544 101 4546 101 4545 51 4546 51 4547 51 4547 51 4546 51 4548 51 4549 0 4544 0 4550 0 4550 0 4544 0 4543 0 4548 50 4549 50 4547 50 4547 50 4549 50 4550 50 4549 50 4548 50 4551 50 4551 50 4548 50 4552 50 4551 3239 4552 3239 4553 3239 4553 3240 4552 3240 4554 3240 4553 3241 4554 3241 4555 3241 4555 50 4554 50 4556 50 4555 50 4556 50 4557 50 4557 3242 4556 3242 4558 3242 4557 50 4558 50 4559 50 4559 50 4558 50 4560 50 4559 50 4560 50 4561 50 4561 3243 4560 3243 4562 3243 4561 3244 4562 3244 4563 3244 4563 3245 4562 3245 4564 3245 4563 50 4564 50 4565 50 4565 3246 4564 3246 4566 3246 4565 50 4566 50 4567 50 4567 3247 4566 3247 4568 3247 4569 101 4570 101 4571 101 4571 3248 4570 3248 4572 3248 4571 3249 4572 3249 4573 3249 4573 3250 4572 3250 4574 3250 4573 101 4574 101 4575 101 4575 101 4574 101 4576 101 4575 101 4576 101 4577 101 4577 101 4576 101 4578 101 4577 101 4578 101 4579 101 4579 101 4578 101 4580 101 4579 101 4580 101 4581 101 4581 3251 4580 3251 4582 3251 4581 101 4582 101 4583 101 4583 3252 4582 3252 4584 3252 4583 101 4584 101 4585 101 4585 101 4584 101 4586 101 4585 3253 4586 3253 4544 3253 4544 101 4586 101 4546 101 4587 3254 4568 3254 4566 3254 4548 3255 4546 3255 4586 3255 4570 3256 4588 3256 4572 3256 4572 3257 4588 3257 4589 3257 4548 3255 4586 3255 4552 3255 4552 3258 4586 3258 4584 3258 4552 3259 4584 3259 4554 3259 4554 3260 4584 3260 4582 3260 4554 3261 4582 3261 4556 3261 4556 3262 4582 3262 4580 3262 4556 3263 4580 3263 4558 3263 4558 3264 4580 3264 4578 3264 4558 3265 4578 3265 4560 3265 4560 3266 4578 3266 4576 3266 4560 3267 4576 3267 4562 3267 4562 3268 4576 3268 4574 3268 4562 3269 4574 3269 4564 3269 4564 3270 4574 3270 4572 3270 4564 3270 4572 3270 4566 3270 4566 3271 4572 3271 4589 3271 4566 3272 4589 3272 4587 3272 4590 3273 4591 3273 4571 3273 4571 3274 4591 3274 4592 3274 4571 3275 4592 3275 4569 3275 4567 3276 4590 3276 4565 3276 4565 3277 4590 3277 4571 3277 4565 3278 4571 3278 4563 3278 4563 3279 4571 3279 4573 3279 4563 3280 4573 3280 4561 3280 4561 3281 4573 3281 4575 3281 4561 3282 4575 3282 4559 3282 4559 3283 4575 3283 4577 3283 4559 3284 4577 3284 4557 3284 4557 3285 4577 3285 4579 3285 4557 3286 4579 3286 4555 3286 4555 3287 4579 3287 4581 3287 4555 3288 4581 3288 4553 3288 4553 3289 4581 3289 4583 3289 4553 3290 4583 3290 4551 3290 4551 3291 4583 3291 4585 3291 4551 3292 4585 3292 4549 3292 4549 3292 4585 3292 4544 3292 4593 101 4594 101 4595 101 4595 101 4594 101 4596 101 4595 101 4596 101 4597 101 4597 101 4596 101 4598 101 4597 101 4598 101 4569 101 4569 101 4598 101 4570 101 4567 50 4568 50 4599 50 4599 50 4568 50 4600 50 4599 50 4600 50 4601 50 4601 50 4600 50 4602 50 4601 50 4602 50 4603 50 4603 50 4602 50 4604 50 4605 102 4606 102 4607 102 4608 102 4609 102 4602 102 4610 102 4611 102 4612 102 4613 102 4614 102 4615 102 4616 102 4617 102 4618 102 4612 3293 4611 3293 4619 3293 4619 3294 4611 3294 4620 3294 4619 3295 4620 3295 4621 3295 4621 3296 4620 3296 4622 3296 4622 3297 4620 3297 4623 3297 4622 102 4623 102 4624 102 4624 3298 4623 3298 4625 3298 4624 3299 4625 3299 4626 3299 4627 102 4628 102 4629 102 4628 102 4630 102 4629 102 4629 3300 4630 3300 4631 3300 4629 3301 4631 3301 4616 3301 4626 102 4625 102 4615 102 4615 3302 4625 3302 4632 3302 4615 3303 4632 3303 4613 3303 4614 102 4633 102 4615 102 4615 3304 4633 3304 4634 3304 4615 102 4634 102 4629 102 4629 3305 4634 3305 4635 3305 4629 3306 4635 3306 4627 3306 4636 102 4637 102 4638 102 4639 102 4640 102 4641 102 4641 3307 4640 3307 4642 3307 4641 3308 4642 3308 4643 3308 4643 102 4644 102 4641 102 4641 3309 4644 3309 4645 3309 4641 102 4645 102 4638 102 4638 3310 4645 3310 4646 3310 4638 3311 4646 3311 4636 3311 4639 102 4641 102 4647 102 4647 102 4641 102 4648 102 4647 102 4648 102 4649 102 4650 102 4651 102 4652 102 4652 3312 4651 3312 4653 3312 4652 102 4653 102 4654 102 4654 3313 4653 3313 4638 3313 4654 3314 4638 3314 4655 3314 4655 102 4638 102 4637 102 4656 102 4657 102 4658 102 4658 102 4657 102 4659 102 4658 102 4659 102 4660 102 4661 102 4662 102 4658 102 4650 102 4656 102 4651 102 4651 3315 4656 3315 4658 3315 4651 102 4658 102 4663 102 4663 102 4658 102 4662 102 4664 3316 4665 3316 4658 3316 4658 3317 4665 3317 4666 3317 4658 3318 4666 3318 4661 3318 4618 102 4667 102 4668 102 4616 102 4618 102 4629 102 4629 3319 4618 3319 4668 3319 4629 102 4668 102 4669 102 4629 3320 4670 3320 4671 3320 4629 102 4671 102 4641 102 4641 3321 4671 3321 4672 3321 4641 3322 4672 3322 4673 3322 4669 102 4674 102 4629 102 4629 3307 4674 3307 4675 3307 4629 3323 4675 3323 4676 3323 4673 102 4677 102 4641 102 4641 3324 4677 3324 4678 3324 4641 3325 4678 3325 4679 3325 4676 102 4680 102 4629 102 4629 3309 4680 3309 4681 3309 4629 3326 4681 3326 4670 3326 4682 102 4648 102 4683 102 4683 102 4648 102 4641 102 4683 102 4641 102 4684 102 4684 102 4641 102 4679 102 4685 102 4686 102 4687 102 4682 102 4688 102 4648 102 4648 102 4688 102 4689 102 4648 102 4689 102 4687 102 4687 102 4689 102 4690 102 4687 3327 4690 3327 4685 3327 4686 102 4691 102 4687 102 4687 3324 4691 3324 4692 3324 4687 3328 4692 3328 4693 3328 4694 102 4695 102 4607 102 4607 3329 4695 3329 4696 3329 4607 2131 4696 2131 4697 2131 4697 102 4698 102 4607 102 4607 3330 4698 3330 4699 3330 4607 3331 4699 3331 4618 3331 4618 102 4699 102 4700 102 4618 102 4700 102 4667 102 4693 102 4701 102 4687 102 4687 3332 4701 3332 4702 3332 4687 102 4702 102 4607 102 4607 3333 4702 3333 4703 3333 4607 3334 4703 3334 4694 3334 4617 102 4704 102 4618 102 4618 102 4704 102 4705 102 4618 102 4705 102 4607 102 4607 102 4705 102 4706 102 4607 3335 4706 3335 4707 3335 4604 102 4602 102 4708 102 4607 3336 4709 3336 4710 3336 4612 3337 4711 3337 4610 3337 4610 102 4711 102 4712 102 4610 102 4712 102 4713 102 4713 102 4712 102 4604 102 4713 102 4604 102 4714 102 4714 102 4604 102 4708 102 4707 102 4715 102 4607 102 4607 2078 4715 2078 4716 2078 4607 2123 4716 2123 4709 2123 4717 102 4602 102 4718 102 4718 3338 4602 3338 4719 3338 4717 102 4720 102 4602 102 4602 3339 4720 3339 4721 3339 4602 3340 4721 3340 4708 3340 4710 102 4722 102 4607 102 4607 3341 4722 3341 4723 3341 4607 102 4723 102 4602 102 4602 3342 4723 3342 4724 3342 4602 3343 4724 3343 4719 3343 4725 102 4726 102 4727 102 4727 3344 4726 3344 4728 3344 4727 3345 4728 3345 4729 3345 4729 102 4730 102 4727 102 4727 3346 4730 3346 4731 3346 4727 102 4731 102 4687 102 4687 3347 4731 3347 4732 3347 4687 3334 4732 3334 4733 3334 4733 102 4734 102 4687 102 4687 3348 4734 3348 4735 3348 4687 2131 4735 2131 4736 2131 4660 102 4737 102 4658 102 4658 102 4737 102 4738 102 4658 102 4738 102 4727 102 4727 3349 4738 3349 4739 3349 4727 3350 4739 3350 4725 3350 4736 102 4740 102 4687 102 4687 3330 4740 3330 4741 3330 4687 3351 4741 3351 4648 3351 4648 102 4741 102 4742 102 4648 102 4742 102 4649 102 4743 102 4744 102 4607 102 4745 102 4746 102 4747 102 4747 3352 4746 3352 4748 3352 4747 3353 4748 3353 4749 3353 4602 102 4609 102 4607 102 4607 3354 4609 3354 4750 3354 4607 3355 4750 3355 4743 3355 4744 102 4751 102 4607 102 4607 3356 4751 3356 4752 3356 4607 3357 4752 3357 4753 3357 4753 102 4754 102 4607 102 4607 102 4754 102 4755 102 4607 3358 4755 3358 4747 3358 4747 3359 4755 3359 4756 3359 4747 3360 4756 3360 4745 3360 4757 102 4758 102 4600 102 4749 3361 4759 3361 4747 3361 4747 3362 4759 3362 4760 3362 4747 102 4760 102 4761 102 4757 102 4600 102 4762 102 4758 3363 4763 3363 4600 3363 4600 3364 4763 3364 4764 3364 4600 3365 4764 3365 4765 3365 4765 102 4766 102 4600 102 4600 3366 4766 3366 4767 3366 4600 3367 4767 3367 4602 3367 4602 3368 4767 3368 4768 3368 4602 102 4768 102 4769 102 4769 102 4770 102 4602 102 4602 3369 4770 3369 4771 3369 4602 3370 4771 3370 4772 3370 4772 102 4773 102 4602 102 4602 3371 4773 3371 4774 3371 4602 3372 4774 3372 4608 3372 4761 102 4775 102 4747 102 4747 3373 4775 3373 4776 3373 4747 102 4776 102 4600 102 4600 3374 4776 3374 4777 3374 4600 3375 4777 3375 4762 3375 4687 3358 4778 3358 4779 3358 4779 3359 4778 3359 4780 3359 4779 3360 4780 3360 4781 3360 4607 102 4782 102 4783 102 4784 102 4785 102 4687 102 4687 3376 4785 3376 4786 3376 4687 102 4786 102 4778 102 4782 102 4607 102 4787 102 4787 3377 4607 3377 4747 3377 4787 102 4747 102 4788 102 4607 102 4606 102 4687 102 4687 3378 4606 3378 4789 3378 4687 3379 4789 3379 4790 3379 4790 102 4791 102 4687 102 4687 3324 4791 3324 4792 3324 4687 3380 4792 3380 4784 3380 4783 102 4793 102 4607 102 4607 3381 4793 3381 4794 3381 4607 3308 4794 3308 4795 3308 4781 102 4796 102 4779 102 4779 3382 4796 3382 4797 3382 4779 3383 4797 3383 4798 3383 4798 3361 4799 3361 4779 3361 4779 3362 4799 3362 4800 3362 4779 102 4800 102 4801 102 4801 102 4802 102 4779 102 4779 3373 4802 3373 4803 3373 4779 102 4803 102 4747 102 4747 3384 4803 3384 4804 3384 4747 3385 4804 3385 4805 3385 4805 102 4806 102 4747 102 4747 3386 4806 3386 4807 3386 4747 3387 4807 3387 4808 3387 4808 102 4809 102 4747 102 4747 3388 4809 3388 4810 3388 4747 102 4810 102 4788 102 4795 102 4811 102 4607 102 4607 3389 4811 3389 4812 3389 4607 3390 4812 3390 4605 3390 4813 3391 4727 3391 4814 3391 4814 102 4727 102 4815 102 4813 102 4816 102 4727 102 4727 3392 4816 3392 4817 3392 4727 3393 4817 3393 4818 3393 4819 102 4820 102 4821 102 4821 3394 4820 3394 4727 3394 4821 102 4727 102 4822 102 4822 102 4727 102 4818 102 4687 3395 4823 3395 4824 3395 4819 102 4825 102 4820 102 4820 102 4825 102 4826 102 4820 3396 4826 3396 4827 3396 4820 102 4828 102 4829 102 4830 102 4779 102 4831 102 4831 102 4779 102 4832 102 4830 3397 4833 3397 4779 3397 4779 3398 4833 3398 4834 3398 4779 3388 4834 3388 4835 3388 4827 102 4836 102 4820 102 4820 3399 4836 3399 4837 3399 4820 3400 4837 3400 4828 3400 4835 102 4838 102 4779 102 4779 3401 4838 3401 4839 3401 4779 3402 4839 3402 4687 3402 4687 3403 4839 3403 4840 3403 4687 102 4840 102 4823 102 4824 102 4841 102 4687 102 4687 3308 4841 3308 4842 3308 4687 3404 4842 3404 4843 3404 4829 102 4844 102 4820 102 4820 3405 4844 3405 4845 3405 4820 102 4845 102 4779 102 4779 3384 4845 3384 4846 3384 4779 3406 4846 3406 4832 3406 4843 3407 4847 3407 4687 3407 4687 3390 4847 3390 4848 3390 4687 102 4848 102 4727 102 4727 3408 4848 3408 4849 3408 4727 3409 4849 3409 4815 3409 4664 102 4658 102 4594 102 4594 102 4658 102 4727 102 4594 102 4727 102 4596 102 4596 102 4727 102 4820 102 4596 102 4820 102 4598 102 4600 102 4568 102 4747 102 4747 102 4568 102 4587 102 4747 102 4587 102 4779 102 4779 102 4587 102 4589 102 4779 102 4589 102 4820 102 4820 102 4589 102 4588 102 4820 102 4588 102 4598 102 4598 102 4588 102 4570 102 4597 161 4569 161 4592 161 4850 161 4851 161 4852 161 4853 161 4854 161 4855 161 4855 161 4854 161 4856 161 4855 161 4856 161 4857 161 4857 161 4856 161 4858 161 4859 161 4860 161 4861 161 4853 3410 4862 3410 4854 3410 4854 3411 4862 3411 4863 3411 4854 3412 4863 3412 4864 3412 4864 161 4865 161 4854 161 4854 3413 4865 3413 4866 3413 4854 161 4866 161 4861 161 4861 3414 4866 3414 4867 3414 4861 3415 4867 3415 4859 3415 4868 161 4869 161 4870 161 4870 3416 4869 3416 4871 3416 4870 161 4871 161 4872 161 4860 161 4873 161 4861 161 4861 3417 4873 3417 4874 3417 4861 161 4874 161 4875 161 4875 3418 4874 3418 4876 3418 4875 3419 4876 3419 4877 3419 4877 3420 4876 3420 4872 3420 4877 161 4872 161 4878 161 4878 161 4872 161 4871 161 4879 161 4852 161 4880 161 4880 161 4852 161 4881 161 4879 161 4882 161 4852 161 4852 3421 4882 3421 4883 3421 4852 3422 4883 3422 4884 3422 4885 161 4886 161 4887 161 4851 161 4888 161 4852 161 4852 161 4888 161 4889 161 4852 3423 4889 3423 4881 3423 4890 161 4891 161 4892 161 4892 161 4891 161 4887 161 4892 161 4887 161 4893 161 4893 161 4887 161 4886 161 4890 161 4894 161 4891 161 4891 3424 4894 3424 4895 3424 4891 3425 4895 3425 4896 3425 4889 161 4897 161 4881 161 4881 3426 4897 3426 4898 3426 4881 161 4898 161 4899 161 4899 3427 4898 3427 4900 3427 4899 161 4900 161 4887 161 4887 3428 4900 3428 4901 3428 4887 3429 4901 3429 4885 3429 4896 2225 4902 2225 4891 2225 4891 3430 4902 3430 4903 3430 4891 2227 4903 2227 4904 2227 4904 161 4903 161 4905 161 4904 161 4906 161 4907 161 4908 161 4909 161 4891 161 4891 3431 4909 3431 4910 3431 4891 161 4910 161 4854 161 4854 3432 4910 3432 4911 3432 4854 3433 4911 3433 4912 3433 4913 3434 4914 3434 4891 3434 4912 161 4915 161 4854 161 4854 3424 4915 3424 4916 3424 4854 2224 4916 2224 4917 2224 4904 161 4907 161 4891 161 4891 161 4907 161 4918 161 4891 3435 4918 3435 4913 3435 4914 161 4919 161 4891 161 4891 3436 4919 3436 4920 3436 4891 3437 4920 3437 4908 3437 4917 2225 4921 2225 4854 2225 4854 3438 4921 3438 4922 3438 4854 2227 4922 2227 4856 2227 4922 161 4923 161 4856 161 4856 161 4923 161 4924 161 4856 161 4924 161 4925 161 4925 161 4926 161 4927 161 4927 3439 4926 3439 4928 3439 4927 3440 4928 3440 4929 3440 4930 161 4931 161 4932 161 4932 3436 4931 3436 4933 3436 4932 3441 4933 3441 4934 3441 4934 3442 4935 3442 4932 3442 4932 3443 4935 3443 4936 3443 4932 2210 4936 2210 4904 2210 4904 161 4936 161 4937 161 4904 161 4937 161 4906 161 4929 161 4938 161 4927 161 4927 3444 4938 3444 4939 3444 4927 3445 4939 3445 4940 3445 4940 161 4941 161 4927 161 4927 3446 4941 3446 4942 3446 4927 161 4942 161 4932 161 4932 3447 4942 3447 4943 3447 4932 3448 4943 3448 4930 3448 4944 161 4601 161 4945 161 4945 161 4601 161 4603 161 4945 161 4603 161 4946 161 4946 161 4603 161 4947 161 4946 161 4947 161 4948 161 4948 161 4947 161 4949 161 4948 161 4949 161 4868 161 4868 3449 4949 3449 4950 3449 4868 3450 4950 3450 4869 3450 4927 2202 4951 2202 4952 2202 4925 161 4927 161 4856 161 4856 161 4927 161 4953 161 4856 161 4953 161 4858 161 4944 3451 4954 3451 4601 3451 4601 3452 4954 3452 4955 3452 4601 3453 4955 3453 4956 3453 4956 161 4957 161 4601 161 4601 3454 4957 3454 4958 3454 4601 3455 4958 3455 4959 3455 4960 161 4961 161 4927 161 4927 2247 4961 2247 4962 2247 4927 3456 4962 3456 4951 3456 4952 161 4963 161 4927 161 4927 3457 4963 3457 4964 3457 4927 3458 4964 3458 4953 3458 4965 3459 4966 3459 4932 3459 4932 2190 4966 2190 4967 2190 4932 3460 4967 3460 4968 3460 4968 3461 4969 3461 4932 3461 4932 3462 4969 3462 4970 3462 4932 161 4970 161 4971 161 4971 3463 4970 3463 4972 3463 4971 3464 4972 3464 4973 3464 4973 161 4974 161 4971 161 4971 3465 4974 3465 4975 3465 4971 3466 4975 3466 4976 3466 4976 161 4977 161 4971 161 4971 3467 4977 3467 4978 3467 4971 3468 4978 3468 4852 3468 4852 161 4978 161 4979 161 4852 161 4979 161 4850 161 4905 161 4980 161 4904 161 4904 161 4980 161 4981 161 4904 161 4981 161 4932 161 4932 161 4981 161 4982 161 4932 3439 4982 3439 4965 3439 4597 161 4983 161 4595 161 4595 161 4983 161 4971 161 4595 161 4971 161 4593 161 4593 161 4971 161 4852 161 4593 161 4852 161 4984 161 4984 3469 4852 3469 4884 3469 4985 161 4986 161 4932 161 4932 3470 4986 3470 4987 3470 4932 3425 4987 3425 4988 3425 4989 3471 4990 3471 4971 3471 4988 2225 4991 2225 4932 2225 4932 3472 4991 3472 4992 3472 4932 161 4992 161 4993 161 4994 3473 4995 3473 4996 3473 4997 161 4998 161 4983 161 4983 3474 4998 3474 4999 3474 4983 3475 4999 3475 5000 3475 5000 161 5001 161 4983 161 4983 3476 5001 3476 5002 3476 4983 3477 5002 3477 5003 3477 4989 3478 4971 3478 5004 3478 5005 161 5006 161 4971 161 4971 3479 5006 3479 5007 3479 4971 161 5007 161 4932 161 4932 3480 5007 3480 5008 3480 4932 3481 5008 3481 4985 3481 4993 161 5009 161 4994 161 4994 3482 5009 3482 5010 3482 4994 161 5010 161 4995 161 4996 161 5011 161 4994 161 4994 3483 5011 3483 5012 3483 4994 3484 5012 3484 5013 3484 5013 161 5014 161 4994 161 4994 3485 5014 3485 5015 3485 4994 161 5015 161 4983 161 4983 3486 5015 3486 5016 3486 4983 3487 5016 3487 4997 3487 4990 161 5017 161 4971 161 4971 3466 5017 3466 5018 3466 4971 3488 5018 3488 5005 3488 5003 161 5019 161 4983 161 4983 3489 5019 3489 5020 3489 4983 161 5020 161 4971 161 4971 3490 5020 3490 5021 3490 4971 161 5021 161 5004 161 4994 3491 5022 3491 5023 3491 4993 161 4994 161 4932 161 4932 3492 4994 3492 5023 3492 4932 3493 5023 3493 5024 3493 5025 161 5026 161 4927 161 4927 3470 5026 3470 5027 3470 4927 3425 5027 3425 5028 3425 4927 3494 5029 3494 5030 3494 5030 3495 5029 3495 5031 3495 5030 3482 5031 3482 5032 3482 5033 161 5034 161 4994 161 4994 3496 5034 3496 5035 3496 4994 161 5035 161 5022 161 5028 2225 5036 2225 4927 2225 4927 3472 5036 3472 5037 3472 4927 161 5037 161 5029 161 5032 161 5038 161 5030 161 5030 3473 5038 3473 5039 3473 5030 3497 5039 3497 5040 3497 5041 3498 5042 3498 4994 3498 4994 3499 5042 3499 5043 3499 4994 3500 5043 3500 5033 3500 5024 161 5044 161 4932 161 4932 3501 5044 3501 5045 3501 4932 3502 5045 3502 5046 3502 5040 161 5047 161 5030 161 5030 3484 5047 3484 5048 3484 5030 3503 5048 3503 5049 3503 5049 161 5050 161 5030 161 5030 3504 5050 3504 5051 3504 5030 161 5051 161 4994 161 4994 3505 5051 3505 5052 3505 4994 3506 5052 3506 5041 3506 5046 161 5053 161 4932 161 4932 3436 5053 3436 5054 3436 4932 3507 5054 3507 5055 3507 5055 161 5056 161 4932 161 4932 3508 5056 3508 5057 3508 4932 161 5057 161 4927 161 4927 3480 5057 3480 5058 3480 4927 3481 5058 3481 5025 3481 5059 161 5060 161 5030 161 5030 3509 5060 3509 5061 3509 5030 3510 5061 3510 5062 3510 5063 161 5064 161 4599 161 5063 161 4599 161 5065 161 5066 161 5030 161 5067 161 5067 161 5030 161 4599 161 5066 161 5068 161 5030 161 5030 3511 5068 3511 5069 3511 5030 3499 5069 3499 5059 3499 5062 161 5070 161 5030 161 5030 3491 5070 3491 5071 3491 5030 161 5071 161 4927 161 4927 3493 5071 3493 5072 3493 4927 161 5072 161 5073 161 5064 161 5074 161 4599 161 4599 3512 5074 3512 5075 3512 4599 3513 5075 3513 5076 3513 5076 161 5077 161 4599 161 4599 3514 5077 3514 5078 3514 4599 3515 5078 3515 5067 3515 5073 3516 5079 3516 4927 3516 4927 3517 5079 3517 5080 3517 4927 3518 5080 3518 5081 3518 5081 161 5082 161 4927 161 4927 3519 5082 3519 5083 3519 4927 3520 5083 3520 5084 3520 4959 161 4960 161 4601 161 4601 161 4960 161 4927 161 4601 161 4927 161 5085 161 5085 161 4927 161 5084 161 5085 161 5086 161 4601 161 4601 3521 5086 3521 5087 3521 4601 3454 5087 3454 5088 3454 5088 161 5089 161 4601 161 4601 3522 5089 3522 5090 3522 4601 3523 5090 3523 5091 3523 5091 3524 5092 3524 4601 3524 4601 161 5092 161 5093 161 4601 3525 5093 3525 4599 3525 4599 3526 5093 3526 5094 3526 4599 3527 5094 3527 5065 3527 4597 161 4592 161 4983 161 4983 161 4592 161 4591 161 4983 161 4591 161 4994 161 4994 161 4591 161 4590 161 4994 161 4590 161 5030 161 5030 161 4590 161 4567 161 5030 161 4567 161 4599 161 4861 0 4615 0 4854 0 4854 0 4615 0 4629 0 4854 0 4629 0 4891 0 4891 0 4629 0 4641 0 4891 0 4641 0 4887 0 4887 0 4641 0 4638 0 4547 50 4550 50 5095 50 5095 3528 4550 3528 5096 3528 5095 965 5096 965 5097 965 5097 3529 5096 3529 5098 3529 5097 119 5098 119 5099 119 5099 50 5098 50 5100 50 5099 50 5100 50 5101 50 5101 3530 5100 3530 5102 3530 5101 50 5102 50 5103 50 5103 50 5102 50 5104 50 5103 50 5104 50 5105 50 5105 3531 5104 3531 5106 3531 5105 50 5106 50 5107 50 5107 3532 5106 3532 5108 3532 5107 50 5108 50 5109 50 5109 3533 5108 3533 5110 3533 5109 3534 5110 3534 4054 3534 4054 3535 5110 3535 4041 3535 4495 101 3963 101 5111 101 5111 3536 3963 3536 5112 3536 5111 3537 5112 3537 5113 3537 5113 3538 5112 3538 5114 3538 5113 101 5114 101 5115 101 5115 101 5114 101 5116 101 5115 101 5116 101 5117 101 5117 2318 5116 2318 5118 2318 5117 101 5118 101 5119 101 5119 101 5118 101 5120 101 5119 101 5120 101 5121 101 5121 3539 5120 3539 5122 3539 5121 101 5122 101 5123 101 5123 3540 5122 3540 5124 3540 5123 101 5124 101 5125 101 5125 101 5124 101 5126 101 5125 3541 5126 3541 4545 3541 4545 101 5126 101 4543 101 4550 981 4543 981 5126 981 5112 3542 3963 3542 3962 3542 3962 3543 3901 3543 5112 3543 5112 3544 3901 3544 3907 3544 5112 3545 3907 3545 3884 3545 4550 3546 5126 3546 5096 3546 5096 983 5126 983 5124 983 5096 984 5124 984 5098 984 5098 985 5124 985 5122 985 5098 3547 5122 3547 5100 3547 5100 3548 5122 3548 5120 3548 5100 987 5120 987 5102 987 5102 988 5120 988 5118 988 5102 3549 5118 3549 5104 3549 5104 3550 5118 3550 5116 3550 5104 3550 5116 3550 5106 3550 5106 991 5116 991 5114 991 5106 991 5114 991 5108 991 5108 994 5114 994 5112 994 5108 994 5112 994 5110 994 5110 997 5112 997 3884 997 5110 3551 3884 3551 3715 3551 3715 3552 3698 3552 5110 3552 5110 3553 3698 3553 3690 3553 5110 3554 3690 3554 4041 3554 4054 3555 4053 3555 5109 3555 5109 3556 4053 3556 4164 3556 5109 3557 4164 3557 4173 3557 4093 3558 4070 3558 5111 3558 4070 3559 4069 3559 5111 3559 5111 3558 4069 3558 4494 3558 5111 3557 4494 3557 4495 3557 4173 3560 4093 3560 5109 3560 5109 3561 4093 3561 5111 3561 5109 1006 5111 1006 5107 1006 5107 3562 5111 3562 5113 3562 5107 1008 5113 1008 5105 1008 5105 1008 5113 1008 5115 1008 5105 1011 5115 1011 5103 1011 5103 1011 5115 1011 5117 1011 5103 3563 5117 3563 5101 3563 5101 1013 5117 1013 5119 1013 5101 1014 5119 1014 5099 1014 5099 1015 5119 1015 5121 1015 5099 1016 5121 1016 5097 1016 5097 1017 5121 1017 5123 1017 5097 1018 5123 1018 5095 1018 5095 1019 5123 1019 5125 1019 5095 1020 5125 1020 4547 1020 4547 1021 5125 1021 4545 1021 4534 50 4049 50 5127 50 5127 3564 4049 3564 5128 3564 5127 3565 5128 3565 5129 3565 5129 3566 5128 3566 5130 3566 5129 50 5130 50 5131 50 5131 3567 5130 3567 5132 3567 5131 50 5132 50 5133 50 5133 2379 5132 2379 5134 2379 5133 50 5134 50 5135 50 5135 3568 5134 3568 5136 3568 5135 50 5136 50 5137 50 5137 3569 5136 3569 5138 3569 5137 50 5138 50 5139 50 5139 3570 5138 3570 5140 3570 5139 50 5140 50 5141 50 5141 50 5140 50 5142 50 5141 50 5142 50 5143 50 5143 50 5142 50 5144 50 5143 50 5144 50 5145 50 5145 50 5144 50 5146 50 5147 101 5148 101 5149 101 5149 101 5148 101 5150 101 5149 101 5150 101 5151 101 5151 101 5150 101 5152 101 5151 3571 5152 3571 5153 3571 5153 3572 5152 3572 5154 3572 5153 101 5154 101 5155 101 5155 3573 5154 3573 5156 3573 5155 101 5156 101 5157 101 5157 101 5156 101 5158 101 5157 3574 5158 3574 5159 3574 5159 3575 5158 3575 5160 3575 5159 3576 5160 3576 5161 3576 5161 3577 5160 3577 5162 3577 5161 2368 5162 2368 5163 2368 5163 3578 5162 3578 5164 3578 5163 101 5164 101 5165 101 5165 3579 5164 3579 5166 3579 5165 3580 5166 3580 4542 3580 4542 3581 5166 3581 3558 3581 5128 3582 4049 3582 4048 3582 4048 3583 4047 3583 5128 3583 5128 3584 4047 3584 4046 3584 5128 3585 4046 3585 4045 3585 5166 3586 4045 3586 4044 3586 4044 3587 4043 3587 5166 3587 5166 3588 4043 3588 3559 3588 5166 3589 3559 3589 3558 3589 4045 3590 5166 3590 5128 3590 5128 3591 5166 3591 5164 3591 5128 3592 5164 3592 5130 3592 5130 3593 5164 3593 5162 3593 5130 3593 5162 3593 5132 3593 5132 3594 5162 3594 5160 3594 5132 3595 5160 3595 5134 3595 5134 3596 5160 3596 5158 3596 5134 3597 5158 3597 5136 3597 5136 3598 5158 3598 5156 3598 5136 3598 5156 3598 5138 3598 5138 3599 5156 3599 5154 3599 5138 3600 5154 3600 5140 3600 5140 3601 5154 3601 5152 3601 5140 3602 5152 3602 5142 3602 5142 3603 5152 3603 5150 3603 5142 3604 5150 3604 5144 3604 5144 3605 5150 3605 5148 3605 5144 3606 5148 3606 5146 3606 4542 3607 4541 3607 5165 3607 5165 3608 4541 3608 4540 3608 5165 3608 4540 3608 4539 3608 4538 3609 4537 3609 5127 3609 4539 3610 4538 3610 5165 3610 5165 3611 4538 3611 5127 3611 5165 3612 5127 3612 5163 3612 5163 3613 5127 3613 5129 3613 5163 3614 5129 3614 5161 3614 5161 3615 5129 3615 5131 3615 5161 3616 5131 3616 5159 3616 5159 3617 5131 3617 5133 3617 5159 3618 5133 3618 5157 3618 5157 3619 5133 3619 5135 3619 5157 3620 5135 3620 5155 3620 5155 3621 5135 3621 5137 3621 5155 3622 5137 3622 5153 3622 5153 3623 5137 3623 5139 3623 5153 3624 5139 3624 5151 3624 5151 3624 5139 3624 5141 3624 5151 3625 5141 3625 5149 3625 5149 3625 5141 3625 5143 3625 5149 3626 5143 3626 5147 3626 5147 3627 5143 3627 5145 3627 4537 3628 4536 3628 5127 3628 5127 3629 4536 3629 4535 3629 5127 3630 4535 3630 4534 3630 984 101 5148 101 5167 101 5167 101 5148 101 5147 101 5168 50 5145 50 992 50 992 50 5145 50 5146 50 5169 51 5170 51 5146 51 5170 51 5171 51 5146 51 5146 3631 5171 3631 5172 3631 5146 3632 5172 3632 5173 3632 5174 51 5175 51 5176 51 5148 3633 5177 3633 5178 3633 5173 2532 5179 2532 5146 2532 5146 3634 5179 3634 5180 3634 5146 51 5180 51 992 51 992 3635 5180 3635 5181 3635 992 3636 5181 3636 5182 3636 5182 51 5183 51 992 51 992 3637 5183 3637 5184 3637 992 51 5184 51 1075 51 1075 3638 5184 3638 5185 3638 1075 3639 5185 3639 1073 3639 1073 3640 5185 3640 5186 3640 1073 3641 5186 3641 1071 3641 1071 3642 5186 3642 5187 3642 1071 3643 5187 3643 5188 3643 5188 3644 5187 3644 5189 3644 5188 51 5189 51 1067 51 1067 51 5189 51 5190 51 1067 51 5190 51 1065 51 1065 3645 5190 3645 5191 3645 1065 51 5191 51 1063 51 1063 3646 5191 3646 5192 3646 1063 3647 5192 3647 1061 3647 1061 51 5192 51 5193 51 1061 51 5193 51 1010 51 1010 51 5193 51 5194 51 1010 51 5194 51 5195 51 5174 51 5176 51 5196 51 5175 3648 5197 3648 5176 3648 5176 3649 5197 3649 5198 3649 5176 3650 5198 3650 5199 3650 5200 3651 5201 3651 5202 3651 5202 3652 5201 3652 5203 3652 5202 3653 5203 3653 5204 3653 5204 3654 5203 3654 5205 3654 5204 3655 5205 3655 5206 3655 5200 51 5202 51 5176 51 5176 3656 5202 3656 5207 3656 5176 3657 5207 3657 5196 3657 5208 51 5209 51 1010 51 1010 3658 5209 3658 5210 3658 1010 3659 5210 3659 1020 3659 1020 3660 5210 3660 5211 3660 1020 3661 5211 3661 5212 3661 5178 51 5213 51 5148 51 5148 3662 5213 3662 5214 3662 5148 3663 5214 3663 5204 3663 5215 3664 5216 3664 5148 3664 5148 3665 5216 3665 5217 3665 5148 3666 5217 3666 5146 3666 5146 3667 5217 3667 5218 3667 5146 3668 5218 3668 5169 3668 5206 3669 5219 3669 5204 3669 5204 3670 5219 3670 5220 3670 5204 3671 5220 3671 5148 3671 5148 3672 5220 3672 5221 3672 5148 3673 5221 3673 5215 3673 5195 51 5222 51 1010 51 1010 3674 5222 3674 5223 3674 1010 3675 5223 3675 5176 3675 5224 51 5225 51 984 51 984 3676 5225 3676 5226 3676 984 51 5226 51 5148 51 5148 3677 5226 3677 5227 3677 5148 3678 5227 3678 5177 3678 5199 51 5228 51 5176 51 5176 3679 5228 3679 5229 3679 5176 51 5229 51 1010 51 1010 3680 5229 3680 5230 3680 1010 3681 5230 3681 5208 3681 5212 3682 5231 3682 1020 3682 1020 51 5231 51 5232 51 1020 51 5232 51 1044 51 1044 3683 5232 3683 5233 3683 1044 51 5233 51 1042 51 1042 3684 5233 3684 5234 3684 1042 51 5234 51 1040 51 1040 3685 5234 3685 5235 3685 1040 51 5235 51 1038 51 1038 3686 5235 3686 5236 3686 1038 51 5236 51 5237 51 5237 3687 5236 3687 5238 3687 5237 3688 5238 3688 5239 3688 5239 3689 5238 3689 5240 3689 5239 3690 5240 3690 1032 3690 1032 3691 5240 3691 5241 3691 1032 51 5241 51 1030 51 1030 3692 5241 3692 5242 3692 1030 51 5242 51 984 51 984 3693 5242 3693 5243 3693 984 3694 5243 3694 5224 3694 5244 0 5245 0 5147 0 5246 0 5247 0 5248 0 5248 3695 5247 3695 5249 3695 5248 3696 5249 3696 5250 3696 5251 0 5252 0 5253 0 5253 3697 5252 3697 5254 3697 5255 2435 5256 2435 5145 2435 5145 3698 5256 3698 5257 3698 5258 3699 5259 3699 5260 3699 5250 0 5261 0 5248 0 5248 3700 5261 3700 5262 3700 5248 3701 5262 3701 5263 3701 5263 3702 5262 3702 5264 3702 5263 3703 5264 3703 5265 3703 5258 0 5260 0 5266 0 5267 0 5268 0 5145 0 5145 3704 5268 3704 5269 3704 5145 3705 5269 3705 5270 3705 5271 0 5272 0 5168 0 5168 3706 5272 3706 5273 3706 5168 0 5273 0 5145 0 5145 3707 5273 3707 5274 3707 5145 0 5274 0 5255 0 5246 3708 5248 3708 5260 3708 5260 3709 5248 3709 5275 3709 5260 3710 5275 3710 5266 3710 5259 0 5276 0 5260 0 5260 3711 5276 3711 5277 3711 5260 3712 5277 3712 5278 3712 5278 0 5279 0 5260 0 5260 3713 5279 3713 5267 3713 5260 0 5267 0 5280 0 5280 0 5267 0 5145 0 5280 0 5145 0 5281 0 5281 0 5145 0 5257 0 5270 0 5282 0 5145 0 5145 3714 5282 3714 5283 3714 5145 3715 5283 3715 5147 3715 5147 3716 5283 3716 5284 3716 5147 3717 5284 3717 5244 3717 5245 3718 5285 3718 5147 3718 5147 3719 5285 3719 5286 3719 5147 3720 5286 3720 5287 3720 5254 0 5288 0 5253 0 5253 3721 5288 3721 5289 3721 5253 3722 5289 3722 5290 3722 5290 2462 5289 2462 5291 2462 5290 2463 5291 2463 5292 2463 5292 0 5293 0 5290 0 5290 0 5293 0 5294 0 5290 0 5294 0 5295 0 5295 3723 5294 3723 5296 3723 5295 0 5296 0 5297 0 5297 3724 5296 3724 5298 3724 5297 0 5298 0 5299 0 5299 3725 5298 3725 5300 3725 5299 0 5300 0 5301 0 5301 3726 5300 3726 5302 3726 5301 0 5302 0 5303 0 5303 0 5302 0 5304 0 5303 0 5304 0 5305 0 5305 2485 5304 2485 5306 2485 5305 2486 5306 2486 5307 2486 5307 3727 5306 3727 5308 3727 5307 0 5308 0 5309 0 5309 3728 5308 3728 5310 3728 5309 0 5310 0 5168 0 5168 3729 5310 3729 5311 3729 5168 3730 5311 3730 5271 3730 5287 2435 5312 2435 5147 2435 5147 0 5312 0 5313 0 5147 0 5313 0 5167 0 5167 3731 5313 3731 5314 3731 5167 3732 5314 3732 5315 3732 5265 0 5251 0 5263 0 5263 0 5251 0 5253 0 5263 0 5253 0 5316 0 5316 0 5253 0 5317 0 5316 3733 5317 3733 5318 3733 5318 0 5317 0 5319 0 5318 0 5319 0 5320 0 5320 0 5319 0 5321 0 5320 0 5321 0 5322 0 5322 3734 5321 3734 5323 3734 5322 0 5323 0 5324 0 5324 3735 5323 3735 5325 3735 5324 3736 5325 3736 5326 3736 5326 3737 5325 3737 5327 3737 5326 0 5327 0 5328 0 5328 3738 5327 3738 5329 3738 5328 0 5329 0 5330 0 5330 3739 5329 3739 5331 3739 5330 0 5331 0 5332 0 5332 3740 5331 3740 5167 3740 5332 0 5167 0 5333 0 5333 0 5167 0 5315 0 5253 102 5290 102 1020 102 1020 102 5290 102 1010 102 4184 2589 3728 2589 4185 2589 4185 2589 3728 2589 3727 2589 4185 2611 3727 2611 4178 2611 4178 2611 3727 2611 3720 2611 4178 2612 3720 2612 4179 2612 4179 2612 3720 2612 3719 2612 4179 2591 3719 2591 4181 2591 4181 2591 3719 2591 3723 2591 4181 3741 3723 3741 4182 3741 4182 3741 3723 3741 3722 3741 4182 3742 3722 3742 4143 3742 4143 3742 3722 3742 3721 3742 4143 2614 3721 2614 4144 2614 4144 2614 3721 2614 3704 2614 4144 2615 3704 2615 4157 2615 4157 2615 3704 2615 3703 2615 4157 2616 3703 2616 4158 2616 4158 2616 3703 2616 3701 2616 4158 2617 3701 2617 4159 2617 4159 2617 3701 2617 3693 2617 4159 2618 3693 2618 4146 2618 4146 2618 3693 2618 3694 2618 4146 2619 3694 2619 4147 2619 4147 2619 3694 2619 3695 2619 4147 2620 3695 2620 4149 2620 4149 2620 3695 2620 3700 2620 4149 699 3700 699 4160 699 4160 699 3700 699 3699 699 4160 3743 3699 3743 4161 3743 4161 3743 3699 3743 3687 3743 4161 2621 3687 2621 4150 2621 4150 2621 3687 2621 3686 2621 4150 2622 3686 2622 4151 2622 4151 2622 3686 2622 3707 2622 4151 2598 3707 2598 4152 2598 4152 2598 3707 2598 3706 2598 4153 2579 3705 2579 4154 2579 4154 2579 3705 2579 3689 2579 4154 2599 3689 2599 4155 2599 4155 2599 3689 2599 3691 2599 4155 2600 3691 2600 4156 2600 4156 2600 3691 2600 3692 2600 4156 3744 3692 3744 4165 3744 4165 3744 3692 3744 3714 3744 4165 690 3714 690 4166 690 4166 690 3714 690 3713 690 4166 2601 3713 2601 4167 2601 4167 2601 3713 2601 3709 2601 4167 2602 3709 2602 4168 2602 4168 2602 3709 2602 3708 2602 4168 2603 3708 2603 4169 2603 4169 2603 3708 2603 3712 2603 4169 2604 3712 2604 4170 2604 4170 2604 3712 2604 3711 2604 4170 2605 3711 2605 4162 2605 4162 2605 3711 2605 3710 2605 4162 2606 3710 2606 4163 2606 4163 2606 3710 2606 3697 2606 4163 2607 3697 2607 4171 2607 4171 2607 3697 2607 3696 2607 4171 3745 3696 3745 4172 3745 4172 3745 3696 3745 3717 3745 4172 3746 3717 3746 4174 3746 4174 3746 3717 3746 3716 3746 4174 2586 3716 2586 4175 2586 4175 2586 3716 2586 3726 2586 4175 2609 3726 2609 4176 2609 4176 2609 3726 2609 3725 2609 4176 2610 3725 2610 4177 2610 4177 2610 3725 2610 3724 2610 4177 2588 3724 2588 4183 2588 4183 2588 3724 2588 3729 2588 3705 101 4153 101 3706 101 3706 101 4153 101 4152 101 3729 50 3728 50 4183 50 4183 50 3728 50 4184 50 4131 2563 3880 2563 4112 2563 4112 2563 3880 2563 3862 2563 4112 2611 3862 2611 4114 2611 4114 2611 3862 2611 3846 2611 4114 2612 3846 2612 4136 2612 4136 2612 3846 2612 3859 2612 4136 2820 3859 2820 4116 2820 4116 2820 3859 2820 3858 2820 4116 708 3858 708 4117 708 4117 708 3858 708 3857 708 4117 2613 3857 2613 4118 2613 4118 2613 3857 2613 3848 2613 4118 2629 3848 2629 4119 2629 4119 2629 3848 2629 3847 2629 4119 2615 3847 2615 4137 2615 4137 2615 3847 2615 3849 2615 4137 2630 3849 2630 4138 2630 4138 2630 3849 2630 3856 2630 4138 2631 3856 2631 4139 2631 4139 2631 3856 2631 3855 2631 4139 2618 3855 2618 4097 2618 4097 2618 3855 2618 3854 2618 4097 2632 3854 2632 4096 2632 4096 2632 3854 2632 3853 2632 4096 2620 3853 2620 4094 2620 4094 2620 3853 2620 3867 2620 4094 699 3867 699 4098 699 4098 699 3867 699 3866 699 4098 2575 3866 2575 4099 2575 4099 2575 3866 2575 3852 2575 4099 2621 3852 2621 4100 2621 4100 2621 3852 2621 3851 2621 4100 2622 3851 2622 4140 2622 4140 2622 3851 2622 3865 2622 4140 2578 3865 2578 4141 2578 4141 2578 3865 2578 3895 2578 4142 2547 3894 2547 4101 2547 4101 2547 3894 2547 3893 2547 4101 2599 3893 2599 4091 2599 4091 2599 3893 2599 3892 2599 4091 2600 3892 2600 4092 2600 4092 2600 3892 2600 3891 2600 4092 2550 3891 2550 4120 2550 4120 2550 3891 2550 3890 2550 4120 690 3890 690 4121 690 4121 690 3890 690 3889 690 4121 2601 3889 2601 4104 2601 4104 2601 3889 2601 3888 2601 4104 2623 3888 2623 4105 2623 4105 2623 3888 2623 3887 2623 4105 2603 3887 2603 4106 2603 4106 2603 3887 2603 3886 2603 4106 2624 3886 2624 4102 2624 4102 2624 3886 2624 3885 2624 4102 2625 3885 2625 4103 2625 4103 2625 3885 2625 3883 2625 4103 2606 3883 2606 4123 2606 4123 2606 3883 2606 3882 2606 4123 2626 3882 2626 4107 2626 4107 2626 3882 2626 3874 2626 4107 2608 3874 2608 4108 2608 4108 2608 3874 2608 3873 2608 4108 717 3873 717 4110 717 4110 717 3873 717 3871 717 4110 2819 3871 2819 4124 2819 4124 2819 3871 2819 3869 2819 4124 2609 3869 2609 4125 2609 4125 2609 3869 2609 3868 2609 4125 2610 3868 2610 4127 2610 4127 2610 3868 2610 3879 2610 4127 2562 3879 2562 4133 2562 4133 2562 3879 2562 3878 2562 3894 101 4142 101 3895 101 3895 101 4142 101 4141 101 3878 50 3880 50 4133 50 4133 50 3880 50 4131 50 4380 2563 3609 2563 4367 2563 4367 2563 3609 2563 3611 2563 4367 2611 3611 2611 4369 2611 4369 2611 3611 2611 3587 2611 4369 2612 3587 2612 4371 2612 4371 2612 3587 2612 3585 2612 4371 2820 3585 2820 4372 2820 4372 2820 3585 2820 3578 2820 4372 708 3578 708 4373 708 4373 708 3578 708 3577 708 4373 2613 3577 2613 4374 2613 4374 2613 3577 2613 3576 2613 4374 2629 3576 2629 4375 2629 4375 2629 3576 2629 3571 2629 4375 2615 3571 2615 4376 2615 4376 2615 3571 2615 3570 2615 4376 2630 3570 2630 4377 2630 4377 2630 3570 2630 3569 2630 4377 2631 3569 2631 4351 2631 4351 2631 3569 2631 3562 2631 4351 2618 3562 2618 4352 2618 4352 2618 3562 2618 3596 2618 4352 2632 3596 2632 4354 2632 4354 2632 3596 2632 3595 2632 4354 2620 3595 2620 4355 2620 4355 2620 3595 2620 3594 2620 4355 699 3594 699 4356 699 4356 699 3594 699 3593 699 4356 2575 3593 2575 4357 2575 4357 2575 3593 2575 3592 2575 4357 2621 3592 2621 4358 2621 4358 2621 3592 2621 3591 2621 4358 2622 3591 2622 4385 2622 4385 2622 3591 2622 3590 2622 4385 2578 3590 2578 4386 2578 4386 2578 3590 2578 3604 2578 4387 2547 3603 2547 4359 2547 4359 2547 3603 2547 3602 2547 4359 2599 3602 2599 4343 2599 4343 2599 3602 2599 3584 2599 4343 2600 3584 2600 4344 2600 4344 2600 3584 2600 3583 2600 4344 2550 3583 2550 4360 2550 4360 2550 3583 2550 3582 2550 4360 690 3582 690 4361 690 4361 690 3582 690 3575 690 4361 2601 3575 2601 4362 2601 4362 2601 3575 2601 3573 2601 4362 2623 3573 2623 4363 2623 4363 2623 3573 2623 3572 2623 4363 2603 3572 2603 4364 2603 4364 2603 3572 2603 3581 2603 4364 2624 3581 2624 4365 2624 4365 2624 3581 2624 3580 2624 4365 2625 3580 2625 4339 2625 4339 2625 3580 2625 3579 2625 4339 2606 3579 2606 4337 2606 4337 2606 3579 2606 3565 2606 4337 2626 3565 2626 4338 2626 4338 2626 3565 2626 3564 2626 4338 2608 3564 2608 4340 2608 4340 2608 3564 2608 3568 2608 4340 717 3568 717 4341 717 4341 717 3568 717 3567 717 4341 2819 3567 2819 4346 2819 4346 2819 3567 2819 3601 2819 4346 2609 3601 2609 4347 2609 4347 2609 3601 2609 3598 2609 4347 2610 3598 2610 4349 2610 4349 2610 3598 2610 3597 2610 4349 2562 3597 2562 4382 2562 4382 2562 3597 2562 3607 2562 3603 101 4387 101 3604 101 3604 101 4387 101 4386 101 3607 50 3609 50 4382 50 4382 50 3609 50 4380 50 4194 2589 3684 2589 4196 2589 4196 2589 3684 2589 3683 2589 4196 2611 3683 2611 4197 2611 4197 2611 3683 2611 3682 2611 4197 2612 3682 2612 4198 2612 4198 2612 3682 2612 3681 2612 4198 2591 3681 2591 4199 2591 4199 2591 3681 2591 3680 2591 4199 3741 3680 3741 4201 3741 4201 3741 3680 3741 3675 3741 4201 3742 3675 3742 4202 3742 4202 3742 3675 3742 3674 3742 4202 2614 3674 2614 4218 2614 4218 2614 3674 2614 3663 2614 4218 2615 3663 2615 4219 2615 4219 2615 3663 2615 3662 2615 4219 2616 3662 2616 4209 2616 4209 2616 3662 2616 3661 2616 4209 2617 3661 2617 4210 2617 4210 2617 3661 2617 3649 2617 4210 2618 3649 2618 4211 2618 4211 2618 3649 2618 3648 2618 4211 2619 3648 2619 4212 2619 4212 2619 3648 2619 3647 2619 4212 2620 3647 2620 4204 2620 4204 2620 3647 2620 3646 2620 4204 699 3646 699 4205 699 4205 699 3646 699 3645 699 4205 3743 3645 3743 4206 3743 4206 3743 3645 3743 3643 3743 4206 2621 3643 2621 4207 2621 4207 2621 3643 2621 3642 2621 4207 2622 3642 2622 4208 2622 4208 2622 3642 2622 3660 2622 4208 2598 3660 2598 4213 2598 4213 2598 3660 2598 3659 2598 4214 2579 3658 2579 4215 2579 4215 2579 3658 2579 3654 2579 4215 2599 3654 2599 4216 2599 4216 2599 3654 2599 3656 2599 4216 2600 3656 2600 4217 2600 4217 2600 3656 2600 3657 2600 4217 3744 3657 3744 4223 3744 4223 3744 3657 3744 3667 3744 4223 690 3667 690 4224 690 4224 690 3667 690 3666 690 4224 2601 3666 2601 4225 2601 4225 2601 3666 2601 3665 2601 4225 2602 3665 2602 4226 2602 4226 2602 3665 2602 3664 2602 4226 2603 3664 2603 4227 2603 4227 2603 3664 2603 3670 2603 4227 2604 3670 2604 4228 2604 4228 2604 3670 2604 3669 2604 4228 2605 3669 2605 4220 2605 4220 2605 3669 2605 3668 2605 4220 2606 3668 2606 4221 2606 4221 2606 3668 2606 3653 2606 4221 2607 3653 2607 4222 2607 4222 2607 3653 2607 3652 2607 4222 3745 3652 3745 4187 3745 4187 3745 3652 3745 3673 3745 4187 3746 3673 3746 4189 3746 4189 3746 3673 3746 3672 3746 4189 2586 3672 2586 4190 2586 4190 2586 3672 2586 3679 2586 4190 2609 3679 2609 4191 2609 4191 2609 3679 2609 3678 2609 4191 2610 3678 2610 4192 2610 4192 2610 3678 2610 3677 2610 4192 2588 3677 2588 4193 2588 4193 2588 3677 2588 3685 2588 3658 101 4214 101 3659 101 3659 101 4214 101 4213 101 3685 50 3684 50 4193 50 4193 50 3684 50 4194 50 5263 3747 5232 3747 5248 3747 5248 2693 5232 2693 5231 2693 5248 2691 5231 2691 5275 2691 5275 2690 5231 2690 5212 2690 5275 2689 5212 2689 5266 2689 5266 2688 5212 2688 5211 2688 5266 3748 5211 3748 5258 3748 5258 2687 5211 2687 5210 2687 5258 2719 5210 2719 5259 2719 5259 2718 5210 2718 5209 2718 5259 3749 5209 3749 5276 3749 5276 3750 5209 3750 5208 3750 5276 3751 5208 3751 5277 3751 5277 3752 5208 3752 5230 3752 5277 2680 5230 2680 5278 2680 5278 2679 5230 2679 5229 2679 5278 2678 5229 2678 5279 2678 5279 2678 5229 2678 5228 2678 5279 2677 5228 2677 5267 2677 5267 2676 5228 2676 5199 2676 5267 2675 5199 2675 5268 2675 5268 2675 5199 2675 5198 2675 5268 3753 5198 3753 5269 3753 5269 3754 5198 3754 5197 3754 5269 3755 5197 3755 5270 3755 5270 3756 5197 3756 5175 3756 5270 2670 5175 2670 5282 2670 5282 2717 5175 2717 5174 2717 5282 3757 5174 3757 5283 3757 5283 2669 5174 2669 5196 2669 5283 2667 5196 2667 5284 2667 5284 2666 5196 2666 5207 2666 5284 2665 5207 2665 5244 2665 5244 2664 5207 2664 5202 2664 5244 3758 5202 3758 5245 3758 5245 2715 5202 2715 5204 2715 5245 2661 5204 2661 5285 2661 5285 2713 5204 2713 5214 2713 5285 3759 5214 3759 5286 3759 5286 2712 5214 2712 5213 2712 5286 2657 5213 2657 5287 2657 5287 2656 5213 2656 5178 2656 5287 2711 5178 2711 5312 2711 5312 2710 5178 2710 5177 2710 5312 633 5177 633 5313 633 5313 2709 5177 2709 5227 2709 5313 2652 5227 2652 5314 2652 5314 2651 5227 2651 5226 2651 5314 3760 5226 3760 5315 3760 5315 3761 5226 3761 5225 3761 5315 2649 5225 2649 5333 2649 5333 2649 5225 2649 5224 2649 5333 2705 5224 2705 5332 2705 5332 2704 5224 2704 5243 2704 5332 2703 5243 2703 5330 2703 5330 2703 5243 2703 5242 2703 5330 2645 5242 2645 5328 2645 5328 2644 5242 2644 5241 2644 5328 3762 5241 3762 5326 3762 5326 3763 5241 3763 5240 3763 5326 2642 5240 2642 5324 2642 5324 2641 5240 2641 5238 2641 5324 2699 5238 2699 5322 2699 5322 2698 5238 2698 5236 2698 5322 2697 5236 2697 5320 2697 5320 2696 5236 2696 5235 2696 5320 2637 5235 2637 5318 2637 5318 2636 5235 2636 5234 2636 5318 3764 5234 3764 5316 3764 5316 2695 5234 2695 5233 2695 5316 2633 5233 2633 5263 2633 5263 2694 5233 2694 5232 2694 5294 2693 5194 2693 5296 2693 5296 2692 5194 2692 5193 2692 5296 2691 5193 2691 5298 2691 5298 2690 5193 2690 5192 2690 5298 2689 5192 2689 5300 2689 5300 2688 5192 2688 5191 2688 5300 2687 5191 2687 5302 2687 5302 2686 5191 2686 5190 2686 5302 2685 5190 2685 5304 2685 5304 2684 5190 2684 5189 2684 5304 2683 5189 2683 5306 2683 5306 2682 5189 2682 5187 2682 5306 2681 5187 2681 5308 2681 5308 2681 5187 2681 5186 2681 5308 2680 5186 2680 5310 2680 5310 2679 5186 2679 5185 2679 5310 2678 5185 2678 5311 2678 5311 2678 5185 2678 5184 2678 5311 2677 5184 2677 5271 2677 5271 2676 5184 2676 5183 2676 5271 2675 5183 2675 5272 2675 5272 2675 5183 2675 5182 2675 5272 2674 5182 2674 5273 2674 5273 2674 5182 2674 5181 2674 5273 2673 5181 2673 5274 2673 5274 2672 5181 2672 5180 2672 5274 2671 5180 2671 5255 2671 5255 2670 5180 2670 5179 2670 5255 2669 5179 2669 5256 2669 5256 2668 5179 2668 5173 2668 5256 2667 5173 2667 5257 2667 5257 2666 5173 2666 5172 2666 5257 2665 5172 2665 5281 2665 5281 2664 5172 2664 5171 2664 5281 2663 5171 2663 5280 2663 5280 2662 5171 2662 5170 2662 5280 2661 5170 2661 5260 2661 5260 2660 5170 2660 5169 2660 5260 2659 5169 2659 5246 2659 5246 2658 5169 2658 5218 2658 5246 2657 5218 2657 5247 2657 5247 2656 5218 2656 5217 2656 5247 2655 5217 2655 5249 2655 5249 2655 5217 2655 5216 2655 5249 2654 5216 2654 5250 2654 5250 2653 5216 2653 5215 2653 5250 2652 5215 2652 5261 2652 5261 2651 5215 2651 5221 2651 5261 2650 5221 2650 5262 2650 5262 2650 5221 2650 5220 2650 5262 2649 5220 2649 5264 2649 5264 2649 5220 2649 5219 2649 5264 2648 5219 2648 5265 2648 5265 2647 5219 2647 5206 2647 5265 2646 5206 2646 5251 2646 5251 2646 5206 2646 5205 2646 5251 2645 5205 2645 5252 2645 5252 2644 5205 2644 5203 2644 5252 2643 5203 2643 5254 2643 5254 2643 5203 2643 5201 2643 5254 2642 5201 2642 5288 2642 5288 2641 5201 2641 5200 2641 5288 2640 5200 2640 5289 2640 5289 2639 5200 2639 5176 2639 5289 2638 5176 2638 5291 2638 5291 2638 5176 2638 5223 2638 5291 2637 5223 2637 5292 2637 5292 2636 5223 2636 5222 2636 5292 2635 5222 2635 5293 2635 5293 2634 5222 2634 5195 2634 5293 2633 5195 2633 5294 2633 5294 2633 5195 2633 5194 2633 984 777 5167 777 5331 777 984 778 5331 778 1030 778 1030 779 5331 779 5329 779 1030 780 5329 780 1032 780 1032 2729 5329 2729 5327 2729 1032 782 5327 782 5239 782 5239 2728 5327 2728 5325 2728 5239 2727 5325 2727 5237 2727 5237 2725 5325 2725 5323 2725 5237 2725 5323 2725 1038 2725 1038 785 5323 785 5321 785 1038 786 5321 786 1040 786 1040 787 5321 787 5319 787 1040 788 5319 788 1042 788 1042 789 5319 789 5317 789 1042 789 5317 789 1044 789 1044 790 5317 790 5253 790 1044 790 5253 790 1020 790 1010 764 5290 764 5295 764 1010 764 5295 764 1061 764 1061 765 5295 765 5297 765 1061 766 5297 766 1063 766 1063 767 5297 767 5299 767 1063 768 5299 768 1065 768 1065 769 5299 769 5301 769 1065 769 5301 769 1067 769 1067 2723 5301 2723 5303 2723 1067 2723 5303 2723 5188 2723 5188 2722 5303 2722 5305 2722 5188 2721 5305 2721 1071 2721 1071 772 5305 772 5307 772 1071 773 5307 773 1073 773 1073 774 5307 774 5309 774 1073 774 5309 774 1075 774 1075 775 5309 775 5168 775 1075 776 5168 776 992 776 4594 763 4593 763 4984 763 4594 763 4984 763 4664 763 4664 3765 4984 3765 4884 3765 4664 3765 4884 3765 4665 3765 4665 3766 4884 3766 4883 3766 4665 3766 4883 3766 4666 3766 4666 3767 4883 3767 4882 3767 4666 3767 4882 3767 4661 3767 4661 3768 4882 3768 4879 3768 4661 3768 4879 3768 4662 3768 4662 3769 4879 3769 4880 3769 4662 3769 4880 3769 4663 3769 4663 3770 4880 3770 4881 3770 4663 3771 4881 3771 4651 3771 4651 3772 4881 3772 4899 3772 4651 3772 4899 3772 4653 3772 4653 3773 4899 3773 4887 3773 4653 3773 4887 3773 4638 3773 4615 3774 4861 3774 4875 3774 4615 3774 4875 3774 4626 3774 4626 3775 4875 3775 4877 3775 4626 3775 4877 3775 4624 3775 4624 3776 4877 3776 4878 3776 4624 3777 4878 3777 4622 3777 4622 3778 4878 3778 4871 3778 4622 3778 4871 3778 4621 3778 4621 3779 4871 3779 4869 3779 4621 3779 4869 3779 4619 3779 4619 747 4869 747 4950 747 4619 747 4950 747 4612 747 4612 3780 4950 3780 4949 3780 4612 3780 4949 3780 4711 3780 4711 3781 4949 3781 4947 3781 4711 3781 4947 3781 4712 3781 4712 744 4947 744 4603 744 4712 744 4603 744 4604 744 4910 2781 4671 2781 4911 2781 4911 2781 4671 2781 4670 2781 4911 2782 4670 2782 4912 2782 4912 2782 4670 2782 4681 2782 4912 2763 4681 2763 4915 2763 4915 2763 4681 2763 4680 2763 4915 724 4680 724 4916 724 4916 724 4680 724 4676 724 4916 690 4676 690 4917 690 4917 690 4676 690 4675 690 4917 725 4675 725 4921 725 4921 725 4675 725 4674 725 4921 2764 4674 2764 4922 2764 4922 692 4674 692 4669 692 4922 2765 4669 2765 4923 2765 4923 2765 4669 2765 4668 2765 4923 2766 4668 2766 4924 2766 4924 2766 4668 2766 4667 2766 4924 2767 4667 2767 4925 2767 4925 2767 4667 2767 4700 2767 4925 2768 4700 2768 4926 2768 4926 2768 4700 2768 4699 2768 4926 2769 4699 2769 4928 2769 4928 697 4699 697 4698 697 4928 728 4698 728 4929 728 4929 728 4698 728 4697 728 4929 699 4697 699 4938 699 4938 699 4697 699 4696 699 4938 729 4696 729 4939 729 4939 729 4696 729 4695 729 4939 2770 4695 2770 4940 2770 4940 2770 4695 2770 4694 2770 4940 2785 4694 2785 4941 2785 4941 2785 4694 2785 4703 2785 4941 2786 4703 2786 4942 2786 4942 2786 4703 2786 4702 2786 4942 2747 4702 2747 4943 2747 4943 2747 4702 2747 4701 2747 4943 2748 4701 2748 4930 2748 4930 2748 4701 2748 4693 2748 4930 3782 4693 3782 4931 3782 4931 3782 4693 3782 4692 3782 4931 707 4692 707 4933 707 4933 707 4692 707 4691 707 4933 735 4691 735 4934 735 4934 735 4691 735 4686 735 4934 3783 4686 3783 4935 3783 4935 3783 4686 3783 4685 3783 4935 2773 4685 2773 4936 2773 4936 2774 4685 2774 4690 2774 4936 2752 4690 2752 4937 2752 4937 2752 4690 2752 4689 2752 4937 2753 4689 2753 4906 2753 4906 2753 4689 2753 4688 2753 4906 2754 4688 2754 4907 2754 4907 2754 4688 2754 4682 2754 4907 2755 4682 2755 4918 2755 4918 2755 4682 2755 4683 2755 4918 2779 4683 2779 4913 2779 4913 2780 4683 2780 4684 2780 4913 3784 4684 3784 4914 3784 4914 3784 4684 3784 4679 3784 4914 740 4679 740 4919 740 4919 740 4679 740 4678 740 4919 718 4678 718 4920 718 4920 718 4678 718 4677 718 4920 3785 4677 3785 4908 3785 4908 3785 4677 3785 4673 3785 4908 2759 4673 2759 4909 2759 4909 2759 4673 2759 4672 2759 4909 2760 4672 2760 4910 2760 4910 2760 4672 2760 4671 2760 5057 2781 4606 2781 5058 2781 5058 2781 4606 2781 4605 2781 5058 2782 4605 2782 5025 2782 5025 2782 4605 2782 4812 2782 5025 2763 4812 2763 5026 2763 5026 2763 4812 2763 4811 2763 5026 724 4811 724 5027 724 5027 724 4811 724 4795 724 5027 690 4795 690 5028 690 5028 690 4795 690 4794 690 5028 725 4794 725 5036 725 5036 725 4794 725 4793 725 5036 2764 4793 2764 5037 2764 5037 692 4793 692 4783 692 5037 2765 4783 2765 5029 2765 5029 2765 4783 2765 4782 2765 5029 2766 4782 2766 5031 2766 5031 2766 4782 2766 4787 2766 5031 2767 4787 2767 5032 2767 5032 2767 4787 2767 4788 2767 5032 2768 4788 2768 5038 2768 5038 2768 4788 2768 4810 2768 5038 2769 4810 2769 5039 2769 5039 697 4810 697 4809 697 5039 728 4809 728 5040 728 5040 728 4809 728 4808 728 5040 699 4808 699 5047 699 5047 699 4808 699 4807 699 5047 729 4807 729 5048 729 5048 729 4807 729 4806 729 5048 2770 4806 2770 5049 2770 5049 2770 4806 2770 4805 2770 5049 2785 4805 2785 5050 2785 5050 2785 4805 2785 4804 2785 5050 3786 4804 3786 5051 3786 5051 3786 4804 3786 4803 3786 5051 3787 4803 3787 5052 3787 5052 3787 4803 3787 4802 3787 5052 2748 4802 2748 5041 2748 5041 2748 4802 2748 4801 2748 5041 3782 4801 3782 5042 3782 5042 3782 4801 3782 4800 3782 5042 707 4800 707 5043 707 5043 707 4800 707 4799 707 5043 735 4799 735 5033 735 5033 735 4799 735 4798 735 5033 3783 4798 3783 5034 3783 5034 3783 4798 3783 4797 3783 5034 2773 4797 2773 5035 2773 5035 2774 4797 2774 4796 2774 5035 2752 4796 2752 5022 2752 5022 2752 4796 2752 4781 2752 5022 2753 4781 2753 5023 2753 5023 2753 4781 2753 4780 2753 5023 2754 4780 2754 5024 2754 5024 2754 4780 2754 4778 2754 5024 2755 4778 2755 5044 2755 5044 2755 4778 2755 4786 2755 5044 2779 4786 2779 5045 2779 5045 2780 4786 2780 4785 2780 5045 3784 4785 3784 5046 3784 5046 3784 4785 3784 4784 3784 5046 740 4784 740 5053 740 5053 740 4784 740 4792 740 5053 718 4792 718 5054 718 5054 718 4792 718 4791 718 5054 3785 4791 3785 5055 3785 5055 3785 4791 3785 4790 3785 5055 2759 4790 2759 5056 2759 5056 2759 4790 2759 4789 2759 5056 2760 4789 2760 5057 2760 5057 2760 4789 2760 4606 2760 5085 2793 4609 2793 5086 2793 5086 2793 4609 2793 4608 2793 5086 2762 4608 2762 5087 2762 5087 2762 4608 2762 4774 2762 5087 2763 4774 2763 5088 2763 5088 2763 4774 2763 4773 2763 5088 689 4773 689 5089 689 5089 689 4773 689 4772 689 5089 690 4772 690 5090 690 5090 690 4772 690 4771 690 5090 691 4771 691 5091 691 5091 691 4771 691 4770 691 5091 3788 4770 3788 5092 3788 5092 3789 4770 3789 4769 3789 5092 3790 4769 3790 5093 3790 5093 3790 4769 3790 4768 3790 5093 2766 4768 2766 5094 2766 5094 2766 4768 2766 4767 2766 5094 2767 4767 2767 5065 2767 5065 2767 4767 2767 4766 2767 5065 3791 4766 3791 5063 3791 5063 3791 4766 3791 4765 3791 5063 3792 4765 3792 5064 3792 5064 3793 4765 3793 4764 3793 5064 698 4764 698 5074 698 5074 698 4764 698 4763 698 5074 699 4763 699 5075 699 5075 699 4763 699 4758 699 5075 700 4758 700 5076 700 5076 700 4758 700 4757 700 5076 2770 4757 2770 5077 2770 5077 2770 4757 2770 4762 2770 5077 2771 4762 2771 5078 2771 5078 2771 4762 2771 4777 2771 5078 3794 4777 3794 5067 3794 5067 3794 4777 3794 4776 3794 5067 3795 4776 3795 5066 3795 5066 3795 4776 3795 4775 3795 5066 2788 4775 2788 5068 2788 5068 2788 4775 2788 4761 2788 5068 2749 4761 2749 5069 2749 5069 2749 4761 2749 4760 2749 5069 707 4760 707 5059 707 5059 707 4760 707 4759 707 5059 708 4759 708 5060 708 5060 708 4759 708 4749 708 5060 709 4749 709 5061 709 5061 709 4749 709 4748 709 5061 2751 4748 2751 5062 2751 5062 710 4748 710 4746 710 5062 2789 4746 2789 5070 2789 5070 2789 4746 2789 4745 2789 5070 2753 4745 2753 5071 2753 5071 2753 4745 2753 4756 2753 5071 2754 4756 2754 5072 2754 5072 2754 4756 2754 4755 2754 5072 2790 4755 2790 5073 2790 5073 2790 4755 2790 4754 2790 5073 2756 4754 2756 5079 2756 5079 715 4754 715 4753 715 5079 716 4753 716 5080 716 5080 716 4753 716 4752 716 5080 717 4752 717 5081 717 5081 717 4752 717 4751 717 5081 718 4751 718 5082 718 5082 718 4751 718 4744 718 5082 2758 4744 2758 5083 2758 5083 2758 4744 2758 4743 2758 5083 2791 4743 2791 5084 2791 5084 2791 4743 2791 4750 2791 5084 2792 4750 2792 5085 2792 5085 2792 4750 2792 4609 2792 4859 2793 4633 2793 4860 2793 4860 2793 4633 2793 4614 2793 4860 2762 4614 2762 4873 2762 4873 2762 4614 2762 4613 2762 4873 2763 4613 2763 4874 2763 4874 2763 4613 2763 4632 2763 4874 689 4632 689 4876 689 4876 689 4632 689 4625 689 4876 690 4625 690 4872 690 4872 690 4625 690 4623 690 4872 691 4623 691 4870 691 4870 691 4623 691 4620 691 4870 3788 4620 3788 4868 3788 4868 3789 4620 3789 4611 3789 4868 3790 4611 3790 4948 3790 4948 3790 4611 3790 4610 3790 4948 2766 4610 2766 4946 2766 4946 2766 4610 2766 4713 2766 4946 2767 4713 2767 4945 2767 4945 2767 4713 2767 4714 2767 4945 3791 4714 3791 4944 3791 4944 3791 4714 3791 4708 3791 4944 3792 4708 3792 4954 3792 4954 3793 4708 3793 4721 3793 4954 698 4721 698 4955 698 4955 698 4721 698 4720 698 4955 699 4720 699 4956 699 4956 699 4720 699 4717 699 4956 700 4717 700 4957 700 4957 700 4717 700 4718 700 4957 2770 4718 2770 4958 2770 4958 2770 4718 2770 4719 2770 4958 2771 4719 2771 4959 2771 4959 2771 4719 2771 4724 2771 4959 2796 4724 2796 4960 2796 4960 2796 4724 2796 4723 2796 4960 2787 4723 2787 4961 2787 4961 2787 4723 2787 4722 2787 4961 2788 4722 2788 4962 2788 4962 2788 4722 2788 4710 2788 4962 2749 4710 2749 4951 2749 4951 2749 4710 2749 4709 2749 4951 707 4709 707 4952 707 4952 707 4709 707 4716 707 4952 708 4716 708 4963 708 4963 708 4716 708 4715 708 4963 709 4715 709 4964 709 4964 709 4715 709 4707 709 4964 2751 4707 2751 4953 2751 4953 710 4707 710 4706 710 4953 2789 4706 2789 4858 2789 4858 2789 4706 2789 4705 2789 4858 2753 4705 2753 4857 2753 4857 2753 4705 2753 4704 2753 4857 2754 4704 2754 4855 2754 4855 2754 4704 2754 4617 2754 4855 2790 4617 2790 4853 2790 4853 2790 4617 2790 4616 2790 4853 2756 4616 2756 4862 2756 4862 715 4616 715 4631 715 4862 716 4631 716 4863 716 4863 716 4631 716 4630 716 4863 717 4630 717 4864 717 4864 717 4630 717 4628 717 4864 718 4628 718 4865 718 4865 718 4628 718 4627 718 4865 2758 4627 2758 4866 2758 4866 2758 4627 2758 4635 2758 4866 2791 4635 2791 4867 2791 4867 2791 4635 2791 4634 2791 4867 2792 4634 2792 4859 2792 4859 2792 4634 2792 4633 2792 4893 2781 4636 2781 4892 2781 4892 2781 4636 2781 4646 2781 4892 2782 4646 2782 4890 2782 4890 2782 4646 2782 4645 2782 4890 2763 4645 2763 4894 2763 4894 2763 4645 2763 4644 2763 4894 724 4644 724 4895 724 4895 724 4644 724 4643 724 4895 690 4643 690 4896 690 4896 690 4643 690 4642 690 4896 725 4642 725 4902 725 4902 725 4642 725 4640 725 4902 2764 4640 2764 4903 2764 4903 692 4640 692 4639 692 4903 2765 4639 2765 4905 2765 4905 2765 4639 2765 4647 2765 4905 2766 4647 2766 4980 2766 4980 2766 4647 2766 4649 2766 4980 2767 4649 2767 4981 2767 4981 2767 4649 2767 4742 2767 4981 2768 4742 2768 4982 2768 4982 2768 4742 2768 4741 2768 4982 2769 4741 2769 4965 2769 4965 697 4741 697 4740 697 4965 728 4740 728 4966 728 4966 728 4740 728 4736 728 4966 699 4736 699 4967 699 4967 699 4736 699 4735 699 4967 729 4735 729 4968 729 4968 729 4735 729 4734 729 4968 2770 4734 2770 4969 2770 4969 2770 4734 2770 4733 2770 4969 2785 4733 2785 4970 2785 4970 2785 4733 2785 4732 2785 4970 2786 4732 2786 4972 2786 4972 2786 4732 2786 4731 2786 4972 2747 4731 2747 4973 2747 4973 2747 4731 2747 4730 2747 4973 2748 4730 2748 4974 2748 4974 2748 4730 2748 4729 2748 4974 3782 4729 3782 4975 3782 4975 3782 4729 3782 4728 3782 4975 707 4728 707 4976 707 4976 707 4728 707 4726 707 4976 735 4726 735 4977 735 4977 735 4726 735 4725 735 4977 736 4725 736 4978 736 4978 736 4725 736 4739 736 4978 2751 4739 2751 4979 2751 4979 710 4739 710 4738 710 4979 2752 4738 2752 4850 2752 4850 2752 4738 2752 4737 2752 4850 2753 4737 2753 4851 2753 4851 2753 4737 2753 4660 2753 4851 2754 4660 2754 4888 2754 4888 2754 4660 2754 4659 2754 4888 2755 4659 2755 4889 2755 4889 2755 4659 2755 4657 2755 4889 2756 4657 2756 4897 2756 4897 715 4657 715 4656 715 4897 739 4656 739 4898 739 4898 739 4656 739 4650 739 4898 740 4650 740 4900 740 4900 740 4650 740 4652 740 4900 718 4652 718 4901 718 4901 718 4652 718 4654 718 4901 3785 4654 3785 4885 3785 4885 3785 4654 3785 4655 3785 4885 2759 4655 2759 4886 2759 4886 2759 4655 2759 4637 2759 4886 2760 4637 2760 4893 2760 4893 2760 4637 2760 4636 2760 5007 2781 4849 2781 5008 2781 5008 2781 4849 2781 4848 2781 5008 2782 4848 2782 4985 2782 4985 2782 4848 2782 4847 2782 4985 2763 4847 2763 4986 2763 4986 2763 4847 2763 4843 2763 4986 724 4843 724 4987 724 4987 724 4843 724 4842 724 4987 690 4842 690 4988 690 4988 690 4842 690 4841 690 4988 725 4841 725 4991 725 4991 725 4841 725 4824 725 4991 2764 4824 2764 4992 2764 4992 692 4824 692 4823 692 4992 2765 4823 2765 4993 2765 4993 2765 4823 2765 4840 2765 4993 2766 4840 2766 5009 2766 5009 2766 4840 2766 4839 2766 5009 2767 4839 2767 5010 2767 5010 2767 4839 2767 4838 2767 5010 2768 4838 2768 4995 2768 4995 2768 4838 2768 4835 2768 4995 2769 4835 2769 4996 2769 4996 697 4835 697 4834 697 4996 728 4834 728 5011 728 5011 728 4834 728 4833 728 5011 699 4833 699 5012 699 5012 699 4833 699 4830 699 5012 729 4830 729 5013 729 5013 729 4830 729 4831 729 5013 2770 4831 2770 5014 2770 5014 2770 4831 2770 4832 2770 5014 2785 4832 2785 5015 2785 5015 2785 4832 2785 4846 2785 5015 3786 4846 3786 5016 3786 5016 3786 4846 3786 4845 3786 5016 3787 4845 3787 4997 3787 4997 3787 4845 3787 4844 3787 4997 2748 4844 2748 4998 2748 4998 2748 4844 2748 4829 2748 4998 3782 4829 3782 4999 3782 4999 3782 4829 3782 4828 3782 4999 707 4828 707 5000 707 5000 707 4828 707 4837 707 5000 735 4837 735 5001 735 5001 735 4837 735 4836 735 5001 736 4836 736 5002 736 5002 736 4836 736 4827 736 5002 2751 4827 2751 5003 2751 5003 710 4827 710 4826 710 5003 2752 4826 2752 5019 2752 5019 2752 4826 2752 4825 2752 5019 2753 4825 2753 5020 2753 5020 2753 4825 2753 4819 2753 5020 2754 4819 2754 5021 2754 5021 2754 4819 2754 4821 2754 5021 2755 4821 2755 5004 2755 5004 2755 4821 2755 4822 2755 5004 2756 4822 2756 4989 2756 4989 715 4822 715 4818 715 4989 739 4818 739 4990 739 4990 739 4818 739 4817 739 4990 740 4817 740 5017 740 5017 740 4817 740 4816 740 5017 718 4816 718 5018 718 5018 718 4816 718 4813 718 5018 3785 4813 3785 5005 3785 5005 3785 4813 3785 4814 3785 5005 2759 4814 2759 5006 2759 5006 2759 4814 2759 4815 2759 5006 2760 4815 2760 5007 2760 5007 2760 4815 2760 4849 2760 4251 791 3751 791 4238 791 4238 791 3751 791 3750 791 4238 755 3750 755 4239 755 4239 755 3750 755 3742 755 4239 793 3742 793 4240 793 4240 793 3742 793 3741 793 4240 794 3741 794 4058 794 4058 794 3741 794 3740 794 4058 795 3740 795 4059 795 4059 795 3740 795 3739 795 4059 796 3739 796 4257 796 4257 796 3739 796 3778 796 4257 797 3778 797 4258 797 4258 797 3778 797 3779 797 4258 798 3779 798 4260 798 4260 798 3779 798 3781 798 4260 3796 3781 3796 4279 3796 4279 3796 3781 3796 3785 3796 4279 3797 3785 3797 4280 3797 4280 3797 3785 3797 3784 3797 4280 801 3784 801 4270 801 4270 801 3784 801 3767 801 4270 802 3767 802 4254 802 4254 802 3767 802 3766 802 4254 803 3766 803 4255 803 4255 803 3766 803 3782 803 4255 804 3782 804 4256 804 4256 804 3782 804 3757 804 4256 805 3757 805 4233 805 4233 805 3757 805 3756 805 4233 807 3756 807 4234 807 4234 807 3756 807 3755 807 4234 808 3755 808 4245 808 4245 808 3755 808 3738 808 4245 809 3738 809 4246 809 4246 809 3738 809 3737 809 4246 810 3737 810 4247 810 4247 810 3737 810 3749 810 4247 811 3749 811 4248 811 4248 811 3749 811 3754 811 4248 813 3754 813 4252 813 4252 813 3754 813 3753 813 4252 814 3753 814 4253 814 4253 814 3753 814 3748 814 4253 815 3748 815 4241 815 4241 815 3748 815 3747 815 4241 816 3747 816 4242 816 4242 816 3747 816 3746 816 4242 817 3746 817 4243 817 4243 817 3746 817 3733 817 4243 818 3733 818 4244 818 4244 818 3733 818 3732 818 4244 819 3732 819 4229 819 4229 819 3732 819 3731 819 4229 820 3731 820 4230 820 4230 820 3731 820 3730 820 4230 821 3730 821 4231 821 4231 821 3730 821 3736 821 4231 822 3736 822 4232 822 4232 822 3736 822 3735 822 4232 823 3735 823 4235 823 4235 823 3735 823 3734 823 4235 824 3734 824 4236 824 4236 824 3734 824 3745 824 4236 825 3745 825 4237 825 4237 825 3745 825 3744 825 4237 827 3744 827 4249 827 4249 827 3744 827 3743 827 4249 828 3743 828 4250 828 4250 828 3743 828 3752 828 4250 829 3752 829 4251 829 4251 829 3752 829 3751 829 4292 791 3763 791 4284 791 4284 791 3763 791 3775 791 4284 755 3775 755 4285 755 4285 755 3775 755 3774 755 4285 793 3774 793 4286 793 4286 793 3774 793 3773 793 4286 794 3773 794 4263 794 4263 794 3773 794 3772 794 4263 795 3772 795 4264 795 4264 795 3772 795 3777 795 4264 796 3777 796 4266 796 4266 796 3777 796 3776 796 4266 797 3776 797 4267 797 4267 797 3776 797 3770 797 4267 798 3770 798 4271 798 4271 798 3770 798 3769 798 4271 799 3769 799 4272 799 4272 799 3769 799 3789 799 4272 800 3789 800 4273 800 4273 800 3789 800 3788 800 4273 801 3788 801 4274 801 4274 801 3788 801 3795 801 4274 802 3795 802 4287 802 4287 802 3795 802 3794 802 4287 803 3794 803 4288 803 4288 803 3794 803 3793 803 4288 804 3793 804 4289 804 4289 804 3793 804 3803 804 4289 805 3803 805 4293 805 4293 805 3803 805 3802 805 4293 807 3802 807 4294 807 4294 807 3802 807 3798 807 4294 808 3798 808 4056 808 4056 808 3798 808 3797 808 4056 809 3797 809 4057 809 4057 809 3797 809 3796 809 4057 810 3796 810 4295 810 4295 810 3796 810 3801 810 4295 811 3801 811 4296 811 4296 811 3801 811 3800 811 4296 813 3800 813 4297 813 4297 813 3800 813 3799 813 4297 814 3799 814 4268 814 4268 814 3799 814 3792 814 4268 815 3792 815 4269 815 4269 815 3792 815 3791 815 4269 816 3791 816 4275 816 4275 816 3791 816 3790 816 4275 817 3790 817 4276 817 4276 817 3790 817 3783 817 4276 818 3783 818 4277 818 4277 818 3783 818 3787 818 4277 3798 3787 3798 4278 3798 4278 3798 3787 3798 3786 3798 4278 3799 3786 3799 4261 3799 4261 3799 3786 3799 3780 3799 4261 821 3780 821 4259 821 4259 821 3780 821 3760 821 4259 822 3760 822 4262 822 4262 822 3760 822 3761 822 4262 823 3761 823 4281 823 4281 823 3761 823 3762 823 4281 824 3762 824 4282 824 4282 824 3762 824 3765 824 4282 825 3765 825 4283 825 4283 825 3765 825 3764 825 4283 827 3764 827 4290 827 4290 827 3764 827 3759 827 4290 828 3759 828 4291 828 4291 828 3759 828 3758 828 4291 829 3758 829 4292 829 4292 829 3758 829 3763 829 4512 830 3936 830 4513 830 4513 830 3936 830 3935 830 4513 755 3935 755 4502 755 4502 755 3935 755 3926 755 4502 3800 3926 3800 4503 3800 4503 3800 3926 3800 3925 3800 4503 834 3925 834 4504 834 4504 834 3925 834 3924 834 4504 835 3924 835 4520 835 4520 835 3924 835 3950 835 4520 796 3950 796 4521 796 4521 796 3950 796 3949 796 4521 797 3949 797 4522 797 4522 797 3949 797 3945 797 4522 798 3945 798 4526 798 4526 798 3945 798 3944 798 4526 838 3944 838 4527 838 4527 838 3944 838 3961 838 4527 839 3961 839 4528 839 4528 839 3961 839 3960 839 4528 801 3960 801 4514 801 4514 801 3960 801 3959 801 4514 802 3959 802 4515 802 4515 802 3959 802 3943 802 4515 803 3943 803 4516 803 4516 803 3943 803 3942 803 4516 842 3942 842 4517 842 4517 842 3942 842 3941 842 4517 843 3941 843 4518 843 4518 843 3941 843 3940 843 4518 2810 3940 2810 4519 2810 4519 2810 3940 2810 3939 2810 4519 808 3939 808 4050 808 4050 808 3939 808 3938 808 4050 847 3938 847 4051 847 4051 847 3938 847 3931 847 4051 848 3931 848 4497 848 4497 848 3931 848 3932 848 4497 811 3932 811 4505 811 4505 811 3932 811 3934 811 4505 850 3934 850 4506 850 4506 850 3934 850 3958 850 4506 814 3958 814 4507 814 4507 814 3958 814 3957 814 4507 2797 3957 2797 4508 2797 4508 2797 3957 2797 3948 2797 4508 852 3948 852 4509 852 4509 852 3948 852 3947 852 4509 853 3947 853 4510 853 4510 853 3947 853 3946 853 4510 818 3946 818 4529 818 4529 818 3946 818 3956 818 4529 854 3956 854 4530 854 4530 854 3956 854 3955 854 4530 855 3955 855 4531 855 4531 855 3955 855 3954 855 4531 821 3954 821 4523 821 4523 821 3954 821 3953 821 4523 856 3953 856 4524 856 4524 856 3953 856 3952 856 4524 857 3952 857 4525 857 4525 857 3952 857 3951 857 4525 3801 3951 3801 4498 3801 4498 3801 3951 3801 3930 3801 4498 825 3930 825 4499 825 4499 825 3930 825 3928 825 4499 860 3928 860 4501 860 4501 860 3928 860 3927 860 4501 828 3927 828 4511 828 4511 828 3927 828 3937 828 4511 861 3937 861 4512 861 4512 861 3937 861 3936 861 4317 830 3831 830 4318 830 4318 830 3831 830 3830 830 4318 755 3830 755 4298 755 4298 755 3830 755 3829 755 4298 3800 3829 3800 4299 3800 4299 3800 3829 3800 3811 3800 4299 834 3811 834 4301 834 4301 834 3811 834 3812 834 4301 835 3812 835 4302 835 4302 835 3812 835 3813 835 4302 836 3813 836 4313 836 4313 836 3813 836 3828 836 4313 837 3828 837 4314 837 4314 837 3828 837 3827 837 4314 798 3827 798 4315 798 4315 798 3827 798 3826 798 4315 838 3826 838 4319 838 4319 838 3826 838 3825 838 4319 839 3825 839 4320 839 4320 839 3825 839 3824 839 4320 801 3824 801 4321 801 4321 801 3824 801 3823 801 4321 840 3823 840 4322 840 4322 840 3823 840 3822 840 4322 841 3822 841 4323 841 4323 841 3822 841 3821 841 4323 842 3821 842 4324 842 4324 842 3821 842 3820 842 4324 843 3820 843 4325 843 4325 843 3820 843 3819 843 4325 2810 3819 2810 4326 2810 4326 2810 3819 2810 3818 2810 4326 808 3818 808 4303 808 4303 808 3818 808 3817 808 4303 847 3817 847 4304 847 4304 847 3817 847 3808 847 4304 848 3808 848 4305 848 4305 848 3808 848 3810 848 4305 811 3810 811 4306 811 4306 811 3810 811 3809 811 4306 850 3809 850 4307 850 4307 850 3809 850 3805 850 4307 814 3805 814 4330 814 4330 814 3805 814 3804 814 4330 2797 3804 2797 4331 2797 4331 2797 3804 2797 3843 2797 4331 852 3843 852 4332 852 4332 852 3843 852 3842 852 4332 853 3842 853 4333 853 4333 853 3842 853 3841 853 4333 818 3841 818 4334 818 4334 818 3841 818 3837 818 4334 854 3837 854 4335 854 4335 854 3837 854 3839 854 4335 855 3839 855 4336 855 4336 855 3839 855 3840 855 4336 821 3840 821 4329 821 4329 821 3840 821 3836 821 4329 856 3836 856 4327 856 4327 856 3836 856 3835 856 4327 857 3835 857 4308 857 4308 857 3835 857 3833 857 4308 3801 3833 3801 4309 3801 4309 3801 3833 3801 3832 3801 4309 825 3832 825 4311 825 4311 825 3832 825 3816 825 4311 860 3816 860 4312 860 4312 860 3816 860 3815 860 4312 828 3815 828 4316 828 4316 828 3815 828 3814 828 4316 861 3814 861 4317 861 4317 861 3814 861 3831 861 4078 2563 3913 2563 4079 2563 4079 2563 3913 2563 3912 2563 4079 2611 3912 2611 4083 2611 4083 2611 3912 2611 3911 2611 4083 2628 3911 2628 4084 2628 4084 2628 3911 2628 3910 2628 4084 2566 3910 2566 4085 2566 4085 2566 3910 2566 3920 2566 4085 708 3920 708 4089 708 4089 708 3920 708 3919 708 4089 2613 3919 2613 4090 2613 4090 2613 3919 2613 3898 2613 4090 2629 3898 2629 4064 2629 4064 2629 3898 2629 3897 2629 4064 2615 3897 2615 4065 2615 4065 2615 3897 2615 3904 2615 4065 2630 3904 2630 4073 2630 4073 2630 3904 2630 3903 2630 4073 2631 3903 2631 4074 2631 4074 2631 3903 2631 3902 2631 4074 2618 3902 2618 4061 2618 4061 2618 3902 2618 3896 2618 4061 2632 3896 2632 4062 2632 4062 2632 3896 2632 3845 2632 4062 2620 3845 2620 4115 2620 4115 2620 3845 2620 3844 2620 4115 699 3844 699 4113 699 4113 699 3844 699 3864 699 4113 2575 3864 2575 4111 2575 4111 2575 3864 2575 3863 2575 4111 2621 3863 2621 4129 2621 4129 2621 3863 2621 3861 2621 4129 2622 3861 2622 4130 2622 4130 2622 3861 2622 3860 2622 4130 2578 3860 2578 4132 2578 4132 2578 3860 2578 3881 2578 4134 2547 3877 2547 4135 2547 4135 2547 3877 2547 3870 2547 4135 2599 3870 2599 4128 2599 4128 2599 3870 2599 3872 2599 4128 2600 3872 2600 4126 2600 4126 2600 3872 2600 3876 2600 4126 2550 3876 2550 4109 2550 4109 2550 3876 2550 3875 2550 4109 690 3875 690 4122 690 4122 690 3875 690 3909 690 4122 2601 3909 2601 4071 2601 4071 2601 3909 2601 3908 2601 4071 2623 3908 2623 4072 2623 4072 2623 3908 2623 3906 2623 4072 2603 3906 2603 4086 2603 4086 2603 3906 2603 3905 2603 4086 2624 3905 2624 4087 2624 4087 2624 3905 2624 3923 2624 4087 2625 3923 2625 4088 2625 4088 2625 3923 2625 3922 2625 4088 2606 3922 2606 4067 2606 4067 2606 3922 2606 3921 2606 4067 2626 3921 2626 4068 2626 4068 2626 3921 2626 3918 2626 4068 2608 3918 2608 4075 2608 4075 2608 3918 2608 3917 2608 4075 717 3917 717 4076 717 4076 717 3917 717 3916 717 4076 2559 3916 2559 4077 2559 4077 2559 3916 2559 3900 2559 4077 2627 3900 2627 4080 2627 4080 2627 3900 2627 3899 2627 4080 2610 3899 2610 4081 2610 4081 2610 3899 2610 3915 2610 4081 2562 3915 2562 4082 2562 4082 2562 3915 2562 3914 2562 3877 101 4134 101 3881 101 3881 101 4134 101 4132 101 3914 50 3913 50 4082 50 4082 50 3913 50 4078 50 4438 2589 3979 2589 4431 2589 4431 2589 3979 2589 3978 2589 4431 2611 3978 2611 4430 2611 4430 2611 3978 2611 3969 2611 4430 2612 3969 2612 4429 2612 4429 2612 3969 2612 3968 2612 4429 2591 3968 2591 4448 2591 4448 2591 3968 2591 3967 2591 4448 708 3967 708 4449 708 4449 708 3967 708 3988 708 4449 2613 3988 2613 4450 2613 4450 2613 3988 2613 3987 2613 4450 2614 3987 2614 4453 2614 4453 2614 3987 2614 3986 2614 4453 2615 3986 2615 4454 2615 4454 2615 3986 2615 3985 2615 4454 2616 3985 2616 4455 2616 4455 2616 3985 2616 3984 2616 4455 2617 3984 2617 4432 2617 4432 2617 3984 2617 3983 2617 4432 2618 3983 2618 4433 2618 4433 2618 3983 2618 3977 2618 4433 2619 3977 2619 4434 2619 4434 2619 3977 2619 3976 2619 4434 2620 3976 2620 4435 2620 4435 2620 3976 2620 3982 2620 4435 2596 3982 2596 4439 2596 4439 2596 3982 2596 3981 2596 4439 2597 3981 2597 4440 2597 4440 2597 3981 2597 3966 2597 4440 2621 3966 2621 4441 2621 4441 2621 3966 2621 3965 2621 4441 2622 3965 2622 4442 2622 4442 2622 3965 2622 3991 2622 4442 2598 3991 2598 4443 2598 4443 2598 3991 2598 3990 2598 4444 2579 3989 2579 4428 2579 4428 2579 3989 2579 3973 2579 4428 2599 3973 2599 4427 2599 4427 2599 3973 2599 3974 2599 4427 2600 3974 2600 4426 2600 4426 2600 3974 2600 3975 2600 4426 2580 3975 2580 4445 2580 4445 2580 3975 2580 3999 2580 4445 2581 3999 2581 4446 2581 4446 2581 3999 2581 3998 2581 4446 2601 3998 2601 4447 2601 4447 2601 3998 2601 3995 2601 4447 2602 3995 2602 4451 2602 4451 2602 3995 2602 3996 2602 4451 2603 3996 2603 4452 2603 4452 2603 3996 2603 3997 2603 4452 2604 3997 2604 4419 2604 4419 2604 3997 2604 4002 2604 4419 2605 4002 2605 4418 2605 4418 2605 4002 2605 4001 2605 4418 2606 4001 2606 4420 2606 4420 2606 4001 2606 4000 2606 4420 2607 4000 2607 4421 2607 4421 2607 4000 2607 3994 2607 4421 2608 3994 2608 4422 2608 4422 2608 3994 2608 3993 2608 4422 717 3993 717 4423 717 4423 717 3993 717 3992 717 4423 2586 3992 2586 4424 2586 4424 2586 3992 2586 3970 2586 4424 2609 3970 2609 4425 2609 4425 2609 3970 2609 3971 2609 4425 2610 3971 2610 4436 2610 4436 2610 3971 2610 3972 2610 4436 2588 3972 2588 4437 2588 4437 2588 3972 2588 3980 2588 3989 101 4444 101 3990 101 3990 101 4444 101 4443 101 3980 50 3979 50 4437 50 4437 50 3979 50 4438 50 4487 2589 4025 2589 4473 2589 4473 2589 4025 2589 4024 2589 4473 2611 4024 2611 4472 2611 4472 2611 4024 2611 4009 2611 4472 2612 4009 2612 4471 2612 4471 2612 4009 2612 4008 2612 4471 2591 4008 2591 4488 2591 4488 2591 4008 2591 4017 2591 4488 708 4017 708 4489 708 4489 708 4017 708 4016 708 4489 2613 4016 2613 4490 2613 4490 2613 4016 2613 4007 2613 4490 2614 4007 2614 4491 2614 4491 2614 4007 2614 4006 2614 4491 2615 4006 2615 4492 2615 4492 2615 4006 2615 4023 2615 4492 2616 4023 2616 4493 2616 4493 2616 4023 2616 4022 2616 4493 2617 4022 2617 4480 2617 4480 2617 4022 2617 4021 2617 4480 2618 4021 2618 4481 2618 4481 2618 4021 2618 4015 2618 4481 2619 4015 2619 4482 2619 4482 2619 4015 2619 4014 2619 4482 2620 4014 2620 4467 2620 4467 2620 4014 2620 4013 2620 4467 2596 4013 2596 4468 2596 4468 2596 4013 2596 4012 2596 4468 2597 4012 2597 4469 2597 4469 2597 4012 2597 4011 2597 4469 2621 4011 2621 4470 2621 4470 2621 4011 2621 4010 2621 4470 2622 4010 2622 4474 2622 4474 2622 4010 2622 4034 2622 4474 2598 4034 2598 4475 2598 4475 2598 4034 2598 4033 2598 4476 2579 4032 2579 4466 2579 4466 2579 4032 2579 4031 2579 4466 2599 4031 2599 4465 2599 4465 2599 4031 2599 4030 2599 4465 2600 4030 2600 4464 2600 4464 2600 4030 2600 4029 2600 4464 2580 4029 2580 4477 2580 4477 2580 4029 2580 4028 2580 4477 2581 4028 2581 4478 2581 4478 2581 4028 2581 4027 2581 4478 2601 4027 2601 4479 2601 4479 2601 4027 2601 4040 2601 4479 2602 4040 2602 4483 2602 4483 2602 4040 2602 4039 2602 4483 2603 4039 2603 4484 2603 4484 2603 4039 2603 4038 2603 4484 2604 4038 2604 4456 2604 4456 2604 4038 2604 4037 2604 4456 2605 4037 2605 4457 2605 4457 2605 4037 2605 4036 2605 4457 2606 4036 2606 4458 2606 4458 2606 4036 2606 4035 2606 4458 2607 4035 2607 4459 2607 4459 2607 4035 2607 4020 2607 4459 2608 4020 2608 4460 2608 4460 2608 4020 2608 4019 2608 4460 717 4019 717 4461 717 4461 717 4019 717 4018 717 4461 2586 4018 2586 4462 2586 4462 2586 4018 2586 4003 2586 4462 2609 4003 2609 4463 2609 4463 2609 4003 2609 4004 2609 4463 2610 4004 2610 4485 2610 4485 2610 4004 2610 4005 2610 4485 2588 4005 2588 4486 2588 4486 2588 4005 2588 4026 2588 4032 101 4476 101 4033 101 4033 101 4476 101 4475 101 4026 50 4025 50 4486 50 4486 50 4025 50 4487 50 4403 2563 3637 2563 4404 2563 4404 2563 3637 2563 3641 2563 4404 2611 3641 2611 4406 2611 4406 2611 3641 2611 3640 2611 4406 2628 3640 2628 4407 2628 4407 2628 3640 2628 3630 2628 4407 2566 3630 2566 4408 2566 4408 2566 3630 2566 3629 2566 4408 708 3629 708 4409 708 4409 708 3629 708 3628 708 4409 2613 3628 2613 4410 2613 4410 2613 3628 2613 3617 2613 4410 2629 3617 2629 4411 2629 4411 2629 3617 2629 3616 2629 4411 2615 3616 2615 4412 2615 4412 2615 3616 2615 3627 2615 4412 2630 3627 2630 4413 2630 4413 2630 3627 2630 3626 2630 4413 2631 3626 2631 4396 2631 4396 2631 3626 2631 3625 2631 4396 2618 3625 2618 4395 2618 4395 2618 3625 2618 3615 2618 4395 2632 3615 2632 4393 2632 4393 2632 3615 2632 3614 2632 4393 2620 3614 2620 4370 2620 4370 2620 3614 2620 3586 2620 4370 699 3586 699 4368 699 4368 699 3586 699 3588 699 4368 2575 3588 2575 4366 2575 4366 2575 3588 2575 3589 2575 4366 2621 3589 2621 4378 2621 4378 2621 3589 2621 3613 2621 4378 2622 3613 2622 4379 2622 4379 2622 3613 2622 3612 2622 4379 2578 3612 2578 4381 2578 4381 2578 3612 2578 3610 2578 4383 2547 3608 2547 4384 2547 4384 2547 3608 2547 3606 2547 4384 2599 3606 2599 4350 2599 4350 2599 3606 2599 3605 2599 4350 2600 3605 2600 4348 2600 4348 2600 3605 2600 3599 2600 4348 2550 3599 2550 4342 2550 4342 2550 3599 2550 3600 2550 4342 690 3600 690 4388 690 4388 690 3600 690 3566 690 4388 2601 3566 2601 4389 2601 4389 2601 3566 2601 3624 2601 4389 2623 3624 2623 4390 2623 4390 2623 3624 2623 3623 2623 4390 2603 3623 2603 4397 2603 4397 2603 3623 2603 3622 2603 4397 2624 3622 2624 4398 2624 4398 2624 3622 2624 3633 2624 4398 2625 3633 2625 4399 2625 4399 2625 3633 2625 3632 2625 4399 2606 3632 2606 4391 2606 4391 2606 3632 2606 3631 2606 4391 2626 3631 2626 4392 2626 4392 2626 3631 2626 3620 2626 4392 2608 3620 2608 4400 2608 4400 2608 3620 2608 3619 2608 4400 717 3619 717 4401 717 4401 717 3619 717 3636 717 4401 2559 3636 2559 4402 2559 4402 2559 3636 2559 3635 2559 4402 2627 3635 2627 4414 2627 4414 2627 3635 2627 3634 2627 4414 2610 3634 2610 4415 2610 4415 2610 3634 2610 3639 2610 4415 2562 3639 2562 4416 2562 4416 2562 3639 2562 3638 2562 3608 101 4383 101 3610 101 3610 101 4383 101 4381 101 3638 50 3637 50 4416 50 4416 50 3637 50 4403 50 5334 161 5335 161 5336 161 5337 161 5338 161 5339 161 5338 161 5340 161 5339 161 5339 3802 5340 3802 5341 3802 5339 3803 5341 3803 5342 3803 5343 161 5344 161 5345 161 5346 161 5347 161 5345 161 5345 3804 5347 3804 5348 3804 5349 161 5350 161 5351 161 5351 3805 5350 3805 5352 3805 5353 161 5354 161 5355 161 5356 161 5357 161 5358 161 5358 3806 5357 3806 5359 3806 5359 161 5360 161 5358 161 5358 3807 5360 3807 5361 3807 5358 3808 5361 3808 5362 3808 5344 161 5363 161 5345 161 5345 3809 5363 3809 5364 3809 5345 3810 5364 3810 5346 3810 5348 161 5365 161 5345 161 5345 3811 5365 3811 5366 3811 5345 161 5366 161 5339 161 5339 3812 5366 3812 5367 3812 5339 3813 5367 3813 5337 3813 5342 161 5368 161 5339 161 5339 3814 5368 3814 5369 3814 5339 3815 5369 3815 5370 3815 5349 161 5371 161 5350 161 5350 3816 5371 3816 5372 3816 5350 3817 5372 3817 5373 3817 5370 161 5374 161 5339 161 5339 3818 5374 3818 5375 3818 5339 161 5375 161 5352 161 5352 3819 5375 3819 5376 3819 5352 3820 5376 3820 5351 3820 5354 161 5377 161 5355 161 5355 3821 5377 3821 5378 3821 5355 3822 5378 3822 5379 3822 5379 3823 5378 3823 5380 3823 5379 161 5380 161 5381 161 5362 161 5382 161 5358 161 5358 3824 5382 3824 5383 3824 5358 161 5383 161 5345 161 5345 161 5383 161 5384 161 5345 3825 5384 3825 5343 3825 5385 3826 5386 3826 5358 3826 5358 3827 5386 3827 5387 3827 5387 161 5388 161 5358 161 5358 3828 5388 3828 5389 3828 5358 3829 5389 3829 5390 3829 5391 161 5392 161 5393 161 5393 3830 5392 3830 5394 3830 5395 3831 5396 3831 5380 3831 5380 3832 5396 3832 5397 3832 5397 3833 5398 3833 5380 3833 5380 3834 5398 3834 5399 3834 5380 3835 5399 3835 5381 3835 5395 161 5400 161 5396 161 5396 3836 5400 3836 5401 3836 5396 161 5401 161 5391 161 5391 161 5401 161 5402 161 5391 3837 5402 3837 5392 3837 5385 3838 5358 3838 5403 3838 5403 161 5358 161 5404 161 5403 161 5404 161 5394 161 5394 3839 5404 3839 5405 3839 5394 3840 5405 3840 5393 3840 5390 161 5406 161 5358 161 5358 3841 5406 3841 5407 3841 5358 3842 5407 3842 5350 3842 5373 161 5408 161 5350 161 5350 3843 5408 3843 5409 3843 5350 3844 5409 3844 5358 3844 5358 3845 5409 3845 5410 3845 5358 3846 5410 3846 5356 3846 5411 161 5412 161 5345 161 5345 3847 5412 3847 5413 3847 5345 3848 5413 3848 5414 3848 5414 161 5415 161 5345 161 5345 3849 5415 3849 5416 3849 5345 3850 5416 3850 5417 3850 5418 161 5358 161 5419 161 5419 161 5358 161 5420 161 5417 161 5421 161 5345 161 5345 161 5421 161 5422 161 5345 161 5422 161 5358 161 5358 3851 5422 3851 5423 3851 5358 3852 5423 3852 5420 3852 5424 3853 5425 3853 5426 3853 5427 161 5428 161 5429 161 5430 161 5431 161 5429 161 5429 3854 5431 3854 5432 3854 5433 161 5434 161 5435 161 5426 161 5436 161 5424 161 5424 3855 5436 3855 5437 3855 5424 3856 5437 3856 5438 3856 5428 161 5439 161 5429 161 5429 3857 5439 3857 5440 3857 5429 3858 5440 3858 5430 3858 5432 161 5441 161 5429 161 5429 3811 5441 3811 5442 3811 5429 161 5442 161 5345 161 5345 3859 5442 3859 5443 3859 5345 3860 5443 3860 5411 3860 5418 161 5444 161 5358 161 5358 3861 5444 3861 5445 3861 5358 161 5445 161 5434 161 5434 3862 5445 3862 5446 3862 5435 161 5434 161 5447 161 5448 161 5424 161 5449 161 5449 161 5424 161 5446 161 5448 161 5450 161 5424 161 5424 3863 5450 3863 5451 3863 5424 3864 5451 3864 5425 3864 5438 161 5452 161 5424 161 5424 3865 5452 3865 5453 3865 5424 161 5453 161 5429 161 5429 161 5453 161 5454 161 5429 3866 5454 3866 5427 3866 5455 3867 5456 3867 5457 3867 5446 161 5424 161 5434 161 5434 3868 5424 3868 5458 3868 5434 161 5458 161 5447 161 5433 161 5435 161 5457 161 5457 3869 5435 3869 5459 3869 5457 161 5459 161 5455 161 5460 3870 5461 3870 5462 3870 5462 161 5463 161 5460 161 5460 3871 5463 3871 5464 3871 5460 3872 5464 3872 5465 3872 5466 161 5467 161 5468 161 5468 3873 5467 3873 5469 3873 5468 3874 5469 3874 5470 3874 5471 161 5472 161 5460 161 5460 3875 5472 3875 5473 3875 5460 3876 5473 3876 5461 3876 5474 161 5475 161 5476 161 5477 161 5478 161 5336 161 5336 3877 5478 3877 5479 3877 5465 161 5480 161 5460 161 5460 3878 5480 3878 5481 3878 5460 161 5481 161 5468 161 5468 161 5481 161 5482 161 5468 3879 5482 3879 5466 3879 5470 161 5483 161 5468 161 5468 3880 5483 3880 5484 3880 5468 3881 5484 3881 5485 3881 5486 161 5487 161 5488 161 5488 3882 5487 3882 5489 3882 5489 161 5490 161 5488 161 5488 3883 5490 3883 5491 3883 5488 3884 5491 3884 5492 3884 5476 161 5475 161 5493 161 5493 3885 5475 3885 5494 3885 5493 161 5494 161 5495 161 5495 161 5494 161 5496 161 5496 3886 5494 3886 5497 3886 5496 3887 5497 3887 5336 3887 5336 3888 5497 3888 5498 3888 5336 3889 5498 3889 5477 3889 5476 161 5499 161 5474 161 5474 161 5499 161 5500 161 5474 161 5500 161 5501 161 5501 3890 5500 3890 5502 3890 5501 161 5502 161 5503 161 5503 161 5502 161 5488 161 5503 161 5488 161 5504 161 5504 161 5488 161 5492 161 5485 161 5505 161 5468 161 5468 3891 5505 3891 5506 3891 5468 161 5506 161 5488 161 5488 3892 5506 3892 5507 3892 5488 3893 5507 3893 5486 3893 5479 3894 5471 3894 5336 3894 5336 161 5471 161 5460 161 5336 161 5460 161 5334 161 5334 161 5460 161 5508 161 5508 161 5460 161 5509 161 5509 161 5460 161 5510 161 5509 161 5510 161 5511 161 5512 3895 5513 3895 5510 3895 5510 3896 5513 3896 5514 3896 5510 3897 5514 3897 5515 3897 5516 3898 5517 3898 5518 3898 5518 3899 5517 3899 5519 3899 5518 3900 5519 3900 5520 3900 5521 161 5522 161 5460 161 5523 161 5524 161 5460 161 5460 3901 5524 3901 5525 3901 5515 3902 5526 3902 5510 3902 5510 3903 5526 3903 5527 3903 5510 3904 5527 3904 5528 3904 5528 3905 5527 3905 5529 3905 5528 161 5529 161 5530 161 5530 161 5529 161 5531 161 5522 161 5532 161 5460 161 5460 3906 5532 3906 5533 3906 5460 3907 5533 3907 5523 3907 5525 161 5534 161 5460 161 5460 3908 5534 3908 5535 3908 5460 161 5535 161 5510 161 5510 3909 5535 3909 5536 3909 5510 3910 5536 3910 5512 3910 5516 161 5518 161 5537 161 5537 161 5518 161 5538 161 5537 161 5538 161 5539 161 5520 161 5540 161 5518 161 5518 3911 5540 3911 5541 3911 5518 3912 5541 3912 5542 3912 5543 161 5544 161 5468 161 5468 3913 5544 3913 5545 3913 5545 161 5546 161 5468 161 5468 3914 5546 3914 5547 3914 5468 3915 5547 3915 5548 3915 5538 161 5549 161 5539 161 5539 3916 5549 3916 5550 3916 5539 161 5550 161 5529 161 5529 3917 5550 3917 5551 3917 5529 3918 5551 3918 5531 3918 5548 161 5552 161 5468 161 5468 3919 5552 3919 5553 3919 5468 161 5553 161 5460 161 5460 161 5553 161 5554 161 5460 3920 5554 3920 5521 3920 5542 161 5555 161 5518 161 5518 3921 5555 3921 5556 3921 5518 161 5556 161 5468 161 5468 3892 5556 3892 5557 3892 5468 3922 5557 3922 5543 3922 5558 161 5559 161 5518 161 5518 3923 5559 3923 5560 3923 5560 161 5561 161 5518 161 5518 3803 5561 3803 5562 3803 5518 3924 5562 3924 5563 3924 5564 161 5565 161 5468 161 5468 3925 5565 3925 5566 3925 5567 3898 5568 3898 5339 3898 5339 3899 5568 3899 5569 3899 5339 3900 5569 3900 5570 3900 5571 161 5572 161 5468 161 5566 161 5573 161 5468 161 5468 3811 5573 3811 5574 3811 5468 161 5574 161 5518 161 5518 3812 5574 3812 5575 3812 5518 3926 5575 3926 5558 3926 5572 161 5576 161 5468 161 5468 3809 5576 3809 5577 3809 5468 3810 5577 3810 5564 3810 5570 161 5578 161 5339 161 5339 3927 5578 3927 5579 3927 5339 3928 5579 3928 5580 3928 5581 161 5582 161 5345 161 5345 3913 5582 3913 5583 3913 5583 161 5584 161 5345 161 5345 3914 5584 3914 5585 3914 5345 3915 5585 3915 5586 3915 5563 3929 5587 3929 5518 3929 5518 3815 5587 3815 5588 3815 5518 161 5588 161 5339 161 5339 161 5588 161 5589 161 5339 3930 5589 3930 5567 3930 5586 161 5590 161 5345 161 5345 3931 5590 3931 5591 3931 5345 161 5591 161 5468 161 5468 161 5591 161 5592 161 5468 3932 5592 3932 5571 3932 5580 161 5593 161 5339 161 5339 3921 5593 3921 5594 3921 5339 161 5594 161 5345 161 5345 3892 5594 3892 5595 3892 5345 3922 5595 3922 5581 3922 5596 3933 5597 3933 5598 3933 5355 161 5599 161 5353 161 5353 3934 5599 3934 5600 3934 5353 161 5600 161 5596 161 5596 3935 5600 3935 5601 3935 5596 3936 5601 3936 5602 3936 5602 3937 5603 3937 5596 3937 5596 3938 5603 3938 5604 3938 5596 3939 5604 3939 5597 3939 5605 3940 5606 3940 5607 3940 5606 161 5608 161 5607 161 5607 3941 5608 3941 5609 3941 5607 161 5609 161 5596 161 5610 3942 5611 3942 5607 3942 5607 3943 5611 3943 5612 3943 5607 3944 5612 3944 5605 3944 5613 161 5614 161 5615 161 5616 161 5617 161 5618 161 5618 161 5617 161 5619 161 5616 161 5620 161 5617 161 5617 3945 5620 3945 5621 3945 5617 3946 5621 3946 5622 3946 5623 161 5624 161 5615 161 5615 3947 5624 3947 5625 3947 5615 3881 5625 3881 5613 3881 5626 161 5627 161 5628 161 5628 3948 5627 3948 5629 3948 5622 161 5630 161 5617 161 5617 3949 5630 3949 5631 3949 5617 3950 5631 3950 5623 3950 5614 161 5632 161 5615 161 5615 3951 5632 3951 5633 3951 5615 3952 5633 3952 5634 3952 5634 161 5635 161 5615 161 5615 3953 5635 3953 5636 3953 5615 161 5636 161 5628 161 5628 161 5636 161 5637 161 5638 161 5639 161 5640 161 5640 161 5639 161 5628 161 5640 161 5628 161 5641 161 5641 161 5628 161 5629 161 5637 161 5642 161 5628 161 5628 3954 5642 3954 5643 3954 5628 3955 5643 3955 5644 3955 5641 3956 5645 3956 5640 3956 5640 3957 5645 3957 5646 3957 5640 3958 5646 3958 5647 3958 5644 161 5648 161 5628 161 5628 3907 5648 3907 5649 3907 5628 3959 5649 3959 5626 3959 5647 3960 5650 3960 5640 3960 5640 3961 5650 3961 5651 3961 5640 161 5651 161 5652 161 5652 3962 5651 3962 5653 3962 5652 161 5653 161 5654 161 5654 3963 5653 3963 5655 3963 5655 161 5656 161 5654 161 5654 3964 5656 3964 5657 3964 5654 3965 5657 3965 5617 3965 5617 161 5657 161 5658 161 5617 3966 5658 3966 5619 3966 5659 161 5660 161 5661 161 5661 161 5662 161 5659 161 5659 161 5662 161 5654 161 5659 161 5654 161 5663 161 5664 3967 5665 3967 5666 3967 5666 161 5665 161 5667 161 5666 161 5667 161 5668 161 5669 3968 5670 3968 5671 3968 5672 161 5673 161 5674 161 5674 161 5673 161 5671 161 5671 161 5673 161 5675 161 5671 3969 5675 3969 5669 3969 5676 161 5677 161 5678 161 5678 3970 5677 3970 5679 3970 5678 161 5679 161 5680 161 5680 3971 5679 3971 5681 3971 5680 3972 5681 3972 5682 3972 5682 3973 5683 3973 5680 3973 5680 3974 5683 3974 5684 3974 5680 3975 5684 3975 5685 3975 5685 3976 5686 3976 5680 3976 5680 3977 5686 3977 5687 3977 5680 3978 5687 3978 5688 3978 5689 3979 5690 3979 5691 3979 5691 161 5692 161 5689 161 5689 3980 5692 3980 5693 3980 5689 3981 5693 3981 5694 3981 5670 161 5695 161 5671 161 5671 3982 5695 3982 5696 3982 5671 161 5696 161 5689 161 5689 3983 5696 3983 5697 3983 5689 3984 5697 3984 5690 3984 5698 161 5678 161 5699 161 5699 161 5678 161 5700 161 5698 161 5701 161 5678 161 5678 3985 5701 3985 5702 3985 5678 3986 5702 3986 5676 3986 5703 161 5704 161 5705 161 5705 3987 5704 3987 5706 3987 5705 161 5706 161 5707 161 5707 3988 5706 3988 5672 3988 5707 3989 5672 3989 5708 3989 5708 3990 5672 3990 5674 3990 5688 161 5709 161 5680 161 5680 3991 5709 3991 5710 3991 5680 161 5710 161 5705 161 5705 161 5710 161 5711 161 5705 3992 5711 3992 5703 3992 5694 161 5712 161 5689 161 5689 3993 5712 3993 5713 3993 5689 161 5713 161 5678 161 5678 161 5713 161 5714 161 5678 3994 5714 3994 5700 3994 5715 161 5716 161 5678 161 5678 3995 5716 3995 5717 3995 5717 161 5718 161 5678 161 5678 3996 5718 3996 5719 3996 5678 3997 5719 3997 5720 3997 5721 161 5722 161 5715 161 5720 161 5723 161 5678 161 5678 3998 5723 3998 5724 3998 5678 3999 5724 3999 5725 3999 5726 161 5727 161 5689 161 5689 4000 5727 4000 5728 4000 5689 4001 5728 4001 5729 4001 5729 161 5730 161 5689 161 5689 4002 5730 4002 5731 4002 5689 4003 5731 4003 5732 4003 5733 161 5734 161 5735 161 5735 161 5734 161 5689 161 5735 161 5689 161 5736 161 5736 161 5689 161 5732 161 5733 161 5737 161 5734 161 5734 4004 5737 4004 5738 4004 5734 4005 5738 4005 5739 4005 5722 161 5740 161 5715 161 5715 4006 5740 4006 5741 4006 5715 4007 5741 4007 5742 4007 5742 161 5743 161 5715 161 5715 4008 5743 4008 5744 4008 5715 4009 5744 4009 5716 4009 5739 161 5745 161 5734 161 5734 4010 5745 4010 5746 4010 5734 161 5746 161 5747 161 5747 4011 5746 4011 5748 4011 5725 161 5749 161 5678 161 5678 4012 5749 4012 5750 4012 5678 161 5750 161 5689 161 5689 161 5750 161 5751 161 5689 4013 5751 4013 5726 4013 5752 4014 5753 4014 5754 4014 5754 161 5755 161 5752 161 5752 4015 5755 4015 5756 4015 5752 161 5756 161 5748 161 5748 4016 5756 4016 5757 4016 5748 4017 5757 4017 5747 4017 5753 4018 5752 4018 5758 4018 5758 4019 5752 4019 5759 4019 5758 161 5759 161 5760 161 5760 161 5759 161 5761 161 5761 161 5759 161 5762 161 5761 161 5762 161 5715 161 5715 4020 5762 4020 5763 4020 5715 4021 5763 4021 5721 4021 5764 161 5615 161 5765 161 5765 161 5615 161 5766 161 5767 161 5768 161 5678 161 5678 4022 5768 4022 5769 4022 5678 4023 5769 4023 5770 4023 5771 161 5615 161 5772 161 5772 161 5615 161 5773 161 5770 161 5774 161 5678 161 5678 4024 5774 4024 5775 4024 5678 3881 5775 3881 5776 3881 5764 161 5777 161 5615 161 5615 4025 5777 4025 5778 4025 5615 4026 5778 4026 5773 4026 5776 161 5779 161 5678 161 5678 4027 5779 4027 5780 4027 5678 161 5780 161 5715 161 5715 4028 5780 4028 5781 4028 5715 4029 5781 4029 5782 4029 5783 4030 5784 4030 5785 4030 5785 4031 5784 4031 5786 4031 5787 161 5788 161 5607 161 5598 4032 5789 4032 5596 4032 5596 4033 5789 4033 5790 4033 5596 161 5790 161 5607 161 5607 161 5790 161 5791 161 5607 161 5791 161 5783 161 5782 161 5792 161 5715 161 5715 4034 5792 4034 5793 4034 5715 4035 5793 4035 5794 4035 5783 161 5785 161 5607 161 5607 4036 5785 4036 5795 4036 5607 4037 5795 4037 5787 4037 5788 4038 5796 4038 5607 4038 5607 4039 5796 4039 5797 4039 5607 4040 5797 4040 5615 4040 5615 4041 5797 4041 5798 4041 5615 4042 5798 4042 5766 4042 5786 161 5799 161 5785 161 5785 4043 5799 4043 5800 4043 5785 4044 5800 4044 5801 4044 5771 161 5802 161 5615 161 5615 3866 5802 3866 5803 3866 5615 161 5803 161 5678 161 5678 161 5803 161 5804 161 5678 4045 5804 4045 5767 4045 5794 161 5805 161 5715 161 5715 4046 5805 4046 5806 4046 5715 161 5806 161 5807 161 5807 4047 5806 4047 5808 4047 5807 161 5808 161 5809 161 5809 4048 5808 4048 5810 4048 5809 161 5810 161 5811 161 5811 161 5810 161 5812 161 5811 161 5812 161 5801 161 5801 4049 5812 4049 5813 4049 5801 4050 5813 4050 5785 4050 5663 161 5654 161 5814 161 5814 4051 5654 4051 5617 4051 5814 161 5617 161 5815 161 5815 161 5617 161 5680 161 5815 161 5680 161 5666 161 5666 4052 5680 4052 5705 4052 5666 4053 5705 4053 5664 4053 5617 3972 5816 3972 5817 3972 5818 161 5819 161 5680 161 5680 4054 5819 4054 5820 4054 5821 161 5822 161 5615 161 5623 161 5615 161 5617 161 5617 161 5615 161 5823 161 5617 3971 5823 3971 5816 3971 5817 3973 5824 3973 5617 3973 5617 4055 5824 4055 5825 4055 5617 4056 5825 4056 5826 4056 5826 3976 5827 3976 5617 3976 5617 3977 5827 3977 5828 3977 5617 3978 5828 3978 5829 3978 5830 161 5678 161 5831 161 5831 161 5678 161 5680 161 5831 161 5680 161 5832 161 5832 4057 5680 4057 5820 4057 5822 161 5833 161 5615 161 5615 4058 5833 4058 5834 4058 5615 4059 5834 4059 5823 4059 5680 4060 5835 4060 5836 4060 5830 161 5837 161 5678 161 5678 4061 5837 4061 5838 4061 5678 4062 5838 4062 5839 4062 5839 161 5840 161 5678 161 5678 3951 5840 3951 5841 3951 5678 3952 5841 3952 5842 3952 5843 161 5844 161 5615 161 5615 4063 5844 4063 5845 4063 5615 4064 5845 4064 5821 4064 5836 161 5846 161 5680 161 5680 4065 5846 4065 5847 4065 5680 4066 5847 4066 5818 4066 5829 161 5848 161 5617 161 5617 4067 5848 4067 5849 4067 5617 161 5849 161 5680 161 5680 161 5849 161 5850 161 5680 4068 5850 4068 5835 4068 5842 161 5851 161 5678 161 5678 3953 5851 3953 5852 3953 5678 161 5852 161 5615 161 5615 161 5852 161 5853 161 5615 3994 5853 3994 5843 3994 5854 161 5855 161 5615 161 5856 161 5857 161 5858 161 5858 4069 5857 4069 5859 4069 5858 4070 5859 4070 5860 4070 5610 161 5607 161 5858 161 5858 161 5607 161 5861 161 5858 4071 5861 4071 5862 4071 5860 161 5863 161 5858 161 5858 4072 5863 4072 5864 4072 5858 4073 5864 4073 5865 4073 5866 161 5867 161 5628 161 5628 4074 5868 4074 5869 4074 5862 161 5870 161 5858 161 5858 161 5870 161 5871 161 5858 4075 5871 4075 5856 4075 5865 161 5872 161 5858 161 5858 4076 5872 4076 5873 4076 5858 4077 5873 4077 5628 4077 5628 4078 5873 4078 5874 4078 5628 3875 5874 3875 5866 3875 5854 161 5615 161 5875 161 5855 161 5876 161 5615 161 5615 4079 5876 4079 5877 4079 5615 4080 5877 4080 5878 4080 5878 161 5879 161 5615 161 5615 4081 5879 4081 5880 4081 5615 4027 5880 4027 5881 4027 5867 161 5882 161 5628 161 5628 4082 5882 4082 5883 4082 5628 4083 5883 4083 5868 4083 5884 161 5885 161 5607 161 5607 4084 5885 4084 5886 4084 5607 4085 5886 4085 5861 4085 5881 161 5887 161 5615 161 5615 4086 5887 4086 5888 4086 5615 4087 5888 4087 5607 4087 5607 4088 5888 4088 5889 4088 5607 4089 5889 4089 5884 4089 5869 161 5890 161 5628 161 5628 4090 5890 4090 5891 4090 5628 161 5891 161 5615 161 5615 161 5891 161 5892 161 5615 4091 5892 4091 5875 4091 5639 161 5893 161 5628 161 5628 161 5893 161 5894 161 5628 161 5894 161 5858 161 5858 161 5894 161 5895 161 5858 4092 5895 4092 5610 4092 5610 161 5895 161 5896 161 5610 161 5896 161 5897 161 5898 161 5899 161 5468 161 5468 4093 5899 4093 5900 4093 5900 161 5901 161 5468 161 5468 4094 5901 4094 5902 4094 5468 3849 5902 3849 5903 3849 5904 161 5905 161 5488 161 5488 4095 5905 4095 5906 4095 5907 161 5908 161 5345 161 5345 3873 5908 3873 5909 3873 5345 3874 5909 3874 5910 3874 5911 161 5912 161 5488 161 5912 161 5913 161 5488 161 5488 3857 5913 3857 5914 3857 5488 3858 5914 3858 5904 3858 5906 161 5915 161 5488 161 5488 3811 5915 3811 5916 3811 5488 161 5916 161 5468 161 5468 3859 5916 3859 5917 3859 5468 4096 5917 4096 5898 4096 5910 161 5918 161 5345 161 5345 3880 5918 3880 5919 3880 5345 4097 5919 4097 5920 4097 5921 161 5922 161 5429 161 5429 3882 5922 3882 5923 3882 5923 161 5924 161 5429 161 5429 3883 5924 3883 5925 3883 5429 3884 5925 3884 5926 3884 5903 161 5927 161 5468 161 5468 4098 5927 4098 5928 4098 5468 161 5928 161 5345 161 5345 161 5928 161 5929 161 5345 3919 5929 3919 5907 3919 5926 161 5930 161 5429 161 5429 4091 5930 4091 5931 4091 5429 161 5931 161 5488 161 5488 161 5931 161 5932 161 5488 3825 5932 3825 5911 3825 5920 161 5933 161 5345 161 5345 3891 5933 3891 5934 3891 5345 161 5934 161 5429 161 5429 3892 5934 3892 5935 3892 5429 3893 5935 3893 5921 3893 5396 4099 5391 4099 5936 4099 5936 4100 5391 4100 5937 4100 5938 51 5939 51 5355 51 5355 51 5939 51 5599 51 5790 101 5940 101 5791 101 5791 101 5940 101 5941 101 5791 101 5941 101 5783 101 5783 101 5941 101 5942 101 5943 51 5663 51 5944 51 5944 51 5663 51 5814 51 5944 51 5814 51 5945 51 5945 51 5814 51 5815 51 5945 51 5815 51 5946 51 5946 51 5815 51 5666 51 5947 50 5895 50 5948 50 5948 50 5895 50 5894 50 5948 50 5894 50 5949 50 5949 50 5894 50 5893 50 5949 50 5893 50 5950 50 5950 50 5893 50 5639 50 5609 0 5951 0 5596 0 5596 0 5951 0 5952 0 5596 0 5952 0 5353 0 5353 0 5952 0 5953 0 5353 0 5953 0 5354 0 5354 0 5953 0 5954 0 5402 4101 5401 4101 5955 4101 5955 4102 5401 4102 5956 4102 5385 50 5403 50 5957 50 5957 50 5403 50 5958 50 5959 51 5538 51 5960 51 5960 51 5538 51 5518 51 5960 51 5518 51 5961 51 5961 51 5518 51 5339 51 5961 51 5339 51 5962 51 5962 51 5339 51 5352 51 5509 50 5963 50 5508 50 5508 50 5963 50 5964 50 5508 50 5964 50 5334 50 5334 50 5964 50 5965 50 5966 0 5424 0 5967 0 5967 0 5424 0 5429 0 5967 0 5429 0 5968 0 5968 0 5429 0 5488 0 5968 0 5488 0 5969 0 5969 0 5488 0 5502 0 5970 101 5404 101 5971 101 5971 101 5404 101 5358 101 5971 101 5358 101 5972 101 5972 101 5358 101 5434 101 5963 102 5973 102 5974 102 5975 4103 5976 4103 5977 4103 5978 4104 5979 4104 5952 4104 5978 4105 5952 4105 5940 4105 5979 102 5980 102 5952 102 5952 4106 5980 4106 5981 4106 5952 4107 5981 4107 5982 4107 5982 4108 5983 4108 5952 4108 5952 4109 5983 4109 5984 4109 5952 102 5984 102 5953 102 5985 102 5986 102 5987 102 5988 102 5989 102 5990 102 5990 4110 5989 4110 5991 4110 5990 102 5991 102 5987 102 5987 4111 5991 4111 5992 4111 5987 4112 5992 4112 5985 4112 5987 4113 5993 4113 5994 4113 5995 102 5996 102 5990 102 5990 4114 5996 4114 5997 4114 5990 4115 5997 4115 5988 4115 5986 102 5998 102 5987 102 5987 4116 5998 4116 5999 4116 5987 4117 5999 4117 5993 4117 6000 102 6001 102 6002 102 6002 4118 6001 4118 6003 4118 6004 102 6005 102 6006 102 6006 4119 6005 4119 6007 4119 6003 102 6008 102 6002 102 6002 4120 6008 4120 6009 4120 6002 4121 6009 4121 6010 4121 6007 4122 6011 4122 6006 4122 6006 4123 6011 4123 5942 4123 6006 102 5942 102 6012 102 6012 102 5942 102 5941 102 6012 102 5941 102 5940 102 6010 102 6013 102 6002 102 6002 4124 6013 4124 6014 4124 6002 4125 6014 4125 6015 4125 6016 102 6017 102 6012 102 6012 4126 6017 4126 6018 4126 6012 4127 6018 4127 6006 4127 6019 102 6020 102 5990 102 5990 4128 6020 4128 6021 4128 5990 4129 6021 4129 5995 4129 6015 102 6022 102 6002 102 6002 4130 6022 4130 6023 4130 6002 102 6023 102 6012 102 6012 4131 6023 4131 6024 4131 6012 4132 6024 4132 6016 4132 5994 102 6025 102 5987 102 5987 4133 6025 4133 6026 4133 5987 102 6026 102 6002 102 6002 102 6026 102 6027 102 6002 4134 6027 4134 6000 4134 6004 102 6006 102 6028 102 6028 4135 6006 4135 6029 4135 6028 102 6029 102 6030 102 6030 4136 6029 4136 6031 4136 6030 102 6031 102 6032 102 6032 102 6031 102 6033 102 6032 4137 6033 4137 6019 4137 6019 4138 6033 4138 6034 4138 6019 4139 6034 4139 6020 4139 6035 102 6036 102 6037 102 6038 102 6039 102 6040 102 6040 4140 6039 4140 6041 4140 6041 102 6042 102 6040 102 6040 4141 6042 4141 6043 4141 6040 102 6043 102 6037 102 6037 4142 6043 4142 6044 4142 6037 4143 6044 4143 6035 4143 6045 102 6046 102 5987 102 5987 4144 6046 4144 6047 4144 6048 102 6049 102 5990 102 6037 4145 6050 4145 6051 4145 6036 102 6052 102 6037 102 6037 4146 6052 4146 6053 4146 6037 4147 6053 4147 6050 4147 6054 102 6055 102 5987 102 6048 102 5990 102 6056 102 6055 102 6057 102 5987 102 5987 4148 6057 4148 6058 4148 5987 4120 6058 4120 6045 4120 6047 102 6059 102 5987 102 5987 4125 6059 4125 6060 4125 5987 102 6060 102 5990 102 5990 4149 6060 4149 6061 4149 5990 4150 6061 4150 6056 4150 6049 102 6062 102 5990 102 5990 4151 6062 4151 6063 4151 5990 4152 6063 4152 6064 4152 6065 4153 6066 4153 6040 4153 6040 4154 6066 4154 6067 4154 6040 4155 6067 4155 6038 4155 6051 102 6068 102 6037 102 6037 4156 6068 4156 6069 4156 6037 102 6069 102 5987 102 5987 102 6069 102 6070 102 5987 4157 6070 4157 6054 4157 6071 4158 6072 4158 6073 4158 6073 102 6074 102 6071 102 6071 4159 6074 4159 6075 4159 6071 102 6075 102 6076 102 6040 102 6077 102 6065 102 6065 4160 6077 4160 6078 4160 6065 4161 6078 4161 6071 4161 6071 4162 6078 4162 6079 4162 6071 4163 6079 4163 6072 4163 6064 4164 6080 4164 5990 4164 5990 4165 6080 4165 6081 4165 5990 102 6081 102 6082 102 6082 102 6081 102 6076 102 6082 102 6076 102 6083 102 6083 102 6076 102 6075 102 6084 4166 6085 4166 6086 4166 6087 102 6088 102 5987 102 6089 102 6090 102 6037 102 6037 4167 6090 4167 6091 4167 6037 4168 6091 4168 6092 4168 6085 4169 6084 4169 6093 4169 6093 102 6084 102 6037 102 6093 102 6037 102 6094 102 6087 102 5987 102 6095 102 6092 102 6096 102 6037 102 6037 4170 6096 4170 6097 4170 6037 4171 6097 4171 6094 4171 6098 102 6099 102 6100 102 6100 4172 6099 4172 6101 4172 6102 102 6103 102 6100 102 6100 4173 6103 4173 6104 4173 6100 102 6104 102 5987 102 5987 4174 6104 4174 6105 4174 5987 4175 6105 4175 6095 4175 6101 4176 6106 4176 6100 4176 6100 4177 6106 4177 6107 4177 6100 4178 6107 4178 6102 4178 6088 102 6108 102 5987 102 5987 4179 6108 4179 6109 4179 5987 4180 6109 4180 6110 4180 6086 4181 6111 4181 6084 4181 6084 4182 6111 4182 6112 4182 6084 102 6112 102 6113 102 6113 102 6112 102 6114 102 6113 102 6114 102 6115 102 6115 4183 6114 4183 6116 4183 6115 102 6116 102 6117 102 6117 4184 6116 4184 6118 4184 6117 102 6118 102 6119 102 6119 4185 6118 4185 6120 4185 6119 4186 6120 4186 6121 4186 6122 102 6123 102 6100 102 6100 4187 6123 4187 6124 4187 6100 4188 6124 4188 6098 4188 6110 102 6125 102 5987 102 5987 4189 6125 4189 6126 4189 5987 102 6126 102 6037 102 6037 102 6126 102 6127 102 6037 4190 6127 4190 6089 4190 5945 102 5946 102 6119 102 5946 102 6128 102 6129 102 6129 102 6130 102 5946 102 5946 4191 6130 4191 6131 4191 5946 4192 6131 4192 6119 4192 6132 102 6133 102 6134 102 6135 102 6136 102 5943 102 5943 102 6136 102 6134 102 6134 102 6136 102 6137 102 6134 102 6137 102 6132 102 6002 102 6138 102 6135 102 6135 4193 6138 4193 6139 4193 6135 4194 6139 4194 6140 4194 6140 4195 6141 4195 6135 4195 6135 4196 6141 4196 6142 4196 6135 4197 6142 4197 6143 4197 6144 102 6145 102 6002 102 6146 102 6147 102 6148 102 6145 102 6149 102 6002 102 6002 4198 6149 4198 6150 4198 6002 4199 6150 4199 6138 4199 6143 4200 6151 4200 6135 4200 6135 4201 6151 4201 6152 4201 6135 4202 6152 4202 6153 4202 6154 102 6155 102 6002 102 6002 4203 6155 4203 6156 4203 6002 4204 6156 4204 6144 4204 6147 102 6157 102 6148 102 6148 4205 6157 4205 6158 4205 6148 4206 6158 4206 6159 4206 6153 102 6160 102 6135 102 6135 4207 6160 4207 6161 4207 6135 102 6161 102 6136 102 6136 102 6161 102 6162 102 6136 4208 6162 4208 6163 4208 6164 102 6165 102 6148 102 6148 4209 6165 4209 6166 4209 6148 4210 6166 4210 6146 4210 6159 102 6167 102 6148 102 6148 4211 6167 4211 6168 4211 6148 102 6168 102 6002 102 6002 102 6168 102 6169 102 6002 4212 6169 4212 6154 4212 6170 102 6171 102 6172 102 6172 4213 6171 4213 6173 4213 6172 4214 6173 4214 6164 4214 6163 102 6174 102 6136 102 6136 4215 6174 4215 6175 4215 6136 102 6175 102 6176 102 6176 4216 6175 4216 6177 4216 6176 4217 6177 4217 6172 4217 6172 4218 6177 4218 6178 4218 6172 4219 6178 4219 6170 4219 6164 102 6148 102 6172 102 6172 102 6148 102 5950 102 6172 102 5950 102 6179 102 5940 4220 5952 4220 6012 4220 6012 102 5952 102 5951 102 6012 4221 5951 4221 6180 4221 6180 102 6181 102 6012 102 6012 4222 6181 4222 6182 4222 6012 4223 6182 4223 6183 4223 6184 102 6185 102 5961 102 6186 102 6187 102 5962 102 5962 4224 6187 4224 6188 4224 5962 4225 6188 4225 6189 4225 6190 102 6191 102 5971 102 5971 4226 6191 4226 6192 4226 5971 4227 6192 4227 6193 4227 5962 102 6194 102 5971 102 6195 4228 6196 4228 6197 4228 6198 102 6199 102 5961 102 5961 4229 6199 4229 6200 4229 5961 4230 6200 4230 6184 4230 6185 102 6201 102 5961 102 5961 4231 6201 4231 6202 4231 5961 4232 6202 4232 6203 4232 6204 102 6205 102 6206 102 6206 4233 6205 4233 6207 4233 6206 4234 6207 4234 6208 4234 6208 102 6209 102 6206 102 6206 4235 6209 4235 6210 4235 6206 4236 6210 4236 6211 4236 6212 102 6213 102 5971 102 5971 4237 6213 4237 6214 4237 5971 4238 6214 4238 6190 4238 6194 4239 6215 4239 5971 4239 5971 4240 6215 4240 6216 4240 5971 102 6216 102 6217 102 5984 102 6218 102 5953 102 5953 4241 6218 4241 5939 4241 5953 102 5939 102 5954 102 5954 102 5939 102 5938 102 6193 102 6219 102 5971 102 5971 4242 6219 4242 6220 4242 5971 102 6220 102 5962 102 5962 4243 6220 4243 6221 4243 5962 4244 6221 4244 6186 4244 6195 102 6197 102 6222 102 6222 4245 6197 4245 6223 4245 6222 102 6223 102 5938 102 5938 4246 6223 4246 6224 4246 5938 4247 6224 4247 5954 4247 6189 102 6225 102 5962 102 5962 4248 6225 4248 6226 4248 5962 102 6226 102 5961 102 5961 4249 6226 4249 6227 4249 5961 102 6227 102 6198 102 6217 4250 6228 4250 5971 4250 5971 4251 6228 4251 6229 4251 5971 4252 6229 4252 6230 4252 6211 102 6231 102 6206 102 6206 102 6231 102 6232 102 6206 102 6232 102 5971 102 5971 4253 6232 4253 6233 4253 5971 4254 6233 4254 6212 4254 6230 4255 6234 4255 5971 4255 5971 4256 6234 4256 5957 4256 5971 4257 5957 4257 5970 4257 6196 102 6235 102 6197 102 6197 4258 6235 4258 6236 4258 6197 102 6236 102 6237 102 6237 4259 6236 4259 5936 4259 6237 102 5936 102 6238 102 6203 102 6239 102 5961 102 5961 4260 6239 4260 6240 4260 5961 102 6240 102 6206 102 6206 4261 6240 4261 6241 4261 6206 4262 6241 4262 6204 4262 5937 102 6242 102 6243 102 5957 4263 5958 4263 5970 4263 5970 102 5958 102 6243 102 5970 102 6243 102 6244 102 6244 102 6243 102 6242 102 6243 102 6245 102 5937 102 5937 4264 6245 4264 5955 4264 5937 102 5955 102 5936 102 5936 102 5955 102 5956 102 5936 4265 5956 4265 6238 4265 6246 102 6247 102 5961 102 5961 4266 6247 4266 6248 4266 6249 4164 6250 4164 5960 4164 5960 4230 6250 4230 6251 4230 5960 4267 6251 4267 6252 4267 6248 102 6253 102 5961 102 5961 4268 6253 4268 6254 4268 5961 4269 6254 4269 6255 4269 6252 102 6256 102 5960 102 5960 4270 6256 4270 6257 4270 5960 4271 6257 4271 6258 4271 6259 102 6260 102 6261 102 6261 4272 6260 4272 6262 4272 6262 102 6263 102 6261 102 6261 4273 6263 4273 6264 4273 6261 4235 6264 4235 6265 4235 6266 102 6267 102 6206 102 6268 102 6269 102 6206 102 6206 4274 6269 4274 6270 4274 6267 102 6271 102 6206 102 6206 4275 6271 4275 6272 4275 6206 4276 6272 4276 6268 4276 6270 102 6273 102 6206 102 6206 4277 6273 4277 6274 4277 6206 102 6274 102 5961 102 5961 4278 6274 4278 6275 4278 5961 4279 6275 4279 6246 4279 6255 4280 6276 4280 5961 4280 5961 4281 6276 4281 6277 4281 5961 102 6277 102 5960 102 5960 102 6277 102 6278 102 5960 4282 6278 4282 6249 4282 6258 102 6279 102 5960 102 5960 4260 6279 4260 6280 4260 5960 102 6280 102 6261 102 6261 4261 6280 4261 6281 4261 6261 4283 6281 4283 6259 4283 6265 102 6282 102 6261 102 6261 4284 6282 4284 6283 4284 6261 102 6283 102 6206 102 6206 102 6283 102 6284 102 6206 4285 6284 4285 6266 4285 6285 102 6286 102 5960 102 5960 4286 6286 4286 6287 4286 6287 102 6288 102 5960 102 5960 4268 6288 4268 6289 4268 5960 4269 6289 4269 6290 4269 6291 4287 6292 4287 6293 4287 6290 4280 6294 4280 5960 4280 5960 4281 6294 4281 6295 4281 5960 102 6295 102 5959 102 5959 102 6295 102 6292 102 5959 102 6292 102 6296 102 6296 102 6292 102 6291 102 6297 4288 6298 4288 6299 4288 6299 102 6300 102 6297 102 6297 4289 6300 4289 6301 4289 6297 4206 6301 4206 6302 4206 6303 102 6304 102 6261 102 6305 102 6306 102 6261 102 6261 4290 6306 4290 6307 4290 6308 102 6309 102 6293 102 6293 4291 6309 4291 6310 4291 6293 4292 6310 4292 6291 4292 6311 102 6312 102 5974 102 5974 4293 6312 4293 6313 4293 5974 4294 6313 4294 6314 4294 6304 102 6315 102 6261 102 6261 4275 6315 4275 6316 4275 6261 4295 6316 4295 6305 4295 6307 102 6317 102 6261 102 6261 4277 6317 4277 6318 4277 6261 102 6318 102 5960 102 5960 4278 6318 4278 6319 4278 5960 4279 6319 4279 6285 4279 6311 4296 5974 4296 6293 4296 6293 4297 5974 4297 6320 4297 6293 4298 6320 4298 6308 4298 6321 102 6322 102 6297 102 6297 4299 6322 4299 6323 4299 6297 4300 6323 4300 6298 4300 6314 102 6324 102 5974 102 5974 4301 6324 4301 6325 4301 5974 4302 6325 4302 6326 4302 6302 102 6327 102 6297 102 6297 4303 6327 4303 6328 4303 6297 102 6328 102 6261 102 6261 102 6328 102 6329 102 6261 4304 6329 4304 6303 4304 6326 102 6321 102 5974 102 5974 102 6321 102 6297 102 5974 102 6297 102 5963 102 5963 102 6297 102 5964 102 5964 102 6297 102 5965 102 5965 102 6297 102 6330 102 5965 102 6330 102 6331 102 6332 102 6333 102 6261 102 6261 4305 6333 4305 6334 4305 6335 102 6336 102 6330 102 6337 102 6338 102 5968 102 6339 102 6340 102 5968 102 5968 4306 6340 4306 6341 4306 6342 102 6343 102 6297 102 6297 4307 6343 4307 6344 4307 6297 4308 6344 4308 6345 4308 6338 102 6346 102 5968 102 5968 4309 6346 4309 6347 4309 5968 4310 6347 4310 6339 4310 6341 102 6348 102 5968 102 5968 4277 6348 4277 6349 4277 5968 102 6349 102 6261 102 6261 4311 6349 4311 6350 4311 6261 4112 6350 4112 6332 4112 6334 102 6351 102 6261 102 6261 4312 6351 4312 6352 4312 6261 4313 6352 4313 6353 4313 6345 102 6354 102 6297 102 6297 4314 6354 4314 6355 4314 6297 4210 6355 4210 6356 4210 6336 4315 6357 4315 6330 4315 6330 4316 6357 4316 6358 4316 6330 102 6358 102 6359 102 6359 4317 6358 4317 6360 4317 6359 102 6360 102 6361 102 6361 4318 6360 4318 6362 4318 6362 4319 6360 4319 6363 4319 6362 102 6363 102 6364 102 6364 102 6363 102 6365 102 6365 4320 6363 4320 6366 4320 6365 102 6366 102 6367 102 6367 4321 6366 4321 6368 4321 6367 102 6368 102 5969 102 5969 102 6368 102 5968 102 5968 102 6368 102 6369 102 5968 4285 6369 4285 6337 4285 6353 102 6370 102 6261 102 6261 4322 6370 4322 6371 4322 6261 102 6371 102 6297 102 6297 102 6371 102 6372 102 6297 4323 6372 4323 6342 4323 6356 102 6373 102 6297 102 6297 4324 6373 4324 6374 4324 6297 4325 6374 4325 6330 4325 6330 4326 6374 4326 6375 4326 6330 4327 6375 4327 6335 4327 6376 102 6377 102 5971 102 5971 4328 6377 4328 6378 4328 6378 102 6379 102 5971 102 5971 4329 6379 4329 6380 4329 5971 4330 6380 4330 6381 4330 6382 102 6383 102 6206 102 6206 4331 6383 4331 6384 4331 6206 4332 6384 4332 6385 4332 5972 102 6386 102 5971 102 5971 4333 6386 4333 6387 4333 5971 4334 6387 4334 6376 4334 6385 102 6388 102 6206 102 6206 4335 6388 4335 6389 4335 6206 4336 6389 4336 6390 4336 6391 102 6392 102 5967 102 5967 4337 6392 4337 6393 4337 5967 4338 6393 4338 6394 4338 6394 102 6395 102 5967 102 5967 4339 6395 4339 6396 4339 5967 4340 6396 4340 6397 4340 6398 102 6399 102 5966 102 5966 4341 6399 4341 6400 4341 5966 4342 6400 4342 6401 4342 6401 102 6402 102 5966 102 5966 4343 6402 4343 6403 4343 5966 4344 6403 4344 5972 4344 5972 4345 6403 4345 6404 4345 5972 4346 6404 4346 6386 4346 6381 102 6405 102 5971 102 5971 4347 6405 4347 6406 4347 5971 102 6406 102 6206 102 6206 102 6406 102 6407 102 6206 4284 6407 4284 6382 4284 6408 102 6409 102 5972 102 5972 102 6409 102 6410 102 5972 4348 6410 4348 5966 4348 6411 4349 6412 4349 6413 4349 6397 102 6414 102 5967 102 5967 102 6414 102 6415 102 5967 102 6415 102 5966 102 5966 4350 6415 4350 6416 4350 5966 4351 6416 4351 6398 4351 5972 102 6417 102 6408 102 6408 102 6417 102 6411 102 6408 4352 6411 4352 6418 4352 6418 102 6411 102 6413 102 6390 102 6419 102 6206 102 6206 4353 6419 4353 6420 4353 6206 102 6420 102 5967 102 5967 4261 6420 4261 6421 4261 5967 4354 6421 4354 6391 4354 6422 102 6423 102 6261 102 6261 4331 6423 4331 6424 4331 6261 4332 6424 4332 6425 4332 6426 102 6427 102 6206 102 6206 4305 6427 4305 6428 4305 6428 102 6429 102 6206 102 6206 4312 6429 4312 6430 4312 6206 4313 6430 4313 6431 4313 6431 102 6432 102 6206 102 6206 4304 6432 4304 6433 4304 6206 102 6433 102 6261 102 6261 102 6433 102 6434 102 6261 4355 6434 4355 6422 4355 6425 102 6435 102 6261 102 6261 4356 6435 4356 6436 4356 6261 4357 6436 4357 6437 4357 6438 102 6439 102 5968 102 5968 4358 6439 4358 6440 4358 6440 102 6441 102 5968 102 5968 4359 6441 4359 6442 4359 5968 4339 6442 4339 6443 4339 6444 102 6445 102 5967 102 6446 102 6447 102 5967 102 5967 4360 6447 4360 6448 4360 6445 102 6449 102 5967 102 5967 4309 6449 4309 6450 4309 5967 4361 6450 4361 6446 4361 6448 102 6451 102 5967 102 5967 4277 6451 4277 6452 4277 5967 102 6452 102 6206 102 6206 4311 6452 4311 6453 4311 6206 4112 6453 4112 6426 4112 6437 102 6454 102 6261 102 6261 4353 6454 4353 6455 4353 6261 102 6455 102 5968 102 5968 4261 6455 4261 6456 4261 5968 4362 6456 4362 6438 4362 6443 102 6457 102 5968 102 5968 4363 6457 4363 6458 4363 5968 102 6458 102 5967 102 5967 102 6458 102 6459 102 5967 4364 6459 4364 6444 4364 6002 4111 6460 4111 6461 4111 6462 102 6463 102 6012 102 6461 102 6464 102 6002 102 6002 4365 6464 4365 6465 4365 6002 4366 6465 4366 6466 4366 6467 102 6468 102 6012 102 6012 4367 6468 4367 6469 4367 6463 102 6470 102 6012 102 6012 4368 6470 4368 6471 4368 6012 4369 6471 4369 6472 4369 6469 102 6473 102 6012 102 6012 102 6473 102 6474 102 6012 4370 6474 4370 6462 4370 6475 102 6476 102 6012 102 6012 4371 6476 4371 6477 4371 6012 4372 6477 4372 6467 4372 6472 102 6478 102 6012 102 6012 4373 6478 4373 6479 4373 6012 4374 6479 4374 6002 4374 6002 4375 6479 4375 6480 4375 6002 4376 6480 4376 6460 4376 6466 102 6481 102 6002 102 6002 4117 6481 4117 6482 4117 6002 4113 6482 4113 6483 4113 6484 102 6485 102 6148 102 6148 4377 6485 4377 6486 4377 6148 4378 6486 4378 6487 4378 6487 102 6488 102 6148 102 6148 4379 6488 4379 6489 4379 6148 4380 6489 4380 6490 4380 6491 102 6492 102 6012 102 6012 4381 6492 4381 6493 4381 6012 4382 6493 4382 6475 4382 6183 102 5975 102 6012 102 6012 102 5975 102 5977 102 6012 102 5977 102 6491 102 6491 102 5977 102 6148 102 6491 102 6148 102 6494 102 6494 102 6148 102 6490 102 6483 102 6495 102 6002 102 6002 4364 6495 4364 6496 4364 6002 102 6496 102 6148 102 6148 102 6496 102 6497 102 6148 4383 6497 4383 6484 4383 6498 102 6499 102 5976 102 5976 102 6499 102 5947 102 5976 102 5947 102 5977 102 5977 102 5947 102 5948 102 5977 102 5948 102 6148 102 6148 102 5948 102 5949 102 6148 102 5949 102 5950 102 6100 4194 6500 4194 6501 4194 6500 102 6100 102 6502 102 6502 102 6100 102 5987 102 6502 102 5987 102 6503 102 6501 4195 6504 4195 6100 4195 6100 4384 6504 4384 6505 4384 6100 4385 6505 4385 6506 4385 6507 102 6508 102 6135 102 6509 102 6002 102 6510 102 6510 102 6002 102 6511 102 6512 102 6513 102 5987 102 5987 4203 6513 4203 6514 4203 5987 4204 6514 4204 6515 4204 6516 102 6135 102 6517 102 6517 4386 6135 4386 6518 4386 6515 102 6519 102 5987 102 5987 4387 6519 4387 6520 4387 5987 4388 6520 4388 6503 4388 6508 102 6521 102 6135 102 6135 4172 6521 4172 6522 4172 6135 4389 6522 4389 6518 4389 6509 102 6523 102 6002 102 6002 4179 6523 4179 6524 4179 6002 4180 6524 4180 6525 4180 6506 4390 6526 4390 6100 4390 6100 4201 6526 4201 6527 4201 6100 4202 6527 4202 6528 4202 6516 102 6529 102 6135 102 6135 4173 6529 4173 6530 4173 6135 102 6530 102 6002 102 6002 4174 6530 4174 6531 4174 6002 4391 6531 4391 6511 4391 6525 102 6532 102 6002 102 6002 4189 6532 4189 6533 4189 6002 102 6533 102 5987 102 5987 102 6533 102 6534 102 5987 4212 6534 4212 6512 4212 6528 102 6535 102 6100 102 6100 4392 6535 4392 6536 4392 6100 102 6536 102 6135 102 6135 102 6536 102 6537 102 6135 4393 6537 4393 6507 4393 5943 102 5944 102 6135 102 6135 102 5944 102 5945 102 6135 102 5945 102 6100 102 6100 102 5945 102 6119 102 6100 102 6119 102 6122 102 6122 102 6119 102 6121 102 5761 0 5715 0 6082 0 6082 0 5715 0 5990 0 6084 101 5671 101 6037 101 6037 101 5671 101 5689 101 6037 101 5689 101 6040 101 6040 101 5689 101 5734 101 6198 4394 5370 4394 6199 4394 6199 4394 5370 4394 5369 4394 6199 4395 5369 4395 6200 4395 6200 4395 5369 4395 5368 4395 6200 4396 5368 4396 6184 4396 6184 4396 5368 4396 5342 4396 6184 4397 5342 4397 6185 4397 6185 4397 5342 4397 5341 4397 6185 4398 5341 4398 6201 4398 6201 4398 5341 4398 5340 4398 6201 4399 5340 4399 6202 4399 6202 4399 5340 4399 5338 4399 6202 4400 5338 4400 6203 4400 6203 4400 5338 4400 5337 4400 6203 4401 5337 4401 6239 4401 6239 4401 5337 4401 5367 4401 6239 4402 5367 4402 6240 4402 6240 4402 5367 4402 5366 4402 6240 4403 5366 4403 6241 4403 6241 4403 5366 4403 5365 4403 6241 4404 5365 4404 6204 4404 6204 4404 5365 4404 5348 4404 6204 4405 5348 4405 6205 4405 6205 4405 5348 4405 5347 4405 6205 4406 5347 4406 6207 4406 6207 4406 5347 4406 5346 4406 6207 4407 5346 4407 6208 4407 6208 4407 5346 4407 5364 4407 6208 4408 5364 4408 6209 4408 6209 4408 5364 4408 5363 4408 6209 4409 5363 4409 6210 4409 6210 4409 5363 4409 5344 4409 6210 4410 5344 4410 6211 4410 6211 4410 5344 4410 5343 4410 6211 4411 5343 4411 6231 4411 6231 4411 5343 4411 5384 4411 6232 4412 5383 4412 6233 4412 6233 4413 5383 4413 5382 4413 6233 4414 5382 4414 6212 4414 6212 4415 5382 4415 5362 4415 6212 4416 5362 4416 6213 4416 6213 4416 5362 4416 5361 4416 6213 4417 5361 4417 6214 4417 6214 4417 5361 4417 5360 4417 6214 4418 5360 4418 6190 4418 6190 4418 5360 4418 5359 4418 6190 4419 5359 4419 6191 4419 6191 4420 5359 4420 5357 4420 6191 4421 5357 4421 6192 4421 6192 4421 5357 4421 5356 4421 6192 4422 5356 4422 6193 4422 6193 4422 5356 4422 5410 4422 6193 4423 5410 4423 6219 4423 6219 4424 5410 4424 5409 4424 6219 4425 5409 4425 6220 4425 6220 4426 5409 4426 5408 4426 6220 4427 5408 4427 6221 4427 6221 4427 5408 4427 5373 4427 6221 4428 5373 4428 6186 4428 6186 4428 5373 4428 5372 4428 6186 4429 5372 4429 6187 4429 6187 4430 5372 4430 5371 4430 6187 4431 5371 4431 6188 4431 6188 4431 5371 4431 5349 4431 6188 4432 5349 4432 6189 4432 6189 4432 5349 4432 5351 4432 6189 4433 5351 4433 6225 4433 6225 4433 5351 4433 5376 4433 6225 4434 5376 4434 6226 4434 6226 4435 5376 4435 5375 4435 6226 4436 5375 4436 6227 4436 6227 4437 5375 4437 5374 4437 5384 51 5383 51 6231 51 6231 51 5383 51 6232 51 5374 0 5370 0 6227 0 6227 0 5370 0 6198 0 6407 4438 5421 4438 6382 4438 6382 4438 5421 4438 5417 4438 6382 4395 5417 4395 6383 4395 6383 4395 5417 4395 5416 4395 6383 4439 5416 4439 6384 4439 6384 4439 5416 4439 5415 4439 6384 4397 5415 4397 6385 4397 6385 4397 5415 4397 5414 4397 6385 4398 5414 4398 6388 4398 6388 4398 5414 4398 5413 4398 6388 4399 5413 4399 6389 4399 6389 4399 5413 4399 5412 4399 6389 4440 5412 4440 6390 4440 6390 4440 5412 4440 5411 4440 6390 4401 5411 4401 6419 4401 6419 4401 5411 4401 5443 4401 6419 4441 5443 4441 6420 4441 6420 4441 5443 4441 5442 4441 6420 4403 5442 4403 6421 4403 6421 4403 5442 4403 5441 4403 6421 4404 5441 4404 6391 4404 6391 4404 5441 4404 5432 4404 6391 4442 5432 4442 6392 4442 6392 4442 5432 4442 5431 4442 6392 4443 5431 4443 6393 4443 6393 4443 5431 4443 5430 4443 6393 4407 5430 4407 6394 4407 6394 4407 5430 4407 5440 4407 6394 4408 5440 4408 6395 4408 6395 4408 5440 4408 5439 4408 6395 4444 5439 4444 6396 4444 6396 4444 5439 4444 5428 4444 6396 4445 5428 4445 6397 4445 6397 4445 5428 4445 5427 4445 6397 4411 5427 4411 6414 4411 6414 4411 5427 4411 5454 4411 6415 4412 5453 4412 6416 4412 6416 4413 5453 4413 5452 4413 6416 4446 5452 4446 6398 4446 6398 4447 5452 4447 5438 4447 6398 4448 5438 4448 6399 4448 6399 4448 5438 4448 5437 4448 6399 4417 5437 4417 6400 4417 6400 4417 5437 4417 5436 4417 6400 4418 5436 4418 6401 4418 6401 4418 5436 4418 5426 4418 6401 4449 5426 4449 6402 4449 6402 4450 5426 4450 5425 4450 6402 4451 5425 4451 6403 4451 6403 4451 5425 4451 5451 4451 6403 4422 5451 4422 6404 4422 6404 4422 5451 4422 5450 4422 6404 4423 5450 4423 6386 4423 6386 4424 5450 4424 5448 4424 6386 4452 5448 4452 6387 4452 6387 4453 5448 4453 5449 4453 6387 4427 5449 4427 6376 4427 6376 4427 5449 4427 5446 4427 6376 4454 5446 4454 6377 4454 6377 4454 5446 4454 5445 4454 6377 4429 5445 4429 6378 4429 6378 4430 5445 4430 5444 4430 6378 4431 5444 4431 6379 4431 6379 4431 5444 4431 5418 4431 6379 4432 5418 4432 6380 4432 6380 4432 5418 4432 5419 4432 6380 4455 5419 4455 6381 4455 6381 4455 5419 4455 5420 4455 6381 4434 5420 4434 6405 4434 6405 4435 5420 4435 5423 4435 6405 4456 5423 4456 6406 4456 6406 4457 5423 4457 5422 4457 5454 51 5453 51 6414 51 6414 51 5453 51 6415 51 5422 0 5421 0 6406 0 6406 0 5421 0 6407 0 6278 4458 5588 4458 6249 4458 6249 4458 5588 4458 5587 4458 6249 4459 5587 4459 6250 4459 6250 4459 5587 4459 5563 4459 6250 4396 5563 4396 6251 4396 6251 4396 5563 4396 5562 4396 6251 4397 5562 4397 6252 4397 6252 4397 5562 4397 5561 4397 6252 4398 5561 4398 6256 4398 6256 4398 5561 4398 5560 4398 6256 4460 5560 4460 6257 4460 6257 4460 5560 4460 5559 4460 6257 4461 5559 4461 6258 4461 6258 4461 5559 4461 5558 4461 6258 4462 5558 4462 6279 4462 6279 4462 5558 4462 5575 4462 6279 4402 5575 4402 6280 4402 6280 4402 5575 4402 5574 4402 6280 4403 5574 4403 6281 4403 6281 4403 5574 4403 5573 4403 6281 4463 5573 4463 6259 4463 6259 4463 5573 4463 5566 4463 6259 4464 5566 4464 6260 4464 6260 4464 5566 4464 5565 4464 6260 4465 5565 4465 6262 4465 6262 4465 5565 4465 5564 4465 6262 4407 5564 4407 6263 4407 6263 4407 5564 4407 5577 4407 6263 4408 5577 4408 6264 4408 6264 4408 5577 4408 5576 4408 6264 4409 5576 4409 6265 4409 6265 4409 5576 4409 5572 4409 6265 4466 5572 4466 6282 4466 6282 4466 5572 4466 5571 4466 6282 4467 5571 4467 6283 4467 6283 4467 5571 4467 5592 4467 6284 4468 5591 4468 6266 4468 6266 4468 5591 4468 5590 4468 6266 4469 5590 4469 6267 4469 6267 4469 5590 4469 5586 4469 6267 4416 5586 4416 6271 4416 6271 4416 5586 4416 5585 4416 6271 4417 5585 4417 6272 4417 6272 4417 5585 4417 5584 4417 6272 4470 5584 4470 6268 4470 6268 4470 5584 4470 5583 4470 6268 4471 5583 4471 6269 4471 6269 4471 5583 4471 5582 4471 6269 4472 5582 4472 6270 4472 6270 4472 5582 4472 5581 4472 6270 4473 5581 4473 6273 4473 6273 4473 5581 4473 5595 4473 6273 4474 5595 4474 6274 4474 6274 4474 5595 4474 5594 4474 6274 4475 5594 4475 6275 4475 6275 4475 5594 4475 5593 4475 6275 4476 5593 4476 6246 4476 6246 4476 5593 4476 5580 4476 6246 4477 5580 4477 6247 4477 6247 4477 5580 4477 5579 4477 6247 4478 5579 4478 6248 4478 6248 4478 5579 4478 5578 4478 6248 4479 5578 4479 6253 4479 6253 4479 5578 4479 5570 4479 6253 4432 5570 4432 6254 4432 6254 4432 5570 4432 5569 4432 6254 4433 5569 4433 6255 4433 6255 4433 5569 4433 5568 4433 6255 4480 5568 4480 6276 4480 6276 4480 5568 4480 5567 4480 6276 4481 5567 4481 6277 4481 6277 4481 5567 4481 5589 4481 5592 51 5591 51 6283 51 6283 51 5591 51 6284 51 5589 0 5588 0 6277 0 6277 0 5588 0 6278 0 6434 4482 5928 4482 6422 4482 6422 4482 5928 4482 5927 4482 6422 4459 5927 4459 6423 4459 6423 4459 5927 4459 5903 4459 6423 4439 5903 4439 6424 4439 6424 4439 5903 4439 5902 4439 6424 4397 5902 4397 6425 4397 6425 4397 5902 4397 5901 4397 6425 4398 5901 4398 6435 4398 6435 4398 5901 4398 5900 4398 6435 4460 5900 4460 6436 4460 6436 4460 5900 4460 5899 4460 6436 4483 5899 4483 6437 4483 6437 4483 5899 4483 5898 4483 6437 4462 5898 4462 6454 4462 6454 4462 5898 4462 5917 4462 6454 4441 5917 4441 6455 4441 6455 4441 5917 4441 5916 4441 6455 4403 5916 4403 6456 4403 6456 4403 5916 4403 5915 4403 6456 4463 5915 4463 6438 4463 6438 4463 5915 4463 5906 4463 6438 4484 5906 4484 6439 4484 6439 4484 5906 4484 5905 4484 6439 4485 5905 4485 6440 4485 6440 4485 5905 4485 5904 4485 6440 4407 5904 4407 6441 4407 6441 4407 5904 4407 5914 4407 6441 4408 5914 4408 6442 4408 6442 4408 5914 4408 5913 4408 6442 4444 5913 4444 6443 4444 6443 4444 5913 4444 5912 4444 6443 4486 5912 4486 6457 4486 6457 4486 5912 4486 5911 4486 6457 4467 5911 4467 6458 4467 6458 4467 5911 4467 5932 4467 6459 4468 5931 4468 6444 4468 6444 4468 5931 4468 5930 4468 6444 4487 5930 4487 6445 4487 6445 4487 5930 4487 5926 4487 6445 4448 5926 4448 6449 4448 6449 4448 5926 4448 5925 4448 6449 4417 5925 4417 6450 4417 6450 4417 5925 4417 5924 4417 6450 4470 5924 4470 6446 4470 6446 4470 5924 4470 5923 4470 6446 4488 5923 4488 6447 4488 6447 4488 5923 4488 5922 4488 6447 4489 5922 4489 6448 4489 6448 4489 5922 4489 5921 4489 6448 4473 5921 4473 6451 4473 6451 4473 5921 4473 5935 4473 6451 4474 5935 4474 6452 4474 6452 4474 5935 4474 5934 4474 6452 4490 5934 4490 6453 4490 6453 4490 5934 4490 5933 4490 6453 4476 5933 4476 6426 4476 6426 4476 5933 4476 5920 4476 6426 4491 5920 4491 6427 4491 6427 4491 5920 4491 5919 4491 6427 4478 5919 4478 6428 4478 6428 4478 5919 4478 5918 4478 6428 4479 5918 4479 6429 4479 6429 4479 5918 4479 5910 4479 6429 4432 5910 4432 6430 4432 6430 4432 5910 4432 5909 4432 6430 4455 5909 4455 6431 4455 6431 4455 5909 4455 5908 4455 6431 4480 5908 4480 6432 4480 6432 4480 5908 4480 5907 4480 6432 4492 5907 4492 6433 4492 6433 4492 5907 4492 5929 4492 5932 51 5931 51 6458 51 6458 51 5931 51 6459 51 5929 0 5928 0 6433 0 6433 0 5928 0 6434 0 6292 4493 5539 4493 6293 4493 6293 4493 5539 4493 5529 4493 6293 4459 5529 4459 6311 4459 6311 4459 5529 4459 5527 4459 6311 4494 5527 4494 6312 4494 6312 4494 5527 4494 5526 4494 6312 4495 5526 4495 6313 4495 6313 4495 5526 4495 5515 4495 6313 4496 5515 4496 6314 4496 6314 4496 5515 4496 5514 4496 6314 4497 5514 4497 6324 4497 6324 4497 5514 4497 5513 4497 6324 4498 5513 4498 6325 4498 6325 4499 5513 4499 5512 4499 6325 4500 5512 4500 6326 4500 6326 4500 5512 4500 5536 4500 6326 4402 5536 4402 6321 4402 6321 4402 5536 4402 5535 4402 6321 4403 5535 4403 6322 4403 6322 4403 5535 4403 5534 4403 6322 4501 5534 4501 6323 4501 6323 4501 5534 4501 5525 4501 6323 4502 5525 4502 6298 4502 6298 4503 5525 4503 5524 4503 6298 4504 5524 4504 6299 4504 6299 4504 5524 4504 5523 4504 6299 4505 5523 4505 6300 4505 6300 4505 5523 4505 5533 4505 6300 4506 5533 4506 6301 4506 6301 4506 5533 4506 5532 4506 6301 4507 5532 4507 6302 4507 6302 4507 5532 4507 5522 4507 6302 4466 5522 4466 6327 4466 6327 4466 5522 4466 5521 4466 6327 4508 5521 4508 6328 4508 6328 4508 5521 4508 5554 4508 6329 4509 5553 4509 6303 4509 6303 4509 5553 4509 5552 4509 6303 4510 5552 4510 6304 4510 6304 4510 5552 4510 5548 4510 6304 4416 5548 4416 6315 4416 6315 4416 5548 4416 5547 4416 6315 4417 5547 4417 6316 4417 6316 4417 5547 4417 5546 4417 6316 4418 5546 4418 6305 4418 6305 4418 5546 4418 5545 4418 6305 4471 5545 4471 6306 4471 6306 4471 5545 4471 5544 4471 6306 4511 5544 4511 6307 4511 6307 4511 5544 4511 5543 4511 6307 4473 5543 4473 6317 4473 6317 4473 5543 4473 5557 4473 6317 4474 5557 4474 6318 4474 6318 4474 5557 4474 5556 4474 6318 4475 5556 4475 6319 4475 6319 4475 5556 4475 5555 4475 6319 4476 5555 4476 6285 4476 6285 4476 5555 4476 5542 4476 6285 4512 5542 4512 6286 4512 6286 4512 5542 4512 5541 4512 6286 4478 5541 4478 6287 4478 6287 4478 5541 4478 5540 4478 6287 4431 5540 4431 6288 4431 6288 4431 5540 4431 5520 4431 6288 4432 5520 4432 6289 4432 6289 4432 5520 4432 5519 4432 6289 4433 5519 4433 6290 4433 6290 4433 5519 4433 5517 4433 6290 4513 5517 4513 6294 4513 6294 4513 5517 4513 5516 4513 6294 4514 5516 4514 6295 4514 6295 4514 5516 4514 5537 4514 5554 51 5553 51 6328 51 6328 51 5553 51 6329 51 5537 0 5539 0 6295 0 6295 0 5539 0 6292 0 6372 4515 5481 4515 6342 4515 6342 4515 5481 4515 5480 4515 6342 4459 5480 4459 6343 4459 6343 4459 5480 4459 5465 4459 6343 4516 5465 4516 6344 4516 6344 4516 5465 4516 5464 4516 6344 4495 5464 4495 6345 4495 6345 4495 5464 4495 5463 4495 6345 4496 5463 4496 6354 4496 6354 4496 5463 4496 5462 4496 6354 4497 5462 4497 6355 4497 6355 4497 5462 4497 5461 4497 6355 4517 5461 4517 6356 4517 6356 4518 5461 4518 5473 4518 6356 4500 5473 4500 6373 4500 6373 4500 5473 4500 5472 4500 6373 4441 5472 4441 6374 4441 6374 4441 5472 4441 5471 4441 6374 4403 5471 4403 6375 4403 6375 4403 5471 4403 5479 4403 6375 4501 5479 4501 6335 4501 6335 4501 5479 4501 5478 4501 6335 4519 5478 4519 6336 4519 6336 4520 5478 4520 5477 4520 6336 4521 5477 4521 6357 4521 6357 4521 5477 4521 5498 4521 6357 4505 5498 4505 6358 4505 6358 4505 5498 4505 5497 4505 6358 4506 5497 4506 6360 4506 6360 4506 5497 4506 5494 4506 6360 4522 5494 4522 6363 4522 6363 4522 5494 4522 5475 4522 6363 4486 5475 4486 6366 4486 6366 4486 5475 4486 5474 4486 6366 4508 5474 4508 6368 4508 6368 4508 5474 4508 5501 4508 6369 4509 5503 4509 6337 4509 6337 4509 5503 4509 5504 4509 6337 4523 5504 4523 6338 4523 6338 4523 5504 4523 5492 4523 6338 4448 5492 4448 6346 4448 6346 4448 5492 4448 5491 4448 6346 4417 5491 4417 6347 4417 6347 4417 5491 4417 5490 4417 6347 4418 5490 4418 6339 4418 6339 4418 5490 4418 5489 4418 6339 4488 5489 4488 6340 4488 6340 4488 5489 4488 5487 4488 6340 4524 5487 4524 6341 4524 6341 4524 5487 4524 5486 4524 6341 4473 5486 4473 6348 4473 6348 4473 5486 4473 5507 4473 6348 4474 5507 4474 6349 4474 6349 4474 5507 4474 5506 4474 6349 4490 5506 4490 6350 4490 6350 4490 5506 4490 5505 4490 6350 4476 5505 4476 6332 4476 6332 4476 5505 4476 5485 4476 6332 4525 5485 4525 6333 4525 6333 4525 5485 4525 5484 4525 6333 4478 5484 4478 6334 4478 6334 4478 5484 4478 5483 4478 6334 4431 5483 4431 6351 4431 6351 4431 5483 4431 5470 4431 6351 4432 5470 4432 6352 4432 6352 4432 5470 4432 5469 4432 6352 4455 5469 4455 6353 4455 6353 4455 5469 4455 5467 4455 6353 4513 5467 4513 6370 4513 6370 4513 5467 4513 5466 4513 6370 4526 5466 4526 6371 4526 6371 4526 5466 4526 5482 4526 5501 51 5503 51 6368 51 6368 51 5503 51 6369 51 5482 0 5481 0 6371 0 6371 0 5481 0 6372 0 6162 4515 5657 4515 6163 4515 6163 4515 5657 4515 5656 4515 6163 4527 5656 4527 6174 4527 6174 4527 5656 4527 5655 4527 6174 4494 5655 4494 6175 4494 6175 4494 5655 4494 5653 4494 6175 4495 5653 4495 6177 4495 6177 4495 5653 4495 5651 4495 6177 4496 5651 4496 6178 4496 6178 4496 5651 4496 5650 4496 6178 4528 5650 4528 6170 4528 6170 4528 5650 4528 5647 4528 6170 4517 5647 4517 6171 4517 6171 4518 5647 4518 5646 4518 6171 4500 5646 4500 6173 4500 6173 4500 5646 4500 5645 4500 6173 4529 5645 4529 6164 4529 6164 4529 5645 4529 5641 4529 6164 4530 5641 4530 6165 4530 6165 4530 5641 4530 5629 4530 6165 4501 5629 4501 6166 4501 6166 4501 5629 4501 5627 4501 6166 4519 5627 4519 6146 4519 6146 4520 5627 4520 5626 4520 6146 4521 5626 4521 6147 4521 6147 4521 5626 4521 5649 4521 6147 4505 5649 4505 6157 4505 6157 4505 5649 4505 5648 4505 6157 4506 5648 4506 6158 4506 6158 4506 5648 4506 5644 4506 6158 4522 5644 4522 6159 4522 6159 4522 5644 4522 5643 4522 6159 4486 5643 4486 6167 4486 6167 4486 5643 4486 5642 4486 6167 4508 5642 4508 6168 4508 6168 4508 5642 4508 5637 4508 6169 4509 5636 4509 6154 4509 6154 4509 5636 4509 5635 4509 6154 4523 5635 4523 6155 4523 6155 4523 5635 4523 5634 4523 6155 4448 5634 4448 6156 4448 6156 4448 5634 4448 5633 4448 6156 4417 5633 4417 6144 4417 6144 4417 5633 4417 5632 4417 6144 4418 5632 4418 6145 4418 6145 4418 5632 4418 5614 4418 6145 4488 5614 4488 6149 4488 6149 4488 5614 4488 5613 4488 6149 4524 5613 4524 6150 4524 6150 4524 5613 4524 5625 4524 6150 4473 5625 4473 6138 4473 6138 4473 5625 4473 5624 4473 6138 4531 5624 4531 6139 4531 6139 4531 5624 4531 5623 4531 6139 4532 5623 4532 6140 4532 6140 4532 5623 4532 5631 4532 6140 4476 5631 4476 6141 4476 6141 4476 5631 4476 5630 4476 6141 4525 5630 4525 6142 4525 6142 4525 5630 4525 5622 4525 6142 4533 5622 4533 6143 4533 6143 4533 5622 4533 5621 4533 6143 4431 5621 4431 6151 4431 6151 4431 5621 4431 5620 4431 6151 4432 5620 4432 6152 4432 6152 4432 5620 4432 5616 4432 6152 4433 5616 4433 6153 4433 6153 4433 5616 4433 5618 4433 6153 4534 5618 4534 6160 4534 6160 4534 5618 4534 5619 4534 6160 4526 5619 4526 6161 4526 6161 4526 5619 4526 5658 4526 5637 51 5636 51 6168 51 6168 51 5636 51 6169 51 5658 0 5657 0 6161 0 6161 0 5657 0 6162 0 6497 4515 5891 4515 6484 4515 6484 4515 5891 4515 5890 4515 6484 4527 5890 4527 6485 4527 6485 4527 5890 4527 5869 4527 6485 4494 5869 4494 6486 4494 6486 4494 5869 4494 5868 4494 6486 4495 5868 4495 6487 4495 6487 4495 5868 4495 5883 4495 6487 4496 5883 4496 6488 4496 6488 4496 5883 4496 5882 4496 6488 4528 5882 4528 6489 4528 6489 4528 5882 4528 5867 4528 6489 4517 5867 4517 6490 4517 6490 4518 5867 4518 5866 4518 6490 4500 5866 4500 6494 4500 6494 4500 5866 4500 5874 4500 6494 4529 5874 4529 6491 4529 6491 4529 5874 4529 5873 4529 6491 4530 5873 4530 6492 4530 6492 4530 5873 4530 5872 4530 6492 4501 5872 4501 6493 4501 6493 4501 5872 4501 5865 4501 6493 4519 5865 4519 6475 4519 6475 4520 5865 4520 5864 4520 6475 4521 5864 4521 6476 4521 6476 4521 5864 4521 5863 4521 6476 4505 5863 4505 6477 4505 6477 4505 5863 4505 5860 4505 6477 4506 5860 4506 6467 4506 6467 4506 5860 4506 5859 4506 6467 4522 5859 4522 6468 4522 6468 4522 5859 4522 5857 4522 6468 4486 5857 4486 6469 4486 6469 4486 5857 4486 5856 4486 6469 4508 5856 4508 6473 4508 6473 4508 5856 4508 5871 4508 6474 4509 5870 4509 6462 4509 6462 4509 5870 4509 5862 4509 6462 4523 5862 4523 6463 4523 6463 4523 5862 4523 5861 4523 6463 4448 5861 4448 6470 4448 6470 4448 5861 4448 5886 4448 6470 4417 5886 4417 6471 4417 6471 4417 5886 4417 5885 4417 6471 4418 5885 4418 6472 4418 6472 4418 5885 4418 5884 4418 6472 4488 5884 4488 6478 4488 6478 4488 5884 4488 5889 4488 6478 4524 5889 4524 6479 4524 6479 4524 5889 4524 5888 4524 6479 4473 5888 4473 6480 4473 6480 4473 5888 4473 5887 4473 6480 4531 5887 4531 6460 4531 6460 4531 5887 4531 5881 4531 6460 4532 5881 4532 6461 4532 6461 4532 5881 4532 5880 4532 6461 4476 5880 4476 6464 4476 6464 4476 5880 4476 5879 4476 6464 4525 5879 4525 6465 4525 6465 4525 5879 4525 5878 4525 6465 4533 5878 4533 6466 4533 6466 4533 5878 4533 5877 4533 6466 4431 5877 4431 6481 4431 6481 4431 5877 4431 5876 4431 6481 4432 5876 4432 6482 4432 6482 4432 5876 4432 5855 4432 6482 4433 5855 4433 6483 4433 6483 4433 5855 4433 5854 4433 6483 4534 5854 4534 6495 4534 6495 4534 5854 4534 5875 4534 6495 4526 5875 4526 6496 4526 6496 4526 5875 4526 5892 4526 5871 51 5870 51 6473 51 6473 51 5870 51 6474 51 5892 0 5891 0 6496 0 6496 0 5891 0 6497 0 6537 4482 5849 4482 6507 4482 6507 4482 5849 4482 5848 4482 6507 4527 5848 4527 6508 4527 6508 4527 5848 4527 5829 4527 6508 4396 5829 4396 6521 4396 6521 4396 5829 4396 5828 4396 6521 4397 5828 4397 6522 4397 6522 4397 5828 4397 5827 4397 6522 4398 5827 4398 6518 4398 6518 4398 5827 4398 5826 4398 6518 4535 5826 4535 6517 4535 6517 4535 5826 4535 5825 4535 6517 4483 5825 4483 6516 4483 6516 4483 5825 4483 5824 4483 6516 4462 5824 4462 6529 4462 6529 4462 5824 4462 5817 4462 6529 4529 5817 4529 6530 4529 6530 4529 5817 4529 5816 4529 6530 4530 5816 4530 6531 4530 6531 4530 5816 4530 5823 4530 6531 4463 5823 4463 6511 4463 6511 4463 5823 4463 5834 4463 6511 4484 5834 4484 6510 4484 6510 4484 5834 4484 5833 4484 6510 4485 5833 4485 6509 4485 6509 4485 5833 4485 5822 4485 6509 4407 5822 4407 6523 4407 6523 4407 5822 4407 5821 4407 6523 4408 5821 4408 6524 4408 6524 4408 5821 4408 5845 4408 6524 4444 5845 4444 6525 4444 6525 4444 5845 4444 5844 4444 6525 4486 5844 4486 6532 4486 6532 4486 5844 4486 5843 4486 6532 4467 5843 4467 6533 4467 6533 4467 5843 4467 5853 4467 6534 4468 5852 4468 6512 4468 6512 4468 5852 4468 5851 4468 6512 4487 5851 4487 6513 4487 6513 4487 5851 4487 5842 4487 6513 4448 5842 4448 6514 4448 6514 4448 5842 4448 5841 4448 6514 4417 5841 4417 6515 4417 6515 4417 5841 4417 5840 4417 6515 4470 5840 4470 6519 4470 6519 4470 5840 4470 5839 4470 6519 4488 5839 4488 6520 4488 6520 4488 5839 4488 5838 4488 6520 4489 5838 4489 6503 4489 6503 4489 5838 4489 5837 4489 6503 4473 5837 4473 6502 4473 6502 4473 5837 4473 5830 4473 6502 4531 5830 4531 6500 4531 6500 4531 5830 4531 5831 4531 6500 4532 5831 4532 6501 4532 6501 4532 5831 4532 5832 4532 6501 4476 5832 4476 6504 4476 6504 4476 5832 4476 5820 4476 6504 4491 5820 4491 6505 4491 6505 4491 5820 4491 5819 4491 6505 4533 5819 4533 6506 4533 6506 4533 5819 4533 5818 4533 6506 4479 5818 4479 6526 4479 6526 4479 5818 4479 5847 4479 6526 4432 5847 4432 6527 4432 6527 4432 5847 4432 5846 4432 6527 4433 5846 4433 6528 4433 6528 4433 5846 4433 5836 4433 6528 4536 5836 4536 6535 4536 6535 4536 5836 4536 5835 4536 6535 4492 5835 4492 6536 4492 6536 4492 5835 4492 5850 4492 5853 51 5852 51 6533 51 6533 51 5852 51 6534 51 5850 0 5849 0 6536 0 6536 0 5849 0 6537 0 6027 4482 5803 4482 6000 4482 6000 4482 5803 4482 5802 4482 6000 4527 5802 4527 6001 4527 6001 4527 5802 4527 5771 4527 6001 4396 5771 4396 6003 4396 6003 4396 5771 4396 5772 4396 6003 4397 5772 4397 6008 4397 6008 4397 5772 4397 5773 4397 6008 4398 5773 4398 6009 4398 6009 4398 5773 4398 5778 4398 6009 4535 5778 4535 6010 4535 6010 4535 5778 4535 5777 4535 6010 4483 5777 4483 6013 4483 6013 4483 5777 4483 5764 4483 6013 4462 5764 4462 6014 4462 6014 4462 5764 4462 5765 4462 6014 4529 5765 4529 6015 4529 6015 4529 5765 4529 5766 4529 6015 4530 5766 4530 6022 4530 6022 4530 5766 4530 5798 4530 6022 4463 5798 4463 6023 4463 6023 4463 5798 4463 5797 4463 6023 4484 5797 4484 6024 4484 6024 4484 5797 4484 5796 4484 6024 4485 5796 4485 6016 4485 6016 4485 5796 4485 5788 4485 6016 4407 5788 4407 6017 4407 6017 4407 5788 4407 5787 4407 6017 4408 5787 4408 6018 4408 6018 4408 5787 4408 5795 4408 6018 4444 5795 4444 6006 4444 6006 4444 5795 4444 5785 4444 6006 4486 5785 4486 6029 4486 6029 4486 5785 4486 5813 4486 6029 4467 5813 4467 6031 4467 6031 4467 5813 4467 5812 4467 6033 4468 5810 4468 6034 4468 6034 4468 5810 4468 5808 4468 6034 4487 5808 4487 6020 4487 6020 4487 5808 4487 5806 4487 6020 4448 5806 4448 6021 4448 6021 4448 5806 4448 5805 4448 6021 4417 5805 4417 5995 4417 5995 4417 5805 4417 5794 4417 5995 4470 5794 4470 5996 4470 5996 4470 5794 4470 5793 4470 5996 4488 5793 4488 5997 4488 5997 4488 5793 4488 5792 4488 5997 4489 5792 4489 5988 4489 5988 4489 5792 4489 5782 4489 5988 4473 5782 4473 5989 4473 5989 4473 5782 4473 5781 4473 5989 4531 5781 4531 5991 4531 5991 4531 5781 4531 5780 4531 5991 4532 5780 4532 5992 4532 5992 4532 5780 4532 5779 4532 5992 4476 5779 4476 5985 4476 5985 4476 5779 4476 5776 4476 5985 4491 5776 4491 5986 4491 5986 4491 5776 4491 5775 4491 5986 4533 5775 4533 5998 4533 5998 4533 5775 4533 5774 4533 5998 4479 5774 4479 5999 4479 5999 4479 5774 4479 5770 4479 5999 4432 5770 4432 5993 4432 5993 4432 5770 4432 5769 4432 5993 4433 5769 4433 5994 4433 5994 4433 5769 4433 5768 4433 5994 4536 5768 4536 6025 4536 6025 4536 5768 4536 5767 4536 6025 4492 5767 4492 6026 4492 6026 4492 5767 4492 5804 4492 5812 51 5810 51 6031 51 6031 51 5810 51 6033 51 5804 0 5803 0 6026 0 6026 0 5803 0 6027 0 6123 4438 5710 4438 6124 4438 6124 4438 5710 4438 5709 4438 6124 4537 5709 4537 6098 4537 6098 4537 5709 4537 5688 4537 6098 4396 5688 4396 6099 4396 6099 4396 5688 4396 5687 4396 6099 4397 5687 4397 6101 4397 6101 4397 5687 4397 5686 4397 6101 4398 5686 4398 6106 4398 6106 4398 5686 4398 5685 4398 6106 4538 5685 4538 6107 4538 6107 4538 5685 4538 5684 4538 6107 4440 5684 4440 6102 4440 6102 4440 5684 4440 5683 4440 6102 4401 5683 4401 6103 4401 6103 4401 5683 4401 5682 4401 6103 4529 5682 4529 6104 4529 6104 4529 5682 4529 5681 4529 6104 4530 5681 4530 6105 4530 6105 4530 5681 4530 5679 4530 6105 4404 5679 4404 6095 4404 6095 4404 5679 4404 5677 4404 6095 4442 5677 4442 6087 4442 6087 4442 5677 4442 5676 4442 6087 4443 5676 4443 6088 4443 6088 4443 5676 4443 5702 4443 6088 4407 5702 4407 6108 4407 6108 4407 5702 4407 5701 4407 6108 4408 5701 4408 6109 4408 6109 4408 5701 4408 5698 4408 6109 4444 5698 4444 6110 4444 6110 4444 5698 4444 5699 4444 6110 4445 5699 4445 6125 4445 6125 4445 5699 4445 5700 4445 6125 4411 5700 4411 6126 4411 6126 4411 5700 4411 5714 4411 6127 4412 5713 4412 6089 4412 6089 4413 5713 4413 5712 4413 6089 4446 5712 4446 6090 4446 6090 4447 5712 4447 5694 4447 6090 4448 5694 4448 6091 4448 6091 4448 5694 4448 5693 4448 6091 4417 5693 4417 6092 4417 6092 4417 5693 4417 5692 4417 6092 4418 5692 4418 6096 4418 6096 4418 5692 4418 5691 4418 6096 4449 5691 4449 6097 4449 6097 4450 5691 4450 5690 4450 6097 4451 5690 4451 6094 4451 6094 4451 5690 4451 5697 4451 6094 4422 5697 4422 6093 4422 6093 4422 5697 4422 5696 4422 6093 4539 5696 4539 6085 4539 6085 4540 5696 4540 5695 4540 6085 4541 5695 4541 6086 4541 6086 4542 5695 4542 5670 4542 6086 4427 5670 4427 6111 4427 6111 4427 5670 4427 5669 4427 6111 4454 5669 4454 6112 4454 6112 4454 5669 4454 5675 4454 6112 4543 5675 4543 6114 4543 6114 4544 5675 4544 5673 4544 6114 4431 5673 4431 6116 4431 6116 4431 5673 4431 5672 4431 6116 4432 5672 4432 6118 4432 6118 4432 5672 4432 5706 4432 6118 4433 5706 4433 6120 4433 6120 4433 5706 4433 5704 4433 6120 4545 5704 4545 6121 4545 6121 4546 5704 4546 5703 4546 6121 4456 5703 4456 6122 4456 6122 4457 5703 4457 5711 4457 5714 51 5713 51 6126 51 6126 51 5713 51 6127 51 5711 0 5710 0 6122 0 6122 0 5710 0 6123 0 6070 4438 5750 4438 6054 4438 6054 4438 5750 4438 5749 4438 6054 4537 5749 4537 6055 4537 6055 4537 5749 4537 5725 4537 6055 4396 5725 4396 6057 4396 6057 4396 5725 4396 5724 4396 6057 4397 5724 4397 6058 4397 6058 4397 5724 4397 5723 4397 6058 4398 5723 4398 6045 4398 6045 4398 5723 4398 5720 4398 6045 4538 5720 4538 6046 4538 6046 4538 5720 4538 5719 4538 6046 4440 5719 4440 6047 4440 6047 4440 5719 4440 5718 4440 6047 4401 5718 4401 6059 4401 6059 4401 5718 4401 5717 4401 6059 4529 5717 4529 6060 4529 6060 4529 5717 4529 5716 4529 6060 4530 5716 4530 6061 4530 6061 4530 5716 4530 5744 4530 6061 4404 5744 4404 6056 4404 6056 4404 5744 4404 5743 4404 6056 4442 5743 4442 6048 4442 6048 4442 5743 4442 5742 4442 6048 4443 5742 4443 6049 4443 6049 4443 5742 4443 5741 4443 6049 4407 5741 4407 6062 4407 6062 4407 5741 4407 5740 4407 6062 4408 5740 4408 6063 4408 6063 4408 5740 4408 5722 4408 6063 4444 5722 4444 6064 4444 6064 4444 5722 4444 5721 4444 6064 4445 5721 4445 6080 4445 6080 4445 5721 4445 5763 4445 6080 4411 5763 4411 6081 4411 6081 4411 5763 4411 5762 4411 6076 4412 5759 4412 6071 4412 6071 4413 5759 4413 5752 4413 6071 4446 5752 4446 6065 4446 6065 4447 5752 4447 5748 4447 6065 4448 5748 4448 6066 4448 6066 4448 5748 4448 5746 4448 6066 4417 5746 4417 6067 4417 6067 4417 5746 4417 5745 4417 6067 4418 5745 4418 6038 4418 6038 4418 5745 4418 5739 4418 6038 4449 5739 4449 6039 4449 6039 4450 5739 4450 5738 4450 6039 4451 5738 4451 6041 4451 6041 4451 5738 4451 5737 4451 6041 4422 5737 4422 6042 4422 6042 4422 5737 4422 5733 4422 6042 4539 5733 4539 6043 4539 6043 4540 5733 4540 5735 4540 6043 4541 5735 4541 6044 4541 6044 4542 5735 4542 5736 4542 6044 4427 5736 4427 6035 4427 6035 4427 5736 4427 5732 4427 6035 4454 5732 4454 6036 4454 6036 4454 5732 4454 5731 4454 6036 4543 5731 4543 6052 4543 6052 4544 5731 4544 5730 4544 6052 4431 5730 4431 6053 4431 6053 4431 5730 4431 5729 4431 6053 4432 5729 4432 6050 4432 6050 4432 5729 4432 5728 4432 6050 4433 5728 4433 6051 4433 6051 4433 5728 4433 5727 4433 6051 4545 5727 4545 6068 4545 6068 4546 5727 4546 5726 4546 6068 4456 5726 4456 6069 4456 6069 4457 5726 4457 5751 4457 5762 51 5759 51 6081 51 6081 51 5759 51 6076 51 5751 0 5750 0 6069 0 6069 0 5750 0 6070 0 5962 4547 5352 4547 6194 4547 6194 4548 5352 4548 5350 4548 6194 4549 5350 4549 6215 4549 6215 4549 5350 4549 5407 4549 6215 4550 5407 4550 6216 4550 6216 4550 5407 4550 5406 4550 6216 4551 5406 4551 6217 4551 6217 4551 5406 4551 5390 4551 6217 4552 5390 4552 6228 4552 6228 4552 5390 4552 5389 4552 6228 4553 5389 4553 6229 4553 6229 4553 5389 4553 5388 4553 6229 4554 5388 4554 6230 4554 6230 4555 5388 4555 5387 4555 6230 4556 5387 4556 6234 4556 6234 4557 5387 4557 5386 4557 6234 4558 5386 4558 5957 4558 5957 4559 5386 4559 5385 4559 5958 4560 5403 4560 6243 4560 6243 744 5403 744 5394 744 6243 4561 5394 4561 6245 4561 6245 4562 5394 4562 5392 4562 6245 4563 5392 4563 5955 4563 5955 4564 5392 4564 5402 4564 5956 4565 5401 4565 6238 4565 6238 4565 5401 4565 5400 4565 6238 4566 5400 4566 6237 4566 6237 4567 5400 4567 5395 4567 6237 4568 5395 4568 6197 4568 6197 4569 5395 4569 5380 4569 6197 4570 5380 4570 6223 4570 6223 4570 5380 4570 5378 4570 6223 4571 5378 4571 6224 4571 6224 4572 5378 4572 5377 4572 6224 4573 5377 4573 5954 4573 5954 4574 5377 4574 5354 4574 5940 4575 5790 4575 5978 4575 5978 4575 5790 4575 5789 4575 5978 4576 5789 4576 5979 4576 5979 4576 5789 4576 5598 4576 5979 4577 5598 4577 5980 4577 5980 4577 5598 4577 5597 4577 5980 4578 5597 4578 5981 4578 5981 4578 5597 4578 5604 4578 5981 690 5604 690 5982 690 5982 690 5604 690 5603 690 5982 4579 5603 4579 5983 4579 5983 4579 5603 4579 5602 4579 5983 4580 5602 4580 5984 4580 5984 4580 5602 4580 5601 4580 5984 4581 5601 4581 6218 4581 6218 4581 5601 4581 5600 4581 6218 4582 5600 4582 5939 4582 5939 4582 5600 4582 5599 4582 5990 4583 5715 4583 6019 4583 6019 4583 5715 4583 5807 4583 6019 4584 5807 4584 6032 4584 6032 4584 5807 4584 5809 4584 6032 757 5809 757 6030 757 6030 757 5809 757 5811 757 6030 4585 5811 4585 6028 4585 6028 4585 5811 4585 5801 4585 6028 4586 5801 4586 6004 4586 6004 4586 5801 4586 5800 4586 6004 4587 5800 4587 6005 4587 6005 4587 5800 4587 5799 4587 6005 4588 5799 4588 6007 4588 6007 4588 5799 4588 5786 4588 6007 4589 5786 4589 6011 4589 6011 4589 5786 4589 5784 4589 6011 4590 5784 4590 5942 4590 5942 4590 5784 4590 5783 4590 5396 4591 5936 4591 6236 4591 5396 4592 6236 4592 5397 4592 5397 4593 6236 4593 6235 4593 5397 4593 6235 4593 5398 4593 5398 4594 6235 4594 6196 4594 5398 4594 6196 4594 5399 4594 5399 4595 6196 4595 6195 4595 5399 4596 6195 4596 5381 4596 5381 4597 6195 4597 6222 4597 5381 4597 6222 4597 5379 4597 5379 4598 6222 4598 5938 4598 5379 4598 5938 4598 5355 4598 5404 4599 5970 4599 6244 4599 5404 4599 6244 4599 5405 4599 5405 4600 6244 4600 6242 4600 5405 4600 6242 4600 5393 4600 5393 4601 6242 4601 5937 4601 5393 4601 5937 4601 5391 4601 5424 4602 5966 4602 6410 4602 5424 4603 6410 4603 5458 4603 5458 4604 6410 4604 6409 4604 5458 4605 6409 4605 5447 4605 5447 4606 6409 4606 6408 4606 5447 4607 6408 4607 5435 4607 5435 4608 6408 4608 6418 4608 5435 4608 6418 4608 5459 4608 5459 4609 6418 4609 6413 4609 5459 4610 6413 4610 5455 4610 5455 4611 6413 4611 6412 4611 5455 4611 6412 4611 5456 4611 5456 4612 6412 4612 6411 4612 5456 4612 6411 4612 5457 4612 5457 4613 6411 4613 6417 4613 5457 4613 6417 4613 5433 4613 5433 4614 6417 4614 5972 4614 5433 4614 5972 4614 5434 4614 5538 4615 5959 4615 6296 4615 5538 4615 6296 4615 5549 4615 5549 4616 6296 4616 6291 4616 5549 4616 6291 4616 5550 4616 5550 4617 6291 4617 6310 4617 5550 4617 6310 4617 5551 4617 5551 814 6310 814 6309 814 5551 814 6309 814 5531 814 5531 4618 6309 4618 6308 4618 5531 4618 6308 4618 5530 4618 5530 4619 6308 4619 6320 4619 5530 4620 6320 4620 5528 4620 5528 4621 6320 4621 5974 4621 5528 4621 5974 4621 5510 4621 5510 4622 5974 4622 5973 4622 5510 4623 5973 4623 5511 4623 5511 4624 5973 4624 5963 4624 5511 4624 5963 4624 5509 4624 5895 4625 5947 4625 6499 4625 5895 4625 6499 4625 5896 4625 5896 4626 6499 4626 6498 4626 5896 4627 6498 4627 5897 4627 5897 4628 6498 4628 5976 4628 5897 4628 5976 4628 5610 4628 5610 4629 5976 4629 5975 4629 5610 4630 5975 4630 5611 4630 5611 4631 5975 4631 6183 4631 5611 4631 6183 4631 5612 4631 5612 825 6183 825 6182 825 5612 825 6182 825 5605 825 5605 4632 6182 4632 6181 4632 5605 4632 6181 4632 5606 4632 5606 4633 6181 4633 6180 4633 5606 4633 6180 4633 5608 4633 5608 4634 6180 4634 5951 4634 5608 4634 5951 4634 5609 4634 5663 4635 5943 4635 6134 4635 5663 4635 6134 4635 5659 4635 5659 4616 6134 4616 6133 4616 5659 4616 6133 4616 5660 4616 5660 4617 6133 4617 6132 4617 5660 4617 6132 4617 5661 4617 5661 814 6132 814 6137 814 5661 814 6137 814 5662 814 5662 4618 6137 4618 6136 4618 5662 4618 6136 4618 5654 4618 5654 4619 6136 4619 6176 4619 5654 4620 6176 4620 5652 4620 5652 4621 6176 4621 6172 4621 5652 4621 6172 4621 5640 4621 5640 4622 6172 4622 6179 4622 5640 4623 6179 4623 5638 4623 5638 4624 6179 4624 5950 4624 5638 4624 5950 4624 5639 4624 5671 4636 6084 4636 6113 4636 5671 4636 6113 4636 5674 4636 5674 4637 6113 4637 6115 4637 5674 4637 6115 4637 5708 4637 5708 4638 6115 4638 6117 4638 5708 4639 6117 4639 5707 4639 5707 4640 6117 4640 6119 4640 5707 4640 6119 4640 5705 4640 5705 4641 6119 4641 6131 4641 5705 4642 6131 4642 5664 4642 5664 4643 6131 4643 6130 4643 5664 4643 6130 4643 5665 4643 5665 4644 6130 4644 6129 4644 5665 4644 6129 4644 5667 4644 5667 4645 6129 4645 6128 4645 5667 4646 6128 4646 5668 4646 5668 4647 6128 4647 5946 4647 5668 2738 5946 2738 5666 2738 6040 4648 5734 4648 5747 4648 6040 4648 5747 4648 6077 4648 6077 4649 5747 4649 5757 4649 6077 4649 5757 4649 6078 4649 6078 4650 5757 4650 5756 4650 6078 4651 5756 4651 6079 4651 6079 4652 5756 4652 5755 4652 6079 4652 5755 4652 6072 4652 6072 4609 5755 4609 5754 4609 6072 4653 5754 4653 6073 4653 6073 4654 5754 4654 5753 4654 6073 4654 5753 4654 6074 4654 6074 4655 5753 4655 5758 4655 6074 4655 5758 4655 6075 4655 6075 4656 5758 4656 5760 4656 6075 4657 5760 4657 6083 4657 6083 4658 5760 4658 5761 4658 6083 3773 5761 3773 6082 3773 5334 4659 5965 4659 6331 4659 5334 4659 6331 4659 5335 4659 5335 4660 6331 4660 6330 4660 5335 4661 6330 4661 5336 4661 5336 4662 6330 4662 6359 4662 5336 4662 6359 4662 5496 4662 5496 4663 6359 4663 6361 4663 5496 4664 6361 4664 5495 4664 5495 4665 6361 4665 6362 4665 5495 4665 6362 4665 5493 4665 5493 825 6362 825 6364 825 5493 825 6364 825 5476 825 5476 4666 6364 4666 6365 4666 5476 4666 6365 4666 5499 4666 5499 4667 6365 4667 6367 4667 5499 4667 6367 4667 5500 4667 5500 4436 6367 4436 5969 4436 5500 4436 5969 4436 5502 4436</p>
        </triangles>
      </mesh>
    </geometry>
  </library_geometries>
  <library_visual_scenes>
    <visual_scene id="Scene" name="Scene">
      <node id="tmp_export_BOX_PAD1_0_simple_002" name="tmp_export_BOX PAD1.0_simple.002" type="NODE">
        <matrix sid="transform">1 0 0 0 0 1 0 0 0 0 1 0 0 0 0 1</matrix>
        <instance_geometry url="#BOX_PAD1_0_simple_002-mesh" name="tmp_export_BOX PAD1.0_simple.002"/>
      </node>
    </visual_scene>
  </library_visual_scenes>
  <scene>
    <instance_visual_scene url="#Scene"/>
  </scene>
</COLLADA>