<?xml version="1.0" encoding="utf-8"?>
<COLLADA xmlns="http://www.collada.org/2005/11/COLLADASchema" version="1.4.1" xmlns:xsi="http://www.w3.org/2001/XMLSchema-instance">
  <asset>
    <contributor>
      <author>Blender User</author>
      <authoring_tool>Blender 3.3.21 commit date:2024-07-15, commit time:08:57, hash:e016c21db151</authoring_tool>
    </contributor>
    <created>2025-02-14T11:37:20</created>
    <modified>2025-02-14T11:37:20</modified>
    <unit name="meter" meter="1"/>
    <up_axis>Z_UP</up_axis>
  </asset>
  <library_effects/>
  <library_images/>
  <library_geometries>
    <geometry id="BOX_PAD1_0_simple_006-mesh" name="BOX PAD1.0_simple.006">
      <mesh>
        <source id="BOX_PAD1_0_simple_006-mesh-positions">
          <float_array id="BOX_PAD1_0_simple_006-mesh-positions-array" count="14949">-21.50098 -63.5844 454.2383 -21.06653 -63.38182 454.2383 19.08094 -58.29202 454.2383 -20.67386 -63.10687 454.2383 -20.3349 -62.76791 454.2383 -20.05995 -62.37524 454.2383 18.18347 -58.61868 454.2383 17.79081 -58.89363 454.2383 -21.96399 -63.70846 454.2383 17.45185 -59.23257 454.2383 17.1769 -59.62524 454.2383 16.97432 -60.05969 454.2383 -27.44153 -61.00024 454.2383 -25.14975 -61.47778 454.2383 -25.02568 -61.94079 454.2383 18.61791 -58.41609 454.2383 -24.2092 -63.10687 454.2383 -23.81653 -63.38182 454.2383 -27.44153 -74.00025 454.2383 -24.54816 -62.76791 454.2383 -23.38208 -63.5844 454.2383 -22.91907 -63.70846 454.2383 -22.44153 -63.75024 454.2383 16.85025 -60.52272 454.2383 16.80847 -61.00024 454.2383 16.85025 -61.47778 454.2383 -19.73331 -60.52272 454.2383 -19.85738 -60.05969 454.2383 19.55847 -56.00024 454.2383 -20.05995 -59.62524 454.2383 -20.3349 -59.23257 454.2383 -24.82311 -62.37524 454.2383 20.036 -63.70846 454.2383 24.55847 -74.00025 454.2383 19.55847 -63.75024 454.2383 19.08094 -63.70846 454.2383 21.32614 -63.10687 454.2383 21.66509 -62.76791 454.2383 21.94004 -62.37524 454.2383 24.55847 -61.00024 454.2383 22.14262 -61.94079 454.2383 -19.85738 -61.94079 454.2383 -19.73331 -61.47778 454.2383 19.55847 -58.25024 454.2383 -19.69153 -61.00024 454.2383 -20.67386 -58.89363 454.2383 -21.06653 -58.61868 454.2383 -22.44153 -56.00024 454.2383 -21.50098 -58.41609 454.2383 16.97432 -61.94079 454.2383 17.1769 -62.37524 454.2383 17.45185 -62.76791 454.2383 17.79081 -63.10687 454.2383 18.18347 -63.38182 454.2383 18.61791 -63.5844 454.2383 20.49902 -63.5844 454.2383 20.93347 -63.38182 454.2383 20.036 -58.29202 454.2383 20.42671 -56.0762 454.2383 20.49902 -58.41609 454.2383 21.26857 -56.30179 454.2383 20.93347 -58.61868 454.2383 22.05847 -56.67012 454.2383 21.32614 -58.89363 454.2383 22.77241 -57.17003 454.2383 21.66509 -59.23257 454.2383 23.3887 -57.78631 454.2383 21.94004 -59.62524 454.2383 23.8886 -58.50024 454.2383 22.14262 -60.05969 454.2383 24.25694 -59.29014 454.2383 22.26669 -60.52272 454.2383 24.48251 -60.132 454.2383 22.30847 -61.00024 454.2383 22.26669 -61.47778 454.2383 -21.96399 -58.29202 454.2383 -22.44153 -58.25024 454.2383 -23.30977 -56.0762 454.2383 -22.91907 -58.29202 454.2383 -24.15163 -56.30179 454.2383 -23.38208 -58.41609 454.2383 -24.94153 -56.67012 454.2383 -23.81653 -58.61868 454.2383 -25.65547 -57.17003 454.2383 -24.2092 -58.89363 454.2383 -26.27174 -57.78631 454.2383 -24.54816 -59.23257 454.2383 -26.77165 -58.50024 454.2383 -24.82311 -59.62524 454.2383 -27.13998 -59.29014 454.2383 -25.02568 -60.05969 454.2383 -27.36557 -60.132 454.2383 -25.14975 -60.52272 454.2383 -25.19153 -61.00024 454.2383 -27.44153 -61.00024 457.2383 -27.44153 -74.00025 457.2383 21.94004 -62.37524 457.2383 21.66509 -62.76791 457.2383 24.55847 -74.00025 457.2383 21.32614 -63.10687 457.2383 20.93347 -63.38182 457.2383 22.14262 -61.94079 457.2383 24.55847 -61.00024 457.2383 22.26669 -61.47778 457.2383 20.49902 -63.5844 457.2383 20.036 -63.70846 457.2383 19.55847 -63.75024 457.2383 -19.85738 -61.94079 457.2383 -20.05995 -62.37524 457.2383 -20.3349 -62.76791 457.2383 -22.91907 -63.70846 457.2383 -22.44153 -63.75024 457.2383 -21.96399 -63.70846 457.2383 -20.67386 -63.10687 457.2383 -21.06653 -63.38182 457.2383 -21.50098 -63.5844 457.2383 -23.38208 -63.5844 457.2383 -23.81653 -63.38182 457.2383 -24.2092 -63.10687 457.2383 -20.3349 -59.23257 457.2383 19.55847 -56.00024 457.2383 -20.67386 -58.89363 457.2383 -21.06653 -58.61868 457.2383 -20.05995 -59.62524 457.2383 -19.85738 -60.05969 457.2383 -19.73331 -60.52272 457.2383 -25.02568 -61.94079 457.2383 -24.82311 -62.37524 457.2383 -24.54816 -62.76791 457.2383 -21.50098 -58.41609 457.2383 -22.44153 -56.00024 457.2383 -21.96399 -58.29202 457.2383 18.61791 -63.5844 457.2383 18.18347 -63.38182 457.2383 -19.69153 -61.00024 457.2383 17.79081 -63.10687 457.2383 16.97432 -60.05969 457.2383 17.1769 -59.62524 457.2383 -25.14975 -61.47778 457.2383 -25.19153 -61.00024 457.2383 -27.36557 -60.132 457.2383 -25.14975 -60.52272 457.2383 -27.13998 -59.29014 457.2383 -25.02568 -60.05969 457.2383 -26.77165 -58.50024 457.2383 -24.82311 -59.62524 457.2383 -26.27174 -57.78631 457.2383 -24.54816 -59.23257 457.2383 -25.65547 -57.17003 457.2383 -24.2092 -58.89363 457.2383 -24.94153 -56.67012 457.2383 -23.81653 -58.61868 457.2383 -24.15163 -56.30179 457.2383 -23.38208 -58.41609 457.2383 -23.30977 -56.0762 457.2383 -22.91907 -58.29202 457.2383 -22.44153 -58.25024 457.2383 -19.73331 -61.47778 457.2383 19.08094 -63.70846 457.2383 17.45185 -62.76791 457.2383 17.1769 -62.37524 457.2383 16.97432 -61.94079 457.2383 16.85025 -61.47778 457.2383 16.80847 -61.00024 457.2383 16.85025 -60.52272 457.2383 17.45185 -59.23257 457.2383 17.79081 -58.89363 457.2383 18.18347 -58.61868 457.2383 18.61791 -58.41609 457.2383 19.08094 -58.29202 457.2383 19.55847 -58.25024 457.2383 20.42671 -56.0762 457.2383 20.036 -58.29202 457.2383 21.26857 -56.30179 457.2383 20.49902 -58.41609 457.2383 22.05847 -56.67012 457.2383 20.93347 -58.61868 457.2383 22.77241 -57.17003 457.2383 21.32614 -58.89363 457.2383 23.3887 -57.78631 457.2383 21.66509 -59.23257 457.2383 23.8886 -58.50024 457.2383 21.94004 -59.62524 457.2383 24.25694 -59.29014 457.2383 22.14262 -60.05969 457.2383 24.48251 -60.132 457.2383 22.26669 -60.52272 457.2383 22.30847 -61.00024 457.2383 24.55847 -74.17389 454.2231 24.55847 -74.69484 457.1775 24.55847 -74.34227 454.178 24.55847 -75.36833 456.9971 24.55847 -74.50025 454.1043 24.55847 -76.00025 456.7024 24.55847 -74.64304 454.0043 24.55847 -76.5714 456.3025 24.55847 -74.7663 453.8811 24.55847 -77.06443 455.8095 24.55847 -74.86627 453.7383 24.55847 -77.46436 455.2383 24.55847 -74.93994 453.5803 24.55847 -77.75902 454.6064 24.55847 -74.98506 453.4119 24.55847 -77.93949 453.9329 24.55847 -75.00025 453.2383 24.55847 -78.00025 453.2383 -27.44153 -75.00025 453.2383 -27.44153 -78.00025 453.2383 -27.44153 -74.98506 453.4119 -27.44153 -77.93949 453.9329 -27.44153 -74.93994 453.5803 -27.44153 -77.75902 454.6064 -27.44153 -74.86627 453.7383 -27.44153 -77.46436 455.2383 -27.44153 -74.7663 453.8811 -27.44153 -77.06443 455.8095 -27.44153 -74.64304 454.0043 -27.44153 -76.5714 456.3025 -27.44153 -74.50025 454.1043 -27.44153 -76.00025 456.7024 -27.44153 -74.34227 454.178 -27.44153 -75.36833 456.9971 -27.44153 -74.17389 454.2231 -27.44153 -74.69484 457.1775 22.68347 -78.00025 453.2383 -18.39153 -78.00025 453.2383 -1.441528 -78.00025 453.2383 15.50847 -78.00025 453.2383 22.68347 -75.00025 453.2383 15.50847 -75.00025 453.2383 -18.39153 -75.00025 453.2383 -1.441528 -75.00025 453.2383 24.55847 -78.00025 432.2383 24.55847 -75.00025 432.2383 24.55847 -78.00025 434.9383 24.55847 -75.00025 434.9383 24.55847 -78.00025 442.2383 24.55847 -75.00025 442.2383 24.55847 -78.00025 449.1883 24.55847 -75.00025 449.1883 -27.44153 -78.00025 449.1883 -27.44153 -75.00025 449.1883 -27.44153 -78.00025 442.2383 -27.44153 -75.00025 442.2383 -27.44153 -78.00025 434.9383 -27.44153 -75.00025 434.9383 -27.44153 -78.00025 432.2383 -27.44153 -75.00025 432.2383 22.68347 -78.00025 449.1883 -22.44153 -78.00025 427.2383 -18.39153 -78.00025 427.2383 -18.39153 -78.00025 434.9383 22.05847 -78.00025 427.9082 22.77241 -78.00025 428.4081 22.68347 -78.00025 434.9383 24.25694 -78.00025 430.5282 24.48251 -78.00025 431.3701 23.3887 -78.00025 429.0244 23.8886 -78.00025 429.7383 15.50847 -78.00025 434.9383 15.50847 -78.00025 427.2383 19.55847 -78.00025 427.2383 20.42671 -78.00025 427.3143 21.26857 -78.00025 427.5398 -23.30977 -78.00025 427.3143 -27.36557 -78.00025 431.3701 -27.13998 -78.00025 430.5282 -26.77165 -78.00025 429.7383 -26.27174 -78.00025 429.0244 -25.65547 -78.00025 428.4081 -24.94153 -78.00025 427.9082 -24.15163 -78.00025 427.5398 -12.67755 -78.00025 449.2989 -12.51259 -78.00025 449.0633 -1.441528 -78.00025 449.1883 -12.39104 -78.00025 448.8026 -12.31659 -78.00025 448.5248 -15.56647 -78.00025 448.5248 -15.49202 -78.00025 448.8026 -18.39153 -78.00025 449.1883 -13.3772 -78.00025 446.6878 -13.65501 -78.00025 446.6134 -18.39153 -78.00025 442.2383 -13.94153 -78.00025 446.5883 -14.22804 -78.00025 446.6134 -14.50586 -78.00025 446.6878 -15.59152 -78.00025 448.2383 -14.76653 -78.00025 446.8094 -15.00212 -78.00025 446.9743 -15.20551 -78.00025 447.1777 -15.37047 -78.00025 447.4133 -15.49202 -78.00025 447.674 -15.56647 -78.00025 447.9518 -12.29153 -78.00025 448.2383 -12.31659 -78.00025 447.9518 -1.441528 -78.00025 442.2383 -12.39104 -78.00025 447.674 -12.51259 -78.00025 447.4133 -12.67755 -78.00025 447.1777 -12.88094 -78.00025 446.9743 -13.11653 -78.00025 446.8094 -12.88094 -78.00025 449.5023 -13.11653 -78.00025 449.6672 -14.76653 -78.00025 449.6672 -14.50586 -78.00025 449.7888 -14.22804 -78.00025 449.8632 -15.37047 -78.00025 449.0633 -15.20551 -78.00025 449.2989 -15.00212 -78.00025 449.5023 -13.94153 -78.00025 449.8883 -13.65501 -78.00025 449.8632 -13.3772 -78.00025 449.7888 12.11907 -78.00025 449.5023 12.32245 -78.00025 449.2989 15.50847 -78.00025 449.1883 12.48741 -78.00025 449.0633 12.60896 -78.00025 448.8026 11.34499 -78.00025 446.6134 11.05847 -78.00025 446.5883 15.50847 -78.00025 442.2383 10.77195 -78.00025 446.6134 10.49414 -78.00025 446.6878 9.433541 -78.00025 448.5248 9.507981 -78.00025 448.8026 12.6834 -78.00025 448.5248 12.70847 -78.00025 448.2383 12.6834 -78.00025 447.9518 11.6228 -78.00025 446.6878 9.408471 -78.00025 448.2383 10.23347 -78.00025 446.8094 9.997872 -78.00025 446.9743 9.794503 -78.00025 447.1777 9.629532 -78.00025 447.4133 9.507981 -78.00025 447.674 9.433541 -78.00025 447.9518 12.60896 -78.00025 447.674 12.48741 -78.00025 447.4133 12.32245 -78.00025 447.1777 12.11907 -78.00025 446.9743 11.88347 -78.00025 446.8094 11.05847 -78.00025 449.8883 11.34499 -78.00025 449.8632 11.6228 -78.00025 449.7888 11.88347 -78.00025 449.6672 9.629532 -78.00025 449.0633 9.794503 -78.00025 449.2989 9.997872 -78.00025 449.5023 10.23347 -78.00025 449.6672 10.49414 -78.00025 449.7888 10.77195 -78.00025 449.8632 22.68347 -78.00025 442.2383 19.77553 -78.00025 438.4693 19.986 -78.00025 438.4129 20.18347 -78.00025 438.3208 20.36195 -78.00025 438.1958 20.51603 -78.00025 438.0418 20.78948 -78.00025 437.4554 20.80847 -78.00025 437.2383 20.78948 -78.00025 437.0213 20.73309 -78.00025 436.8108 20.64101 -78.00025 436.6133 20.51603 -78.00025 436.4348 20.64101 -78.00025 437.8633 20.73309 -78.00025 437.6658 20.36195 -78.00025 436.2807 20.18347 -78.00025 436.1558 19.986 -78.00025 436.0637 19.13094 -78.00025 436.0637 18.93347 -78.00025 436.1558 18.75499 -78.00025 436.2807 19.77553 -78.00025 436.0073 19.55847 -78.00025 435.9883 19.34142 -78.00025 436.0073 18.38386 -78.00025 437.6658 18.47594 -78.00025 437.8633 18.60091 -78.00025 436.4348 18.47594 -78.00025 436.6133 18.38386 -78.00025 436.8108 18.32746 -78.00025 437.0213 18.30847 -78.00025 437.2383 18.32746 -78.00025 437.4554 18.60091 -78.00025 438.0418 18.75499 -78.00025 438.1958 18.93347 -78.00025 438.3208 19.13094 -78.00025 438.4129 19.34142 -78.00025 438.4693 19.55847 -78.00025 438.4883 18.32746 -78.00025 447.0213 18.30847 -78.00025 447.2383 18.32746 -78.00025 447.4554 19.986 -78.00025 448.4129 20.18347 -78.00025 448.3208 20.36195 -78.00025 448.1958 20.51603 -78.00025 448.0418 20.78948 -78.00025 447.4554 20.80847 -78.00025 447.2383 20.18347 -78.00025 446.1558 19.986 -78.00025 446.0637 18.38386 -78.00025 447.6658 18.47594 -78.00025 447.8633 18.60091 -78.00025 448.0418 18.75499 -78.00025 448.1958 18.93347 -78.00025 448.3208 19.13094 -78.00025 448.4129 19.34142 -78.00025 448.4693 19.55847 -78.00025 448.4883 19.77553 -78.00025 448.4693 20.64101 -78.00025 447.8633 20.73309 -78.00025 447.6658 20.78948 -78.00025 447.0213 20.73309 -78.00025 446.8108 20.64101 -78.00025 446.6133 18.38386 -78.00025 446.8108 20.51603 -78.00025 446.4348 20.36195 -78.00025 446.2807 19.77553 -78.00025 446.0073 19.55847 -78.00025 445.9883 19.34142 -78.00025 446.0073 19.13094 -78.00025 446.0637 18.93347 -78.00025 446.1558 18.75499 -78.00025 446.2807 18.60091 -78.00025 446.4348 18.47594 -78.00025 446.6133 9.433541 -78.00025 432.5248 9.507981 -78.00025 432.8026 -1.441528 -78.00025 434.9383 11.05847 -78.00025 433.8883 11.34499 -78.00025 433.8632 -1.441528 -78.00025 427.2383 9.433541 -78.00025 431.9518 9.408471 -78.00025 432.2383 9.629532 -78.00025 433.0633 9.794503 -78.00025 433.2989 9.997872 -78.00025 433.5023 11.6228 -78.00025 433.7888 11.88347 -78.00025 433.6672 12.11907 -78.00025 433.5023 12.60896 -78.00025 431.674 12.48741 -78.00025 431.4133 12.32245 -78.00025 431.1777 12.11907 -78.00025 430.9743 11.88347 -78.00025 430.8094 11.6228 -78.00025 430.6878 11.34499 -78.00025 430.6134 10.49414 -78.00025 430.6878 10.77195 -78.00025 430.6134 11.05847 -78.00025 430.5883 10.23347 -78.00025 430.8094 9.997872 -78.00025 430.9743 9.794503 -78.00025 431.1777 10.23347 -78.00025 433.6672 10.49414 -78.00025 433.7888 10.77195 -78.00025 433.8632 12.32245 -78.00025 433.2989 12.48741 -78.00025 433.0633 12.60896 -78.00025 432.8026 12.6834 -78.00025 432.5248 12.70847 -78.00025 432.2383 12.6834 -78.00025 431.9518 9.629532 -78.00025 431.4133 9.507981 -78.00025 431.674 -15.56647 -78.00025 432.5248 -15.49202 -78.00025 432.8026 -13.94153 -78.00025 433.8883 -13.65501 -78.00025 433.8632 -14.22804 -78.00025 430.6134 -14.50586 -78.00025 430.6878 -13.94153 -78.00025 430.5883 -15.56647 -78.00025 431.9518 -15.59152 -78.00025 432.2383 -15.37047 -78.00025 433.0633 -15.20551 -78.00025 433.2989 -15.00212 -78.00025 433.5023 -13.3772 -78.00025 433.7888 -13.11653 -78.00025 433.6672 -12.88094 -78.00025 433.5023 -12.39104 -78.00025 431.674 -12.51259 -78.00025 431.4133 -12.67755 -78.00025 431.1777 -12.88094 -78.00025 430.9743 -14.76653 -78.00025 430.8094 -15.00212 -78.00025 430.9743 -15.20551 -78.00025 431.1777 -14.76653 -78.00025 433.6672 -14.50586 -78.00025 433.7888 -14.22804 -78.00025 433.8632 -12.67755 -78.00025 433.2989 -12.51259 -78.00025 433.0633 -12.39104 -78.00025 432.8026 -12.31659 -78.00025 432.5248 -12.29153 -78.00025 432.2383 -12.31659 -78.00025 431.9518 -13.11653 -78.00025 430.8094 -13.3772 -78.00025 430.6878 -13.65501 -78.00025 430.6134 -15.37047 -78.00025 431.4133 -15.49202 -78.00025 431.674 -22.22447 -78.00025 438.4693 -22.01401 -78.00025 438.4129 -21.81653 -78.00025 438.3208 -21.63805 -78.00025 438.1958 -21.48398 -78.00025 438.0418 -21.21053 -78.00025 437.4554 -21.19153 -78.00025 437.2383 -21.21053 -78.00025 437.0213 -21.26691 -78.00025 436.8108 -21.35899 -78.00025 436.6133 -21.48398 -78.00025 436.4348 -21.35899 -78.00025 437.8633 -21.26691 -78.00025 437.6658 -21.63805 -78.00025 436.2807 -21.81653 -78.00025 436.1558 -22.01401 -78.00025 436.0637 -22.86905 -78.00025 436.0637 -23.06653 -78.00025 436.1558 -23.24501 -78.00025 436.2807 -22.22447 -78.00025 436.0073 -22.44153 -78.00025 435.9883 -22.65859 -78.00025 436.0073 -23.61615 -78.00025 437.6658 -23.52406 -78.00025 437.8633 -23.39908 -78.00025 436.4348 -23.52406 -78.00025 436.6133 -23.61615 -78.00025 436.8108 -23.67253 -78.00025 437.0213 -23.69153 -78.00025 437.2383 -23.67253 -78.00025 437.4554 -23.39908 -78.00025 438.0418 -23.24501 -78.00025 438.1958 -23.06653 -78.00025 438.3208 -22.86905 -78.00025 438.4129 -22.65859 -78.00025 438.4693 -22.44153 -78.00025 438.4883 -23.69153 -78.00025 447.2383 -23.67253 -78.00025 447.4554 -21.48398 -78.00025 448.0418 -21.63805 -78.00025 448.1958 -21.81653 -78.00025 448.3208 -22.44153 -78.00025 448.4883 -22.22447 -78.00025 448.4693 -22.01401 -78.00025 448.4129 -21.81653 -78.00025 446.1558 -22.01401 -78.00025 446.0637 -23.61615 -78.00025 447.6658 -23.52406 -78.00025 447.8633 -23.39908 -78.00025 448.0418 -22.86905 -78.00025 448.4129 -22.65859 -78.00025 448.4693 -23.24501 -78.00025 448.1958 -23.06653 -78.00025 448.3208 -21.35899 -78.00025 447.8633 -21.26691 -78.00025 447.6658 -21.21053 -78.00025 447.4554 -21.19153 -78.00025 447.2383 -21.21053 -78.00025 447.0213 -21.26691 -78.00025 446.8108 -21.35899 -78.00025 446.6133 -23.61615 -78.00025 446.8108 -23.67253 -78.00025 447.0213 -21.48398 -78.00025 446.4348 -21.63805 -78.00025 446.2807 -22.22447 -78.00025 446.0073 -22.44153 -78.00025 445.9883 -22.65859 -78.00025 446.0073 -22.86905 -78.00025 446.0637 -23.06653 -78.00025 446.1558 -23.24501 -78.00025 446.2807 -23.39908 -78.00025 446.4348 -23.52406 -78.00025 446.6133 -18.39153 -75.00025 434.9383 22.77241 -75.00025 428.4081 22.05847 -75.00025 427.9082 22.68347 -75.00025 434.9383 21.26857 -75.00025 427.5398 24.25694 -75.00025 430.5282 24.48251 -75.00025 431.3701 23.8886 -75.00025 429.7383 23.3887 -75.00025 429.0244 -27.36557 -75.00025 431.3701 -18.39153 -75.00025 427.2383 -22.44153 -75.00025 427.2383 -23.30977 -75.00025 427.3143 -24.15163 -75.00025 427.5398 -24.94153 -75.00025 427.9082 -25.65547 -75.00025 428.4081 -26.27174 -75.00025 429.0244 -26.77165 -75.00025 429.7383 -27.13998 -75.00025 430.5282 -15.00212 -75.00025 449.5023 -15.20551 -75.00025 449.2989 -18.39153 -75.00025 449.1883 -15.37047 -75.00025 449.0633 -15.49202 -75.00025 448.8026 -15.56647 -75.00025 447.9518 -15.49202 -75.00025 447.674 -18.39153 -75.00025 442.2383 -12.39104 -75.00025 448.8026 -1.441528 -75.00025 449.1883 -12.31659 -75.00025 448.5248 -12.29153 -75.00025 448.2383 -15.56647 -75.00025 448.5248 -15.59152 -75.00025 448.2383 -15.37047 -75.00025 447.4133 -15.20551 -75.00025 447.1777 -15.00212 -75.00025 446.9743 -14.22804 -75.00025 446.6134 -13.94153 -75.00025 446.5883 -13.65501 -75.00025 446.6134 -1.441528 -75.00025 442.2383 -13.3772 -75.00025 446.6878 -14.76653 -75.00025 446.8094 -14.50586 -75.00025 446.6878 -13.11653 -75.00025 446.8094 -12.88094 -75.00025 446.9743 -12.67755 -75.00025 447.1777 -12.51259 -75.00025 447.4133 -12.39104 -75.00025 447.674 -12.31659 -75.00025 447.9518 -12.51259 -75.00025 449.0633 -12.67755 -75.00025 449.2989 -12.88094 -75.00025 449.5023 -13.11653 -75.00025 449.6672 -13.3772 -75.00025 449.7888 -13.65501 -75.00025 449.8632 -13.94153 -75.00025 449.8883 -14.22804 -75.00025 449.8632 -14.50586 -75.00025 449.7888 -14.76653 -75.00025 449.6672 12.70847 -75.00025 448.2383 12.6834 -75.00025 448.5248 15.50847 -75.00025 449.1883 12.60896 -75.00025 448.8026 12.48741 -75.00025 449.0633 9.629532 -75.00025 449.0633 9.507981 -75.00025 448.8026 9.433541 -75.00025 448.5248 11.05847 -75.00025 446.5883 11.34499 -75.00025 446.6134 15.50847 -75.00025 442.2383 11.6228 -75.00025 446.6878 9.507981 -75.00025 447.674 9.433541 -75.00025 447.9518 9.408471 -75.00025 448.2383 9.629532 -75.00025 447.4133 9.794503 -75.00025 447.1777 9.997872 -75.00025 446.9743 10.23347 -75.00025 446.8094 10.49414 -75.00025 446.6878 10.77195 -75.00025 446.6134 11.88347 -75.00025 446.8094 12.11907 -75.00025 446.9743 12.32245 -75.00025 447.1777 12.48741 -75.00025 447.4133 12.60896 -75.00025 447.674 12.6834 -75.00025 447.9518 12.32245 -75.00025 449.2989 12.11907 -75.00025 449.5023 11.88347 -75.00025 449.6672 11.6228 -75.00025 449.7888 11.34499 -75.00025 449.8632 10.49414 -75.00025 449.7888 10.77195 -75.00025 449.8632 11.05847 -75.00025 449.8883 10.23347 -75.00025 449.6672 9.997872 -75.00025 449.5023 9.794503 -75.00025 449.2989 -21.63805 -75.00025 438.1958 -21.81653 -75.00025 438.3208 -22.01401 -75.00025 438.4129 -22.86905 -75.00025 438.4129 -23.06653 -75.00025 438.3208 -22.01401 -75.00025 436.0637 -21.81653 -75.00025 436.1558 -21.63805 -75.00025 436.2807 -21.48398 -75.00025 436.4348 -21.35899 -75.00025 436.6133 -21.26691 -75.00025 436.8108 -21.21053 -75.00025 437.0213 -22.22447 -75.00025 438.4693 -22.44153 -75.00025 438.4883 -22.65859 -75.00025 438.4693 -23.24501 -75.00025 438.1958 -23.39908 -75.00025 438.0418 -23.52406 -75.00025 437.8633 -21.19153 -75.00025 437.2383 -21.21053 -75.00025 437.4554 -21.26691 -75.00025 437.6658 -21.35899 -75.00025 437.8633 -21.48398 -75.00025 438.0418 -23.61615 -75.00025 437.6658 -23.67253 -75.00025 437.4554 -23.69153 -75.00025 437.2383 -23.67253 -75.00025 437.0213 -23.61615 -75.00025 436.8108 -23.52406 -75.00025 436.6133 -23.39908 -75.00025 436.4348 -23.24501 -75.00025 436.2807 -23.06653 -75.00025 436.1558 -22.86905 -75.00025 436.0637 -22.65859 -75.00025 436.0073 -22.44153 -75.00025 435.9883 -22.22447 -75.00025 436.0073 -22.86905 -75.00025 448.4129 -23.06653 -75.00025 448.3208 -23.52406 -75.00025 447.8633 -23.61615 -75.00025 447.6658 -23.67253 -75.00025 447.4554 -22.65859 -75.00025 446.0073 -22.44153 -75.00025 445.9883 -22.22447 -75.00025 446.0073 -21.21053 -75.00025 447.0213 -21.19153 -75.00025 447.2383 -21.21053 -75.00025 447.4554 -23.61615 -75.00025 446.8108 -23.67253 -75.00025 447.0213 -23.69153 -75.00025 447.2383 -22.01401 -75.00025 446.0637 -21.81653 -75.00025 446.1558 -21.63805 -75.00025 446.2807 -21.26691 -75.00025 446.8108 -23.52406 -75.00025 446.6133 -23.39908 -75.00025 446.4348 -23.24501 -75.00025 446.2807 -23.06653 -75.00025 446.1558 -22.86905 -75.00025 446.0637 -21.48398 -75.00025 446.4348 -21.35899 -75.00025 446.6133 -21.26691 -75.00025 447.6658 -21.35899 -75.00025 447.8633 -21.48398 -75.00025 448.0418 -21.63805 -75.00025 448.1958 -21.81653 -75.00025 448.3208 -22.01401 -75.00025 448.4129 -23.24501 -75.00025 448.1958 -23.39908 -75.00025 448.0418 -22.22447 -75.00025 448.4693 -22.44153 -75.00025 448.4883 -22.65859 -75.00025 448.4693 -15.56647 -75.00025 432.5248 -15.59152 -75.00025 432.2383 -12.67755 -75.00025 431.1777 -1.441528 -75.00025 427.2383 -12.88094 -75.00025 430.9743 -13.11653 -75.00025 430.8094 -15.56647 -75.00025 431.9518 -15.49202 -75.00025 431.674 -15.37047 -75.00025 431.4133 -15.20551 -75.00025 431.1777 -15.00212 -75.00025 430.9743 -14.22804 -75.00025 430.6134 -13.94153 -75.00025 430.5883 -13.65501 -75.00025 430.6134 -13.3772 -75.00025 430.6878 -14.76653 -75.00025 430.8094 -14.50586 -75.00025 430.6878 -13.3772 -75.00025 433.7888 -1.441528 -75.00025 434.9383 -13.11653 -75.00025 433.6672 -12.88094 -75.00025 433.5023 -14.50586 -75.00025 433.7888 -14.76653 -75.00025 433.6672 -15.00212 -75.00025 433.5023 -15.20551 -75.00025 433.2989 -12.31659 -75.00025 431.9518 -12.29153 -75.00025 432.2383 -12.31659 -75.00025 432.5248 -12.39104 -75.00025 432.8026 -12.51259 -75.00025 433.0633 -12.67755 -75.00025 433.2989 -15.37047 -75.00025 433.0633 -15.49202 -75.00025 432.8026 -12.51259 -75.00025 431.4133 -12.39104 -75.00025 431.674 -13.65501 -75.00025 433.8632 -13.94153 -75.00025 433.8883 -14.22804 -75.00025 433.8632 9.433541 -75.00025 432.5248 9.408471 -75.00025 432.2383 11.05847 -75.00025 430.5883 11.34499 -75.00025 430.6134 15.50847 -75.00025 427.2383 11.6228 -75.00025 430.6878 11.88347 -75.00025 430.8094 12.11907 -75.00025 430.9743 12.32245 -75.00025 431.1777 9.433541 -75.00025 431.9518 9.507981 -75.00025 431.674 9.629532 -75.00025 431.4133 9.794503 -75.00025 431.1777 9.997872 -75.00025 430.9743 10.23347 -75.00025 430.8094 10.49414 -75.00025 430.6878 10.77195 -75.00025 430.6134 11.6228 -75.00025 433.7888 15.50847 -75.00025 434.9383 11.88347 -75.00025 433.6672 12.11907 -75.00025 433.5023 10.49414 -75.00025 433.7888 10.23347 -75.00025 433.6672 9.997872 -75.00025 433.5023 9.794503 -75.00025 433.2989 20.42671 -75.00025 427.3143 19.55847 -75.00025 427.2383 12.6834 -75.00025 431.9518 12.70847 -75.00025 432.2383 12.6834 -75.00025 432.5248 12.60896 -75.00025 432.8026 12.48741 -75.00025 433.0633 12.32245 -75.00025 433.2989 9.629532 -75.00025 433.0633 9.507981 -75.00025 432.8026 12.48741 -75.00025 431.4133 12.60896 -75.00025 431.674 11.34499 -75.00025 433.8632 11.05847 -75.00025 433.8883 10.77195 -75.00025 433.8632 20.36195 -75.00025 438.1958 20.18347 -75.00025 438.3208 22.68347 -75.00025 442.2383 19.986 -75.00025 438.4129 19.986 -75.00025 436.0637 20.18347 -75.00025 436.1558 20.36195 -75.00025 436.2807 20.51603 -75.00025 436.4348 20.64101 -75.00025 436.6133 20.73309 -75.00025 436.8108 19.13094 -75.00025 438.4129 18.93347 -75.00025 438.3208 18.75499 -75.00025 438.1958 19.77553 -75.00025 438.4693 19.55847 -75.00025 438.4883 19.34142 -75.00025 438.4693 18.60091 -75.00025 438.0418 18.47594 -75.00025 437.8633 18.38386 -75.00025 437.6658 20.78948 -75.00025 437.0213 20.80847 -75.00025 437.2383 20.78948 -75.00025 437.4554 20.73309 -75.00025 437.6658 18.32746 -75.00025 437.4554 18.30847 -75.00025 437.2383 18.32746 -75.00025 437.0213 20.64101 -75.00025 437.8633 20.51603 -75.00025 438.0418 18.38386 -75.00025 436.8108 18.47594 -75.00025 436.6133 18.60091 -75.00025 436.4348 18.75499 -75.00025 436.2807 18.93347 -75.00025 436.1558 19.13094 -75.00025 436.0637 19.34142 -75.00025 436.0073 19.55847 -75.00025 435.9883 19.77553 -75.00025 436.0073 19.13094 -75.00025 448.4129 18.93347 -75.00025 448.3208 18.47594 -75.00025 447.8633 18.38386 -75.00025 447.6658 18.32746 -75.00025 447.4554 19.34142 -75.00025 446.0073 19.55847 -75.00025 445.9883 19.77553 -75.00025 446.0073 22.68347 -75.00025 449.1883 20.80847 -75.00025 447.2383 20.78948 -75.00025 447.4554 18.38386 -75.00025 446.8108 18.32746 -75.00025 447.0213 18.30847 -75.00025 447.2383 19.986 -75.00025 446.0637 20.18347 -75.00025 446.1558 20.36195 -75.00025 446.2807 20.78948 -75.00025 447.0213 20.73309 -75.00025 446.8108 18.47594 -75.00025 446.6133 18.60091 -75.00025 446.4348 18.75499 -75.00025 446.2807 18.93347 -75.00025 446.1558 19.13094 -75.00025 446.0637 20.51603 -75.00025 446.4348 20.64101 -75.00025 446.6133 20.73309 -75.00025 447.6658 20.64101 -75.00025 447.8633 20.51603 -75.00025 448.0418 20.36195 -75.00025 448.1958 20.18347 -75.00025 448.3208 19.986 -75.00025 448.4129 18.75499 -75.00025 448.1958 18.60091 -75.00025 448.0418 19.77553 -75.00025 448.4693 19.55847 -75.00025 448.4883 19.34142 -75.00025 448.4693 18.61791 -63.5844 -447.7617 18.18347 -63.38182 -447.7617 -21.96399 -58.29202 -447.7617 17.79081 -63.10687 -447.7617 17.45185 -62.76791 -447.7617 17.1769 -62.37524 -447.7617 -21.06653 -58.61868 -447.7617 -20.67386 -58.89363 -447.7617 19.08094 -63.70846 -447.7617 -20.3349 -59.23257 -447.7617 -20.05995 -59.62524 -447.7617 -19.85738 -60.05969 -447.7617 24.55847 -61.00024 -447.7617 22.26669 -61.47778 -447.7617 22.14262 -61.94079 -447.7617 -21.50098 -58.41609 -447.7617 21.32614 -63.10687 -447.7617 20.93347 -63.38182 -447.7617 24.55847 -74.00025 -447.7617 21.66509 -62.76791 -447.7617 20.49902 -63.5844 -447.7617 20.036 -63.70846 -447.7617 19.55847 -63.75024 -447.7617 -19.73331 -60.52272 -447.7617 -19.69153 -61.00024 -447.7617 -19.73331 -61.47778 -447.7617 16.85025 -60.52272 -447.7617 16.97432 -60.05969 -447.7617 -22.44153 -56.00024 -447.7617 17.1769 -59.62524 -447.7617 17.45185 -59.23257 -447.7617 21.94004 -62.37524 -447.7617 -22.91907 -63.70846 -447.7617 -27.44153 -74.00025 -447.7617 -22.44153 -63.75024 -447.7617 -21.96399 -63.70846 -447.7617 -24.2092 -63.10687 -447.7617 -24.54816 -62.76791 -447.7617 -24.82311 -62.37524 -447.7617 -27.44153 -61.00024 -447.7617 -25.02568 -61.94079 -447.7617 16.97432 -61.94079 -447.7617 16.85025 -61.47778 -447.7617 -22.44153 -58.25024 -447.7617 16.80847 -61.00024 -447.7617 17.79081 -58.89363 -447.7617 18.18347 -58.61868 -447.7617 19.55847 -56.00024 -447.7617 18.61791 -58.41609 -447.7617 -19.85738 -61.94079 -447.7617 -20.05995 -62.37524 -447.7617 -20.3349 -62.76791 -447.7617 -20.67386 -63.10687 -447.7617 -21.06653 -63.38182 -447.7617 -21.50098 -63.5844 -447.7617 -23.38208 -63.5844 -447.7617 -23.81653 -63.38182 -447.7617 -22.91907 -58.29202 -447.7617 -23.30977 -56.0762 -447.7617 -23.38208 -58.41609 -447.7617 -24.15163 -56.30179 -447.7617 -23.81653 -58.61868 -447.7617 -24.94153 -56.67012 -447.7617 -24.2092 -58.89363 -447.7617 -25.65547 -57.17003 -447.7617 -24.54816 -59.23257 -447.7617 -26.27174 -57.78631 -447.7617 -24.82311 -59.62524 -447.7617 -26.77165 -58.50024 -447.7617 -25.02568 -60.05969 -447.7617 -27.13998 -59.29014 -447.7617 -25.14975 -60.52272 -447.7617 -27.36557 -60.132 -447.7617 -25.19153 -61.00024 -447.7617 -25.14975 -61.47778 -447.7617 19.08094 -58.29202 -447.7617 19.55847 -58.25024 -447.7617 20.42671 -56.0762 -447.7617 20.036 -58.29202 -447.7617 21.26857 -56.30179 -447.7617 20.49902 -58.41609 -447.7617 22.05847 -56.67012 -447.7617 20.93347 -58.61868 -447.7617 22.77241 -57.17003 -447.7617 21.32614 -58.89363 -447.7617 23.3887 -57.78631 -447.7617 21.66509 -59.23257 -447.7617 23.8886 -58.50024 -447.7617 21.94004 -59.62524 -447.7617 24.25694 -59.29014 -447.7617 22.14262 -60.05969 -447.7617 24.48251 -60.132 -447.7617 22.26669 -60.52272 -447.7617 22.30847 -61.00024 -447.7617 24.55847 -61.00024 -450.7617 24.55847 -74.00025 -450.7617 -24.82311 -62.37524 -450.7617 -24.54816 -62.76791 -450.7617 -27.44153 -74.00025 -450.7617 -24.2092 -63.10687 -450.7617 -23.81653 -63.38182 -450.7617 -25.02568 -61.94079 -450.7617 -27.44153 -61.00024 -450.7617 -25.14975 -61.47778 -450.7617 -23.38208 -63.5844 -450.7617 -22.91907 -63.70846 -450.7617 -22.44153 -63.75024 -450.7617 16.97432 -61.94079 -450.7617 17.1769 -62.37524 -450.7617 17.45185 -62.76791 -450.7617 20.036 -63.70846 -450.7617 19.55847 -63.75024 -450.7617 19.08094 -63.70846 -450.7617 17.79081 -63.10687 -450.7617 18.18347 -63.38182 -450.7617 18.61791 -63.5844 -450.7617 20.49902 -63.5844 -450.7617 20.93347 -63.38182 -450.7617 21.32614 -63.10687 -450.7617 17.45185 -59.23257 -450.7617 -22.44153 -56.00024 -450.7617 17.79081 -58.89363 -450.7617 18.18347 -58.61868 -450.7617 17.1769 -59.62524 -450.7617 16.97432 -60.05969 -450.7617 16.85025 -60.52272 -450.7617 22.14262 -61.94079 -450.7617 21.94004 -62.37524 -450.7617 21.66509 -62.76791 -450.7617 18.61791 -58.41609 -450.7617 19.55847 -56.00024 -450.7617 19.08094 -58.29202 -450.7617 -21.50098 -63.5844 -450.7617 -21.06653 -63.38182 -450.7617 16.80847 -61.00024 -450.7617 -20.67386 -63.10687 -450.7617 -19.85738 -60.05969 -450.7617 -20.05995 -59.62524 -450.7617 22.26669 -61.47778 -450.7617 22.30847 -61.00024 -450.7617 24.48251 -60.132 -450.7617 22.26669 -60.52272 -450.7617 24.25694 -59.29014 -450.7617 22.14262 -60.05969 -450.7617 23.8886 -58.50024 -450.7617 21.94004 -59.62524 -450.7617 23.3887 -57.78631 -450.7617 21.66509 -59.23257 -450.7617 22.77241 -57.17003 -450.7617 21.32614 -58.89363 -450.7617 22.05847 -56.67012 -450.7617 20.93347 -58.61868 -450.7617 21.26857 -56.30179 -450.7617 20.49902 -58.41609 -450.7617 20.42671 -56.0762 -450.7617 20.036 -58.29202 -450.7617 19.55847 -58.25024 -450.7617 16.85025 -61.47778 -450.7617 -21.96399 -63.70846 -450.7617 -20.3349 -62.76791 -450.7617 -20.05995 -62.37524 -450.7617 -19.85738 -61.94079 -450.7617 -19.73331 -61.47778 -450.7617 -19.69153 -61.00024 -450.7617 -19.73331 -60.52272 -450.7617 -20.3349 -59.23257 -450.7617 -20.67386 -58.89363 -450.7617 -21.06653 -58.61868 -450.7617 -21.50098 -58.41609 -450.7617 -21.96399 -58.29202 -450.7617 -22.44153 -58.25024 -450.7617 -23.30977 -56.0762 -450.7617 -22.91907 -58.29202 -450.7617 -24.15163 -56.30179 -450.7617 -23.38208 -58.41609 -450.7617 -24.94153 -56.67012 -450.7617 -23.81653 -58.61868 -450.7617 -25.65547 -57.17003 -450.7617 -24.2092 -58.89363 -450.7617 -26.27174 -57.78631 -450.7617 -24.54816 -59.23257 -450.7617 -26.77165 -58.50024 -450.7617 -24.82311 -59.62524 -450.7617 -27.13998 -59.29014 -450.7617 -25.02568 -60.05969 -450.7617 -27.36557 -60.132 -450.7617 -25.14975 -60.52272 -450.7617 -25.19153 -61.00024 -450.7617 -27.44153 -74.17389 -447.7465 -27.44153 -74.69484 -450.701 -27.44153 -74.34227 -447.7014 -27.44153 -75.36833 -450.5205 -27.44153 -74.50025 -447.6278 -27.44153 -76.00025 -450.2258 -27.44153 -74.64304 -447.5278 -27.44153 -76.5714 -449.8259 -27.44153 -74.7663 -447.4045 -27.44153 -77.06443 -449.3329 -27.44153 -74.86627 -447.2617 -27.44153 -77.46436 -448.7617 -27.44153 -74.93994 -447.1037 -27.44153 -77.75902 -448.1298 -27.44153 -74.98506 -446.9354 -27.44153 -77.93949 -447.4563 -27.44153 -75.00025 -446.7617 -27.44153 -78.00025 -446.7617 24.55847 -75.00025 -446.7617 24.55847 -78.00025 -446.7617 24.55847 -74.98506 -446.9354 24.55847 -77.93949 -447.4563 24.55847 -74.93994 -447.1037 24.55847 -77.75902 -448.1298 24.55847 -74.86627 -447.2617 24.55847 -77.46436 -448.7617 24.55847 -74.7663 -447.4045 24.55847 -77.06443 -449.3329 24.55847 -74.64304 -447.5278 24.55847 -76.5714 -449.8259 24.55847 -74.50025 -447.6278 24.55847 -76.00025 -450.2258 24.55847 -74.34227 -447.7014 24.55847 -75.36833 -450.5205 24.55847 -74.17389 -447.7465 24.55847 -74.69484 -450.701 -25.56653 -78.00025 -446.7617 15.50847 -78.00025 -446.7617 -1.441528 -78.00025 -446.7617 -18.39153 -78.00025 -446.7617 -25.56653 -75.00025 -446.7617 -18.39153 -75.00025 -446.7617 15.50847 -75.00025 -446.7617 -1.441528 -75.00025 -446.7617 -27.44153 -78.00025 -425.7617 -27.44153 -75.00025 -425.7617 -27.44153 -78.00025 -428.4617 -27.44153 -75.00025 -428.4617 -27.44153 -78.00025 -435.7617 -27.44153 -75.00025 -435.7617 -27.44153 -78.00025 -442.7117 -27.44153 -75.00025 -442.7117 24.55847 -78.00025 -442.7117 24.55847 -75.00025 -442.7117 24.55847 -78.00025 -435.7617 24.55847 -75.00025 -435.7617 24.55847 -78.00025 -428.4617 24.55847 -75.00025 -428.4617 24.55847 -78.00025 -425.7617 24.55847 -75.00025 -425.7617 -25.56653 -78.00025 -442.7117 19.55847 -78.00025 -420.7617 15.50847 -78.00025 -420.7617 15.50847 -78.00025 -428.4617 -24.94153 -78.00025 -421.4316 -25.65547 -78.00025 -421.9315 -25.56653 -78.00025 -428.4617 -27.13998 -78.00025 -424.0516 -27.36557 -78.00025 -424.8935 -26.27174 -78.00025 -422.5478 -26.77165 -78.00025 -423.2617 -18.39153 -78.00025 -428.4617 -18.39153 -78.00025 -420.7617 -22.44153 -78.00025 -420.7617 -23.30977 -78.00025 -420.8377 -24.15163 -78.00025 -421.0633 20.42671 -78.00025 -420.8377 24.48251 -78.00025 -424.8935 24.25694 -78.00025 -424.0516 23.8886 -78.00025 -423.2617 23.3887 -78.00025 -422.5478 22.77241 -78.00025 -421.9315 22.05847 -78.00025 -421.4316 21.26857 -78.00025 -421.0633 9.794503 -78.00025 -442.8223 9.629532 -78.00025 -442.5867 -1.441528 -78.00025 -442.7117 9.507981 -78.00025 -442.3261 9.433541 -78.00025 -442.0482 12.6834 -78.00025 -442.0482 12.60896 -78.00025 -442.3261 15.50847 -78.00025 -442.7117 10.49414 -78.00025 -440.2112 10.77195 -78.00025 -440.1368 15.50847 -78.00025 -435.7617 11.05847 -78.00025 -440.1117 11.34499 -78.00025 -440.1368 11.6228 -78.00025 -440.2112 12.70847 -78.00025 -441.7617 11.88347 -78.00025 -440.3328 12.11907 -78.00025 -440.4978 12.32245 -78.00025 -440.7011 12.48741 -78.00025 -440.9367 12.60896 -78.00025 -441.1974 12.6834 -78.00025 -441.4752 9.408471 -78.00025 -441.7617 9.433541 -78.00025 -441.4752 -1.441528 -78.00025 -435.7617 9.507981 -78.00025 -441.1974 9.629532 -78.00025 -440.9367 9.794503 -78.00025 -440.7011 9.997872 -78.00025 -440.4978 10.23347 -78.00025 -440.3328 9.997872 -78.00025 -443.0257 10.23347 -78.00025 -443.1907 11.88347 -78.00025 -443.1907 11.6228 -78.00025 -443.3122 11.34499 -78.00025 -443.3867 12.48741 -78.00025 -442.5867 12.32245 -78.00025 -442.8223 12.11907 -78.00025 -443.0257 11.05847 -78.00025 -443.4117 10.77195 -78.00025 -443.3867 10.49414 -78.00025 -443.3122 -15.00212 -78.00025 -443.0257 -15.20551 -78.00025 -442.8223 -18.39153 -78.00025 -442.7117 -15.37047 -78.00025 -442.5867 -15.49202 -78.00025 -442.3261 -14.22804 -78.00025 -440.1368 -13.94153 -78.00025 -440.1117 -18.39153 -78.00025 -435.7617 -13.65501 -78.00025 -440.1368 -13.3772 -78.00025 -440.2112 -12.31659 -78.00025 -442.0482 -12.39104 -78.00025 -442.3261 -15.56647 -78.00025 -442.0482 -15.59152 -78.00025 -441.7617 -15.56647 -78.00025 -441.4752 -14.50586 -78.00025 -440.2112 -12.29153 -78.00025 -441.7617 -13.11653 -78.00025 -440.3328 -12.88094 -78.00025 -440.4978 -12.67755 -78.00025 -440.7011 -12.51259 -78.00025 -440.9367 -12.39104 -78.00025 -441.1974 -12.31659 -78.00025 -441.4752 -15.49202 -78.00025 -441.1974 -15.37047 -78.00025 -440.9367 -15.20551 -78.00025 -440.7011 -15.00212 -78.00025 -440.4978 -14.76653 -78.00025 -440.3328 -13.94153 -78.00025 -443.4117 -14.22804 -78.00025 -443.3867 -14.50586 -78.00025 -443.3122 -14.76653 -78.00025 -443.1907 -12.51259 -78.00025 -442.5867 -12.67755 -78.00025 -442.8223 -12.88094 -78.00025 -443.0257 -13.11653 -78.00025 -443.1907 -13.3772 -78.00025 -443.3122 -13.65501 -78.00025 -443.3867 -25.56653 -78.00025 -435.7617 -22.65859 -78.00025 -431.9927 -22.86905 -78.00025 -431.9364 -23.06653 -78.00025 -431.8442 -23.24501 -78.00025 -431.7193 -23.39908 -78.00025 -431.5652 -23.67253 -78.00025 -430.9788 -23.69153 -78.00025 -430.7617 -23.67253 -78.00025 -430.5447 -23.61615 -78.00025 -430.3342 -23.52406 -78.00025 -430.1367 -23.39908 -78.00025 -429.9582 -23.52406 -78.00025 -431.3867 -23.61615 -78.00025 -431.1893 -23.24501 -78.00025 -429.8042 -23.06653 -78.00025 -429.6792 -22.86905 -78.00025 -429.5871 -22.01401 -78.00025 -429.5871 -21.81653 -78.00025 -429.6792 -21.63805 -78.00025 -429.8042 -22.65859 -78.00025 -429.5307 -22.44153 -78.00025 -429.5117 -22.22447 -78.00025 -429.5307 -21.26691 -78.00025 -431.1893 -21.35899 -78.00025 -431.3867 -21.48398 -78.00025 -429.9582 -21.35899 -78.00025 -430.1367 -21.26691 -78.00025 -430.3342 -21.21053 -78.00025 -430.5447 -21.19153 -78.00025 -430.7617 -21.21053 -78.00025 -430.9788 -21.48398 -78.00025 -431.5652 -21.63805 -78.00025 -431.7193 -21.81653 -78.00025 -431.8442 -22.01401 -78.00025 -431.9364 -22.22447 -78.00025 -431.9927 -22.44153 -78.00025 -432.0117 -21.21053 -78.00025 -440.5447 -21.19153 -78.00025 -440.7617 -21.21053 -78.00025 -440.9788 -22.86905 -78.00025 -441.9364 -23.06653 -78.00025 -441.8442 -23.24501 -78.00025 -441.7193 -23.39908 -78.00025 -441.5652 -23.67253 -78.00025 -440.9788 -23.69153 -78.00025 -440.7617 -23.06653 -78.00025 -439.6792 -22.86905 -78.00025 -439.5871 -21.26691 -78.00025 -441.1893 -21.35899 -78.00025 -441.3867 -21.48398 -78.00025 -441.5652 -21.63805 -78.00025 -441.7193 -21.81653 -78.00025 -441.8442 -22.01401 -78.00025 -441.9364 -22.22447 -78.00025 -441.9927 -22.44153 -78.00025 -442.0117 -22.65859 -78.00025 -441.9927 -23.52406 -78.00025 -441.3867 -23.61615 -78.00025 -441.1893 -23.67253 -78.00025 -440.5447 -23.61615 -78.00025 -440.3342 -23.52406 -78.00025 -440.1367 -21.26691 -78.00025 -440.3342 -23.39908 -78.00025 -439.9582 -23.24501 -78.00025 -439.8042 -22.65859 -78.00025 -439.5307 -22.44153 -78.00025 -439.5117 -22.22447 -78.00025 -439.5307 -22.01401 -78.00025 -439.5871 -21.81653 -78.00025 -439.6792 -21.63805 -78.00025 -439.8042 -21.48398 -78.00025 -439.9582 -21.35899 -78.00025 -440.1367 -12.31659 -78.00025 -426.0482 -12.39104 -78.00025 -426.3261 -1.441528 -78.00025 -428.4617 -13.94153 -78.00025 -427.4117 -14.22804 -78.00025 -427.3867 -1.441528 -78.00025 -420.7617 -12.31659 -78.00025 -425.4752 -12.29153 -78.00025 -425.7617 -12.51259 -78.00025 -426.5867 -12.67755 -78.00025 -426.8223 -12.88094 -78.00025 -427.0257 -14.50586 -78.00025 -427.3122 -14.76653 -78.00025 -427.1907 -15.00212 -78.00025 -427.0257 -15.49202 -78.00025 -425.1974 -15.37047 -78.00025 -424.9367 -15.20551 -78.00025 -424.7011 -15.00212 -78.00025 -424.4978 -14.76653 -78.00025 -424.3328 -14.50586 -78.00025 -424.2112 -14.22804 -78.00025 -424.1368 -13.3772 -78.00025 -424.2112 -13.65501 -78.00025 -424.1368 -13.94153 -78.00025 -424.1117 -13.11653 -78.00025 -424.3328 -12.88094 -78.00025 -424.4978 -12.67755 -78.00025 -424.7011 -13.11653 -78.00025 -427.1907 -13.3772 -78.00025 -427.3122 -13.65501 -78.00025 -427.3867 -15.20551 -78.00025 -426.8223 -15.37047 -78.00025 -426.5867 -15.49202 -78.00025 -426.3261 -15.56647 -78.00025 -426.0482 -15.59152 -78.00025 -425.7617 -15.56647 -78.00025 -425.4752 -12.51259 -78.00025 -424.9367 -12.39104 -78.00025 -425.1974 12.6834 -78.00025 -426.0482 12.60896 -78.00025 -426.3261 11.05847 -78.00025 -427.4117 10.77195 -78.00025 -427.3867 11.34499 -78.00025 -424.1368 11.6228 -78.00025 -424.2112 11.05847 -78.00025 -424.1117 12.6834 -78.00025 -425.4752 12.70847 -78.00025 -425.7617 12.48741 -78.00025 -426.5867 12.32245 -78.00025 -426.8223 12.11907 -78.00025 -427.0257 10.49414 -78.00025 -427.3122 10.23347 -78.00025 -427.1907 9.997872 -78.00025 -427.0257 9.507981 -78.00025 -425.1974 9.629532 -78.00025 -424.9367 9.794503 -78.00025 -424.7011 9.997872 -78.00025 -424.4978 11.88347 -78.00025 -424.3328 12.11907 -78.00025 -424.4978 12.32245 -78.00025 -424.7011 11.88347 -78.00025 -427.1907 11.6228 -78.00025 -427.3122 11.34499 -78.00025 -427.3867 9.794503 -78.00025 -426.8223 9.629532 -78.00025 -426.5867 9.507981 -78.00025 -426.3261 9.433541 -78.00025 -426.0482 9.408471 -78.00025 -425.7617 9.433541 -78.00025 -425.4752 10.23347 -78.00025 -424.3328 10.49414 -78.00025 -424.2112 10.77195 -78.00025 -424.1368 12.48741 -78.00025 -424.9367 12.60896 -78.00025 -425.1974 19.34142 -78.00025 -431.9927 19.13094 -78.00025 -431.9364 18.93347 -78.00025 -431.8442 18.75499 -78.00025 -431.7193 18.60091 -78.00025 -431.5652 18.32746 -78.00025 -430.9788 18.30847 -78.00025 -430.7617 18.32746 -78.00025 -430.5447 18.38386 -78.00025 -430.3342 18.47594 -78.00025 -430.1367 18.60091 -78.00025 -429.9582 18.47594 -78.00025 -431.3867 18.38386 -78.00025 -431.1893 18.75499 -78.00025 -429.8042 18.93347 -78.00025 -429.6792 19.13094 -78.00025 -429.5871 19.986 -78.00025 -429.5871 20.18347 -78.00025 -429.6792 20.36195 -78.00025 -429.8042 19.34142 -78.00025 -429.5307 19.55847 -78.00025 -429.5117 19.77553 -78.00025 -429.5307 20.73309 -78.00025 -431.1893 20.64101 -78.00025 -431.3867 20.51603 -78.00025 -429.9582 20.64101 -78.00025 -430.1367 20.73309 -78.00025 -430.3342 20.78948 -78.00025 -430.5447 20.80847 -78.00025 -430.7617 20.78948 -78.00025 -430.9788 20.51603 -78.00025 -431.5652 20.36195 -78.00025 -431.7193 20.18347 -78.00025 -431.8442 19.986 -78.00025 -431.9364 19.77553 -78.00025 -431.9927 19.55847 -78.00025 -432.0117 20.80847 -78.00025 -440.7617 20.78948 -78.00025 -440.9788 18.60091 -78.00025 -441.5652 18.75499 -78.00025 -441.7193 18.93347 -78.00025 -441.8442 19.55847 -78.00025 -442.0117 19.34142 -78.00025 -441.9927 19.13094 -78.00025 -441.9364 18.93347 -78.00025 -439.6792 19.13094 -78.00025 -439.5871 20.73309 -78.00025 -441.1893 20.64101 -78.00025 -441.3867 20.51603 -78.00025 -441.5652 19.986 -78.00025 -441.9364 19.77553 -78.00025 -441.9927 20.36195 -78.00025 -441.7193 20.18347 -78.00025 -441.8442 18.47594 -78.00025 -441.3867 18.38386 -78.00025 -441.1893 18.32746 -78.00025 -440.9788 18.30847 -78.00025 -440.7617 18.32746 -78.00025 -440.5447 18.38386 -78.00025 -440.3342 18.47594 -78.00025 -440.1367 20.73309 -78.00025 -440.3342 20.78948 -78.00025 -440.5447 18.60091 -78.00025 -439.9582 18.75499 -78.00025 -439.8042 19.34142 -78.00025 -439.5307 19.55847 -78.00025 -439.5117 19.77553 -78.00025 -439.5307 19.986 -78.00025 -439.5871 20.18347 -78.00025 -439.6792 20.36195 -78.00025 -439.8042 20.51603 -78.00025 -439.9582 20.64101 -78.00025 -440.1367 15.50847 -75.00025 -428.4617 -25.65547 -75.00025 -421.9315 -24.94153 -75.00025 -421.4316 -25.56653 -75.00025 -428.4617 -24.15163 -75.00025 -421.0633 -27.13998 -75.00025 -424.0516 -27.36557 -75.00025 -424.8935 -26.77165 -75.00025 -423.2617 -26.27174 -75.00025 -422.5478 24.48251 -75.00025 -424.8935 15.50847 -75.00025 -420.7617 19.55847 -75.00025 -420.7617 20.42671 -75.00025 -420.8377 21.26857 -75.00025 -421.0633 22.05847 -75.00025 -421.4316 22.77241 -75.00025 -421.9315 23.3887 -75.00025 -422.5478 23.8886 -75.00025 -423.2617 24.25694 -75.00025 -424.0516 12.11907 -75.00025 -443.0257 12.32245 -75.00025 -442.8223 15.50847 -75.00025 -442.7117 12.48741 -75.00025 -442.5867 12.60896 -75.00025 -442.3261 12.6834 -75.00025 -441.4752 12.60896 -75.00025 -441.1974 15.50847 -75.00025 -435.7617 9.507981 -75.00025 -442.3261 -1.441528 -75.00025 -442.7117 9.433541 -75.00025 -442.0482 9.408471 -75.00025 -441.7617 12.6834 -75.00025 -442.0482 12.70847 -75.00025 -441.7617 12.48741 -75.00025 -440.9367 12.32245 -75.00025 -440.7011 12.11907 -75.00025 -440.4978 11.34499 -75.00025 -440.1368 11.05847 -75.00025 -440.1117 10.77195 -75.00025 -440.1368 -1.441528 -75.00025 -435.7617 10.49414 -75.00025 -440.2112 11.88347 -75.00025 -440.3328 11.6228 -75.00025 -440.2112 10.23347 -75.00025 -440.3328 9.997872 -75.00025 -440.4978 9.794503 -75.00025 -440.7011 9.629532 -75.00025 -440.9367 9.507981 -75.00025 -441.1974 9.433541 -75.00025 -441.4752 9.629532 -75.00025 -442.5867 9.794503 -75.00025 -442.8223 9.997872 -75.00025 -443.0257 10.23347 -75.00025 -443.1907 10.49414 -75.00025 -443.3122 10.77195 -75.00025 -443.3867 11.05847 -75.00025 -443.4117 11.34499 -75.00025 -443.3867 11.6228 -75.00025 -443.3122 11.88347 -75.00025 -443.1907 -15.59152 -75.00025 -441.7617 -15.56647 -75.00025 -442.0482 -18.39153 -75.00025 -442.7117 -15.49202 -75.00025 -442.3261 -15.37047 -75.00025 -442.5867 -12.51259 -75.00025 -442.5867 -12.39104 -75.00025 -442.3261 -12.31659 -75.00025 -442.0482 -13.94153 -75.00025 -440.1117 -14.22804 -75.00025 -440.1368 -18.39153 -75.00025 -435.7617 -14.50586 -75.00025 -440.2112 -12.39104 -75.00025 -441.1974 -12.31659 -75.00025 -441.4752 -12.29153 -75.00025 -441.7617 -12.51259 -75.00025 -440.9367 -12.67755 -75.00025 -440.7011 -12.88094 -75.00025 -440.4978 -13.11653 -75.00025 -440.3328 -13.3772 -75.00025 -440.2112 -13.65501 -75.00025 -440.1368 -14.76653 -75.00025 -440.3328 -15.00212 -75.00025 -440.4978 -15.20551 -75.00025 -440.7011 -15.37047 -75.00025 -440.9367 -15.49202 -75.00025 -441.1974 -15.56647 -75.00025 -441.4752 -15.20551 -75.00025 -442.8223 -15.00212 -75.00025 -443.0257 -14.76653 -75.00025 -443.1907 -14.50586 -75.00025 -443.3122 -14.22804 -75.00025 -443.3867 -13.3772 -75.00025 -443.3122 -13.65501 -75.00025 -443.3867 -13.94153 -75.00025 -443.4117 -13.11653 -75.00025 -443.1907 -12.88094 -75.00025 -443.0257 -12.67755 -75.00025 -442.8223 18.75499 -75.00025 -431.7193 18.93347 -75.00025 -431.8442 19.13094 -75.00025 -431.9364 19.986 -75.00025 -431.9364 20.18347 -75.00025 -431.8442 19.13094 -75.00025 -429.5871 18.93347 -75.00025 -429.6792 18.75499 -75.00025 -429.8042 18.60091 -75.00025 -429.9582 18.47594 -75.00025 -430.1367 18.38386 -75.00025 -430.3342 18.32746 -75.00025 -430.5447 19.34142 -75.00025 -431.9927 19.55847 -75.00025 -432.0117 19.77553 -75.00025 -431.9927 20.36195 -75.00025 -431.7193 20.51603 -75.00025 -431.5652 20.64101 -75.00025 -431.3867 18.30847 -75.00025 -430.7617 18.32746 -75.00025 -430.9788 18.38386 -75.00025 -431.1893 18.47594 -75.00025 -431.3867 18.60091 -75.00025 -431.5652 20.73309 -75.00025 -431.1893 20.78948 -75.00025 -430.9788 20.80847 -75.00025 -430.7617 20.78948 -75.00025 -430.5447 20.73309 -75.00025 -430.3342 20.64101 -75.00025 -430.1367 20.51603 -75.00025 -429.9582 20.36195 -75.00025 -429.8042 20.18347 -75.00025 -429.6792 19.986 -75.00025 -429.5871 19.77553 -75.00025 -429.5307 19.55847 -75.00025 -429.5117 19.34142 -75.00025 -429.5307 19.986 -75.00025 -441.9364 20.18347 -75.00025 -441.8442 20.64101 -75.00025 -441.3867 20.73309 -75.00025 -441.1893 20.78948 -75.00025 -440.9788 19.77553 -75.00025 -439.5307 19.55847 -75.00025 -439.5117 19.34142 -75.00025 -439.5307 18.32746 -75.00025 -440.5447 18.30847 -75.00025 -440.7617 18.32746 -75.00025 -440.9788 20.73309 -75.00025 -440.3342 20.78948 -75.00025 -440.5447 20.80847 -75.00025 -440.7617 19.13094 -75.00025 -439.5871 18.93347 -75.00025 -439.6792 18.75499 -75.00025 -439.8042 18.38386 -75.00025 -440.3342 20.64101 -75.00025 -440.1367 20.51603 -75.00025 -439.9582 20.36195 -75.00025 -439.8042 20.18347 -75.00025 -439.6792 19.986 -75.00025 -439.5871 18.60091 -75.00025 -439.9582 18.47594 -75.00025 -440.1367 18.38386 -75.00025 -441.1893 18.47594 -75.00025 -441.3867 18.60091 -75.00025 -441.5652 18.75499 -75.00025 -441.7193 18.93347 -75.00025 -441.8442 19.13094 -75.00025 -441.9364 20.36195 -75.00025 -441.7193 20.51603 -75.00025 -441.5652 19.34142 -75.00025 -441.9927 19.55847 -75.00025 -442.0117 19.77553 -75.00025 -441.9927 12.6834 -75.00025 -426.0482 12.70847 -75.00025 -425.7617 9.794503 -75.00025 -424.7011 -1.441528 -75.00025 -420.7617 9.997872 -75.00025 -424.4978 10.23347 -75.00025 -424.3328 12.6834 -75.00025 -425.4752 12.60896 -75.00025 -425.1974 12.48741 -75.00025 -424.9367 12.32245 -75.00025 -424.7011 12.11907 -75.00025 -424.4978 11.34499 -75.00025 -424.1368 11.05847 -75.00025 -424.1117 10.77195 -75.00025 -424.1368 10.49414 -75.00025 -424.2112 11.88347 -75.00025 -424.3328 11.6228 -75.00025 -424.2112 10.49414 -75.00025 -427.3122 -1.441528 -75.00025 -428.4617 10.23347 -75.00025 -427.1907 9.997872 -75.00025 -427.0257 11.6228 -75.00025 -427.3122 11.88347 -75.00025 -427.1907 12.11907 -75.00025 -427.0257 12.32245 -75.00025 -426.8223 9.433541 -75.00025 -425.4752 9.408471 -75.00025 -425.7617 9.433541 -75.00025 -426.0482 9.507981 -75.00025 -426.3261 9.629532 -75.00025 -426.5867 9.794503 -75.00025 -426.8223 12.48741 -75.00025 -426.5867 12.60896 -75.00025 -426.3261 9.629532 -75.00025 -424.9367 9.507981 -75.00025 -425.1974 10.77195 -75.00025 -427.3867 11.05847 -75.00025 -427.4117 11.34499 -75.00025 -427.3867 -12.31659 -75.00025 -426.0482 -12.29153 -75.00025 -425.7617 -13.94153 -75.00025 -424.1117 -14.22804 -75.00025 -424.1368 -18.39153 -75.00025 -420.7617 -14.50586 -75.00025 -424.2112 -14.76653 -75.00025 -424.3328 -15.00212 -75.00025 -424.4978 -15.20551 -75.00025 -424.7011 -12.31659 -75.00025 -425.4752 -12.39104 -75.00025 -425.1974 -12.51259 -75.00025 -424.9367 -12.67755 -75.00025 -424.7011 -12.88094 -75.00025 -424.4978 -13.11653 -75.00025 -424.3328 -13.3772 -75.00025 -424.2112 -13.65501 -75.00025 -424.1368 -14.50586 -75.00025 -427.3122 -18.39153 -75.00025 -428.4617 -14.76653 -75.00025 -427.1907 -15.00212 -75.00025 -427.0257 -13.3772 -75.00025 -427.3122 -13.11653 -75.00025 -427.1907 -12.88094 -75.00025 -427.0257 -12.67755 -75.00025 -426.8223 -23.30977 -75.00025 -420.8377 -22.44153 -75.00025 -420.7617 -15.56647 -75.00025 -425.4752 -15.59152 -75.00025 -425.7617 -15.56647 -75.00025 -426.0482 -15.49202 -75.00025 -426.3261 -15.37047 -75.00025 -426.5867 -15.20551 -75.00025 -426.8223 -12.51259 -75.00025 -426.5867 -12.39104 -75.00025 -426.3261 -15.37047 -75.00025 -424.9367 -15.49202 -75.00025 -425.1974 -14.22804 -75.00025 -427.3867 -13.94153 -75.00025 -427.4117 -13.65501 -75.00025 -427.3867 -23.24501 -75.00025 -431.7193 -23.06653 -75.00025 -431.8442 -25.56653 -75.00025 -435.7617 -22.86905 -75.00025 -431.9364 -22.86905 -75.00025 -429.5871 -23.06653 -75.00025 -429.6792 -23.24501 -75.00025 -429.8042 -23.39908 -75.00025 -429.9582 -23.52406 -75.00025 -430.1367 -23.61615 -75.00025 -430.3342 -22.01401 -75.00025 -431.9364 -21.81653 -75.00025 -431.8442 -21.63805 -75.00025 -431.7193 -22.65859 -75.00025 -431.9927 -22.44153 -75.00025 -432.0117 -22.22447 -75.00025 -431.9927 -21.48398 -75.00025 -431.5652 -21.35899 -75.00025 -431.3867 -21.26691 -75.00025 -431.1893 -23.67253 -75.00025 -430.5447 -23.69153 -75.00025 -430.7617 -23.67253 -75.00025 -430.9788 -23.61615 -75.00025 -431.1893 -21.21053 -75.00025 -430.9788 -21.19153 -75.00025 -430.7617 -21.21053 -75.00025 -430.5447 -23.52406 -75.00025 -431.3867 -23.39908 -75.00025 -431.5652 -21.26691 -75.00025 -430.3342 -21.35899 -75.00025 -430.1367 -21.48398 -75.00025 -429.9582 -21.63805 -75.00025 -429.8042 -21.81653 -75.00025 -429.6792 -22.01401 -75.00025 -429.5871 -22.22447 -75.00025 -429.5307 -22.44153 -75.00025 -429.5117 -22.65859 -75.00025 -429.5307 -22.01401 -75.00025 -441.9364 -21.81653 -75.00025 -441.8442 -21.35899 -75.00025 -441.3867 -21.26691 -75.00025 -441.1893 -21.21053 -75.00025 -440.9788 -22.22447 -75.00025 -439.5307 -22.44153 -75.00025 -439.5117 -22.65859 -75.00025 -439.5307 -25.56653 -75.00025 -442.7117 -23.69153 -75.00025 -440.7617 -23.67253 -75.00025 -440.9788 -21.26691 -75.00025 -440.3342 -21.21053 -75.00025 -440.5447 -21.19153 -75.00025 -440.7617 -22.86905 -75.00025 -439.5871 -23.06653 -75.00025 -439.6792 -23.24501 -75.00025 -439.8042 -23.67253 -75.00025 -440.5447 -23.61615 -75.00025 -440.3342 -21.35899 -75.00025 -440.1367 -21.48398 -75.00025 -439.9582 -21.63805 -75.00025 -439.8042 -21.81653 -75.00025 -439.6792 -22.01401 -75.00025 -439.5871 -23.39908 -75.00025 -439.9582 -23.52406 -75.00025 -440.1367 -23.61615 -75.00025 -441.1893 -23.52406 -75.00025 -441.3867 -23.39908 -75.00025 -441.5652 -23.24501 -75.00025 -441.7193 -23.06653 -75.00025 -441.8442 -22.86905 -75.00025 -441.9364 -21.63805 -75.00025 -441.7193 -21.48398 -75.00025 -441.5652 -22.65859 -75.00025 -441.9927 -22.44153 -75.00025 -442.0117 -22.22447 -75.00025 -441.9927 7.042931 -87.00025 515.1133 7.217895 -87.00025 515.3632 -27.44153 -87.00025 517.2383 -12.04007 -87.00025 510.5938 -12.31653 -87.00025 510.7228 -27.44153 -87.00025 461.2383 7.683472 -87.00025 490.7228 7.433594 -87.00025 490.8977 7.217895 -87.00025 491.1134 7.042931 -87.00025 491.3633 6.808472 -87.00025 512.2383 6.808472 -87.00025 514.2383 -11.13765 -87.00025 515.9617 6.83506 -87.00025 514.5422 -11.44153 -87.00025 515.9883 -12.04007 -87.00025 490.5938 -12.31653 -87.00025 490.7228 24.55847 -87.00025 517.2383 10.07401 -87.00025 515.1133 10.20293 -87.00025 514.8368 9.899048 -87.00025 491.1134 9.68335 -87.00025 490.8977 24.55847 -87.00025 461.2383 6.914009 -87.00025 514.8368 10.28188 -87.00025 514.5422 10.30847 -87.00025 514.2383 10.30847 -87.00025 512.2383 6.83506 -87.00025 494.5422 6.914009 -87.00025 494.8368 8.558472 -87.00025 510.4883 7.042931 -87.00025 495.1133 7.217895 -87.00025 495.3632 9.433472 -87.00025 490.7228 9.157006 -87.00025 490.5938 8.862359 -87.00025 490.5149 8.558472 -87.00025 490.4883 8.254586 -87.00025 490.5149 7.959938 -87.00025 490.5938 -12.95708 -87.00025 495.1133 -9.71811 -87.00025 511.9344 -13.08598 -87.00025 494.8368 -9.797074 -87.00025 511.6398 -13.16495 -87.00025 494.5422 -9.92598 -87.00025 511.3633 -10.10095 -87.00025 511.1134 -10.31665 -87.00025 510.8977 -10.56653 -87.00025 510.7228 -10.84299 -87.00025 510.5938 -10.56653 -87.00025 515.7538 -10.31665 -87.00025 515.5789 6.83506 -87.00025 511.9344 -10.10095 -87.00025 515.3632 -9.92598 -87.00025 515.1133 -9.797074 -87.00025 514.8368 -12.7821 -87.00025 495.3632 -12.56641 -87.00025 495.5789 -12.31653 -87.00025 495.7539 -9.797074 -87.00025 491.6398 -9.92598 -87.00025 491.3633 6.83506 -87.00025 491.9344 -10.10095 -87.00025 491.1134 6.914009 -87.00025 491.6398 -11.44153 -87.00025 490.4883 -11.13765 -87.00025 490.5149 -10.84299 -87.00025 490.5938 -11.74541 -87.00025 490.5149 -12.56641 -87.00025 510.8977 -12.7821 -87.00025 511.1134 -12.95708 -87.00025 511.3633 -13.08598 -87.00025 511.6398 10.28188 -87.00025 491.9344 10.20293 -87.00025 491.6398 10.07401 -87.00025 491.3633 -10.84299 -87.00025 515.8827 -12.04007 -87.00025 495.8828 -11.74541 -87.00025 495.9617 -11.44153 -87.00025 495.9883 -10.31665 -87.00025 490.8977 -10.56653 -87.00025 490.7228 -12.56641 -87.00025 490.8977 -12.7821 -87.00025 491.1134 -12.95708 -87.00025 491.3633 -13.16495 -87.00025 511.9344 -13.19153 -87.00025 512.2383 -13.19153 -87.00025 514.2383 -13.16495 -87.00025 514.5422 -13.08598 -87.00025 514.8368 -12.95708 -87.00025 515.1133 -12.31653 -87.00025 515.7538 -12.04007 -87.00025 515.8827 7.433594 -87.00025 515.5789 7.683472 -87.00025 515.7538 7.959938 -87.00025 515.8827 9.157006 -87.00025 515.8827 9.433472 -87.00025 515.7538 10.28188 -87.00025 494.5422 10.30847 -87.00025 494.2383 10.30847 -87.00025 492.2383 -11.13765 -87.00025 495.9617 7.042931 -87.00025 511.3633 6.914009 -87.00025 511.6398 -11.13765 -87.00025 510.5149 -11.44153 -87.00025 510.4883 -11.74541 -87.00025 510.5149 9.68335 -87.00025 515.5789 9.899048 -87.00025 515.3632 9.899048 -87.00025 511.1134 9.68335 -87.00025 510.8977 -9.71811 -87.00025 514.5422 -9.691529 -87.00025 514.2383 -9.691529 -87.00025 512.2383 -12.7821 -87.00025 515.3632 -12.56641 -87.00025 515.5789 -11.74541 -87.00025 515.9617 8.254586 -87.00025 515.9617 8.558472 -87.00025 515.9883 8.862359 -87.00025 515.9617 10.28188 -87.00025 511.9344 10.20293 -87.00025 511.6398 10.07401 -87.00025 511.3633 7.433594 -87.00025 495.5789 7.683472 -87.00025 495.7539 7.959938 -87.00025 495.8828 9.433472 -87.00025 510.7228 9.157006 -87.00025 510.5938 8.862359 -87.00025 510.5149 10.20293 -87.00025 494.8368 10.07401 -87.00025 495.1133 8.254586 -87.00025 510.5149 -9.92598 -87.00025 495.1133 -9.797074 -87.00025 494.8368 -9.71811 -87.00025 494.5422 6.808472 -87.00025 494.2383 -9.691529 -87.00025 494.2383 6.808472 -87.00025 492.2383 -9.691529 -87.00025 492.2383 -9.71811 -87.00025 491.9344 9.157006 -87.00025 495.8828 9.433472 -87.00025 495.7539 7.959938 -87.00025 510.5938 7.683472 -87.00025 510.7228 7.433594 -87.00025 510.8977 -13.08598 -87.00025 491.6398 -13.16495 -87.00025 491.9344 -13.19153 -87.00025 492.2383 9.68335 -87.00025 495.5789 9.899048 -87.00025 495.3632 -13.19153 -87.00025 494.2383 8.254586 -87.00025 495.9617 8.558472 -87.00025 495.9883 8.862359 -87.00025 495.9617 -10.84299 -87.00025 495.8828 -10.56653 -87.00025 495.7539 7.217895 -87.00025 511.1134 -10.31665 -87.00025 495.5789 -10.10095 -87.00025 495.3632 -27.44153 -84.00025 517.2383 -27.44153 -84.00025 461.2383 24.55847 -84.00025 517.2383 24.55847 -84.00025 461.2383 6.808472 -84.00025 494.2383 6.808472 -84.00025 492.2383 -11.13765 -84.00025 490.5149 6.83506 -84.00025 491.9344 -11.44153 -84.00025 490.4883 6.808472 -84.00025 514.2383 -11.13765 -84.00025 510.5149 6.83506 -84.00025 514.5422 -10.84299 -84.00025 510.5938 -10.56653 -84.00025 510.7228 -10.56653 -84.00025 490.7228 -10.31665 -84.00025 490.8977 6.83506 -84.00025 494.5422 -12.04007 -84.00025 515.8827 -11.74541 -84.00025 515.9617 -11.44153 -84.00025 515.9883 -12.56641 -84.00025 495.5789 -12.7821 -84.00025 495.3632 -12.95708 -84.00025 495.1133 -13.08598 -84.00025 494.8368 8.558472 -84.00025 515.9883 8.254586 -84.00025 515.9617 7.959938 -84.00025 515.8827 7.683472 -84.00025 515.7538 7.433594 -84.00025 515.5789 7.217895 -84.00025 515.3632 7.042931 -84.00025 515.1133 6.914009 -84.00025 514.8368 7.683472 -84.00025 510.7228 7.959938 -84.00025 510.5938 7.683472 -84.00025 495.7539 -12.31653 -84.00025 510.7228 -12.04007 -84.00025 510.5938 -11.74541 -84.00025 510.5149 -11.44153 -84.00025 510.4883 -10.84299 -84.00025 490.5938 -10.10095 -84.00025 491.1134 -9.92598 -84.00025 491.3633 -9.797074 -84.00025 491.6398 -11.44153 -84.00025 495.9883 -13.16495 -84.00025 511.9344 -13.08598 -84.00025 511.6398 7.433594 -84.00025 495.5789 7.217895 -84.00025 495.3632 -12.56641 -84.00025 510.8977 7.042931 -84.00025 495.1133 -12.31653 -84.00025 515.7538 -12.56641 -84.00025 515.5789 -12.7821 -84.00025 515.3632 -12.95708 -84.00025 515.1133 -13.08598 -84.00025 514.8368 -13.16495 -84.00025 514.5422 10.20293 -84.00025 514.8368 10.07401 -84.00025 515.1133 6.914009 -84.00025 511.6398 6.83506 -84.00025 511.9344 6.808472 -84.00025 512.2383 -10.31665 -84.00025 510.8977 -10.10095 -84.00025 511.1134 -9.92598 -84.00025 511.3633 -9.797074 -84.00025 514.8368 -9.92598 -84.00025 515.1133 9.68335 -84.00025 490.8977 9.899048 -84.00025 491.1134 10.07401 -84.00025 491.3633 10.20293 -84.00025 491.6398 10.28188 -84.00025 491.9344 10.28188 -84.00025 511.9344 10.30847 -84.00025 512.2383 -9.797074 -84.00025 511.6398 -9.71811 -84.00025 511.9344 -9.691529 -84.00025 512.2383 7.042931 -84.00025 511.3633 7.217895 -84.00025 511.1134 7.433594 -84.00025 510.8977 8.558472 -84.00025 490.4883 8.862359 -84.00025 490.5149 10.30847 -84.00025 492.2383 10.30847 -84.00025 494.2383 10.28188 -84.00025 494.5422 10.07401 -84.00025 495.1133 8.862359 -84.00025 510.5149 10.20293 -84.00025 494.8368 9.433472 -84.00025 510.7228 9.68335 -84.00025 510.8977 10.30847 -84.00025 514.2383 10.28188 -84.00025 514.5422 -9.691529 -84.00025 514.2383 -9.71811 -84.00025 514.5422 9.157006 -84.00025 490.5938 9.433472 -84.00025 490.7228 9.157006 -84.00025 510.5938 9.899048 -84.00025 511.1134 10.07401 -84.00025 511.3633 10.20293 -84.00025 511.6398 9.899048 -84.00025 515.3632 9.68335 -84.00025 515.5789 9.433472 -84.00025 515.7538 -10.56653 -84.00025 515.7538 -10.84299 -84.00025 515.8827 -11.13765 -84.00025 515.9617 -9.797074 -84.00025 494.8368 -9.71811 -84.00025 494.5422 6.914009 -84.00025 494.8368 -13.16495 -84.00025 491.9344 -13.08598 -84.00025 491.6398 -12.95708 -84.00025 491.3633 -12.7821 -84.00025 491.1134 -12.56641 -84.00025 490.8977 -12.31653 -84.00025 490.7228 9.899048 -84.00025 495.3632 9.68335 -84.00025 495.5789 9.433472 -84.00025 495.7539 -10.10095 -84.00025 515.3632 -10.31665 -84.00025 515.5789 -9.92598 -84.00025 495.1133 -10.10095 -84.00025 495.3632 -10.31665 -84.00025 495.5789 -10.56653 -84.00025 495.7539 -12.95708 -84.00025 511.3633 -12.7821 -84.00025 511.1134 -11.13765 -84.00025 495.9617 -10.84299 -84.00025 495.8828 -13.19153 -84.00025 514.2383 -13.19153 -84.00025 512.2383 -12.04007 -84.00025 490.5938 -11.74541 -84.00025 490.5149 9.157006 -84.00025 495.8828 8.862359 -84.00025 495.9617 8.558472 -84.00025 510.4883 8.558472 -84.00025 495.9883 8.254586 -84.00025 510.5149 8.254586 -84.00025 495.9617 7.959938 -84.00025 495.8828 9.157006 -84.00025 515.8827 8.862359 -84.00025 515.9617 -11.74541 -84.00025 495.9617 -12.04007 -84.00025 495.8828 -12.31653 -84.00025 495.7539 6.914009 -84.00025 491.6398 7.042931 -84.00025 491.3633 7.217895 -84.00025 491.1134 7.433594 -84.00025 490.8977 7.683472 -84.00025 490.7228 7.959938 -84.00025 490.5938 8.254586 -84.00025 490.5149 -9.71811 -84.00025 491.9344 -9.691529 -84.00025 492.2383 -9.691529 -84.00025 494.2383 -13.16495 -84.00025 494.5422 -13.19153 -84.00025 494.2383 -13.19153 -84.00025 492.2383 -27.44153 -83.00025 521.2383 -27.44153 -9.000245 521.2383 -27.44153 -83.00025 518.2383 -27.44153 -9.000245 518.2383 24.55847 -83.00025 518.2383 24.55847 -9.000245 518.2383 24.55847 -9.000245 521.2383 24.55847 -83.00025 521.2383 24.55847 -8.8266 521.2535 24.55847 -8.305665 518.299 24.55847 -8.658234 521.2986 24.55847 -7.632172 518.4795 24.55847 -8.500245 521.3723 24.55847 -7.000244 518.7742 24.55847 -8.357468 521.4722 24.55847 -6.429092 519.1741 24.55847 -8.234192 521.5955 24.55847 -5.936066 519.6671 24.55847 -8.134217 521.7383 24.55847 -5.536148 520.2383 24.55847 -8.060563 521.8963 24.55847 -5.241486 520.8702 24.55847 -8.015442 522.0646 24.55847 -5.06102 521.5437 24.55847 -8.000245 522.2383 24.55847 -5.000244 522.2383 -27.44153 -8.000245 522.2383 -27.44153 -5.000244 522.2383 -27.44153 -8.015442 522.0646 -27.44153 -5.06102 521.5437 -27.44153 -8.060563 521.8963 -27.44153 -5.241486 520.8702 -27.44153 -8.134217 521.7383 -27.44153 -5.536148 520.2383 -27.44153 -8.234192 521.5955 -27.44153 -5.936066 519.6671 -27.44153 -8.357468 521.4722 -27.44153 -6.429092 519.1741 -27.44153 -8.500245 521.3723 -27.44153 -7.000244 518.7742 -27.44153 -8.658234 521.2986 -27.44153 -7.632172 518.4795 -27.44153 -8.8266 521.2535 -27.44153 -8.305665 518.299 7.558472 -5.000244 522.2383 -24.26653 -5.000244 522.2383 -10.44153 -5.000244 522.2383 7.558472 -8.000245 522.2383 -10.44153 -8.000245 522.2383 -24.26653 -8.000245 522.2383 -27.44153 -8.000245 538.2383 -27.44153 -5.000244 538.2383 -27.44153 -8.000245 533.2383 -27.44153 -5.000244 533.2383 -27.44153 -8.000245 524.4133 -27.44153 -5.000244 524.4133 24.55847 -8.000245 524.4133 24.55847 -5.000244 524.4133 24.55847 -8.000245 533.2383 24.55847 -5.000244 533.2383 24.55847 -8.000245 538.2383 24.55847 -5.000244 538.2383 -1.155014 -5.000244 529.8632 -1.441528 -5.000244 529.8883 7.558472 -5.000244 533.2383 16.84499 -5.000244 529.8632 16.55847 -5.000244 529.8883 18.1834 -5.000244 538.5248 18.10896 -5.000244 538.8026 23.8886 -5.000244 540.7383 17.1228 -5.000244 539.7888 16.84499 -5.000244 539.8632 19.55847 -5.000244 543.2383 15.00798 -5.000244 538.8026 14.93354 -5.000244 538.5248 7.558472 -5.000244 538.2383 23.3887 -5.000244 541.4522 17.98741 -5.000244 539.0632 22.77241 -5.000244 542.0685 22.05847 -5.000244 542.5684 17.82244 -5.000244 539.2988 21.26857 -5.000244 542.9367 17.61907 -5.000244 539.5023 20.42671 -5.000244 543.1623 15.73347 -5.000244 539.6672 15.49787 -5.000244 539.5023 7.558472 -5.000244 543.2383 15.2945 -5.000244 539.2988 15.12953 -5.000244 539.0632 17.38347 -5.000244 539.6672 16.55847 -5.000244 539.8883 16.27195 -5.000244 539.8632 15.99414 -5.000244 539.7888 -19.44153 -5.000244 539.8883 -19.72804 -5.000244 539.8632 -22.44153 -5.000244 543.2383 -17.89104 -5.000244 538.8026 -18.01259 -5.000244 539.0632 -10.44153 -5.000244 543.2383 -18.17755 -5.000244 539.2988 -18.38094 -5.000244 539.5023 -18.61653 -5.000244 539.6672 -18.8772 -5.000244 539.7888 -19.15501 -5.000244 539.8632 -17.81659 -5.000244 538.5248 -10.44153 -5.000244 538.2383 -17.79154 -5.000244 538.2383 -20.70551 -5.000244 539.2988 -24.15163 -5.000244 542.9367 -20.50212 -5.000244 539.5023 -23.30977 -5.000244 543.1623 -20.26653 -5.000244 539.6672 -20.00586 -5.000244 539.7888 -20.87047 -5.000244 539.0632 -20.99202 -5.000244 538.8026 -24.26653 -5.000244 538.2383 -21.06647 -5.000244 538.5248 -21.09152 -5.000244 538.2383 -26.27174 -5.000244 541.4522 -25.65547 -5.000244 542.0685 -24.94153 -5.000244 542.5684 -27.36557 -5.000244 539.1065 -27.13998 -5.000244 539.9484 -26.77165 -5.000244 540.7383 0.2084655 -5.000244 538.2383 0.1834106 -5.000244 538.5248 0.108963 -5.000244 538.8026 -1.155014 -5.000244 539.8632 -1.441528 -5.000244 539.8883 -1.728043 -5.000244 539.8632 -2.005859 -5.000244 539.7888 -0.0125885 -5.000244 539.0632 -0.1775512 -5.000244 539.2988 -0.3809357 -5.000244 539.5023 -2.266525 -5.000244 539.6672 -2.502121 -5.000244 539.5023 -2.705505 -5.000244 539.2988 -0.6165314 -5.000244 539.6672 -0.8771973 -5.000244 539.7888 -3.066467 -5.000244 538.5248 -2.99202 -5.000244 538.8026 -2.870468 -5.000244 539.0632 -2.870468 -5.000244 537.4133 -2.705505 -5.000244 537.1777 -10.44153 -5.000244 533.2383 -3.091522 -5.000244 538.2383 -3.066467 -5.000244 537.9517 -2.99202 -5.000244 537.674 -2.502121 -5.000244 536.9743 -2.266525 -5.000244 536.8093 -2.005859 -5.000244 536.6878 -0.8771973 -5.000244 536.6878 -0.6165314 -5.000244 536.8093 -0.3809357 -5.000244 536.9743 -0.1775512 -5.000244 537.1777 -0.0125885 -5.000244 537.4133 0.108963 -5.000244 537.674 0.1834106 -5.000244 537.9517 -1.728043 -5.000244 536.6134 -1.441528 -5.000244 536.5883 -1.155014 -5.000244 536.6134 14.90847 -5.000244 538.2383 14.93354 -5.000244 537.9517 15.00798 -5.000244 537.674 15.12953 -5.000244 537.4133 18.10896 -5.000244 537.674 15.73347 -5.000244 536.8093 15.99414 -5.000244 536.6878 24.25694 -5.000244 539.9484 24.48251 -5.000244 539.1065 18.20847 -5.000244 538.2383 18.1834 -5.000244 537.9517 15.2945 -5.000244 537.1777 15.49787 -5.000244 536.9743 17.61907 -5.000244 536.9743 17.38347 -5.000244 536.8093 17.1228 -5.000244 536.6878 17.82244 -5.000244 537.1777 17.98741 -5.000244 537.4133 16.27195 -5.000244 536.6134 16.55847 -5.000244 536.5883 16.84499 -5.000244 536.6134 -20.70551 -5.000244 537.1777 -20.50212 -5.000244 536.9743 -24.26653 -5.000244 533.2383 -20.26653 -5.000244 536.8093 -20.00586 -5.000244 536.6878 -19.72804 -5.000244 536.6134 -19.44153 -5.000244 536.5883 -19.15501 -5.000244 536.6134 -18.8772 -5.000244 536.6878 -18.61653 -5.000244 536.8093 -18.38094 -5.000244 536.9743 -18.17755 -5.000244 537.1777 -21.06647 -5.000244 537.9517 -20.99202 -5.000244 537.674 -20.87047 -5.000244 537.4133 -18.01259 -5.000244 537.4133 -17.89104 -5.000244 537.674 -17.81659 -5.000244 537.9517 15.99414 -5.000244 529.7888 15.73347 -5.000244 529.6672 14.93354 -5.000244 527.9517 15.00798 -5.000244 527.674 7.558472 -5.000244 524.4133 15.12953 -5.000244 527.4133 15.2945 -5.000244 527.1777 16.27195 -5.000244 529.8632 15.49787 -5.000244 529.5023 15.2945 -5.000244 529.2988 15.12953 -5.000244 529.0632 15.00798 -5.000244 528.8026 14.93354 -5.000244 528.5248 14.90847 -5.000244 528.2383 17.38347 -5.000244 526.8093 17.61907 -5.000244 526.9743 15.49787 -5.000244 526.9743 15.73347 -5.000244 526.8093 15.99414 -5.000244 526.6878 17.1228 -5.000244 526.6878 17.82244 -5.000244 527.1777 17.98741 -5.000244 527.4133 18.10896 -5.000244 527.674 18.1834 -5.000244 527.9517 18.20847 -5.000244 528.2383 18.1834 -5.000244 528.5248 18.10896 -5.000244 528.8026 17.98741 -5.000244 529.0632 17.82244 -5.000244 529.2988 17.61907 -5.000244 529.5023 17.38347 -5.000244 529.6672 17.1228 -5.000244 529.7888 16.27195 -5.000244 526.6134 16.55847 -5.000244 526.5883 16.84499 -5.000244 526.6134 -3.066467 -5.000244 528.5248 -10.44153 -5.000244 524.4133 -3.091522 -5.000244 528.2383 -3.066467 -5.000244 527.9517 0.1834106 -5.000244 528.5248 0.108963 -5.000244 528.8026 -2.705505 -5.000244 529.2988 -2.870468 -5.000244 529.0632 -2.99202 -5.000244 528.8026 0.2084655 -5.000244 528.2383 0.1834106 -5.000244 527.9517 -1.728043 -5.000244 529.8632 -2.005859 -5.000244 529.7888 -2.266525 -5.000244 529.6672 -2.502121 -5.000244 529.5023 -0.0125885 -5.000244 529.0632 -0.1775512 -5.000244 529.2988 -0.3809357 -5.000244 529.5023 -2.99202 -5.000244 527.674 -2.870468 -5.000244 527.4133 -2.705505 -5.000244 527.1777 -2.502121 -5.000244 526.9743 -2.266525 -5.000244 526.8093 -2.005859 -5.000244 526.6878 -1.728043 -5.000244 526.6134 -1.441528 -5.000244 526.5883 -1.155014 -5.000244 526.6134 -0.8771973 -5.000244 526.6878 -0.6165314 -5.000244 526.8093 -0.3809357 -5.000244 526.9743 -0.1775512 -5.000244 527.1777 -0.0125885 -5.000244 527.4133 0.108963 -5.000244 527.674 -0.6165314 -5.000244 529.6672 -0.8771973 -5.000244 529.7888 -20.26653 -5.000244 529.6672 -20.00586 -5.000244 529.7888 -19.72804 -5.000244 529.8632 -20.50212 -5.000244 529.5023 -20.70551 -5.000244 529.2988 -20.87047 -5.000244 529.0632 -21.09152 -5.000244 528.2383 -24.26653 -5.000244 524.4133 -21.06647 -5.000244 528.5248 -20.99202 -5.000244 528.8026 -17.89104 -5.000244 528.8026 -18.01259 -5.000244 529.0632 -21.06647 -5.000244 527.9517 -20.99202 -5.000244 527.674 -20.87047 -5.000244 527.4133 -20.26653 -5.000244 526.8093 -20.00586 -5.000244 526.6878 -18.38094 -5.000244 526.9743 -18.61653 -5.000244 526.8093 -18.8772 -5.000244 526.6878 -18.17755 -5.000244 527.1777 -18.01259 -5.000244 527.4133 -17.89104 -5.000244 527.674 -20.70551 -5.000244 527.1777 -20.50212 -5.000244 526.9743 -17.81659 -5.000244 527.9517 -17.79154 -5.000244 528.2383 -17.81659 -5.000244 528.5248 -18.17755 -5.000244 529.2988 -18.38094 -5.000244 529.5023 -18.61653 -5.000244 529.6672 -19.72804 -5.000244 526.6134 -19.44153 -5.000244 526.5883 -19.15501 -5.000244 526.6134 -18.8772 -5.000244 529.7888 -19.15501 -5.000244 529.8632 -19.44153 -5.000244 529.8883 -21.06647 -8.000245 537.9517 -21.09152 -8.000245 538.2383 -24.26653 -8.000245 538.2383 15.00798 -8.000245 538.8026 7.558472 -8.000245 543.2383 14.93354 -8.000245 538.5248 7.558472 -8.000245 538.2383 14.90847 -8.000245 538.2383 14.93354 -8.000245 537.9517 16.55847 -8.000245 539.8883 16.84499 -8.000245 539.8632 19.55847 -8.000245 543.2383 15.12953 -8.000245 539.0632 15.2945 -8.000245 539.2988 15.49787 -8.000245 539.5023 15.73347 -8.000245 539.6672 15.99414 -8.000245 539.7888 16.27195 -8.000245 539.8632 18.10896 -8.000245 538.8026 23.3887 -8.000245 541.4522 17.98741 -8.000245 539.0632 22.77241 -8.000245 542.0685 17.82244 -8.000245 539.2988 17.1228 -8.000245 539.7888 17.38347 -8.000245 539.6672 20.42671 -8.000245 543.1623 17.61907 -8.000245 539.5023 21.26857 -8.000245 542.9367 22.05847 -8.000245 542.5684 -25.65547 -8.000245 542.0685 -24.94153 -8.000245 542.5684 -24.15163 -8.000245 542.9367 -26.27174 -8.000245 541.4522 -26.77165 -8.000245 540.7383 -27.13998 -8.000245 539.9484 -20.00586 -8.000245 539.7888 -19.72804 -8.000245 539.8632 -22.44153 -8.000245 543.2383 -21.06647 -8.000245 538.5248 -20.99202 -8.000245 538.8026 -18.8772 -8.000245 539.7888 -10.44153 -8.000245 543.2383 -19.15501 -8.000245 539.8632 -19.44153 -8.000245 539.8883 -18.61653 -8.000245 539.6672 -18.38094 -8.000245 539.5023 -18.17755 -8.000245 539.2988 -20.87047 -8.000245 539.0632 -20.70551 -8.000245 539.2988 -23.30977 -8.000245 543.1623 -20.50212 -8.000245 539.5023 -20.26653 -8.000245 539.6672 -18.01259 -8.000245 539.0632 -17.89104 -8.000245 538.8026 -10.44153 -8.000245 538.2383 -17.81659 -8.000245 538.5248 -3.091522 -8.000245 538.2383 -3.066467 -8.000245 538.5248 -2.005859 -8.000245 539.7888 -1.728043 -8.000245 539.8632 -1.441528 -8.000245 539.8883 -1.155014 -8.000245 539.8632 -0.8771973 -8.000245 539.7888 -2.870468 -8.000245 539.0632 -2.705505 -8.000245 539.2988 -0.6165314 -8.000245 539.6672 -0.3809357 -8.000245 539.5023 -0.1775512 -8.000245 539.2988 -2.99202 -8.000245 538.8026 -2.502121 -8.000245 539.5023 -2.266525 -8.000245 539.6672 -0.0125885 -8.000245 539.0632 0.108963 -8.000245 538.8026 0.1834106 -8.000245 538.5248 0.2084655 -8.000245 538.2383 0.1834106 -8.000245 537.9517 0.108963 -8.000245 537.674 7.558472 -8.000245 533.2383 -0.0125885 -8.000245 537.4133 -0.1775512 -8.000245 537.1777 -2.005859 -8.000245 536.6878 -2.266525 -8.000245 536.8093 -10.44153 -8.000245 533.2383 -2.502121 -8.000245 536.9743 -2.705505 -8.000245 537.1777 -2.870468 -8.000245 537.4133 -2.99202 -8.000245 537.674 -3.066467 -8.000245 537.9517 -0.3809357 -8.000245 536.9743 -0.6165314 -8.000245 536.8093 -0.8771973 -8.000245 536.6878 -1.155014 -8.000245 536.6134 -1.441528 -8.000245 536.5883 -1.728043 -8.000245 536.6134 18.10896 -8.000245 537.674 18.1834 -8.000245 537.9517 18.20847 -8.000245 538.2383 24.48251 -8.000245 539.1065 18.1834 -8.000245 538.5248 24.25694 -8.000245 539.9484 23.8886 -8.000245 540.7383 15.73347 -8.000245 536.8093 15.49787 -8.000245 536.9743 15.00798 -8.000245 537.674 17.98741 -8.000245 537.4133 17.82244 -8.000245 537.1777 17.61907 -8.000245 536.9743 17.38347 -8.000245 536.8093 17.1228 -8.000245 536.6878 16.84499 -8.000245 536.6134 16.55847 -8.000245 536.5883 16.27195 -8.000245 536.6134 15.99414 -8.000245 536.6878 15.2945 -8.000245 537.1777 15.12953 -8.000245 537.4133 -18.01259 -8.000245 537.4133 -18.17755 -8.000245 537.1777 -18.38094 -8.000245 536.9743 -18.61653 -8.000245 536.8093 -18.8772 -8.000245 536.6878 -19.15501 -8.000245 536.6134 -24.26653 -8.000245 533.2383 -19.44153 -8.000245 536.5883 -19.72804 -8.000245 536.6134 -20.00586 -8.000245 536.6878 -20.26653 -8.000245 536.8093 -20.50212 -8.000245 536.9743 -20.70551 -8.000245 537.1777 -20.87047 -8.000245 537.4133 -20.99202 -8.000245 537.674 -17.79154 -8.000245 538.2383 -17.81659 -8.000245 537.9517 -17.89104 -8.000245 537.674 -24.26653 -8.000245 524.4133 -27.36557 -8.000245 539.1065 -18.8772 -8.000245 529.7888 -18.61653 -8.000245 529.6672 -18.38094 -8.000245 529.5023 -18.17755 -8.000245 529.2988 -20.87047 -8.000245 529.0632 -20.70551 -8.000245 529.2988 -18.01259 -8.000245 529.0632 -17.89104 -8.000245 528.8026 -17.81659 -8.000245 528.5248 -10.44153 -8.000245 524.4133 -17.89104 -8.000245 527.674 -18.01259 -8.000245 527.4133 -19.72804 -8.000245 526.6134 -20.00586 -8.000245 526.6878 -20.26653 -8.000245 526.8093 -20.50212 -8.000245 526.9743 -20.70551 -8.000245 527.1777 -20.87047 -8.000245 527.4133 -20.99202 -8.000245 527.674 -20.99202 -8.000245 528.8026 -20.00586 -8.000245 529.7888 -19.72804 -8.000245 529.8632 -19.44153 -8.000245 529.8883 -19.15501 -8.000245 529.8632 -17.79154 -8.000245 528.2383 -17.81659 -8.000245 527.9517 -18.17755 -8.000245 527.1777 -18.38094 -8.000245 526.9743 -18.61653 -8.000245 526.8093 -18.8772 -8.000245 526.6878 -19.15501 -8.000245 526.6134 -19.44153 -8.000245 526.5883 -20.50212 -8.000245 529.5023 -20.26653 -8.000245 529.6672 -21.06647 -8.000245 527.9517 -21.09152 -8.000245 528.2383 -21.06647 -8.000245 528.5248 -3.066467 -8.000245 527.9517 -3.091522 -8.000245 528.2383 -3.066467 -8.000245 528.5248 -0.8771973 -8.000245 529.7888 -0.6165314 -8.000245 529.6672 -0.3809357 -8.000245 529.5023 -0.1775512 -8.000245 529.2988 0.1834106 -8.000245 528.5248 7.558472 -8.000245 524.4133 0.2084655 -8.000245 528.2383 0.1834106 -8.000245 527.9517 -2.705505 -8.000245 527.1777 -2.870468 -8.000245 527.4133 -2.99202 -8.000245 527.674 -0.0125885 -8.000245 529.0632 0.108963 -8.000245 528.8026 0.108963 -8.000245 527.674 -0.0125885 -8.000245 527.4133 -0.1775512 -8.000245 527.1777 -2.005859 -8.000245 526.6878 -2.266525 -8.000245 526.8093 -2.502121 -8.000245 526.9743 -2.99202 -8.000245 528.8026 -2.870468 -8.000245 529.0632 -2.705505 -8.000245 529.2988 -0.3809357 -8.000245 526.9743 -0.6165314 -8.000245 526.8093 -0.8771973 -8.000245 526.6878 -1.155014 -8.000245 526.6134 -1.441528 -8.000245 526.5883 -1.728043 -8.000245 526.6134 -2.502121 -8.000245 529.5023 -2.266525 -8.000245 529.6672 -2.005859 -8.000245 529.7888 -1.728043 -8.000245 529.8632 -1.441528 -8.000245 529.8883 -1.155014 -8.000245 529.8632 15.49787 -8.000245 526.9743 15.2945 -8.000245 527.1777 15.12953 -8.000245 527.4133 15.00798 -8.000245 527.674 18.10896 -8.000245 527.674 17.98741 -8.000245 527.4133 18.1834 -8.000245 527.9517 16.27195 -8.000245 526.6134 16.55847 -8.000245 526.5883 15.99414 -8.000245 526.6878 15.73347 -8.000245 526.8093 14.93354 -8.000245 527.9517 14.90847 -8.000245 528.2383 14.93354 -8.000245 528.5248 15.00798 -8.000245 528.8026 17.82244 -8.000245 527.1777 17.61907 -8.000245 526.9743 17.38347 -8.000245 526.8093 17.1228 -8.000245 526.6878 16.84499 -8.000245 526.6134 15.12953 -8.000245 529.0632 15.2945 -8.000245 529.2988 15.49787 -8.000245 529.5023 15.73347 -8.000245 529.6672 15.99414 -8.000245 529.7888 16.27195 -8.000245 529.8632 16.55847 -8.000245 529.8883 16.84499 -8.000245 529.8632 17.1228 -8.000245 529.7888 17.38347 -8.000245 529.6672 17.61907 -8.000245 529.5023 17.82244 -8.000245 529.2988 17.98741 -8.000245 529.0632 18.10896 -8.000245 528.8026 18.1834 -8.000245 528.5248 18.20847 -8.000245 528.2383 24.55847 -83.17389 518.2231 24.55847 -83.69484 521.1775 24.55847 -83.34227 518.178 24.55847 -84.36833 520.997 24.55847 -83.50025 518.1043 24.55847 -85.00025 520.7023 24.55847 -83.64304 518.0043 24.55847 -85.5714 520.3024 24.55847 -83.7663 517.8811 24.55847 -86.06443 519.8094 24.55847 -83.86627 517.7383 24.55847 -86.46436 519.2383 24.55847 -83.93994 517.5803 24.55847 -86.75902 518.6063 24.55847 -83.98506 517.4119 24.55847 -86.93949 517.9329 -27.44153 -83.98506 517.4119 -27.44153 -86.93949 517.9329 -27.44153 -83.93994 517.5803 -27.44153 -86.75902 518.6063 -27.44153 -83.86627 517.7383 -27.44153 -86.46436 519.2383 -27.44153 -83.7663 517.8811 -27.44153 -86.06443 519.8094 -27.44153 -83.64304 518.0043 -27.44153 -85.5714 520.3024 -27.44153 -83.50025 518.1043 -27.44153 -85.00025 520.7023 -27.44153 -83.34227 518.178 -27.44153 -84.36833 520.997 -27.44153 -83.17389 518.2231 -27.44153 -83.69484 521.1775 24.55847 -83.98793 461.0819 24.55847 -86.95101 460.6126 24.55847 -83.95131 460.9293 24.55847 -86.80448 460.0022 24.55847 -83.89125 460.7843 24.55847 -86.56427 459.4223 24.55847 -83.80927 460.6505 24.55847 -86.23632 458.8872 24.55847 -83.70735 460.5312 24.55847 -85.82868 458.4099 24.55847 -83.58803 460.4293 24.55847 -85.3514 458.0022 24.55847 -83.45424 460.3473 24.55847 -84.81621 457.6743 24.55847 -83.30927 460.2872 24.55847 -84.23632 457.4341 24.55847 -83.15668 460.2506 24.55847 -83.62599 457.2875 24.55847 -83.00025 460.2383 24.55847 -83.00025 457.2383 -27.44153 -83.00025 460.2383 -27.44153 -83.00025 457.2383 -27.44153 -83.15668 460.2506 -27.44153 -83.62599 457.2875 -27.44153 -83.30927 460.2872 -27.44153 -84.23632 457.4341 -27.44153 -83.45424 460.3473 -27.44153 -84.81621 457.6743 -27.44153 -83.58803 460.4293 -27.44153 -85.3514 458.0022 -27.44153 -83.70735 460.5312 -27.44153 -85.82868 458.4099 -27.44153 -83.80927 460.6505 -27.44153 -86.23632 458.8872 -27.44153 -83.89125 460.7843 -27.44153 -86.56427 459.4223 -27.44153 -83.95131 460.9293 -27.44153 -86.80448 460.0022 -27.44153 -83.98793 461.0819 -27.44153 -86.95101 460.6126 -27.44153 -61.00024 460.2383 24.55847 -61.00024 460.2383 19.19381 -63.06834 457.2383 19.55847 -63.10025 457.2383 19.92313 -63.06834 457.2383 20.27671 -62.9736 457.2383 20.60848 -62.81889 457.2383 -21.09168 -62.60893 457.2383 -20.83284 -62.3501 457.2383 18.20862 -59.39155 457.2383 -23.79138 -62.60893 457.2383 -23.49153 -62.81889 457.2383 20.90833 -62.60893 457.2383 21.16717 -62.3501 457.2383 21.37712 -62.05025 457.2383 21.53183 -61.71849 457.2383 21.62657 -61.36491 457.2383 21.65847 -61.00024 457.2383 21.62657 -60.63559 457.2383 21.53183 -60.282 457.2383 21.37712 -59.95024 457.2383 23.3887 -57.7863 457.2383 21.16717 -59.65039 457.2383 20.90833 -59.39155 457.2383 20.60848 -59.18159 457.2383 20.27671 -59.02688 457.2383 19.92313 -58.93214 457.2383 19.55847 -58.90025 457.2383 19.19381 -58.93214 457.2383 -21.39153 -62.81889 457.2383 -20.62288 -62.05025 457.2383 -20.46817 -61.71849 457.2383 -20.37343 -61.36491 457.2383 17.94978 -59.65039 457.2383 17.73982 -59.95024 457.2383 -22.07687 -63.06834 457.2383 17.58511 -60.282 457.2383 -22.44153 -63.10025 457.2383 17.49037 -60.63559 457.2383 17.45847 -61.00024 457.2383 -21.72328 -62.9736 457.2383 -20.62288 -59.95024 457.2383 -20.83284 -59.65039 457.2383 -21.09168 -59.39155 457.2383 -21.39153 -59.18159 457.2383 -21.72328 -59.02688 457.2383 -23.15978 -62.9736 457.2383 -22.80618 -63.06834 457.2383 17.94978 -62.3501 457.2383 18.20862 -62.60893 457.2383 18.50847 -62.81889 457.2383 18.84023 -62.9736 457.2383 17.49037 -61.36491 457.2383 17.58511 -61.71849 457.2383 17.73982 -62.05025 457.2383 18.84023 -59.02688 457.2383 18.50847 -59.18159 457.2383 -24.50963 -61.36491 457.2383 -24.41489 -61.71849 457.2383 -24.26018 -62.05025 457.2383 -24.05022 -62.3501 457.2383 -20.34152 -61.00024 457.2383 -20.37343 -60.63559 457.2383 -20.46817 -60.282 457.2383 -22.07687 -58.93214 457.2383 -22.44153 -58.90025 457.2383 -22.80618 -58.93214 457.2383 -23.15978 -59.02688 457.2383 -23.49153 -59.18159 457.2383 -23.79138 -59.39155 457.2383 -26.27174 -57.7863 457.2383 -24.05022 -59.65039 457.2383 -24.26018 -59.95024 457.2383 -24.41489 -60.282 457.2383 -24.50963 -60.63559 457.2383 -24.54154 -61.00024 457.2383 -22.07687 -63.06834 460.2383 -22.44153 -63.10025 460.2383 18.84023 -62.9736 460.2383 18.50847 -62.81889 460.2383 -22.07687 -58.93214 460.2383 18.20862 -62.60893 460.2383 17.94978 -62.3501 460.2383 17.49037 -60.63559 460.2383 17.58511 -60.282 460.2383 -22.44153 -56.00024 460.2383 17.73982 -59.95024 460.2383 20.90833 -62.60893 460.2383 20.60848 -62.81889 460.2383 20.27671 -62.9736 460.2383 -21.09168 -59.39155 460.2383 -20.83284 -59.65039 460.2383 19.19381 -63.06834 460.2383 17.73982 -62.05025 460.2383 17.58511 -61.71849 460.2383 -22.44153 -58.90025 460.2383 17.49037 -61.36491 460.2383 17.45847 -61.00024 460.2383 -21.39153 -59.18159 460.2383 -20.37343 -61.36491 460.2383 -20.46817 -61.71849 460.2383 -20.62288 -62.05025 460.2383 -20.83284 -62.3501 460.2383 21.62657 -61.36491 460.2383 21.53183 -61.71849 460.2383 21.37712 -62.05025 460.2383 21.16717 -62.3501 460.2383 -21.72328 -59.02688 460.2383 -20.62288 -59.95024 460.2383 -20.46817 -60.282 460.2383 -20.37343 -60.63559 460.2383 -20.34152 -61.00024 460.2383 19.55847 -63.10025 460.2383 19.92313 -63.06834 460.2383 -21.09168 -62.60893 460.2383 -21.39153 -62.81889 460.2383 -21.72328 -62.9736 460.2383 -22.80618 -63.06834 460.2383 -23.15978 -62.9736 460.2383 -23.49153 -62.81889 460.2383 17.94978 -59.65039 460.2383 18.20862 -59.39155 460.2383 19.55847 -56.00024 460.2383 18.50847 -59.18159 460.2383 18.84023 -59.02688 460.2383 19.19381 -58.93214 460.2383 19.55847 -58.90025 460.2383 20.42671 -56.0762 460.2383 19.92313 -58.93214 460.2383 21.26857 -56.30179 460.2383 20.27671 -59.02688 460.2383 22.05847 -56.67012 460.2383 20.60848 -59.18159 460.2383 22.77241 -57.17003 460.2383 20.90833 -59.39155 460.2383 23.3887 -57.7863 460.2383 21.16717 -59.65039 460.2383 23.8886 -58.50024 460.2383 21.37712 -59.95024 460.2383 24.25694 -59.29014 460.2383 21.53183 -60.282 460.2383 24.48251 -60.132 460.2383 21.62657 -60.63559 460.2383 21.65847 -61.00024 460.2383 -23.79138 -62.60893 460.2383 -24.05022 -62.3501 460.2383 -24.26018 -62.05025 460.2383 -24.41489 -61.71849 460.2383 -22.80618 -58.93214 460.2383 -23.30977 -56.0762 460.2383 -23.15978 -59.02688 460.2383 -24.15163 -56.30179 460.2383 -23.49153 -59.18159 460.2383 -24.94153 -56.67012 460.2383 -23.79138 -59.39155 460.2383 -25.65547 -57.17003 460.2383 -24.05022 -59.65039 460.2383 -26.27174 -57.7863 460.2383 -24.26018 -59.95024 460.2383 -26.77165 -58.50024 460.2383 -24.41489 -60.282 460.2383 -27.13998 -59.29014 460.2383 -24.50963 -60.63559 460.2383 -27.36557 -60.132 460.2383 -24.54154 -61.00024 460.2383 -24.50963 -61.36491 460.2383 -9.92598 -87.00025 -508.6367 -10.10095 -87.00025 -508.8866 24.55847 -87.00025 -510.7617 9.157006 -87.00025 -504.1173 9.433472 -87.00025 -504.2462 24.55847 -87.00025 -454.7617 -10.56653 -87.00025 -484.2462 -10.31665 -87.00025 -484.4212 -10.10095 -87.00025 -484.6369 -9.92598 -87.00025 -484.8867 -9.691529 -87.00025 -505.7617 -9.691529 -87.00025 -507.7617 8.254586 -87.00025 -509.4851 -9.71811 -87.00025 -508.0656 8.558472 -87.00025 -509.5117 9.157006 -87.00025 -484.1173 9.433472 -87.00025 -484.2462 -27.44153 -87.00025 -510.7617 -12.95708 -87.00025 -508.6367 -13.08598 -87.00025 -508.3603 -12.7821 -87.00025 -484.6369 -12.56641 -87.00025 -484.4212 -27.44153 -87.00025 -454.7617 -9.797059 -87.00025 -508.3603 -13.16495 -87.00025 -508.0656 -13.19153 -87.00025 -507.7617 -13.19153 -87.00025 -505.7617 -9.71811 -87.00025 -488.0656 -9.797059 -87.00025 -488.3603 -11.44153 -87.00025 -504.0117 -9.92598 -87.00025 -488.6367 -10.10095 -87.00025 -488.8866 -12.31653 -87.00025 -484.2462 -12.04005 -87.00025 -484.1173 -11.74541 -87.00025 -484.0383 -11.44153 -87.00025 -484.0117 -11.13765 -87.00025 -484.0383 -10.84299 -87.00025 -484.1173 10.07401 -87.00025 -488.6367 6.83506 -87.00025 -505.4578 10.20293 -87.00025 -488.3603 6.914009 -87.00025 -505.1632 10.28188 -87.00025 -488.0656 7.042931 -87.00025 -504.8867 7.217895 -87.00025 -504.6369 7.433594 -87.00025 -504.4212 7.683472 -87.00025 -504.2462 7.959938 -87.00025 -504.1173 7.683472 -87.00025 -509.2773 7.433594 -87.00025 -509.1023 -9.71811 -87.00025 -505.4578 7.217895 -87.00025 -508.8866 7.042931 -87.00025 -508.6367 6.914009 -87.00025 -508.3603 9.899048 -87.00025 -488.8866 9.68335 -87.00025 -489.1023 9.433472 -87.00025 -489.2773 6.914009 -87.00025 -485.1632 7.042931 -87.00025 -484.8867 -9.71811 -87.00025 -485.4578 7.217895 -87.00025 -484.6369 -9.797059 -87.00025 -485.1632 8.558472 -87.00025 -484.0117 8.254586 -87.00025 -484.0383 7.959938 -87.00025 -484.1173 8.862359 -87.00025 -484.0383 9.68335 -87.00025 -504.4212 9.899048 -87.00025 -504.6369 10.07401 -87.00025 -504.8867 10.20293 -87.00025 -505.1632 -13.16495 -87.00025 -485.4578 -13.08598 -87.00025 -485.1632 -12.95708 -87.00025 -484.8867 7.959938 -87.00025 -509.4062 9.157006 -87.00025 -489.4062 8.862359 -87.00025 -489.4851 8.558472 -87.00025 -489.5117 7.433594 -87.00025 -484.4212 7.683472 -87.00025 -484.2462 9.68335 -87.00025 -484.4212 9.899048 -87.00025 -484.6369 10.07401 -87.00025 -484.8867 10.28188 -87.00025 -505.4578 10.30847 -87.00025 -505.7617 10.30847 -87.00025 -507.7617 10.28188 -87.00025 -508.0656 10.20293 -87.00025 -508.3603 10.07401 -87.00025 -508.6367 9.433472 -87.00025 -509.2773 9.157006 -87.00025 -509.4062 -10.31665 -87.00025 -509.1023 -10.56653 -87.00025 -509.2773 -10.84299 -87.00025 -509.4062 -12.04005 -87.00025 -509.4062 -12.31653 -87.00025 -509.2773 -13.16495 -87.00025 -488.0656 -13.19153 -87.00025 -487.7617 -13.19153 -87.00025 -485.7617 8.254586 -87.00025 -489.4851 -9.92598 -87.00025 -504.8867 -9.797059 -87.00025 -505.1632 8.254586 -87.00025 -504.0383 8.558472 -87.00025 -504.0117 8.862359 -87.00025 -504.0383 -12.56641 -87.00025 -509.1023 -12.7821 -87.00025 -508.8866 -12.7821 -87.00025 -504.6369 -12.56641 -87.00025 -504.4212 6.83506 -87.00025 -508.0656 6.808472 -87.00025 -507.7617 6.808472 -87.00025 -505.7617 9.899048 -87.00025 -508.8866 9.68335 -87.00025 -509.1023 8.862359 -87.00025 -509.4851 -11.13765 -87.00025 -509.4851 -11.44153 -87.00025 -509.5117 -11.74541 -87.00025 -509.4851 -13.16495 -87.00025 -505.4578 -13.08598 -87.00025 -505.1632 -12.95708 -87.00025 -504.8867 -10.31665 -87.00025 -489.1023 -10.56653 -87.00025 -489.2773 -10.84299 -87.00025 -489.4062 -12.31653 -87.00025 -504.2462 -12.04005 -87.00025 -504.1173 -11.74541 -87.00025 -504.0383 -13.08598 -87.00025 -488.3603 -12.95708 -87.00025 -488.6367 -11.13765 -87.00025 -504.0383 7.042931 -87.00025 -488.6367 6.914009 -87.00025 -488.3603 6.83506 -87.00025 -488.0656 -9.691529 -87.00025 -487.7617 6.808472 -87.00025 -487.7617 -9.691529 -87.00025 -485.7617 6.808472 -87.00025 -485.7617 6.83506 -87.00025 -485.4578 -12.04005 -87.00025 -489.4062 -12.31653 -87.00025 -489.2773 -10.84299 -87.00025 -504.1173 -10.56653 -87.00025 -504.2462 -10.31665 -87.00025 -504.4212 10.20293 -87.00025 -485.1632 10.28188 -87.00025 -485.4578 10.30847 -87.00025 -485.7617 -12.56641 -87.00025 -489.1023 -12.7821 -87.00025 -488.8866 10.30847 -87.00025 -487.7617 -11.13765 -87.00025 -489.4851 -11.44153 -87.00025 -489.5117 -11.74541 -87.00025 -489.4851 7.959938 -87.00025 -489.4062 7.683472 -87.00025 -489.2773 -10.10095 -87.00025 -504.6369 7.433594 -87.00025 -489.1023 7.217895 -87.00025 -488.8866 24.55847 -84.00025 -510.7617 24.55847 -84.00025 -454.7617 -27.44153 -84.00025 -510.7617 -27.44153 -84.00025 -454.7617 -9.691529 -84.00025 -487.7617 -9.691529 -84.00025 -485.7617 8.254586 -84.00025 -484.0383 -9.71811 -84.00025 -485.4578 8.558472 -84.00025 -484.0117 -9.691529 -84.00025 -507.7617 8.254586 -84.00025 -504.0383 -9.71811 -84.00025 -508.0656 7.959938 -84.00025 -504.1173 7.683472 -84.00025 -504.2462 7.683472 -84.00025 -484.2462 7.433594 -84.00025 -484.4212 -9.71811 -84.00025 -488.0656 9.157006 -84.00025 -509.4062 8.862359 -84.00025 -509.4851 8.558472 -84.00025 -509.5117 9.68335 -84.00025 -489.1023 9.899048 -84.00025 -488.8866 10.07401 -84.00025 -488.6367 10.20293 -84.00025 -488.3603 -11.44153 -84.00025 -509.5117 -11.13765 -84.00025 -509.4851 -10.84299 -84.00025 -509.4062 -10.56653 -84.00025 -509.2773 -10.31665 -84.00025 -509.1023 -10.10095 -84.00025 -508.8866 -9.92598 -84.00025 -508.6367 -9.797059 -84.00025 -508.3603 -10.56653 -84.00025 -504.2462 -10.84299 -84.00025 -504.1173 -10.56653 -84.00025 -489.2773 9.433472 -84.00025 -504.2462 9.157006 -84.00025 -504.1173 8.862359 -84.00025 -504.0383 8.558472 -84.00025 -504.0117 7.959938 -84.00025 -484.1173 7.217895 -84.00025 -484.6369 7.042931 -84.00025 -484.8867 6.914009 -84.00025 -485.1632 8.558472 -84.00025 -489.5117 10.28188 -84.00025 -505.4578 10.20293 -84.00025 -505.1632 -10.31665 -84.00025 -489.1023 -10.10095 -84.00025 -488.8866 9.68335 -84.00025 -504.4212 -9.92598 -84.00025 -488.6367 9.433472 -84.00025 -509.2773 9.68335 -84.00025 -509.1023 9.899048 -84.00025 -508.8866 10.07401 -84.00025 -508.6367 10.20293 -84.00025 -508.3603 10.28188 -84.00025 -508.0656 -13.08598 -84.00025 -508.3603 -12.95708 -84.00025 -508.6367 -9.797059 -84.00025 -505.1632 -9.71811 -84.00025 -505.4578 -9.691529 -84.00025 -505.7617 7.433594 -84.00025 -504.4212 7.217895 -84.00025 -504.6369 7.042931 -84.00025 -504.8867 6.914009 -84.00025 -508.3603 7.042931 -84.00025 -508.6367 -12.56641 -84.00025 -484.4212 -12.7821 -84.00025 -484.6369 -12.95708 -84.00025 -484.8867 -13.08598 -84.00025 -485.1632 -13.16495 -84.00025 -485.4578 -13.16495 -84.00025 -505.4578 -13.19153 -84.00025 -505.7617 6.914009 -84.00025 -505.1632 6.83506 -84.00025 -505.4578 6.808472 -84.00025 -505.7617 -9.92598 -84.00025 -504.8867 -10.10095 -84.00025 -504.6369 -10.31665 -84.00025 -504.4212 -11.44153 -84.00025 -484.0117 -11.74541 -84.00025 -484.0383 -13.19153 -84.00025 -485.7617 -13.19153 -84.00025 -487.7617 -13.16495 -84.00025 -488.0656 -12.95708 -84.00025 -488.6367 -11.74541 -84.00025 -504.0383 -13.08598 -84.00025 -488.3603 -12.31653 -84.00025 -504.2462 -12.56641 -84.00025 -504.4212 -13.19153 -84.00025 -507.7617 -13.16495 -84.00025 -508.0656 6.808472 -84.00025 -507.7617 6.83506 -84.00025 -508.0656 -12.04005 -84.00025 -484.1173 -12.31653 -84.00025 -484.2462 -12.04005 -84.00025 -504.1173 -12.7821 -84.00025 -504.6369 -12.95708 -84.00025 -504.8867 -13.08598 -84.00025 -505.1632 -12.7821 -84.00025 -508.8866 -12.56641 -84.00025 -509.1023 -12.31653 -84.00025 -509.2773 7.683472 -84.00025 -509.2773 7.959938 -84.00025 -509.4062 8.254586 -84.00025 -509.4851 6.914009 -84.00025 -488.3603 6.83506 -84.00025 -488.0656 -9.797059 -84.00025 -488.3603 10.28188 -84.00025 -485.4578 10.20293 -84.00025 -485.1632 10.07401 -84.00025 -484.8867 9.899048 -84.00025 -484.6369 9.68335 -84.00025 -484.4212 9.433472 -84.00025 -484.2462 -12.7821 -84.00025 -488.8866 -12.56641 -84.00025 -489.1023 -12.31653 -84.00025 -489.2773 7.217895 -84.00025 -508.8866 7.433594 -84.00025 -509.1023 7.042931 -84.00025 -488.6367 7.217895 -84.00025 -488.8866 7.433594 -84.00025 -489.1023 7.683472 -84.00025 -489.2773 10.07401 -84.00025 -504.8867 9.899048 -84.00025 -504.6369 8.254586 -84.00025 -489.4851 7.959938 -84.00025 -489.4062 10.30847 -84.00025 -507.7617 10.30847 -84.00025 -505.7617 9.157006 -84.00025 -484.1173 8.862359 -84.00025 -484.0383 -12.04005 -84.00025 -489.4062 -11.74541 -84.00025 -489.4851 -11.44153 -84.00025 -504.0117 -11.44153 -84.00025 -489.5117 -11.13765 -84.00025 -504.0383 -11.13765 -84.00025 -489.4851 -10.84299 -84.00025 -489.4062 -12.04005 -84.00025 -509.4062 -11.74541 -84.00025 -509.4851 8.862359 -84.00025 -489.4851 9.157006 -84.00025 -489.4062 9.433472 -84.00025 -489.2773 -9.797059 -84.00025 -485.1632 -9.92598 -84.00025 -484.8867 -10.10095 -84.00025 -484.6369 -10.31665 -84.00025 -484.4212 -10.56653 -84.00025 -484.2462 -10.84299 -84.00025 -484.1173 -11.13765 -84.00025 -484.0383 6.83506 -84.00025 -485.4578 6.808472 -84.00025 -485.7617 6.808472 -84.00025 -487.7617 10.28188 -84.00025 -488.0656 10.30847 -84.00025 -487.7617 10.30847 -84.00025 -485.7617 24.55847 -83.00025 -514.7617 24.55847 -9.000245 -514.7617 24.55847 -83.00025 -511.7617 24.55847 -9.000245 -511.7617 -27.44153 -83.00025 -511.7617 -27.44153 -9.000245 -511.7617 -27.44153 -9.000245 -514.7617 -27.44153 -83.00025 -514.7617 -27.44153 -8.8266 -514.7769 -27.44153 -8.305665 -511.8225 -27.44153 -8.658234 -514.822 -27.44153 -7.632172 -512.003 -27.44153 -8.500245 -514.8957 -27.44153 -7.000244 -512.2977 -27.44153 -8.357468 -514.9957 -27.44153 -6.429092 -512.6976 -27.44153 -8.234192 -515.119 -27.44153 -5.936066 -513.1906 -27.44153 -8.134217 -515.2617 -27.44153 -5.536148 -513.7617 -27.44153 -8.060563 -515.4197 -27.44153 -5.241486 -514.3937 -27.44153 -8.015442 -515.5881 -27.44153 -5.06102 -515.0671 -27.44153 -8.000245 -515.7617 -27.44153 -5.000244 -515.7617 24.55847 -8.000245 -515.7617 24.55847 -5.000244 -515.7617 24.55847 -8.015442 -515.5881 24.55847 -5.06102 -515.0671 24.55847 -8.060563 -515.4197 24.55847 -5.241486 -514.3937 24.55847 -8.134217 -515.2617 24.55847 -5.536148 -513.7617 24.55847 -8.234192 -515.119 24.55847 -5.936066 -513.1906 24.55847 -8.357468 -514.9957 24.55847 -6.429092 -512.6976 24.55847 -8.500245 -514.8957 24.55847 -7.000244 -512.2977 24.55847 -8.658234 -514.822 24.55847 -7.632172 -512.003 24.55847 -8.8266 -514.7769 24.55847 -8.305665 -511.8225 -10.44153 -5.000244 -515.7617 21.38347 -5.000244 -515.7617 7.558472 -5.000244 -515.7617 -10.44153 -8.000245 -515.7617 7.558472 -8.000245 -515.7617 21.38347 -8.000245 -515.7617 24.55847 -8.000245 -531.7617 24.55847 -5.000244 -531.7617 24.55847 -8.000245 -526.7617 24.55847 -5.000244 -526.7617 24.55847 -8.000245 -517.9368 24.55847 -5.000244 -517.9368 -27.44153 -8.000245 -517.9368 -27.44153 -5.000244 -517.9368 -27.44153 -8.000245 -526.7617 -27.44153 -5.000244 -526.7617 -27.44153 -8.000245 -531.7617 -27.44153 -5.000244 -531.7617 -1.728043 -5.000244 -523.3867 -1.441528 -5.000244 -523.4118 -10.44153 -5.000244 -526.7617 -19.72804 -5.000244 -523.3867 -19.44153 -5.000244 -523.4118 -21.06647 -5.000244 -532.0483 -20.99202 -5.000244 -532.3261 -26.77165 -5.000244 -534.2617 -20.00586 -5.000244 -533.3123 -19.72804 -5.000244 -533.3867 -22.44153 -5.000244 -536.7617 -17.89104 -5.000244 -532.3261 -17.81659 -5.000244 -532.0483 -10.44153 -5.000244 -531.7617 -26.27174 -5.000244 -534.9757 -20.87047 -5.000244 -532.5867 -25.65547 -5.000244 -535.592 -24.94153 -5.000244 -536.0919 -20.70551 -5.000244 -532.8223 -24.15163 -5.000244 -536.4602 -20.50214 -5.000244 -533.0257 -23.30977 -5.000244 -536.6858 -18.61653 -5.000244 -533.1907 -18.38094 -5.000244 -533.0257 -10.44153 -5.000244 -536.7617 -18.17755 -5.000244 -532.8223 -18.01259 -5.000244 -532.5867 -20.26653 -5.000244 -533.1907 -19.44153 -5.000244 -533.4118 -19.15501 -5.000244 -533.3867 -18.8772 -5.000244 -533.3123 16.55847 -5.000244 -533.4118 16.84499 -5.000244 -533.3867 19.55847 -5.000244 -536.7617 15.00798 -5.000244 -532.3261 15.12953 -5.000244 -532.5867 7.558472 -5.000244 -536.7617 15.29449 -5.000244 -532.8223 15.49787 -5.000244 -533.0257 15.73347 -5.000244 -533.1907 15.99414 -5.000244 -533.3123 16.27195 -5.000244 -533.3867 14.93354 -5.000244 -532.0483 7.558472 -5.000244 -531.7617 14.90847 -5.000244 -531.7617 17.82245 -5.000244 -532.8223 21.26857 -5.000244 -536.4602 17.61907 -5.000244 -533.0257 20.42671 -5.000244 -536.6858 17.38347 -5.000244 -533.1907 17.1228 -5.000244 -533.3123 17.98741 -5.000244 -532.5867 18.10896 -5.000244 -532.3261 21.38347 -5.000244 -531.7617 18.1834 -5.000244 -532.0483 18.20847 -5.000244 -531.7617 23.3887 -5.000244 -534.9757 22.77241 -5.000244 -535.592 22.05847 -5.000244 -536.0919 24.48251 -5.000244 -532.63 24.25694 -5.000244 -533.4719 23.8886 -5.000244 -534.2617 -3.091522 -5.000244 -531.7617 -3.066467 -5.000244 -532.0483 -2.99202 -5.000244 -532.3261 -1.728043 -5.000244 -533.3867 -1.441528 -5.000244 -533.4118 -1.155014 -5.000244 -533.3867 -0.8771973 -5.000244 -533.3123 -2.870468 -5.000244 -532.5867 -2.705505 -5.000244 -532.8223 -2.502121 -5.000244 -533.0257 -0.6165314 -5.000244 -533.1907 -0.3809357 -5.000244 -533.0257 -0.1775512 -5.000244 -532.8223 -2.266525 -5.000244 -533.1907 -2.005859 -5.000244 -533.3123 0.1834106 -5.000244 -532.0483 0.108963 -5.000244 -532.3261 -0.0125885 -5.000244 -532.5867 -0.0125885 -5.000244 -530.9368 -0.1775512 -5.000244 -530.7012 7.558472 -5.000244 -526.7617 0.2084655 -5.000244 -531.7617 0.1834106 -5.000244 -531.4752 0.108963 -5.000244 -531.1974 -0.3809357 -5.000244 -530.4978 -0.6165314 -5.000244 -530.3328 -0.8771973 -5.000244 -530.2113 -2.005859 -5.000244 -530.2113 -2.266525 -5.000244 -530.3328 -2.502121 -5.000244 -530.4978 -2.705505 -5.000244 -530.7012 -2.870468 -5.000244 -530.9368 -2.99202 -5.000244 -531.1974 -3.066467 -5.000244 -531.4752 -1.155014 -5.000244 -530.1368 -1.441528 -5.000244 -530.1118 -1.728043 -5.000244 -530.1368 -17.79154 -5.000244 -531.7617 -17.81659 -5.000244 -531.4752 -17.89104 -5.000244 -531.1974 -18.01259 -5.000244 -530.9368 -20.99202 -5.000244 -531.1974 -18.61653 -5.000244 -530.3328 -18.8772 -5.000244 -530.2113 -27.14 -5.000244 -533.4719 -27.36557 -5.000244 -532.63 -21.09154 -5.000244 -531.7617 -21.06647 -5.000244 -531.4752 -18.17755 -5.000244 -530.7012 -18.38094 -5.000244 -530.4978 -20.50214 -5.000244 -530.4978 -20.26653 -5.000244 -530.3328 -20.00586 -5.000244 -530.2113 -20.70551 -5.000244 -530.7012 -20.87047 -5.000244 -530.9368 -19.15501 -5.000244 -530.1368 -19.44153 -5.000244 -530.1118 -19.72804 -5.000244 -530.1368 17.82245 -5.000244 -530.7012 17.61907 -5.000244 -530.4978 21.38347 -5.000244 -526.7617 17.38347 -5.000244 -530.3328 17.1228 -5.000244 -530.2113 16.84499 -5.000244 -530.1368 16.55847 -5.000244 -530.1118 16.27195 -5.000244 -530.1368 15.99414 -5.000244 -530.2113 15.73347 -5.000244 -530.3328 15.49787 -5.000244 -530.4978 15.29449 -5.000244 -530.7012 18.1834 -5.000244 -531.4752 18.10896 -5.000244 -531.1974 17.98741 -5.000244 -530.9368 15.12953 -5.000244 -530.9368 15.00798 -5.000244 -531.1974 14.93354 -5.000244 -531.4752 -18.8772 -5.000244 -523.3123 -18.61653 -5.000244 -523.1907 -17.81659 -5.000244 -521.4752 -17.89104 -5.000244 -521.1974 -10.44153 -5.000244 -517.9368 -18.01259 -5.000244 -520.9368 -18.17755 -5.000244 -520.7012 -19.15501 -5.000244 -523.3867 -18.38094 -5.000244 -523.0257 -18.17755 -5.000244 -522.8223 -18.01259 -5.000244 -522.5867 -17.89104 -5.000244 -522.3261 -17.81659 -5.000244 -522.0483 -17.79154 -5.000244 -521.7617 -20.26653 -5.000244 -520.3328 -20.50214 -5.000244 -520.4978 -18.38094 -5.000244 -520.4978 -18.61653 -5.000244 -520.3328 -18.8772 -5.000244 -520.2113 -20.00586 -5.000244 -520.2113 -20.70551 -5.000244 -520.7012 -20.87047 -5.000244 -520.9368 -20.99202 -5.000244 -521.1974 -21.06647 -5.000244 -521.4752 -21.09154 -5.000244 -521.7617 -21.06647 -5.000244 -522.0483 -20.99202 -5.000244 -522.3261 -20.87047 -5.000244 -522.5867 -20.70551 -5.000244 -522.8223 -20.50214 -5.000244 -523.0257 -20.26653 -5.000244 -523.1907 -20.00586 -5.000244 -523.3123 -19.15501 -5.000244 -520.1368 -19.44153 -5.000244 -520.1118 -19.72804 -5.000244 -520.1368 0.1834106 -5.000244 -522.0483 7.558472 -5.000244 -517.9368 0.2084655 -5.000244 -521.7617 0.1834106 -5.000244 -521.4752 -3.066467 -5.000244 -522.0483 -2.99202 -5.000244 -522.3261 -0.1775512 -5.000244 -522.8223 -0.0125885 -5.000244 -522.5867 0.108963 -5.000244 -522.3261 -3.091522 -5.000244 -521.7617 -3.066467 -5.000244 -521.4752 -1.155014 -5.000244 -523.3867 -0.8771973 -5.000244 -523.3123 -0.6165314 -5.000244 -523.1907 -0.3809357 -5.000244 -523.0257 -2.870468 -5.000244 -522.5867 -2.705505 -5.000244 -522.8223 -2.502121 -5.000244 -523.0257 0.108963 -5.000244 -521.1974 -0.0125885 -5.000244 -520.9368 -0.1775512 -5.000244 -520.7012 -0.3809357 -5.000244 -520.4978 -0.6165314 -5.000244 -520.3328 -0.8771973 -5.000244 -520.2113 -1.155014 -5.000244 -520.1368 -1.441528 -5.000244 -520.1118 -1.728043 -5.000244 -520.1368 -2.005859 -5.000244 -520.2113 -2.266525 -5.000244 -520.3328 -2.502121 -5.000244 -520.4978 -2.705505 -5.000244 -520.7012 -2.870468 -5.000244 -520.9368 -2.99202 -5.000244 -521.1974 -2.266525 -5.000244 -523.1907 -2.005859 -5.000244 -523.3123 17.38347 -5.000244 -523.1907 17.1228 -5.000244 -523.3123 16.84499 -5.000244 -523.3867 17.61907 -5.000244 -523.0257 17.82245 -5.000244 -522.8223 17.98741 -5.000244 -522.5867 18.20847 -5.000244 -521.7617 21.38347 -5.000244 -517.9368 18.1834 -5.000244 -522.0483 18.10896 -5.000244 -522.3261 15.00798 -5.000244 -522.3261 15.12953 -5.000244 -522.5867 18.1834 -5.000244 -521.4752 18.10896 -5.000244 -521.1974 17.98741 -5.000244 -520.9368 17.38347 -5.000244 -520.3328 17.1228 -5.000244 -520.2113 15.49787 -5.000244 -520.4978 15.73347 -5.000244 -520.3328 15.99414 -5.000244 -520.2113 15.29449 -5.000244 -520.7012 15.12953 -5.000244 -520.9368 15.00798 -5.000244 -521.1974 17.82245 -5.000244 -520.7012 17.61907 -5.000244 -520.4978 14.93354 -5.000244 -521.4752 14.90847 -5.000244 -521.7617 14.93354 -5.000244 -522.0483 15.29449 -5.000244 -522.8223 15.49787 -5.000244 -523.0257 15.73347 -5.000244 -523.1907 16.84499 -5.000244 -520.1368 16.55847 -5.000244 -520.1118 16.27195 -5.000244 -520.1368 15.99414 -5.000244 -523.3123 16.27195 -5.000244 -523.3867 16.55847 -5.000244 -523.4118 18.1834 -8.000245 -531.4752 18.20847 -8.000245 -531.7617 21.38347 -8.000245 -531.7617 -17.89104 -8.000245 -532.3261 -10.44153 -8.000245 -536.7617 -17.81659 -8.000245 -532.0483 -10.44153 -8.000245 -531.7617 -17.79154 -8.000245 -531.7617 -17.81659 -8.000245 -531.4752 -19.44153 -8.000245 -533.4118 -19.72804 -8.000245 -533.3867 -22.44153 -8.000245 -536.7617 -18.01259 -8.000245 -532.5867 -18.17755 -8.000245 -532.8223 -18.38094 -8.000245 -533.0257 -18.61653 -8.000245 -533.1907 -18.8772 -8.000245 -533.3123 -19.15501 -8.000245 -533.3867 -20.99202 -8.000245 -532.3261 -26.27174 -8.000245 -534.9757 -20.87047 -8.000245 -532.5867 -25.65547 -8.000245 -535.592 -20.70551 -8.000245 -532.8223 -20.00586 -8.000245 -533.3123 -20.26653 -8.000245 -533.1907 -23.30977 -8.000245 -536.6858 -20.50214 -8.000245 -533.0257 -24.15163 -8.000245 -536.4602 -24.94153 -8.000245 -536.0919 22.77241 -8.000245 -535.592 22.05847 -8.000245 -536.0919 21.26857 -8.000245 -536.4602 23.3887 -8.000245 -534.9757 23.8886 -8.000245 -534.2617 24.25694 -8.000245 -533.4719 17.1228 -8.000245 -533.3123 16.84499 -8.000245 -533.3867 19.55847 -8.000245 -536.7617 18.1834 -8.000245 -532.0483 18.10896 -8.000245 -532.3261 15.99414 -8.000245 -533.3123 7.558472 -8.000245 -536.7617 16.27195 -8.000245 -533.3867 16.55847 -8.000245 -533.4118 15.73347 -8.000245 -533.1907 15.49787 -8.000245 -533.0257 15.29449 -8.000245 -532.8223 17.98741 -8.000245 -532.5867 17.82245 -8.000245 -532.8223 20.42671 -8.000245 -536.6858 17.61907 -8.000245 -533.0257 17.38347 -8.000245 -533.1907 15.12953 -8.000245 -532.5867 15.00798 -8.000245 -532.3261 7.558472 -8.000245 -531.7617 14.93354 -8.000245 -532.0483 0.2084655 -8.000245 -531.7617 0.1834106 -8.000245 -532.0483 -0.8771973 -8.000245 -533.3123 -1.155014 -8.000245 -533.3867 -1.441528 -8.000245 -533.4118 -1.728043 -8.000245 -533.3867 -2.005859 -8.000245 -533.3123 -0.0125885 -8.000245 -532.5867 -0.1775512 -8.000245 -532.8223 -2.266525 -8.000245 -533.1907 -2.502121 -8.000245 -533.0257 -2.705505 -8.000245 -532.8223 0.108963 -8.000245 -532.3261 -0.3809357 -8.000245 -533.0257 -0.6165314 -8.000245 -533.1907 -2.870468 -8.000245 -532.5867 -2.99202 -8.000245 -532.3261 -3.066467 -8.000245 -532.0483 -3.091522 -8.000245 -531.7617 -3.066467 -8.000245 -531.4752 -2.99202 -8.000245 -531.1974 -10.44153 -8.000245 -526.7617 -2.870468 -8.000245 -530.9368 -2.705505 -8.000245 -530.7012 -0.8771973 -8.000245 -530.2113 -0.6165314 -8.000245 -530.3328 7.558472 -8.000245 -526.7617 -0.3809357 -8.000245 -530.4978 -0.1775512 -8.000245 -530.7012 -0.0125885 -8.000245 -530.9368 0.108963 -8.000245 -531.1974 0.1834106 -8.000245 -531.4752 -2.502121 -8.000245 -530.4978 -2.266525 -8.000245 -530.3328 -2.005859 -8.000245 -530.2113 -1.728043 -8.000245 -530.1368 -1.441528 -8.000245 -530.1118 -1.155014 -8.000245 -530.1368 -20.99202 -8.000245 -531.1974 -21.06647 -8.000245 -531.4752 -21.09154 -8.000245 -531.7617 -27.36557 -8.000245 -532.63 -21.06647 -8.000245 -532.0483 -27.14 -8.000245 -533.4719 -26.77165 -8.000245 -534.2617 -18.61653 -8.000245 -530.3328 -18.38094 -8.000245 -530.4978 -17.89104 -8.000245 -531.1974 -20.87047 -8.000245 -530.9368 -20.70551 -8.000245 -530.7012 -20.50214 -8.000245 -530.4978 -20.26653 -8.000245 -530.3328 -20.00586 -8.000245 -530.2113 -19.72804 -8.000245 -530.1368 -19.44153 -8.000245 -530.1118 -19.15501 -8.000245 -530.1368 -18.8772 -8.000245 -530.2113 -18.17755 -8.000245 -530.7012 -18.01259 -8.000245 -530.9368 15.12953 -8.000245 -530.9368 15.29449 -8.000245 -530.7012 15.49787 -8.000245 -530.4978 15.73347 -8.000245 -530.3328 15.99414 -8.000245 -530.2113 16.27195 -8.000245 -530.1368 21.38347 -8.000245 -526.7617 16.55847 -8.000245 -530.1118 16.84499 -8.000245 -530.1368 17.1228 -8.000245 -530.2113 17.38347 -8.000245 -530.3328 17.61907 -8.000245 -530.4978 17.82245 -8.000245 -530.7012 17.98741 -8.000245 -530.9368 18.10896 -8.000245 -531.1974 14.90847 -8.000245 -531.7617 14.93354 -8.000245 -531.4752 15.00798 -8.000245 -531.1974 21.38347 -8.000245 -517.9368 24.48251 -8.000245 -532.63 15.99414 -8.000245 -523.3123 15.73347 -8.000245 -523.1907 15.49787 -8.000245 -523.0257 15.29449 -8.000245 -522.8223 17.98741 -8.000245 -522.5867 17.82245 -8.000245 -522.8223 15.12953 -8.000245 -522.5867 15.00798 -8.000245 -522.3261 14.93354 -8.000245 -522.0483 7.558472 -8.000245 -517.9368 15.00798 -8.000245 -521.1974 15.12953 -8.000245 -520.9368 16.84499 -8.000245 -520.1368 17.1228 -8.000245 -520.2113 17.38347 -8.000245 -520.3328 17.61907 -8.000245 -520.4978 17.82245 -8.000245 -520.7012 17.98741 -8.000245 -520.9368 18.10896 -8.000245 -521.1974 18.10896 -8.000245 -522.3261 17.1228 -8.000245 -523.3123 16.84499 -8.000245 -523.3867 16.55847 -8.000245 -523.4118 16.27195 -8.000245 -523.3867 14.90847 -8.000245 -521.7617 14.93354 -8.000245 -521.4752 15.29449 -8.000245 -520.7012 15.49787 -8.000245 -520.4978 15.73347 -8.000245 -520.3328 15.99414 -8.000245 -520.2113 16.27195 -8.000245 -520.1368 16.55847 -8.000245 -520.1118 17.61907 -8.000245 -523.0257 17.38347 -8.000245 -523.1907 18.1834 -8.000245 -521.4752 18.20847 -8.000245 -521.7617 18.1834 -8.000245 -522.0483 0.1834106 -8.000245 -521.4752 0.2084655 -8.000245 -521.7617 0.1834106 -8.000245 -522.0483 -2.005859 -8.000245 -523.3123 -2.266525 -8.000245 -523.1907 -2.502121 -8.000245 -523.0257 -2.705505 -8.000245 -522.8223 -3.066467 -8.000245 -522.0483 -10.44153 -8.000245 -517.9368 -3.091522 -8.000245 -521.7617 -3.066467 -8.000245 -521.4752 -0.1775512 -8.000245 -520.7012 -0.0125885 -8.000245 -520.9368 0.108963 -8.000245 -521.1974 -2.870468 -8.000245 -522.5867 -2.99202 -8.000245 -522.3261 -2.99202 -8.000245 -521.1974 -2.870468 -8.000245 -520.9368 -2.705505 -8.000245 -520.7012 -0.8771973 -8.000245 -520.2113 -0.6165314 -8.000245 -520.3328 -0.3809357 -8.000245 -520.4978 0.108963 -8.000245 -522.3261 -0.0125885 -8.000245 -522.5867 -0.1775512 -8.000245 -522.8223 -2.502121 -8.000245 -520.4978 -2.266525 -8.000245 -520.3328 -2.005859 -8.000245 -520.2113 -1.728043 -8.000245 -520.1368 -1.441528 -8.000245 -520.1118 -1.155014 -8.000245 -520.1368 -0.3809357 -8.000245 -523.0257 -0.6165314 -8.000245 -523.1907 -0.8771973 -8.000245 -523.3123 -1.155014 -8.000245 -523.3867 -1.441528 -8.000245 -523.4118 -1.728043 -8.000245 -523.3867 -18.38094 -8.000245 -520.4978 -18.17755 -8.000245 -520.7012 -18.01259 -8.000245 -520.9368 -17.89104 -8.000245 -521.1974 -20.99202 -8.000245 -521.1974 -20.87047 -8.000245 -520.9368 -21.06647 -8.000245 -521.4752 -19.15501 -8.000245 -520.1368 -19.44153 -8.000245 -520.1118 -18.8772 -8.000245 -520.2113 -18.61653 -8.000245 -520.3328 -17.81659 -8.000245 -521.4752 -17.79154 -8.000245 -521.7617 -17.81659 -8.000245 -522.0483 -17.89104 -8.000245 -522.3261 -20.70551 -8.000245 -520.7012 -20.50214 -8.000245 -520.4978 -20.26653 -8.000245 -520.3328 -20.00586 -8.000245 -520.2113 -19.72804 -8.000245 -520.1368 -18.01259 -8.000245 -522.5867 -18.17755 -8.000245 -522.8223 -18.38094 -8.000245 -523.0257 -18.61653 -8.000245 -523.1907 -18.8772 -8.000245 -523.3123 -19.15501 -8.000245 -523.3867 -19.44153 -8.000245 -523.4118 -19.72804 -8.000245 -523.3867 -20.00586 -8.000245 -523.3123 -20.26653 -8.000245 -523.1907 -20.50214 -8.000245 -523.0257 -20.70551 -8.000245 -522.8223 -20.87047 -8.000245 -522.5867 -20.99202 -8.000245 -522.3261 -21.06647 -8.000245 -522.0483 -21.09154 -8.000245 -521.7617 -27.44153 -83.17389 -511.7465 -27.44153 -83.69484 -514.701 -27.44153 -83.34227 -511.7014 -27.44153 -84.36833 -514.5205 -27.44153 -83.50025 -511.6278 -27.44153 -85.00025 -514.2258 -27.44153 -83.64304 -511.5278 -27.44153 -85.5714 -513.8259 -27.44153 -83.7663 -511.4046 -27.44153 -86.06443 -513.3329 -27.44153 -83.86627 -511.2617 -27.44153 -86.46436 -512.7617 -27.44153 -83.93994 -511.1038 -27.44153 -86.75902 -512.1298 -27.44153 -83.98506 -510.9354 -27.44153 -86.93949 -511.4564 24.55847 -83.98506 -510.9354 24.55847 -86.93949 -511.4564 24.55847 -83.93994 -511.1038 24.55847 -86.75902 -512.1298 24.55847 -83.86627 -511.2617 24.55847 -86.46436 -512.7617 24.55847 -83.7663 -511.4046 24.55847 -86.06443 -513.3329 24.55847 -83.64304 -511.5278 24.55847 -85.5714 -513.8259 24.55847 -83.50025 -511.6278 24.55847 -85.00025 -514.2258 24.55847 -83.34227 -511.7014 24.55847 -84.36833 -514.5205 24.55847 -83.17389 -511.7465 24.55847 -83.69484 -514.701 -27.44153 -83.98793 -454.6053 -27.44153 -86.95101 -454.136 -27.44153 -83.95131 -454.4527 -27.44153 -86.80448 -453.5256 -27.44153 -83.89125 -454.3077 -27.44153 -86.56427 -452.9458 -27.44153 -83.80927 -454.1739 -27.44153 -86.23632 -452.4106 -27.44153 -83.70735 -454.0546 -27.44153 -85.82868 -451.9333 -27.44153 -83.58803 -453.9527 -27.44153 -85.3514 -451.5256 -27.44153 -83.45424 -453.8707 -27.44153 -84.81621 -451.1977 -27.44153 -83.30927 -453.8107 -27.44153 -84.23632 -450.9575 -27.44153 -83.15668 -453.774 -27.44153 -83.62599 -450.811 -27.44153 -83.00025 -453.7617 -27.44153 -83.00025 -450.7617 24.55847 -83.00025 -453.7617 24.55847 -83.00025 -450.7617 24.55847 -83.15668 -453.774 24.55847 -83.62599 -450.811 24.55847 -83.30927 -453.8107 24.55847 -84.23632 -450.9575 24.55847 -83.45424 -453.8707 24.55847 -84.81621 -451.1977 24.55847 -83.58803 -453.9527 24.55847 -85.3514 -451.5256 24.55847 -83.70735 -454.0546 24.55847 -85.82868 -451.9333 24.55847 -83.80927 -454.1739 24.55847 -86.23632 -452.4106 24.55847 -83.89125 -454.3077 24.55847 -86.56427 -452.9458 24.55847 -83.95131 -454.4527 24.55847 -86.80448 -453.5256 24.55847 -83.98793 -454.6053 24.55847 -86.95101 -454.136 24.55847 -61.00024 -453.7617 -27.44153 -61.00024 -453.7617 -22.07686 -63.06834 -450.7617 -22.44153 -63.10025 -450.7617 -22.80618 -63.06834 -450.7617 -23.15978 -62.9736 -450.7617 -23.49153 -62.81889 -450.7617 18.20862 -62.60893 -450.7617 17.94978 -62.3501 -450.7617 -21.09168 -59.39155 -450.7617 20.90833 -62.60893 -450.7617 20.60848 -62.81889 -450.7617 -23.79138 -62.60893 -450.7617 -24.05022 -62.3501 -450.7617 -24.26018 -62.05025 -450.7617 -24.41489 -61.71849 -450.7617 -24.50963 -61.36491 -450.7617 -24.54154 -61.00024 -450.7617 -24.50963 -60.63559 -450.7617 -27.14 -59.29014 -450.7617 -24.41489 -60.282 -450.7617 -24.26018 -59.95024 -450.7617 -26.27174 -57.7863 -450.7617 -24.05022 -59.65039 -450.7617 -23.79138 -59.39155 -450.7617 -23.49153 -59.18159 -450.7617 -23.15978 -59.02688 -450.7617 -22.80618 -58.93214 -450.7617 -22.44153 -58.90025 -450.7617 -22.07686 -58.93214 -450.7617 18.50847 -62.81889 -450.7617 17.73982 -62.05025 -450.7617 17.58511 -61.71849 -450.7617 17.49037 -61.36491 -450.7617 -20.83284 -59.65039 -450.7617 -20.62288 -59.95024 -450.7617 19.19381 -63.06834 -450.7617 -20.46817 -60.282 -450.7617 19.55847 -63.10025 -450.7617 -20.37343 -60.63559 -450.7617 -20.34152 -61.00024 -450.7617 18.84023 -62.9736 -450.7617 17.73982 -59.95024 -450.7617 17.94978 -59.65039 -450.7617 18.20862 -59.39155 -450.7617 18.50847 -59.18159 -450.7617 18.84023 -59.02688 -450.7617 20.27671 -62.9736 -450.7617 19.92313 -63.06834 -450.7617 -20.83284 -62.3501 -450.7617 -21.09168 -62.60893 -450.7617 -21.39153 -62.81889 -450.7617 -21.72328 -62.9736 -450.7617 -20.37343 -61.36491 -450.7617 -20.46817 -61.71849 -450.7617 -20.62288 -62.05025 -450.7617 -21.72328 -59.02688 -450.7617 -21.39153 -59.18159 -450.7617 21.62657 -61.36491 -450.7617 21.53183 -61.71849 -450.7617 21.37713 -62.05025 -450.7617 21.16717 -62.3501 -450.7617 17.45847 -61.00024 -450.7617 17.49037 -60.63559 -450.7617 17.58511 -60.282 -450.7617 19.19381 -58.93214 -450.7617 19.55847 -58.90025 -450.7617 19.92313 -58.93214 -450.7617 20.27671 -59.02688 -450.7617 20.60848 -59.18159 -450.7617 20.90833 -59.39155 -450.7617 23.3887 -57.7863 -450.7617 21.16717 -59.65039 -450.7617 21.37713 -59.95024 -450.7617 21.53183 -60.282 -450.7617 21.62657 -60.63559 -450.7617 21.65847 -61.00024 -450.7617 19.19381 -63.06834 -453.7617 19.55847 -63.10025 -453.7617 -21.72328 -62.9736 -453.7617 -21.39153 -62.81889 -453.7617 19.19381 -58.93214 -453.7617 -21.09168 -62.60893 -453.7617 -20.83284 -62.3501 -453.7617 -20.37343 -60.63559 -453.7617 -20.46817 -60.282 -453.7617 19.55847 -56.00024 -453.7617 -20.62288 -59.95024 -453.7617 -23.79138 -62.60893 -453.7617 -23.49153 -62.81889 -453.7617 -23.15978 -62.9736 -453.7617 18.20862 -59.39155 -453.7617 17.94978 -59.65039 -453.7617 -22.07686 -63.06834 -453.7617 -20.62288 -62.05025 -453.7617 -20.46817 -61.71849 -453.7617 19.55847 -58.90025 -453.7617 -20.37343 -61.36491 -453.7617 -20.34152 -61.00024 -453.7617 18.50847 -59.18159 -453.7617 17.49037 -61.36491 -453.7617 17.58511 -61.71849 -453.7617 17.73982 -62.05025 -453.7617 17.94978 -62.3501 -453.7617 -24.50963 -61.36491 -453.7617 -24.41489 -61.71849 -453.7617 -24.26018 -62.05025 -453.7617 -24.05022 -62.3501 -453.7617 18.84023 -59.02688 -453.7617 17.73982 -59.95024 -453.7617 17.58511 -60.282 -453.7617 17.49037 -60.63559 -453.7617 17.45847 -61.00024 -453.7617 -22.44153 -63.10025 -453.7617 -22.80618 -63.06834 -453.7617 18.20862 -62.60893 -453.7617 18.50847 -62.81889 -453.7617 18.84023 -62.9736 -453.7617 19.92313 -63.06834 -453.7617 20.27671 -62.9736 -453.7617 20.60848 -62.81889 -453.7617 -20.83284 -59.65039 -453.7617 -21.09168 -59.39155 -453.7617 -22.44153 -56.00024 -453.7617 -21.39153 -59.18159 -453.7617 -21.72328 -59.02688 -453.7617 -22.07686 -58.93214 -453.7617 -22.44153 -58.90025 -453.7617 -23.30977 -56.0762 -453.7617 -22.80618 -58.93214 -453.7617 -24.15163 -56.30179 -453.7617 -23.15978 -59.02688 -453.7617 -24.94153 -56.67012 -453.7617 -23.49153 -59.18159 -453.7617 -25.65547 -57.17003 -453.7617 -23.79138 -59.39155 -453.7617 -26.27174 -57.7863 -453.7617 -24.05022 -59.65039 -453.7617 -26.77165 -58.50024 -453.7617 -24.26018 -59.95024 -453.7617 -27.14 -59.29014 -453.7617 -24.41489 -60.282 -453.7617 -27.36557 -60.132 -453.7617 -24.50963 -60.63559 -453.7617 -24.54154 -61.00024 -453.7617 20.90833 -62.60893 -453.7617 21.16717 -62.3501 -453.7617 21.37713 -62.05025 -453.7617 21.53183 -61.71849 -453.7617 19.92313 -58.93214 -453.7617 20.42671 -56.0762 -453.7617 20.27671 -59.02688 -453.7617 21.26857 -56.30179 -453.7617 20.60848 -59.18159 -453.7617 22.05847 -56.67012 -453.7617 20.90833 -59.39155 -453.7617 22.77241 -57.17003 -453.7617 21.16717 -59.65039 -453.7617 23.3887 -57.7863 -453.7617 21.37713 -59.95024 -453.7617 23.8886 -58.50024 -453.7617 21.53183 -60.282 -453.7617 24.25694 -59.29014 -453.7617 21.62657 -60.63559 -453.7617 24.48251 -60.132 -453.7617 21.65847 -61.00024 -453.7617 21.62657 -61.36491 -453.7617 0.8466187 -5.000244 -6.544643 0.8656006 -5.000244 -6.761703 1.115601 -5.000244 -4.286703 -1.884399 -5.000244 -526.7617 1.115601 -5.000244 -526.7617 1.115601 -5.000244 -263.7617 13.61561 -5.000244 540.4882 14.00632 -5.000244 540.4541 16.61561 -5.000244 543.2383 19.61561 -5.000244 533.2382 14.00632 -5.000244 536.0224 10.89062 -5.000244 533.2382 13.61561 -5.000244 535.9883 15.72993 -5.000244 537.4688 15.56417 -5.000244 537.1132 15.33921 -5.000244 536.792 15.06188 -5.000244 536.5147 15.06188 -5.000244 539.9619 15.33921 -5.000244 539.6845 18.11561 -5.000244 542.8363 19.43469 -5.000244 541.2643 19.21369 -5.000244 541.7383 15.56417 -5.000244 539.3633 18.91375 -5.000244 542.1666 18.54398 -5.000244 542.5364 15.72993 -5.000244 539.0078 15.83143 -5.000244 538.629 19.61561 -5.000244 540.2383 15.86561 -5.000244 538.2383 15.83143 -5.000244 537.8476 14.74061 -5.000244 536.2897 14.38515 -5.000244 536.1239 14.38515 -5.000244 540.3526 14.74061 -5.000244 540.1868 17.13656 -5.000244 543.1927 17.64167 -5.000244 543.0573 19.57003 -5.000244 540.7592 10.89062 -5.000244 535.9883 3.615601 -5.000244 535.9883 1.115601 -5.000244 533.2382 3.224915 -5.000244 536.0224 2.846069 -5.000244 536.1239 10.89062 -5.000244 540.4882 10.89062 -5.000244 543.2383 3.615601 -5.000244 540.4882 1.115601 -5.000244 543.2383 3.224915 -5.000244 540.4541 2.490601 -5.000244 536.2897 2.169342 -5.000244 536.5147 1.891998 -5.000244 536.792 1.667053 -5.000244 537.1132 1.501312 -5.000244 537.4688 1.399811 -5.000244 537.8476 1.365601 -5.000244 538.2383 1.399811 -5.000244 538.629 1.501312 -5.000244 539.0078 1.667053 -5.000244 539.3633 1.891998 -5.000244 539.6845 2.169342 -5.000244 539.9619 2.490601 -5.000244 540.1868 2.846069 -5.000244 540.3526 -14.77509 -5.000244 536.0224 -15.15393 -5.000244 536.1239 -20.3844 -5.000244 533.2382 -16.108 -5.000244 536.792 -16.33295 -5.000244 537.1132 -3.993683 -5.000244 540.4541 -3.614838 -5.000244 540.3526 -1.884399 -5.000244 543.2383 -2.134399 -5.000244 538.2383 -2.168579 -5.000244 537.8476 -1.884399 -5.000244 533.2382 -2.270081 -5.000244 537.4688 -2.435822 -5.000244 537.1132 -2.660797 -5.000244 536.792 -2.93811 -5.000244 536.5147 -3.259399 -5.000244 536.2897 -3.614838 -5.000244 536.1239 -15.5094 -5.000244 536.2897 -15.83066 -5.000244 536.5147 -16.6344 -5.000244 538.2383 -20.3844 -5.000244 540.2383 -16.60022 -5.000244 537.8476 -16.49869 -5.000244 537.4688 -17.3844 -5.000244 543.2383 -14.77509 -5.000244 540.4541 -14.3844 -5.000244 540.4882 -2.660797 -5.000244 539.6845 -2.435822 -5.000244 539.3633 -2.270081 -5.000244 539.0078 -2.168579 -5.000244 538.629 -3.993683 -5.000244 536.0224 -4.384399 -5.000244 535.9883 -14.3844 -5.000244 535.9883 -19.98245 -5.000244 541.7383 -16.33295 -5.000244 539.3633 -19.68253 -5.000244 542.1666 -16.108 -5.000244 539.6845 -19.31274 -5.000244 542.5364 -3.259399 -5.000244 540.1868 -2.93811 -5.000244 539.9619 -18.8844 -5.000244 542.8363 -15.83066 -5.000244 539.9619 -18.41046 -5.000244 543.0573 -4.384399 -5.000244 540.4882 -17.90534 -5.000244 543.1927 -15.5094 -5.000244 540.1868 -15.15393 -5.000244 540.3526 -16.60022 -5.000244 538.629 -16.49869 -5.000244 539.0078 -20.33881 -5.000244 540.7592 -20.20346 -5.000244 541.2643 14.00632 -5.000244 -529.5459 14.38515 -5.000244 -529.6474 19.61561 -5.000244 -526.7617 10.89062 -5.000244 -526.7617 10.89062 -5.000244 -529.5118 13.61561 -5.000244 -529.5118 15.33921 -5.000244 -530.3155 15.56417 -5.000244 -530.6367 10.89062 -5.000244 -535.3867 19.21369 -5.000244 -535.2618 14.00632 -5.000244 -533.9776 14.74061 -5.000244 -529.8132 15.06188 -5.000244 -530.0382 15.56417 -5.000244 -532.8867 15.33921 -5.000244 -533.208 15.06188 -5.000244 -533.4854 15.86561 -5.000244 -531.7618 19.61561 -5.000244 -533.7617 15.83143 -5.000244 -531.371 15.72993 -5.000244 -530.9922 14.74061 -5.000244 -533.7103 14.38515 -5.000244 -533.876 15.83143 -5.000244 -532.1525 15.72993 -5.000244 -532.5313 19.57003 -5.000244 -534.2827 19.43469 -5.000244 -534.7878 17.64167 -5.000244 -536.5808 18.11561 -5.000244 -536.3598 18.54398 -5.000244 -536.0599 18.91375 -5.000244 -535.6901 17.13656 -5.000244 -536.7162 -18.8844 -5.000244 -536.3598 -18.41046 -5.000244 -536.5808 -19.31274 -5.000244 -536.0599 -19.68253 -5.000244 -535.6901 -3.993683 -5.000244 -529.5459 -3.614838 -5.000244 -529.6474 -2.134399 -5.000244 -531.7618 -2.168579 -5.000244 -532.1525 -1.884399 -5.000244 -535.3867 -2.270081 -5.000244 -532.5313 -2.435822 -5.000244 -532.8867 -2.660797 -5.000244 -533.208 -2.93811 -5.000244 -533.4854 -3.259399 -5.000244 -533.7103 -3.614838 -5.000244 -533.876 -3.993683 -5.000244 -533.9776 -15.15393 -5.000244 -533.876 -15.5094 -5.000244 -533.7103 -15.83066 -5.000244 -533.4854 -16.108 -5.000244 -533.208 -19.98245 -5.000244 -535.2618 -16.33295 -5.000244 -532.8867 -20.20346 -5.000244 -534.7878 -2.660797 -5.000244 -530.3155 -2.435822 -5.000244 -530.6367 -2.270081 -5.000244 -530.9922 -2.168579 -5.000244 -531.371 -4.384399 -5.000244 -534.0117 -14.3844 -5.000244 -534.0117 -14.77509 -5.000244 -533.9776 -20.3844 -5.000244 -533.7617 -16.6344 -5.000244 -531.7618 -20.3844 -5.000244 -526.7617 -16.60022 -5.000244 -531.371 -16.49869 -5.000244 -530.9922 -16.33295 -5.000244 -530.6367 -16.108 -5.000244 -530.3155 -3.259399 -5.000244 -529.8132 -2.93811 -5.000244 -530.0382 -20.33881 -5.000244 -534.2827 -16.49869 -5.000244 -532.5313 -16.60022 -5.000244 -532.1525 -15.83066 -5.000244 -530.0382 -15.5094 -5.000244 -529.8132 -15.15393 -5.000244 -529.6474 -14.77509 -5.000244 -529.5459 -14.3844 -5.000244 -529.5118 -4.384399 -5.000244 -529.5118 10.89062 -5.000244 525.9883 3.615601 -5.000244 525.9883 1.115601 -5.000244 270.2383 3.224915 -5.000244 526.0225 2.846069 -5.000244 526.124 1.891998 -5.000244 526.792 1.667053 -5.000244 527.1133 1.501312 -5.000244 527.4688 1.399811 -5.000244 527.8475 3.224915 -5.000244 530.4541 3.615601 -5.000244 530.4882 2.490601 -5.000244 526.2897 2.169342 -5.000244 526.5147 1.365601 -5.000244 528.2382 1.399811 -5.000244 528.629 1.501312 -5.000244 529.0078 1.667053 -5.000244 529.3633 1.891998 -5.000244 529.6846 2.169342 -5.000244 529.9619 2.490601 -5.000244 530.1868 2.846069 -5.000244 530.3526 15.33921 -5.000244 529.6846 15.56417 -5.000244 529.3633 10.89062 -5.000244 530.4882 13.61561 -5.000244 530.4882 14.00632 -5.000244 530.4541 14.38515 -5.000244 530.3526 14.38515 -5.000244 526.124 14.00632 -5.000244 526.0225 10.89062 -5.000244 270.2383 13.61561 -5.000244 525.9883 14.74061 -5.000244 530.1868 15.06188 -5.000244 529.9619 15.72993 -5.000244 529.0078 15.83143 -5.000244 528.629 15.86561 -5.000244 528.2382 15.33921 -5.000244 526.792 15.06188 -5.000244 526.5147 19.61561 -5.000244 270.2383 14.74061 -5.000244 526.2897 15.83143 -5.000244 527.8475 15.72993 -5.000244 527.4688 15.56417 -5.000244 527.1133 13.61561 -5.000244 -519.5118 14.00632 -5.000244 -519.5459 19.61561 -5.000244 -263.7617 14.00632 -5.000244 -523.9776 14.38515 -5.000244 -519.6474 14.74061 -5.000244 -519.8132 15.06188 -5.000244 -520.0382 15.83143 -5.000244 -521.371 15.86561 -5.000244 -521.7617 15.83143 -5.000244 -522.1524 15.33921 -5.000244 -523.208 15.06188 -5.000244 -523.4854 15.33921 -5.000244 -520.3155 15.56417 -5.000244 -520.6367 15.72993 -5.000244 -520.9923 15.72993 -5.000244 -522.5313 15.56417 -5.000244 -522.8868 14.74061 -5.000244 -523.7103 14.38515 -5.000244 -523.8761 13.61561 -5.000244 -524.0117 10.89062 -5.000244 -524.0117 3.615601 -5.000244 -524.0117 3.224915 -5.000244 -523.9776 10.89062 -5.000244 -519.5118 10.89062 -5.000244 -263.7617 3.615601 -5.000244 -519.5118 3.224915 -5.000244 -519.5459 2.846069 -5.000244 -523.8761 2.490601 -5.000244 -523.7103 2.169342 -5.000244 -523.4854 1.891998 -5.000244 -523.208 1.667053 -5.000244 -522.8868 1.501312 -5.000244 -522.5313 1.501312 -5.000244 -520.9923 1.667053 -5.000244 -520.6367 1.891998 -5.000244 -520.3155 1.399811 -5.000244 -522.1524 1.365601 -5.000244 -521.7617 1.399811 -5.000244 -521.371 2.169342 -5.000244 -520.0382 2.490601 -5.000244 -519.8132 2.846069 -5.000244 -519.6474 3.224915 -5.000244 -533.9776 2.846069 -5.000244 -533.876 1.115601 -5.000244 -535.3867 13.61561 -5.000244 -534.0117 10.89062 -5.000244 -534.0117 3.615601 -5.000244 -534.0117 3.615601 -5.000244 -529.5118 3.224915 -5.000244 -529.5459 2.490601 -5.000244 -533.7103 2.169342 -5.000244 -533.4854 1.891998 -5.000244 -533.208 1.667053 -5.000244 -532.8867 1.501312 -5.000244 -532.5313 1.399811 -5.000244 -532.1525 1.365601 -5.000244 -531.7618 1.399811 -5.000244 -531.371 1.501312 -5.000244 -530.9922 1.667053 -5.000244 -530.6367 1.891998 -5.000244 -530.3155 2.169342 -5.000244 -530.0382 2.490601 -5.000244 -529.8132 2.846069 -5.000244 -529.6474 -3.534393 -5.000244 -2.217663 -4.43396 -5.000244 -1.587783 -20.3844 -5.000244 -4.286703 -1.884399 -5.000244 -4.286703 -1.478363 -5.000244 -2.965992 -2.539124 -5.000244 -2.681767 -5.21048 -5.000244 -0.8112648 -5.840332 -5.000244 0.08829712 -6.304443 -5.000244 1.08357 -6.588684 -5.000244 2.144314 -6.684387 -5.000244 3.238297 -20.3844 -5.000244 10.7633 -6.588684 -5.000244 4.332281 -6.304443 -5.000244 5.393024 -5.840332 -5.000244 6.388297 -3.534393 -5.000244 8.694257 -2.539124 -5.000244 9.158361 -1.884399 -5.000244 10.7633 -5.21048 -5.000244 7.287859 -4.43396 -5.000244 8.064377 5.535683 -5.000244 1.08357 5.071571 -5.000244 0.08829712 10.89062 -5.000244 -4.286703 2.765625 -5.000244 -2.217663 1.770355 -5.000244 -2.681767 0.7095947 -5.000244 -2.965992 -0.3843994 -5.000244 -3.061703 4.441681 -5.000244 -0.8112648 3.665161 -5.000244 -1.587783 10.89062 -5.000244 10.7633 2.765625 -5.000244 8.694257 3.665161 -5.000244 8.064377 4.441681 -5.000244 7.287859 5.071571 -5.000244 6.388297 5.535683 -5.000244 5.393024 5.819908 -5.000244 4.332281 5.915611 -5.000244 3.238297 5.819908 -5.000244 2.144314 -1.478363 -5.000244 9.442586 -0.3843994 -5.000244 9.538297 1.115601 -5.000244 10.7633 0.7095947 -5.000244 9.442586 1.770355 -5.000244 9.158361 -17.90534 -5.000244 -536.7162 -17.3844 -5.000244 -536.7618 -1.884399 -5.000244 -536.7618 1.115601 -5.000244 -536.7618 10.89062 -5.000244 -536.7618 16.61561 -5.000244 -536.7618 -14.77509 -5.000244 -523.9776 -15.15393 -5.000244 -523.8761 -2.660797 -5.000244 -520.3155 -2.435822 -5.000244 -520.6367 -1.884399 -5.000244 -263.7617 -2.270081 -5.000244 -520.9923 -2.168579 -5.000244 -521.371 -2.134399 -5.000244 -521.7617 -2.168579 -5.000244 -522.1524 -2.270081 -5.000244 -522.5313 -2.435822 -5.000244 -522.8868 -2.660797 -5.000244 -523.208 -16.108 -5.000244 -523.208 -16.33295 -5.000244 -522.8868 -3.993683 -5.000244 -519.5459 -3.614838 -5.000244 -519.6474 -2.93811 -5.000244 -523.4854 -3.259399 -5.000244 -523.7103 -3.614838 -5.000244 -523.8761 -15.15393 -5.000244 -519.6474 -14.77509 -5.000244 -519.5459 -3.259399 -5.000244 -519.8132 -2.93811 -5.000244 -520.0382 -3.993683 -5.000244 -523.9776 -4.384399 -5.000244 -524.0117 -14.3844 -5.000244 -524.0117 -15.5094 -5.000244 -523.7103 -15.83066 -5.000244 -523.4854 -16.49869 -5.000244 -522.5313 -16.60022 -5.000244 -522.1524 -16.6344 -5.000244 -521.7617 -14.3844 -5.000244 -519.5118 -4.384399 -5.000244 -519.5118 -16.60022 -5.000244 -521.371 -16.49869 -5.000244 -520.9923 -20.3844 -5.000244 -263.7617 -16.33295 -5.000244 -520.6367 -16.108 -5.000244 -520.3155 -15.83066 -5.000244 -520.0382 -15.5094 -5.000244 -519.8132 0.8466187 -5.000244 -6.978764 0.7902222 -5.000244 -7.189229 -1.634399 -5.000244 -6.761703 -1.615387 -5.000244 -6.544643 -1.615387 -5.000244 -6.978764 -1.55899 -5.000244 -6.334179 -1.466919 -5.000244 -6.136704 -1.341949 -5.000244 -5.958219 0.6981506 -5.000244 -7.386703 0.5731812 -5.000244 -7.565188 0.4190979 -5.000244 -7.719259 0.5731812 -5.000244 -5.958219 0.6981506 -5.000244 -6.136704 0.7902222 -5.000244 -6.334179 0.2406005 -5.000244 -7.844235 0.04315185 -5.000244 -7.936319 -0.1673278 -5.000244 -7.992714 -0.3843994 -5.000244 -8.011705 -0.6014404 -5.000244 -7.992714 -0.8119202 -5.000244 -7.936319 -1.009399 -5.000244 -7.844235 -1.187866 -5.000244 -7.719259 -1.341949 -5.000244 -7.565188 -1.466919 -5.000244 -7.386703 -1.55899 -5.000244 -7.189229 -1.187866 -5.000244 -5.804149 -1.009399 -5.000244 -5.679172 -0.8119202 -5.000244 -5.587088 0.04315185 -5.000244 -5.587088 0.2406005 -5.000244 -5.679172 0.4190979 -5.000244 -5.804149 -0.6014404 -5.000244 -5.530694 -0.3843994 -5.000244 -5.511703 -0.1673278 -5.000244 -5.530694 -1.884399 -5.000244 270.2383 -20.3844 -5.000244 270.2383 -1.615387 -5.000244 13.02124 -1.634399 -5.000244 13.2383 0.8466187 -5.000244 13.02124 0.7902222 -5.000244 12.81077 0.6981506 -5.000244 12.6133 0.8466187 -5.000244 13.45536 0.8656006 -5.000244 13.2383 0.5731812 -5.000244 12.43481 0.4190979 -5.000244 12.28074 0.2406005 -5.000244 12.15576 -1.615387 -5.000244 13.45536 -1.55899 -5.000244 13.66582 -1.466919 -5.000244 13.8633 -0.3843994 -5.000244 14.4883 -0.1673278 -5.000244 14.46931 0.4190979 -5.000244 14.19585 0.5731812 -5.000244 14.04178 0.6981506 -5.000244 13.8633 0.7902222 -5.000244 13.66582 -1.187866 -5.000244 12.28074 -1.341949 -5.000244 12.43481 -1.341949 -5.000244 14.04178 -1.187866 -5.000244 14.19585 -1.009399 -5.000244 14.32083 0.04315185 -5.000244 14.41291 0.2406005 -5.000244 14.32083 -0.6014404 -5.000244 12.00729 -0.8119202 -5.000244 12.06368 -1.009399 -5.000244 12.15576 -1.466919 -5.000244 12.6133 -1.55899 -5.000244 12.81077 -0.8119202 -5.000244 14.41291 -0.6014404 -5.000244 14.46931 0.04315185 -5.000244 12.06368 -0.1673278 -5.000244 12.00729 -0.3843994 -5.000244 11.9883 19.61561 -5.000244 10.7633 19.61561 -5.000244 -4.286703 -3.993683 -5.000244 530.4541 -3.614838 -5.000244 530.3526 -14.3844 -5.000244 525.9883 -14.77509 -5.000244 526.0225 -4.384399 -5.000244 525.9883 -2.134399 -5.000244 528.2382 -2.168579 -5.000244 527.8475 -2.270081 -5.000244 527.4688 -2.435822 -5.000244 527.1133 -2.660797 -5.000244 526.792 -2.93811 -5.000244 526.5147 -3.259399 -5.000244 526.2897 -3.614838 -5.000244 526.124 -3.993683 -5.000244 526.0225 -15.15393 -5.000244 526.124 -15.5094 -5.000244 526.2897 -15.83066 -5.000244 526.5147 -16.108 -5.000244 526.792 -16.33295 -5.000244 527.1133 -16.49869 -5.000244 527.4688 -16.60022 -5.000244 527.8475 -16.6344 -5.000244 528.2382 -16.60022 -5.000244 528.629 -2.660797 -5.000244 529.6846 -2.435822 -5.000244 529.3633 -2.270081 -5.000244 529.0078 -2.168579 -5.000244 528.629 -16.49869 -5.000244 529.0078 -16.33295 -5.000244 529.3633 -16.108 -5.000244 529.6846 -3.259399 -5.000244 530.1868 -2.93811 -5.000244 529.9619 -15.83066 -5.000244 529.9619 -15.5094 -5.000244 530.1868 -15.15393 -5.000244 530.3526 -14.77509 -5.000244 530.4541 -14.3844 -5.000244 530.4882 -4.384399 -5.000244 530.4882 19.61561 4.999756 540.2383 19.61561 4.999756 533.2382 19.61561 4.999756 270.2383 19.61561 4.999756 10.7633 19.61561 4.999756 -4.286703 19.61561 4.999756 -263.7617 19.61561 4.999756 -526.7617 19.61561 4.999756 -533.7617 -17.3844 4.999756 543.2383 -1.884399 4.999756 543.2383 1.115601 4.999756 543.2383 10.89062 4.999756 543.2383 16.61561 4.999756 543.2383 -20.3844 4.999756 -533.7617 -20.3844 4.999756 -526.7617 -20.3844 4.999756 -263.7617 -20.3844 4.999756 -4.286703 -20.3844 4.999756 10.7633 -20.3844 4.999756 270.2383 -20.3844 4.999756 533.2382 -20.3844 4.999756 540.2383 -17.3844 4.999756 -536.7618 -1.884399 4.999756 -536.7618 1.115601 4.999756 -536.7618 10.89062 4.999756 -536.7618 16.61561 4.999756 -536.7618 -1.884399 4.999756 -4.286703 19.21369 4.999756 -535.2618 17.64167 4.999756 -536.5808 17.13656 4.999756 -536.7162 18.91375 4.999756 -535.6901 18.54398 4.999756 -536.0599 18.11561 4.999756 -536.3598 13.61561 4.999756 -534.0117 14.00632 4.999756 -533.9776 10.89062 4.999756 -534.0117 10.89062 4.999756 -535.3867 10.89062 4.999756 -526.7617 14.00632 4.999756 -529.5459 15.83143 4.999756 -532.1525 15.86561 4.999756 -531.7618 14.38515 4.999756 -533.876 14.74061 4.999756 -533.7103 15.06188 4.999756 -533.4854 15.72993 4.999756 -530.9922 15.56417 4.999756 -530.6367 15.33921 4.999756 -530.3155 15.06188 4.999756 -530.0382 15.83143 4.999756 -531.371 14.74061 4.999756 -529.8132 14.38515 4.999756 -529.6474 19.57003 4.999756 -534.2827 15.56417 4.999756 -532.8867 15.72993 4.999756 -532.5313 15.33921 4.999756 -533.208 19.43469 4.999756 -534.7878 14.00632 4.999756 536.0224 14.38515 4.999756 536.1239 10.89062 4.999756 533.2382 10.89062 4.999756 535.9883 13.61561 4.999756 535.9883 15.33921 4.999756 536.792 15.56417 4.999756 537.1132 14.74061 4.999756 536.2897 15.06188 4.999756 536.5147 19.21369 4.999756 541.7383 15.56417 4.999756 539.3633 18.91375 4.999756 542.1666 15.33921 4.999756 539.6845 15.86561 4.999756 538.2383 15.83143 4.999756 537.8476 15.72993 4.999756 537.4688 15.06188 4.999756 539.9619 18.11561 4.999756 542.8363 18.54398 4.999756 542.5364 14.38515 4.999756 540.3526 14.74061 4.999756 540.1868 17.13656 4.999756 543.1927 17.64167 4.999756 543.0573 15.83143 4.999756 538.629 15.72993 4.999756 539.0078 19.57003 4.999756 540.7592 19.43469 4.999756 541.2643 -3.993683 4.999756 536.0224 -3.614838 4.999756 536.1239 -1.884399 4.999756 533.2382 -16.6344 4.999756 538.2383 -16.60022 4.999756 537.8476 -16.49869 4.999756 537.4688 -16.33295 4.999756 537.1132 -16.108 4.999756 536.792 -2.660797 4.999756 536.792 -2.435822 4.999756 537.1132 -20.20346 4.999756 541.2643 -19.98245 4.999756 541.7383 -16.33295 4.999756 539.3633 -19.68253 4.999756 542.1666 -16.108 4.999756 539.6845 -15.83066 4.999756 536.5147 -15.5094 4.999756 536.2897 -15.15393 4.999756 536.1239 -19.31274 4.999756 542.5364 -18.8844 4.999756 542.8363 -15.83066 4.999756 539.9619 -20.33881 4.999756 540.7592 -16.49869 4.999756 539.0078 -16.60022 4.999756 538.629 -14.77509 4.999756 540.4541 -15.15393 4.999756 540.3526 -15.5094 4.999756 540.1868 -17.90534 4.999756 543.1927 -18.41046 4.999756 543.0573 -14.77509 4.999756 536.0224 -14.3844 4.999756 535.9883 -4.384399 4.999756 535.9883 -3.259399 4.999756 536.2897 -2.93811 4.999756 536.5147 -2.270081 4.999756 537.4688 -2.168579 4.999756 537.8476 -2.134399 4.999756 538.2383 -2.168579 4.999756 538.629 -2.270081 4.999756 539.0078 -2.435822 4.999756 539.3633 -2.660797 4.999756 539.6845 -2.93811 4.999756 539.9619 -3.259399 4.999756 540.1868 -3.614838 4.999756 540.3526 -3.993683 4.999756 540.4541 -4.384399 4.999756 540.4882 -14.3844 4.999756 540.4882 -14.77509 4.999756 -529.5459 -15.15393 4.999756 -529.6474 -4.384399 4.999756 -534.0117 -3.993683 4.999756 -533.9776 -1.884399 4.999756 -535.3867 -16.108 4.999756 -530.3155 -16.33295 4.999756 -530.6367 -19.98245 4.999756 -535.2618 -16.33295 4.999756 -532.8867 -19.68253 4.999756 -535.6901 -16.108 4.999756 -533.208 -15.83066 4.999756 -533.4854 -2.270081 4.999756 -530.9922 -2.435822 4.999756 -530.6367 -1.884399 4.999756 -526.7617 -2.660797 4.999756 -530.3155 -15.5094 4.999756 -533.7103 -15.15393 4.999756 -533.876 -14.77509 4.999756 -533.9776 -14.3844 4.999756 -534.0117 -3.614838 4.999756 -533.876 -3.259399 4.999756 -533.7103 -2.93811 4.999756 -533.4854 -16.6344 4.999756 -531.7618 -16.60022 4.999756 -531.371 -16.49869 4.999756 -530.9922 -2.660797 4.999756 -533.208 -2.435822 4.999756 -532.8867 -2.270081 4.999756 -532.5313 -2.168579 4.999756 -532.1525 -2.134399 4.999756 -531.7618 -2.168579 4.999756 -531.371 -2.93811 4.999756 -530.0382 -3.259399 4.999756 -529.8132 -3.614838 4.999756 -529.6474 -15.5094 4.999756 -529.8132 -15.83066 4.999756 -530.0382 -16.60022 4.999756 -532.1525 -16.49869 4.999756 -532.5313 -20.33881 4.999756 -534.2827 -20.20346 4.999756 -534.7878 -3.993683 4.999756 -529.5459 -4.384399 4.999756 -529.5118 -14.3844 4.999756 -529.5118 -17.90534 4.999756 -536.7162 -18.41046 4.999756 -536.5808 -19.31274 4.999756 -536.0599 -18.8844 4.999756 -536.3598 2.846069 4.999756 526.124 3.224915 4.999756 526.0225 10.89062 4.999756 270.2383 3.615601 4.999756 525.9883 3.224915 4.999756 530.4541 2.846069 4.999756 530.3526 1.115601 4.999756 533.2382 2.490601 4.999756 530.1868 2.169342 4.999756 529.9619 1.891998 4.999756 529.6846 1.667053 4.999756 529.3633 1.501312 4.999756 529.0078 1.399811 4.999756 528.629 1.365601 4.999756 528.2382 1.399811 4.999756 527.8475 1.115601 4.999756 270.2383 1.501312 4.999756 527.4688 1.667053 4.999756 527.1133 1.891998 4.999756 526.792 2.169342 4.999756 526.5147 2.490601 4.999756 526.2897 13.61561 4.999756 525.9883 14.00632 4.999756 526.0225 10.89062 4.999756 525.9883 14.00632 4.999756 530.4541 13.61561 4.999756 530.4882 10.89062 4.999756 530.4882 3.615601 4.999756 530.4882 14.38515 4.999756 526.124 14.74061 4.999756 526.2897 15.06188 4.999756 526.5147 15.83143 4.999756 527.8475 15.86561 4.999756 528.2382 15.83143 4.999756 528.629 15.33921 4.999756 529.6846 15.06188 4.999756 529.9619 15.33921 4.999756 526.792 15.56417 4.999756 527.1133 15.72993 4.999756 527.4688 15.72993 4.999756 529.0078 15.56417 4.999756 529.3633 14.74061 4.999756 530.1868 14.38515 4.999756 530.3526 3.224915 4.999756 540.4541 2.846069 4.999756 540.3526 14.00632 4.999756 540.4541 13.61561 4.999756 540.4882 10.89062 4.999756 540.4882 3.615601 4.999756 540.4882 1.891998 4.999756 539.6845 1.667053 4.999756 539.3633 1.365601 4.999756 538.2383 1.399811 4.999756 537.8476 1.891998 4.999756 536.792 2.169342 4.999756 536.5147 3.615601 4.999756 535.9883 3.224915 4.999756 536.0224 1.501312 4.999756 537.4688 1.667053 4.999756 537.1132 2.490601 4.999756 536.2897 2.846069 4.999756 536.1239 1.501312 4.999756 539.0078 1.399811 4.999756 538.629 2.490601 4.999756 540.1868 2.169342 4.999756 539.9619 10.89062 4.999756 -519.5118 3.615601 4.999756 -519.5118 1.115601 4.999756 -263.7617 3.224915 4.999756 -519.5459 2.846069 4.999756 -519.6474 1.115601 4.999756 -526.7617 3.224915 4.999756 -523.9776 3.615601 4.999756 -524.0117 1.501312 4.999756 -522.5313 1.667053 4.999756 -522.8868 1.891998 4.999756 -523.208 2.169342 4.999756 -523.4854 1.667053 4.999756 -520.6367 1.501312 4.999756 -520.9923 2.490601 4.999756 -523.7103 2.846069 4.999756 -523.8761 1.891998 4.999756 -520.3155 1.399811 4.999756 -521.371 1.365601 4.999756 -521.7617 1.399811 4.999756 -522.1524 2.490601 4.999756 -519.8132 2.169342 4.999756 -520.0382 15.33921 4.999756 -523.208 15.56417 4.999756 -522.8868 10.89062 4.999756 -524.0117 13.61561 4.999756 -524.0117 14.00632 4.999756 -523.9776 14.38515 4.999756 -523.8761 14.38515 4.999756 -519.6474 14.00632 4.999756 -519.5459 10.89062 4.999756 -263.7617 13.61561 4.999756 -519.5118 14.74061 4.999756 -523.7103 15.06188 4.999756 -523.4854 15.72993 4.999756 -522.5313 15.83143 4.999756 -522.1524 15.86561 4.999756 -521.7617 15.33921 4.999756 -520.3155 15.06188 4.999756 -520.0382 14.74061 4.999756 -519.8132 15.83143 4.999756 -521.371 15.72993 4.999756 -520.9923 15.56417 4.999756 -520.6367 3.224915 4.999756 -529.5459 2.846069 4.999756 -529.6474 13.61561 4.999756 -529.5118 10.89062 4.999756 -529.5118 3.615601 4.999756 -529.5118 1.501312 4.999756 -532.5313 1.667053 4.999756 -532.8867 1.115601 4.999756 -535.3867 1.891998 4.999756 -533.208 2.169342 4.999756 -533.4854 3.615601 4.999756 -534.0117 3.224915 4.999756 -533.9776 2.490601 4.999756 -533.7103 2.846069 4.999756 -533.876 1.891998 4.999756 -530.3155 1.667053 4.999756 -530.6367 1.501312 4.999756 -530.9922 1.399811 4.999756 -531.371 1.365601 4.999756 -531.7618 1.399811 4.999756 -532.1525 2.490601 4.999756 -529.8132 2.169342 4.999756 -530.0382 -6.588684 4.999756 2.144314 -6.304443 4.999756 1.08357 -5.840332 4.999756 0.08829712 -5.21048 4.999756 -0.8112648 -2.539124 4.999756 -2.681767 -3.534393 4.999756 -2.217663 -4.43396 4.999756 -1.587783 -6.588684 4.999756 4.332281 -6.684387 4.999756 3.238297 -2.539124 4.999756 9.158361 -3.534393 4.999756 8.694257 -4.43396 4.999756 8.064377 -5.21048 4.999756 7.287859 -5.840332 4.999756 6.388297 -6.304443 4.999756 5.393024 1.770355 4.999756 -2.681767 2.765625 4.999756 -2.217663 10.89062 4.999756 -4.286703 3.665161 4.999756 -1.587783 4.441681 4.999756 -0.8112648 5.071571 4.999756 0.08829712 5.535683 4.999756 1.08357 5.819908 4.999756 2.144314 5.915611 4.999756 3.238297 10.89062 4.999756 10.7633 5.819908 4.999756 4.332281 5.535683 4.999756 5.393024 2.765625 4.999756 8.694257 1.770355 4.999756 9.158361 1.115601 4.999756 10.7633 0.7095947 4.999756 9.442586 -1.884399 4.999756 10.7633 -0.3843994 4.999756 9.538297 -1.478363 4.999756 9.442586 5.071571 4.999756 6.388297 4.441681 4.999756 7.287859 3.665161 4.999756 8.064377 0.7095947 4.999756 -2.965992 1.115601 4.999756 -4.286703 -0.3843994 4.999756 -3.061703 -1.478363 4.999756 -2.965992 -3.993683 4.999756 526.0225 -3.614838 4.999756 526.124 -1.884399 4.999756 270.2383 -14.77509 4.999756 530.4541 -15.15393 4.999756 530.3526 -15.15393 4.999756 526.124 -14.77509 4.999756 526.0225 -16.108 4.999756 529.6846 -16.33295 4.999756 529.3633 -2.660797 4.999756 526.792 -2.435822 4.999756 527.1133 -16.6344 4.999756 528.2382 -16.60022 4.999756 527.8475 -16.49869 4.999756 527.4688 -16.33295 4.999756 527.1133 -16.108 4.999756 526.792 -15.83066 4.999756 526.5147 -15.5094 4.999756 526.2897 -14.3844 4.999756 525.9883 -4.384399 4.999756 525.9883 -16.49869 4.999756 529.0078 -16.60022 4.999756 528.629 -3.259399 4.999756 526.2897 -2.93811 4.999756 526.5147 -2.270081 4.999756 527.4688 -2.168579 4.999756 527.8475 -2.134399 4.999756 528.2382 -2.168579 4.999756 528.629 -2.270081 4.999756 529.0078 -2.435822 4.999756 529.3633 -2.660797 4.999756 529.6846 -2.93811 4.999756 529.9619 -3.259399 4.999756 530.1868 -3.614838 4.999756 530.3526 -15.5094 4.999756 530.1868 -15.83066 4.999756 529.9619 -3.993683 4.999756 530.4541 -4.384399 4.999756 530.4882 -14.3844 4.999756 530.4882 0.6981506 4.999756 12.6133 0.7902222 4.999756 12.81077 -1.55899 4.999756 13.66582 -1.615387 4.999756 13.45536 -1.634399 4.999756 13.2383 -1.615387 4.999756 13.02124 0.04315185 4.999756 12.06368 0.2406005 4.999756 12.15576 -1.187866 4.999756 14.19585 -1.341949 4.999756 14.04178 -1.466919 4.999756 13.8633 0.4190979 4.999756 12.28074 0.5731812 4.999756 12.43481 0.8466187 4.999756 13.02124 0.8656006 4.999756 13.2383 0.8466187 4.999756 13.45536 0.7902222 4.999756 13.66582 0.6981506 4.999756 13.8633 -0.3843994 4.999756 14.4883 -0.6014404 4.999756 14.46931 -1.55899 4.999756 12.81077 -1.466919 4.999756 12.6133 -1.341949 4.999756 12.43481 -1.187866 4.999756 12.28074 -1.009399 4.999756 12.15576 -0.8119202 4.999756 12.06368 -0.8119202 4.999756 14.41291 -1.009399 4.999756 14.32083 0.5731812 4.999756 14.04178 0.4190979 4.999756 14.19585 0.2406005 4.999756 14.32083 -0.6014404 4.999756 12.00729 -0.3843994 4.999756 11.9883 -0.1673278 4.999756 12.00729 0.04315185 4.999756 14.41291 -0.1673278 4.999756 14.46931 0.6981506 4.999756 -7.386703 0.7902222 4.999756 -7.189229 0.8466187 4.999756 -6.978764 0.8656006 4.999756 -6.761703 -1.187866 4.999756 -5.804149 -1.341949 4.999756 -5.958219 -1.615387 4.999756 -6.978764 -1.55899 4.999756 -7.189229 -1.466919 4.999756 -6.136704 -1.55899 4.999756 -6.334179 -1.615387 4.999756 -6.544643 0.04315185 4.999756 -7.936319 0.2406005 4.999756 -7.844235 0.8466187 4.999756 -6.544643 0.7902222 4.999756 -6.334179 0.6981506 4.999756 -6.136704 0.4190979 4.999756 -7.719259 0.5731812 4.999756 -7.565188 -1.187866 4.999756 -7.719259 -1.009399 4.999756 -7.844235 -0.8119202 4.999756 -7.936319 -0.6014404 4.999756 -7.992714 -0.3843994 4.999756 -8.011705 -0.1673278 4.999756 -7.992714 0.5731812 4.999756 -5.958219 0.4190979 4.999756 -5.804149 0.2406005 4.999756 -5.679172 -1.466919 4.999756 -7.386703 -1.341949 4.999756 -7.565188 0.04315185 4.999756 -5.587088 -0.1673278 4.999756 -5.530694 -0.3843994 4.999756 -5.511703 -0.6014404 4.999756 -5.530694 -0.8119202 4.999756 -5.587088 -1.009399 4.999756 -5.679172 -3.993683 4.999756 -523.9776 -3.614838 4.999756 -523.8761 -16.6344 4.999756 -521.7617 -16.60022 4.999756 -522.1524 -14.77509 4.999756 -519.5459 -15.15393 4.999756 -519.6474 -16.60022 4.999756 -521.371 -16.49869 4.999756 -522.5313 -16.33295 4.999756 -522.8868 -16.108 4.999756 -523.208 -2.660797 4.999756 -523.208 -2.435822 4.999756 -522.8868 -2.270081 4.999756 -522.5313 -1.634399 4.999756 -6.761703 -1.884399 4.999756 -263.7617 -3.614838 4.999756 -519.6474 -3.993683 4.999756 -519.5459 -15.83066 4.999756 -523.4854 -15.5094 4.999756 -523.7103 -15.15393 4.999756 -523.8761 -3.259399 4.999756 -523.7103 -2.93811 4.999756 -523.4854 -16.108 4.999756 -520.3155 -16.33295 4.999756 -520.6367 -16.49869 4.999756 -520.9923 -14.77509 4.999756 -523.9776 -14.3844 4.999756 -524.0117 -4.384399 4.999756 -524.0117 -4.384399 4.999756 -519.5118 -14.3844 4.999756 -519.5118 -15.5094 4.999756 -519.8132 -15.83066 4.999756 -520.0382 -2.270081 4.999756 -520.9923 -2.435822 4.999756 -520.6367 -2.660797 4.999756 -520.3155 -2.168579 4.999756 -522.1524 -2.134399 4.999756 -521.7617 -2.168579 4.999756 -521.371 -2.93811 4.999756 -520.0382 -3.259399 4.999756 -519.8132</float_array>
          <technique_common>
            <accessor source="#BOX_PAD1_0_simple_006-mesh-positions-array" count="4983" stride="3">
              <param name="X" type="float"/>
              <param name="Y" type="float"/>
              <param name="Z" type="float"/>
            </accessor>
          </technique_common>
        </source>
        <source id="BOX_PAD1_0_simple_006-mesh-normals">
          <float_array id="BOX_PAD1_0_simple_006-mesh-normals-array" count="11364">0 0 -1 5.40132e-5 0 -1 -2.57686e-6 0 -1 -2.06152e-5 0 -1 -3.04601e-5 0 -1 4.13273e-5 0 -1 -3.34945e-5 0 -1 2.03959e-4 0 -1 2.00533e-5 0 -1 -4.55942e-5 0 -1 4.97522e-6 0 -1 1.61823e-6 0 -1 -1.30178e-5 0 -1 -1.39809e-4 0 -1 -5.77923e-5 0 -1 -2.03963e-4 0 -1 5.77923e-5 0 -1 3.4726e-6 0 -1 -1.63821e-6 0 -1 1.25095e-6 0 -1 2.30922e-4 0 -1 -2.24606e-5 0 -1 -1.17848e-5 0 -1 5.13334e-5 0 -1 -1.55199e-5 0 -1 3.21559e-5 0 -1 2.61422e-5 0 -1 -1.99742e-5 0 -1 5.02106e-5 0 -1 3.51488e-5 0 -1 -1.56216e-5 0 -1 -3.12433e-5 0 -1 -3.12434e-5 0 -1 3.12432e-5 0 -1 -3.12435e-5 0 -1 -1.0651e-5 0 -1 -1.02959e-4 0 -1 -1.42017e-5 0 -1 -7.10066e-5 0 -1 -1.42013e-5 0 -1 2.84036e-5 0 -1 -1.56218e-5 0 -1 -2.84029e-5 0 -1 1.9527e-5 0 -1 2.84028e-5 0 -1 -1 0 0 0 0 1 1.91215e-5 0 1 2.95356e-6 0 1 -3.04599e-5 0 1 -1.11724e-4 0 1 8.59574e-5 0 1 1.4731e-5 0 1 9.12932e-7 0 1 -7.80914e-5 0 1 -1.45654e-4 0 1 1.83345e-4 0 1 4.85088e-5 0 1 -2.95356e-6 0 1 -2.00152e-5 0 1 1.30177e-5 0 1 2.43684e-4 0 1 1.12686e-5 0 1 3.04599e-5 0 1 2.84035e-5 0 1 -5.68056e-5 0 1 -5.68061e-5 0 1 5.68065e-5 0 1 -6.24858e-5 0 1 9.94099e-5 0 1 -1.24973e-4 0 1 -1.42018e-5 0 1 4.61543e-5 0 1 -4.61543e-5 0 1 1.51954e-4 0 1 -3.86143e-5 0 1 -4.32905e-6 0 1 1.81007e-6 0 1 5.01671e-6 0 1 -4.61984e-6 0 1 3.52061e-4 0 1 -1.77637e-5 0 1 -2.43674e-4 0 1 4.61551e-5 0 1 -4.61549e-5 0 1 1.42016e-5 0 1 1.42013e-5 0 1 -5.68073e-5 0 1 3.12437e-5 0 1 3.9054e-6 0 1 2.84028e-5 0 1 -1.56216e-5 0 1 1 0 0 0 1 0 1 4.92e-6 0 1 -2.92877e-5 0 1 7.32279e-6 0 1 -2.92912e-5 0 1 -4.57674e-7 0 1 9.15322e-7 0 1 -9.15295e-7 0 1 9.15281e-7 0 -1 3.6644e-6 0 -1 9.15349e-7 0 -1 -1.46473e-5 0 -1 2.7458e-6 0 -1 4.57661e-6 0 -1 -2.92946e-5 0 -1 2.40272e-6 0 0 -0.9961962 0.08713853 0 -0.08714288 0.9961959 0 -0.08714401 0.9961957 0 -0.2588014 0.9659307 0 -0.2588047 0.9659297 0 -0.4226334 0.9063008 0 -0.4226333 0.9063008 0 -0.5735867 0.8191449 0 -0.5735803 0.8191494 0 -0.7070984 0.7071152 0 -0.7070916 0.707122 0 -0.8191555 0.5735718 0 -0.9063153 0.4226022 0 -0.9063102 0.4226132 0 -0.9659211 0.2588368 0 -0.9659245 0.2588242 0 -0.9961954 0.08714836 0 -0.996195 0.08715307 0 -0.9961957 0.08714473 0 -0.9961967 0.08713275 0 0.9961979 -0.08711916 0 0.9962028 -0.0870639 0 0.9961967 -0.08713293 0 0.9962 -0.08709537 0 0.9961988 -0.08710843 0 0.9659295 -0.2588056 0 0.9062713 -0.4226967 0 0.9062919 -0.4226524 0 0.8191744 -0.5735446 0 0.7071 -0.7071135 0 0.707127 -0.7070866 0 0.5735383 -0.8191788 0 0.4226333 -0.9063008 0 0.422654 -0.9062912 0 0.2587504 -0.9659442 0 0.08718633 -0.9961921 0 0.08719098 -0.9961916 0 -1 0 0 -1 4.05247e-7 0 -1 -4.93396e-6 0 -1 -2.20511e-6 0 -1 3.99124e-6 0 -1 1.43332e-6 0 -1 -1.05273e-5 0 -1 -1.36894e-6 0 -1 1.43024e-5 0 -1 -8.07705e-6 0 -1 2.87332e-6 0 -1 -2.02698e-6 0 -1 -2.16953e-5 0 -1 3.16804e-5 0 -1 3.09035e-5 0 -1 -1.00025e-5 0 -1 4.55523e-6 0 -1 -4.61677e-6 0 -1 1.34655e-6 0 -1 -8.2589e-6 0 -1 -1.5621e-5 0 -1 -3.89671e-5 0 -1 3.56309e-5 0 -1 -2.82218e-5 0 -1 1.79083e-5 0 -1 -1.1596e-5 0 -1 2.54086e-6 0 -1 1.22311e-5 0 -1 -1.56261e-5 0 -1 5.26472e-6 0 -1 -5.30052e-6 0 -1 -5.69719e-5 0 -1 2.24836e-5 0 -1 4.13131e-5 0 -1 -2.43495e-5 0 -1 -4.87934e-5 0 -1 -2.37609e-6 0 -1 1.4719e-5 0 -1 -1.56214e-5 0 -1 3.8967e-5 0 -1 -2.79491e-5 0 -1 6.95778e-6 0 -1 1.79083e-5 0 -1 -1.95332e-6 0 -1 -2.37283e-5 0 -1 1.34655e-6 0 -1 7.31008e-6 0 -1 -1.36654e-5 0 -1 -2.33723e-6 0 -1 -1.0682e-5 0 -1 2.78145e-6 0 -1 1.59013e-5 0 -1 -4.20756e-5 0 -1 -4.35316e-6 0 -1 -7.41627e-6 0 -1 4.4109e-5 0 -1 -2.43495e-5 0 -1 1.04389e-6 0 -1 -2.60804e-5 0 -1 5.84553e-5 0 -1 -3.18801e-5 0 -1 -3.77063e-6 0 -1 1.36172e-5 0 -1 2.55916e-5 0 -1 -2.06343e-5 0 -1 2.90765e-5 0 -1 -2.011e-5 0 -1 -4.28085e-6 0 -1 7.20135e-6 0 -1 -1.21572e-5 0 -1 -4.13795e-5 0 -1 7.84537e-5 0 -1 -5.31244e-5 0 -1 -1.50194e-4 0 -1 1.12413e-4 0 -1 4.31604e-5 0 -1 -1.93248e-5 0 -1 -1.42746e-5 0 -1 1.32312e-5 0 -1 -3.31527e-6 0 -1 -1.52863e-5 0 -1 2.36871e-5 0 -1 -4.91279e-5 0 -1 2.25701e-6 0 -1 -2.02198e-5 0 -1 1.74729e-5 0 -1 1.44197e-5 0 -1 -8.16283e-6 0 -1 2.61511e-5 0 -1 2.02044e-5 0 -1 -4.67309e-5 0 -1 4.58063e-5 0 -1 1.17581e-5 0 -1 -1.66085e-4 0 -1 2.00054e-4 0 -1 7.22269e-5 0 -1 -6.0488e-5 0 -1 -3.08602e-5 0 -1 -5.76449e-6 0 -1 4.28046e-6 0 -1 2.011e-5 0 -1 6.07269e-6 0 -1 -1.36161e-5 0 -1 3.77091e-6 0 -1 3.18801e-5 0 -1 -1.74729e-5 0 -1 -5.13862e-5 0 -1 6.0465e-5 0 -1 -5.25417e-6 0 -1 -2.36891e-5 0 -1 2.71732e-5 0 -1 -1.44661e-5 0 -1 -2.77535e-5 0 -1 -2.40706e-5 0 -1 2.30422e-5 0 -1 -3.92014e-5 0 -1 -3.92242e-6 0 -1 -8.74106e-6 0 -1 4.94168e-6 0 -1 2.55018e-5 0 -1 8.17108e-6 0 -1 1.57946e-5 0 -1 -2.78145e-6 0 -1 1.223e-5 0 -1 -7.1945e-5 0 -1 -3.03288e-5 0 -1 7.41627e-6 0 -1 5.48487e-5 0 -1 -3.26893e-5 0 -1 -1.26341e-5 0 -1 -3.10973e-5 0 -1 -1.12081e-5 0 -1 -1.87834e-6 0 -1 1.39767e-5 0 -1 -1.31091e-5 0 -1 -5.03805e-6 0 -1 1.85498e-5 0 -1 -1.69677e-6 0 -1 -5.37811e-5 0 -1 5.69719e-5 0 -1 -1.65536e-5 0 -1 1.39773e-5 0 -1 -1.12081e-5 0 -1 7.77424e-6 0 -1 1.01072e-4 0 -1 -3.26893e-5 0 -1 -3.42806e-6 0 -1 3.59754e-5 0 -1 -5.78448e-6 0 -1 -1.23602e-5 0 -1 5.30088e-6 0 -1 -5.26472e-6 0 -1 4.94167e-6 0 -1 2.50732e-5 0 -1 6.53739e-6 0 -1 -2.02132e-5 0 -1 3.81376e-5 0 -1 -3.46013e-5 0 -1 3.39883e-5 0 -1 -2.88448e-5 0 -1 2.43494e-5 0 -1 -1.04388e-6 0 -1 -2.60854e-5 0 -1 -2.24836e-5 0 -1 1.47294e-6 0 -1 -5.03788e-6 0 -1 -8.09276e-7 0 -1 3.42936e-6 0 -1 -1.48022e-4 0 -1 -1.52868e-5 0 -1 1.64831e-5 0 -1 -1.42743e-5 0 -1 -1.93246e-5 0 -1 1.44657e-5 0 -1 -3.31549e-6 0 -1 4.31611e-5 0 -1 -4.13795e-5 0 -1 4.46065e-5 0 -1 -3.49495e-5 0 -1 -1.50193e-4 0 -1 6.42313e-6 0 -1 4.7268e-5 0 -1 -8.48187e-5 0 -1 5.18787e-5 0 -1 7.15167e-5 0 -1 -4.83075e-5 0 -1 6.70174e-5 0 -1 -1.08423e-5 0 -1 1.02291e-5 0 -1 -3.1405e-5 0 -1 -3.75672e-5 0 -1 2.14296e-5 0 -1 3.94753e-5 0 -1 -1.7894e-6 0 -1 -2.07016e-5 0 -1 5.13861e-5 0 -1 1.09255e-5 0 -1 -4.67312e-5 0 -1 2.6674e-4 0 -1 -5.19024e-5 0 -1 -5.09513e-5 0 -1 -6.85107e-5 0 -1 5.00457e-5 0 -1 9.96562e-5 0 -1 -7.63519e-5 0 -1 3.80545e-5 0 -1 -4.31888e-5 0 -1 2.02041e-5 0 -1 -4.14065e-6 0 -1 -1.62937e-5 0 -1 3.31514e-6 0 -1 -1.44657e-5 0 -1 4.97358e-5 0 -1 -1.19692e-5 0 -1 1.52853e-5 0 -1 -2.3689e-5 0 -1 -5.13861e-5 0 -1 1.79846e-6 0 -1 1.67888e-5 0 -1 -5.74185e-5 0 -1 2.10747e-5 0 -1 -2.14318e-5 0 -1 4.8081e-5 0 -1 -3.80982e-5 0 -1 -9.63442e-6 0 1 -1.43332e-6 0 1 -5.32164e-6 0 1 2.20511e-6 0 1 -4.36395e-6 0 1 2.02698e-6 0 1 5.51966e-6 0 1 -6.28215e-6 0 1 -1.02799e-5 0 1 1.36894e-6 0 1 1.56261e-5 0 1 2.37609e-6 0 1 -3.97558e-5 0 1 -1.47192e-5 0 1 1.5621e-5 0 1 -7.3101e-6 0 1 4.61677e-6 0 1 -1.00842e-5 0 1 2.15426e-5 0 1 -1.63606e-5 0 1 3.00076e-5 0 1 -4.67589e-5 0 1 3.81128e-5 0 1 -1.62344e-5 0 1 -5.42677e-7 0 1 2.27888e-5 0 1 -1.58445e-5 0 1 4.35316e-6 0 1 1.73043e-5 0 1 -4.41094e-5 0 1 3.73359e-5 0 1 -1.04389e-6 0 1 2.60789e-5 0 1 1.34902e-5 0 1 -3.66932e-5 0 1 1.94701e-5 0 1 3.69419e-5 0 1 -2.51509e-5 0 1 2.37609e-6 0 1 -6.83303e-6 0 1 4.49494e-5 0 1 9.91587e-6 0 1 -6.95778e-6 0 1 -3.36079e-5 0 1 8.09276e-7 0 1 -2.35292e-5 0 1 4.55514e-6 0 1 -4.61687e-6 0 1 -1.34655e-6 0 1 3.02819e-5 0 1 -2.35852e-5 0 1 1.94702e-5 0 1 -5.69707e-5 0 1 5.19456e-5 0 1 -1.37841e-5 0 1 1.0116e-5 0 1 -1.30595e-5 0 1 -3.32789e-5 0 1 1.098e-4 0 1 -5.91136e-6 0 1 -2.42781e-5 0 1 1.93246e-5 0 1 -4.02514e-6 0 1 6.04668e-5 0 1 -1.71287e-5 0 1 -1.67888e-5 0 1 -1.0766e-5 0 1 1.35242e-5 0 1 -2.44912e-5 0 1 3.31549e-6 0 1 1.52868e-5 0 1 2.69186e-6 0 1 2.75459e-5 0 1 -2.47426e-5 0 1 1.54173e-5 0 1 3.35917e-5 0 1 -4.99279e-6 0 1 -3.85401e-5 0 1 4.7268e-5 0 1 5.00644e-5 0 1 -1.12414e-4 0 1 3.21144e-6 0 1 2.07016e-5 0 1 1.71287e-5 0 1 -1.44195e-5 0 1 -6.04668e-5 0 1 3.32758e-5 0 1 -3.38414e-6 0 1 -6.07225e-6 0 1 2.44936e-5 0 1 -1.35228e-5 0 1 -2.10747e-5 0 1 1.0766e-5 0 1 -2.71739e-5 0 1 1.44657e-5 0 1 -2.02041e-5 0 1 4.67312e-5 0 1 6.5438e-6 0 1 -7.44672e-5 0 1 2.1474e-5 0 1 -3.52861e-5 0 1 1.66088e-4 0 1 -6.6685e-5 0 1 -6.18134e-5 0 1 -2.7179e-5 0 1 4.41149e-5 0 1 1.31103e-5 0 1 5.03788e-6 0 1 -8.17111e-6 0 1 5.26472e-6 0 1 -1.34902e-5 0 1 2.47829e-5 0 1 -3.73358e-5 0 1 -1.94701e-5 0 1 3.66894e-5 0 1 6.97371e-5 0 1 -5.48489e-5 0 1 8.5007e-6 0 1 -7.77424e-6 0 1 1.53867e-5 0 1 -2.08565e-5 0 1 3.92244e-6 0 1 2.03956e-5 0 1 1.87834e-6 0 1 -5.93278e-6 0 1 -5.62116e-7 0 1 1.97954e-5 0 1 1.86376e-5 0 1 2.77541e-5 0 1 -7.52195e-5 0 1 5.69707e-5 0 1 5.30079e-6 0 1 -5.26485e-6 0 1 1.31969e-5 0 1 6.22149e-6 0 1 1.0412e-5 0 1 -7.41627e-6 0 1 1.04388e-6 0 1 -3.14759e-5 0 1 6.97371e-5 0 1 -1.71402e-5 0 1 8.74106e-6 0 1 -1.10476e-6 0 1 -4.15485e-5 0 1 2.11021e-5 0 1 -2.17538e-5 0 1 1.12081e-5 0 1 7.77434e-6 0 1 6.12522e-7 0 1 -6.55493e-6 0 1 -1.47294e-6 0 1 1.84728e-5 0 1 -8.32604e-5 0 1 -5.59122e-5 0 1 9.50102e-6 0 1 -7.20135e-6 0 1 2.65906e-5 0 1 -1.71038e-6 0 1 3.38387e-6 0 1 -1.74729e-5 0 1 -2.26844e-6 0 1 -1.71287e-5 0 1 3.77907e-6 0 1 1.41749e-5 0 1 -2.98967e-5 0 1 -1.32271e-5 0 1 1.18744e-5 0 1 4.28085e-6 0 1 -9.15038e-6 0 1 -1.67431e-5 0 1 1.94532e-6 0 1 3.9938e-5 0 1 -2.06499e-5 0 1 -5.91135e-6 0 1 -1.71565e-5 0 1 5.00646e-5 0 1 8.10166e-6 0 1 5.31244e-5 0 1 -9.80675e-6 0 1 -4.31027e-5 0 1 4.14049e-6 0 1 2.25701e-6 0 1 2.02198e-5 0 1 1.74729e-5 0 1 1.34233e-5 0 1 -9.5002e-6 0 1 -3.77091e-6 0 1 3.08613e-5 0 1 -1.41762e-5 0 1 -1.69833e-6 0 1 -8.75696e-6 0 1 -3.77907e-6 0 1 1.67444e-5 0 1 -1.18294e-6 0 1 1.8153e-6 0 1 -2.87807e-5 0 1 8.16283e-6 0 1 2.37542e-5 0 1 2.92068e-6 0 1 2.19462e-5 0 1 -7.22269e-5 0 1 -1.21521e-5 0 1 -6.66846e-5 0 1 1.03803e-5 0.9961946 -0.08715796 0 0.9961947 -0.08715611 0 0.965926 -0.2588188 0 0.9659246 -0.2588241 0 0.9063165 -0.4225997 0 0.8191542 -0.5735734 0 0.7070962 -0.7071174 0 0.7070856 -0.7071281 0 0.5735734 -0.8191542 0 0.4226258 -0.9063043 0 0.2588294 -0.9659231 0 0.08715426 -0.9961948 0 -0.08715426 -0.9961948 0 -0.2588294 -0.9659231 0 -0.4226258 -0.9063043 0 -0.5735734 -0.8191542 0 -0.7070962 -0.7071174 0 -0.7070856 -0.7071281 0 -0.8191542 -0.5735734 0 -0.9063165 -0.4225997 0 -0.965926 -0.2588188 0 -0.9659246 -0.2588241 0 -0.9961946 -0.08715796 0 -0.9961947 -0.08715611 0 -0.9961948 0.08715426 0 -0.9659231 0.2588294 0 -0.9063165 0.4225997 0 -0.8191542 0.5735734 0 -0.7071068 0.7071068 0 -0.5735734 0.8191542 0 -0.4225997 0.9063165 0 -0.2588294 0.9659231 0 -0.08715426 0.9961948 0 0.08715426 0.9961948 0 0.2588294 0.9659231 0 0.4225997 0.9063165 0 0.5735734 0.8191542 0 0.7071068 0.7071068 0 0.8191542 0.5735734 0 0.9063165 0.4225997 0 0.9659231 0.2588294 0 0.9961948 0.08715426 0 0.9063104 -0.4226128 0 0.5735809 -0.819149 0 0.4226319 -0.9063014 0 0.2588215 -0.9659252 0 0.08715569 -0.9961947 0 -0.08715569 -0.9961947 0 -0.2588255 -0.9659242 0 -0.7071068 -0.7071068 0 -0.7070909 -0.7071228 0 -0.9063125 -0.4226084 0 -0.9063084 -0.4226171 0 -0.9063084 0.4226171 0 -0.9063125 0.4226084 0 -0.7071121 0.7071015 0 -0.7071174 0.7070962 0 -0.2588255 0.9659242 0 -0.08715569 0.9961947 0 0.08715569 0.9961947 0 0.2588215 0.9659252 0 0.4226058 0.9063137 0 0.5735809 0.819149 0 0.9063104 0.4226128 0 0.08715003 0 0.9961953 0.2586268 0 0.9659774 0.2591547 0 0.9658359 0.4227083 0 0.9062658 0.4224759 0 0.9063742 0.5735573 0 0.8191655 0.5733674 0 0.8192984 0.7072217 0 0.7069919 0.7069388 0 0.7072748 0.8192503 0 0.5734363 0.8191571 0 0.5735691 0.9063034 0 0.4226279 0.9659234 0 0.258828 0.996199 0 0.08710724 0.9961968 0 0.08713179 0.9961968 0 -0.08713179 0.9962011 0 -0.08708274 0.9659045 0 -0.2588988 0.9659234 0 -0.258828 0.9063034 0 -0.4226279 0.9063539 0 -0.4225196 0.8190641 0 -0.5737022 0.8192503 0 -0.5734363 0.7069388 0 -0.7072748 0.7072217 0 -0.7069919 0.5735573 0 -0.8191655 0.4227083 0 -0.9062658 0.4224759 0 -0.9063742 0.2588908 0 -0.9659067 0.2586268 0 -0.9659774 0.08715003 0 -0.9961953 -0.08715003 0 -0.9961953 -0.2586268 0 -0.9659774 -0.2588908 0 -0.9659067 -0.4224759 0 -0.9063742 -0.4227083 0 -0.9062658 -0.5735573 0 -0.8191655 -0.7072217 0 -0.7069919 -0.7069388 0 -0.7072748 -0.8192503 0 -0.5734363 -0.8190641 0 -0.5737022 -0.9063539 0 -0.4225196 -0.9063034 0 -0.4226279 -0.9659234 0 -0.258828 -0.9659045 0 -0.2588988 -0.9962011 0 -0.08708274 -0.9961968 0 -0.08713179 -0.9961968 0 0.08713179 -0.996199 0 0.08710724 -0.9659234 0 0.258828 -0.9063034 0 0.4226279 -0.8191571 0 0.5735691 -0.8192503 0 0.5734363 -0.7069388 0 0.7072748 -0.7072217 0 0.7069919 -0.5733674 0 0.8192984 -0.5735573 0 0.8191655 -0.4224759 0 0.9063742 -0.4227083 0 0.9062658 -0.2591547 0 0.9658359 -0.2586268 0 0.9659774 -0.08715003 0 0.9961953 0.08714771 0 0.9961954 0.2586334 0 0.9659756 0.2591614 0 0.9658342 0.5735449 0 0.8191742 0.573355 0 0.8193072 0.7072483 0 0.7069653 0.7069653 0 0.7072483 0.8192378 0 0.5734541 0.8191447 0 0.573587 0.9659301 0 0.2588033 0.9961944 0 0.08715993 0.9961923 0 0.08718448 0.9961923 0 -0.08718448 0.9961966 0 -0.08713537 0.9659111 0 -0.258874 0.9659301 0 -0.2588033 0.8190515 0 -0.5737199 0.8192378 0 -0.5734541 0.7069653 0 -0.7072483 0.7072483 0 -0.7069653 0.5735449 0 -0.8191742 0.2588974 0 -0.9659049 0.2586334 0 -0.9659756 0.08714771 0 -0.9961954 -0.08714771 0 -0.9961954 -0.2586334 0 -0.9659756 -0.2588974 0 -0.9659049 -0.5735449 0 -0.8191742 -0.707235 0 -0.7069786 -0.706952 0 -0.7072616 -0.9659301 0 -0.2588033 -0.9659111 0 -0.258874 -0.9961966 0 -0.08713537 -0.9961923 0 -0.08718448 -0.9961923 0 0.08718448 -0.9961944 0 0.08715993 -0.9659301 0 0.2588033 -0.706952 0 0.7072616 -0.707235 0 0.7069786 -0.573355 0 0.8193072 -0.5735449 0 0.8191742 -0.2591614 0 0.9658342 -0.2586334 0 0.9659756 -0.08714771 0 0.9961954 -0.996195 0 -0.08715188 -0.9659181 0 -0.2588481 -0.9659243 0 -0.2588248 -0.9063216 0 -0.4225887 -0.906305 0 -0.4226244 -0.8191541 0 -0.5735736 -0.7071185 0 -0.7070952 -0.5735215 0 -0.8191905 -0.5735841 0 -0.8191466 -0.4226084 0 -0.9063124 -0.2588306 0 -0.9659227 -0.08721029 0 -0.99619 -0.08711761 0 -0.9961981 0.08711761 0 -0.9961981 0.08721029 0 -0.99619 0.2588306 0 -0.9659227 0.4226084 0 -0.9063124 0.5735883 0 -0.8191438 0.5735256 0 -0.8191877 0.7071097 0 -0.7071039 0.8191582 0 -0.5735677 0.9063016 0 -0.4226316 0.9063183 0 -0.4225959 0.9659266 0 -0.2588166 0.9659202 0 -0.2588399 0.996195 0 -0.08715188 -0.08715236 0.996195 0 -0.2588306 0.9659227 0 -0.4226084 0.9063124 0 -0.422618 0.9063079 0 -0.5735763 0.8191522 0 -0.7071185 0.7070952 0 -0.7071068 0.7071068 0 -0.8191464 0.5735846 0 -0.9063092 0.4226155 0 -0.9659227 0.2588306 0 -0.996195 0.08715188 0 0.996195 0.08715188 0 0.9659258 0.2588197 0 0.9659242 0.2588251 0 0.9063047 0.4226251 0 0.9063069 0.4226203 0 0.8191519 0.5735768 0 0.8191492 0.5735806 0 0.7071097 0.7071039 0 0.707098 0.7071155 0 0.5735818 0.8191484 0 0.5735791 0.8191502 0 0.4226084 0.9063124 0 0.422618 0.9063079 0 0.2588306 0.9659227 0 0.08715236 0.996195 0 0.08702647 0 -0.996206 0.259179 0 -0.9658294 0.258482 0 -0.9660161 0.4227552 0 -0.906244 0.4224483 0 -0.906387 0.573655 0 -0.8190971 0.7070718 0 -0.7071418 0.8192297 0 -0.5734655 0.8191069 0 -0.573641 0.9063316 0 -0.4225673 0.9062649 0 -0.4227104 0.9659357 0 -0.2587828 0.9961941 0 -0.08716231 0.9961913 0 -0.08719474 0.9961913 0 0.08719474 0.9659357 0 0.2587828 0.9659606 0 0.2586894 0.9062649 0 0.4227104 0.9063316 0 0.4225673 0.8191069 0 0.573641 0.7070718 0 0.7071418 0.7072585 0 0.7069551 0.5734044 0 0.8192725 0.573655 0 0.8190971 0.4227552 0 0.906244 0.258482 0 0.9660161 0.259179 0 0.9658294 0.08702647 0 0.996206 -0.08702647 0 0.996206 -0.259179 0 0.9658294 -0.258482 0 0.9660161 -0.4227552 0 0.906244 -0.573655 0 0.8190971 -0.5734044 0 0.8192725 -0.7072585 0 0.7069551 -0.7070718 0 0.7071418 -0.8191069 0 0.573641 -0.9063316 0 0.4225673 -0.9062649 0 0.4227104 -0.9659606 0 0.2586894 -0.9659357 0 0.2587828 -0.9961913 0 0.08719474 -0.9961913 0 -0.08719474 -0.9961941 0 -0.08716231 -0.9659357 0 -0.2587828 -0.9062649 0 -0.4227104 -0.9063316 0 -0.4225673 -0.8191069 0 -0.573641 -0.8192297 0 -0.5734655 -0.7070718 0 -0.7071418 -0.573655 0 -0.8190971 -0.4224483 0 -0.906387 -0.4227552 0 -0.906244 -0.258482 0 -0.9660161 -0.259179 0 -0.9658294 -0.08702647 0 -0.996206 0.2591702 0 -0.9658316 0.2584733 0 -0.9660185 0.4227685 0 -0.9062378 0.4224618 0 -0.9063808 0.7070543 0 -0.7071593 0.8192462 0 -0.573442 0.8191233 0 -0.5736175 0.9063451 0 -0.4225386 0.9062783 0 -0.4226816 0.9659181 0 -0.2588481 0.9961972 0 -0.08712756 0.9961944 0 -0.08715999 0.9961944 0 0.08715999 0.9659181 0 0.2588481 0.9659431 0 0.2587547 0.9062783 0 0.4226816 0.9063451 0 0.4225386 0.8191233 0 0.5736175 0.7070543 0 0.7071593 0.707241 0 0.7069726 0.4227685 0 0.9062378 0.2584733 0 0.9660185 0.2591702 0 0.9658316 -0.2591702 0 0.9658316 -0.2584733 0 0.9660185 -0.4227685 0 0.9062378 -0.707241 0 0.7069726 -0.7070543 0 0.7071593 -0.8191233 0 0.5736175 -0.9063451 0 0.4225386 -0.9062783 0 0.4226816 -0.9659431 0 0.2587547 -0.9659181 0 0.2588481 -0.9961944 0 0.08715999 -0.9961944 0 -0.08715999 -0.9961972 0 -0.08712756 -0.9062783 0 -0.4226816 -0.9063451 0 -0.4225386 -0.8191233 0 -0.5736175 -0.8192462 0 -0.573442 -0.7070543 0 -0.7071593 -0.4224618 0 -0.9063808 -0.4227685 0 -0.9062378 -0.2584733 0 -0.9660185 -0.2591702 0 -0.9658316 -8.24538e-5 0 1 5.40132e-5 0 1 -1.28843e-5 0 1 8.5682e-6 0 1 -5.40161e-5 0 1 2.06152e-5 0 1 -8.56807e-6 0 1 -3.04601e-5 0 1 1.77105e-5 0 1 5.92603e-5 0 1 -8.3077e-5 0 1 7.39981e-5 0 1 1.389e-5 0 1 -1.16088e-5 0 1 1.61823e-6 0 1 -7.37418e-6 0 1 -8.66884e-5 0 1 8.66884e-5 0 1 -1.04178e-5 0 1 0.002438962 0 0.999997 -1.63821e-6 0 1 6.25473e-6 0 1 -1.24346e-4 0 1 -1.76771e-5 0 1 1.00423e-5 0 1 -4.13425e-5 0 1 -1.08307e-4 0 1 2.56811e-5 0 1 -3.24892e-5 0 1 -2.7338e-5 0 1 -2.27229e-4 0 1 4.68649e-5 0 1 2.27223e-4 0 1 -6.24866e-5 0 1 1.13611e-4 0 1 -1.56215e-5 0 1 3.12432e-5 0 1 -3.12434e-5 0 1 1.02961e-4 0 1 -1.02961e-4 0 1 4.26049e-5 0 1 -1.42013e-5 0 1 -6.24868e-5 0 1 4.2604e-5 0 1 2.84036e-5 0 1 -2.84026e-5 0 1 1.9527e-5 0 1 -3.18687e-5 0 -1 -2.06749e-5 0 -1 -3.04599e-5 0 -1 4.87009e-5 0 -1 -5.75534e-5 0 -1 2.94619e-6 0 -1 -6.39053e-6 0 -1 6.89056e-5 0 -1 6.34883e-5 0 -1 -4.28019e-5 0 -1 2.06749e-5 0 -1 6.50885e-6 0 -1 2.60607e-5 0 -1 -1.6098e-6 0 -1 3.04599e-5 0 -1 2.84035e-5 0 -1 -5.68048e-5 0 -1 -5.68061e-5 0 -1 5.68073e-5 0 -1 -6.24866e-5 0 -1 9.94099e-5 0 -1 -1.24973e-4 0 -1 -1.27814e-4 0 -1 4.61551e-5 0 -1 -4.61551e-5 0 -1 1.51953e-4 0 -1 -4.29049e-6 0 -1 -4.32905e-6 0 -1 1.81007e-6 0 -1 -8.56839e-6 0 -1 5.01671e-6 0 -1 1.64292e-4 0 -1 -1.59869e-4 0 -1 4.61543e-5 0 -1 -4.61541e-5 0 -1 1.42017e-5 0 -1 1.42013e-5 0 -1 -5.68073e-5 0 -1 3.12441e-5 0 -1 3.9054e-6 0 -1 -1.56216e-5 0 -1 -1 -4.92e-6 0 -1 2.92877e-5 0 -1 -1.37302e-6 0 -1 4.57674e-6 0 -1 -2.92877e-5 0 -1 9.15375e-7 0 -1 2.74592e-6 0 -1 1.46473e-5 0 -1 -1.83054e-6 0 -1 1.8307e-6 0 -1 -1.83048e-6 0 1 1.8307e-6 0 1 9.15349e-7 0 1 -1.83064e-6 0 1 1.46507e-5 0 1 -2.74576e-6 0 1 1.46473e-5 0 1 -9.15322e-7 0 1 3.20372e-6 0 1 -2.92946e-5 0 1 1.37294e-6 0 1 2.92912e-5 0 1 -2.40279e-6 0 0 -0.9961959 -0.08714234 0 -0.08714288 -0.9961959 0 -0.08714401 -0.9961957 0 -0.2588422 -0.9659196 0 -0.2588456 -0.9659187 0 -0.4226333 -0.9063008 0 -0.4226334 -0.9063008 0 -0.5735573 -0.8191656 0 -0.5735509 -0.8191699 0 -0.7071202 -0.7070934 0 -0.7071135 -0.7071 0 -0.819141 -0.5735923 0 -0.9063153 -0.4226022 0 -0.9063102 -0.4226132 0 -0.965924 -0.2588259 0 -0.9659274 -0.2588133 0 -0.996195 -0.08715212 0 -0.9961947 -0.08715689 0 -0.9961953 -0.08714854 0 -0.9961964 -0.08713656 0 0.9961979 0.08711916 0 0.9962028 0.0870639 0 0.9961967 0.08713293 0 0.9962 0.08709537 0 0.9961988 0.08710843 0 0.9659178 0.2588494 0 0.9063025 0.4226297 0 0.9063231 0.4225854 0 0.8191744 0.5735446 0 0.7071 0.7071135 0 0.707127 0.7070866 0 0.5735383 0.8191788 0 0.4226334 0.9063008 0 0.422654 0.9062912 0 0.2587504 0.9659442 0 0.08718633 0.9961921 0 0.08719098 0.9961916 0 -1 -4.05244e-7 0 -1 4.9339e-6 0 -1 2.20507e-6 0 -1 -3.99136e-6 0 -1 -1.43332e-6 0 -1 1.0527e-5 0 -1 -2.28158e-6 0 -1 -1.43028e-5 0 -1 1.06673e-5 0 -1 8.97465e-7 0 -1 -2.87339e-6 0 -1 2.02699e-6 0 -1 2.16978e-5 0 -1 -1.86335e-6 0 -1 5.37811e-5 0 -1 -8.42801e-6 0 -1 -1.00036e-5 0 -1 1.36646e-5 0 -1 -1.38506e-5 0 -1 -1.34647e-6 0 -1 8.25974e-6 0 -1 1.56197e-5 0 -1 -3.89711e-5 0 -1 2.37257e-5 0 -1 1.66029e-6 0 -1 -1.79066e-5 0 -1 -6.95778e-6 0 -1 2.79458e-5 0 -1 -4.41146e-5 0 -1 1.56242e-5 0 -1 -1.59024e-5 0 -1 -5.84553e-5 0 -1 8.26106e-6 0 -1 2.43494e-5 0 -1 2.37636e-6 0 -1 -4.49504e-5 0 -1 5.74572e-5 0 -1 -3.97515e-5 0 -1 -1.47208e-5 0 -1 1.56193e-5 0 -1 3.89712e-5 0 -1 -2.54056e-6 0 -1 1.1596e-5 0 -1 -1.79066e-5 0 -1 3.32103e-5 0 -1 -3.5627e-5 0 -1 -1.34647e-6 0 -1 -7.31051e-6 0 -1 -4.55496e-6 0 -1 2.33723e-6 0 -1 3.91682e-5 0 -1 -2.78145e-6 0 -1 4.20805e-5 0 -1 -7.25434e-6 0 -1 3.18811e-5 0 -1 3.77082e-6 0 -1 -1.36168e-5 0 -1 -2.55969e-5 0 -1 2.06306e-5 0 -1 -2.90758e-5 0 -1 2.01089e-5 0 -1 4.28093e-6 0 -1 -7.20033e-6 0 -1 1.2159e-5 0 -1 4.13727e-5 0 -1 -7.84552e-5 0 -1 5.31238e-5 0 -1 1.5019e-4 0 -1 -4.32359e-5 0 -1 -4.31669e-5 0 -1 1.93244e-5 0 -1 1.42724e-5 0 -1 -1.32324e-5 0 -1 1.88958e-5 0 -1 -2.25701e-6 0 -1 2.02198e-5 0 -1 -1.74729e-5 0 -1 -1.44214e-5 0 -1 8.16413e-6 0 -1 -2.61481e-5 0 -1 -2.02043e-5 0 -1 4.67246e-5 0 -1 -4.58146e-5 0 -1 5.09402e-5 0 -1 -2.0006e-4 0 -1 -7.22297e-5 0 -1 6.04899e-5 0 -1 3.08598e-5 0 -1 5.7641e-6 0 -1 -4.28136e-6 0 -1 -2.01089e-5 0 -1 -6.07332e-6 0 -1 1.36178e-5 0 -1 -3.77058e-6 0 -1 -3.18811e-5 0 -1 1.74729e-5 0 -1 -2.27698e-5 0 -1 -2.71765e-5 0 -1 -3.81336e-5 0 -1 1.01767e-4 0 -1 -3.61407e-5 0 -1 3.46049e-5 0 -1 3.92057e-5 0 -1 -6.53664e-6 0 -1 -1.45683e-5 0 -1 -4.94167e-6 0 -1 8.50175e-6 0 -1 -8.17163e-6 0 -1 2.78145e-6 0 -1 6.6101e-5 0 -1 -2.75684e-6 0 -1 1.23602e-5 0 -1 3.26893e-5 0 -1 -6.31512e-5 0 -1 1.12071e-5 0 -1 1.87852e-6 0 -1 -1.39787e-5 0 -1 1.3109e-5 0 -1 5.03828e-6 0 -1 -1.8548e-5 0 -1 2.88477e-5 0 -1 1.65525e-5 0 -1 -1.39781e-5 0 -1 1.12071e-5 0 -1 2.33232e-5 0 -1 3.26893e-5 0 -1 -3.77145e-5 0 -1 -3.59719e-5 0 -1 -3.47102e-6 0 -1 -1.57946e-5 0 -1 -4.94168e-6 0 -1 2.50686e-5 0 -1 3.92196e-6 0 -1 2.02154e-5 0 -1 -2.30447e-5 0 -1 2.26314e-5 0 -1 1.69694e-6 0 -1 -1.47285e-6 0 -1 5.03841e-6 0 -1 8.09282e-7 0 -1 -3.42946e-6 0 -1 1.52849e-5 0 -1 -1.64854e-5 0 -1 1.42727e-5 0 -1 1.93247e-5 0 -1 3.31489e-6 0 -1 -4.31662e-5 0 -1 1.02959e-5 0 -1 3.49437e-5 0 -1 -1.38352e-4 0 -1 1.5019e-4 0 -1 -6.42295e-6 0 -1 -4.72668e-5 0 -1 2.31316e-5 0 -1 -3.35878e-5 0 -1 1.54175e-5 0 -1 -2.47398e-5 0 -1 2.33473e-5 0 -1 -2.60167e-5 0 -1 4.8989e-5 0 -1 1.35224e-5 0 -1 -2.14319e-5 0 -1 -1.07657e-5 0 -1 1.7894e-6 0 -1 2.07016e-5 0 -1 2.49365e-5 0 -1 4.67241e-5 0 -1 -2.66747e-4 0 -1 1.34947e-4 0 -1 -1.17556e-5 0 -1 -1.59723e-5 0 -1 3.52914e-5 0 -1 -2.71791e-5 0 -1 -3.80617e-5 0 -1 -9.96444e-6 0 -1 -2.02045e-5 0 -1 4.13997e-6 0 -1 1.62909e-5 0 -1 1.44661e-5 0 -1 4.12192e-5 0 -1 -2.73095e-5 0 -1 -6.0465e-5 0 -1 5.13862e-5 0 -1 -1.79846e-6 0 -1 -1.67888e-5 0 -1 4.86404e-6 0 -1 -2.44918e-5 0 -1 1.21593e-5 0 -1 9.63485e-6 0 1 1.43332e-6 0 1 5.32181e-6 0 1 -2.20507e-6 0 1 4.36397e-6 0 1 -2.02699e-6 0 1 3.67972e-6 0 1 2.6924e-6 0 1 -1.42231e-5 0 1 1.34089e-6 0 1 7.75736e-6 0 1 -1.56242e-5 0 1 -2.37636e-6 0 1 -2.52188e-5 0 1 3.65794e-5 0 1 -2.22251e-5 0 1 2.35826e-5 0 1 7.31053e-6 0 1 4.61687e-6 0 1 -4.49494e-5 0 1 2.35292e-5 0 1 -1.6461e-6 0 1 1.63606e-5 0 1 4.67589e-5 0 1 -1.27027e-5 0 1 6.95778e-6 0 1 5.42624e-7 0 1 -7.16298e-6 0 1 -1.38336e-5 0 1 1.30578e-5 0 1 -1.94702e-5 0 1 6.85862e-6 0 1 -2.37636e-6 0 1 2.17391e-5 0 1 -3.00102e-5 0 1 -3.5419e-5 0 1 3.30566e-6 0 1 1.62344e-5 0 1 -4.0649e-5 0 1 3.3608e-5 0 1 -8.09282e-7 0 1 1.76828e-5 0 1 1.00842e-5 0 1 4.55496e-6 0 1 -4.61677e-6 0 1 1.34647e-6 0 1 -8.25992e-6 0 1 -1.56193e-5 0 1 -5.19454e-5 0 1 4.13578e-5 0 1 -2.36041e-5 0 1 -4.3526e-6 0 1 5.91039e-6 0 1 2.69789e-6 0 1 4.12946e-5 0 1 -3.99378e-5 0 1 4.02548e-6 0 1 1.71287e-5 0 1 1.67888e-5 0 1 -3.58858e-6 0 1 2.25374e-5 0 1 -1.22472e-5 0 1 -3.31489e-6 0 1 -5.188e-5 0 1 2.60167e-5 0 1 -7.73857e-6 0 1 6.94939e-6 0 1 3.39185e-5 0 1 1.67939e-5 0 1 4.99195e-6 0 1 1.48264e-5 0 1 -4.72668e-5 0 1 -5.00633e-5 0 1 8.64698e-6 0 1 -6.81483e-5 0 1 3.1039e-5 0 1 -2.07016e-5 0 1 -9.24469e-6 0 1 8.75783e-6 0 1 6.07376e-6 0 1 5.18793e-5 0 1 1.22459e-5 0 1 -2.25399e-5 0 1 8.10673e-6 0 1 3.58858e-6 0 1 4.1756e-5 0 1 -2.19492e-5 0 1 -6.54493e-6 0 1 -1.95927e-5 0 1 3.57842e-5 0 1 -1.76457e-5 0 1 6.66868e-5 0 1 6.18152e-5 0 1 -9.05969e-6 0 1 -3.50825e-5 0 1 1.97904e-5 0 1 -1.84742e-5 0 1 8.1716e-6 0 1 5.26485e-6 0 1 3.14759e-5 0 1 -2.13383e-6 0 1 3.73359e-5 0 1 -6.97371e-5 0 1 8.50166e-6 0 1 -7.7744e-6 0 1 1.34365e-5 0 1 6.55425e-6 0 1 1.17659e-5 0 1 -8.74109e-6 0 1 -1.87851e-6 0 1 2.17518e-5 0 1 5.6206e-7 0 1 -6.22211e-6 0 1 5.59129e-5 0 1 8.3262e-5 0 1 5.30052e-6 0 1 -5.26472e-6 0 1 1.51125e-5 0 1 -1.97974e-5 0 1 3.47105e-6 0 1 -6.97371e-5 0 1 5.14291e-5 0 1 -2.03957e-5 0 1 1.10476e-6 0 1 1.39787e-5 0 1 5.93222e-6 0 1 -1.12071e-5 0 1 7.7743e-6 0 1 -6.12589e-7 0 1 2.08543e-5 0 1 1.47285e-6 0 1 -5.03828e-6 0 1 1.00273e-4 0 1 -2.77546e-5 0 1 -1.86379e-5 0 1 3.78907e-5 0 1 5.69997e-6 0 1 7.20033e-6 0 1 2.90758e-5 0 1 5.60436e-5 0 1 -3.18811e-5 0 1 1.74729e-5 0 1 2.26844e-6 0 1 -4.9129e-5 0 1 -2.06306e-5 0 1 1.85251e-5 0 1 -4.28093e-6 0 1 -1.42724e-5 0 1 -3.78523e-5 0 1 1.36168e-5 0 1 -1.93244e-5 0 1 4.31669e-5 0 1 -6.52061e-5 0 1 1.38354e-4 0 1 -5.00632e-5 0 1 -8.10142e-6 0 1 -5.31238e-5 0 1 4.90343e-5 0 1 1.25391e-4 0 1 -4.14013e-6 0 1 -2.25701e-6 0 1 -2.02198e-5 0 1 -1.74729e-5 0 1 2.09424e-5 0 1 3.18811e-5 0 1 -5.70041e-6 0 1 3.77058e-6 0 1 4.9129e-5 0 1 2.01089e-5 0 1 -3.08598e-5 0 1 -8.16413e-6 0 1 1.42496e-5 0 1 -2.62826e-5 0 1 -9.67844e-5 0 1 7.22297e-5 0 1 1.21527e-5 0 1 6.66867e-5 0 1 -1.34949e-4 0.9961958 0 0.08714377 0.9659266 0 0.2588166 0.9063016 0 0.4226316 0.819189 0 0.5735239 0.8191275 0 0.5736116 0.7071097 0 0.7071039 0.5735883 0 0.8191438 0.4225318 0 0.9063482 0.4226084 0 0.9063124 0.2588306 0 0.9659227 0.08721029 0 0.99619 0.08711761 0 0.9961981 -0.08711761 0 0.9961981 -0.08721029 0 0.99619 -0.2588306 0 0.9659227 -0.4226084 0 0.9063124 -0.4225318 0 0.9063482 -0.5735841 0 0.8191466 -0.7071185 0 0.7070952 -0.8191848 0 0.5735297 -0.906305 0 0.4226244 -0.9659243 0 0.2588248 -0.9961958 0 0.08714377 0.906311 0.4226113 0 0.9961949 0.08715391 0 -0.9961949 0.08715391 0 -0.9063133 0.4226065 0 0 -1 -5.43216e-5 0 -1 -2.52122e-5 0 -1 2.56827e-5 0 -1 -1.15318e-5 0 -1 7.57813e-6 0 -1 2.54154e-5 0 -1 4.97812e-5 0 -1 -5.52482e-5 0 -1 -1.438e-5 0 -1 1.22017e-6 0 -1 -2.4756e-6 0 -1 -5.66449e-6 0 -1 3.86671e-6 0 -1 9.46532e-6 0 -1 -1.79995e-5 0 -1 1.47409e-5 0 -1 -2.13318e-5 0 -1 -1.49844e-6 0 -1 -2.59212e-5 0 -1 4.6091e-6 0 -1 1.16834e-4 0 -1 -1.57545e-6 0 -1 -4.28925e-5 0 -1 2.86025e-5 0 -1 -5.23732e-6 0 -1 5.35383e-5 0 -1 1.39962e-6 0 -1 2.63567e-5 0 -1 -4.63555e-7 0 -1 -6.14359e-6 0 -1 6.95985e-6 0 -1 -1.62637e-5 0 -1 9.86564e-6 0 -1 2.20811e-6 0 -1 -1.93846e-5 0 -1 3.68216e-5 0 -1 -4.11058e-6 0 -1 -1.48037e-5 0 -1 -2.94956e-4 0 -1 -4.17688e-5 0 -1 -7.37441e-6 0 -1 -1.67808e-6 0 -1 5.56321e-6 0 -1 -4.45225e-5 0 -1 2.59812e-5 0 -1 -2.43804e-5 0 -1 1.42962e-5 0 -1 6.43623e-7 0 -1 4.05587e-5 0 -1 -5.53578e-5 0 -1 1.55384e-5 0 -1 1.47106e-5 0 -1 -2.10122e-5 0 -1 6.19612e-5 0 -1 -1.87361e-5 0 -1 -3.78515e-5 0 -1 1.2304e-5 0 -1 -4.57181e-6 0 -1 9.18769e-7 0 -1 -5.56324e-6 0 -1 3.89932e-6 0 -1 8.09295e-5 0 -1 -3.85056e-5 0 -1 3.29747e-5 0 -1 1.75388e-5 0 -1 1.48979e-5 0 -1 -1.46017e-5 0 -1 -3.85056e-5 0 -1 4.04647e-5 0 -1 7.10258e-5 0 -1 -4.43992e-5 0 -1 -5.9878e-5 0 -1 -9.9435e-5 0 -1 -2.36084e-5 0 -1 3.82652e-5 0 -1 -3.09796e-6 0 -1 -1.06225e-5 0 -1 -9.63115e-7 0 -1 -3.66071e-6 0 -1 3.18389e-7 0 -1 -1.58339e-6 0 -1 1.81054e-5 0 -1 -4.72812e-5 0 -1 8.87499e-6 0 -1 1.40783e-5 0 -1 1.47399e-5 0 -1 -1.46941e-5 0 -1 -1.40768e-5 0 -1 -1.90386e-6 0 -1 -8.6882e-6 0 -1 1.74852e-5 0 -1 -1.03553e-5 0 -1 3.30284e-5 0 -1 4.25213e-6 0 -1 -2.39217e-6 0 -1 -4.92949e-5 0 -1 3.1839e-7 0 -1 -3.16662e-6 0 -1 8.96263e-7 0 -1 -7.53053e-6 0 -1 -1.75639e-5 0 -1 3.42272e-5 0 -1 -1.92528e-5 0 -1 -8.05965e-7 0 1 -3.09567e-5 0 1 4.55935e-5 0 1 9.85586e-5 0 1 -9.31361e-5 0 1 1.16806e-4 0 1 3.09809e-5 0 1 4.83798e-6 0 1 -9.18013e-6 0 1 1.16905e-4 0 1 -1.21768e-4 0 1 9.88775e-5 0 1 -1.87361e-5 0 1 -1.3554e-5 0 1 5.43216e-5 0 1 -1.88624e-5 0 1 -6.93738e-6 0 1 8.12898e-6 0 1 6.72765e-6 0 1 -8.37967e-5 0 1 -9.97789e-6 0 1 1.49013e-5 0 1 -3.0463e-5 0 1 1.82459e-5 0 1 1.26963e-5 0 1 -4.04647e-5 0 1 3.85056e-5 0 1 -1.47106e-5 0 1 -3.62563e-5 0 0.9999998 5.76032e-4 0 1 -4.43973e-5 0 1 -4.71356e-5 0 1 -1.42962e-5 0 1 2.7462e-5 0 1 -7.49577e-6 0 1 5.75341e-6 0 1 -4.05591e-5 0 1 -1.79633e-5 0 1 2.59538e-6 0 1 3.07769e-5 0 1 0 0 1 9.42004e-6 0 1 -4.73664e-5 0 1 4.92988e-5 0 1 -1.81054e-5 0 1 8.13194e-6 0 1 3.85989e-5 0 1 -8.63253e-6 0 1 -2.55936e-6 0 1 1.72085e-5 0 1 -4.90923e-6 0 1 1.21902e-5 0 1 -6.29391e-6 0 1 -3.17262e-6 0 1 -1.75388e-5 0 1 1.18541e-5 0 1 -1.82102e-5 0 1 1.00698e-5 0 1 -6.11705e-5 0 1 3.85056e-5 0 1 -4.04647e-5 0 1 -2.28607e-5 0 0.9999999 -5.69078e-4 0 1 -4.0572e-5 0 1 3.68189e-5 0 1 7.97984e-6 0 1 -1.42962e-5 0 1 1.21903e-5 0 1 -2.12606e-6 0 1 3.9508e-5 0 1 -4.45309e-5 0 1 8.54677e-6 0 1 0 0 1 -5.41286e-6 0 1 4.12576e-6 0 1 5.23726e-6 0 1 5.53578e-5 0 1 -5.51008e-5 0 1 2.31995e-6 0 1 2.86701e-6 0 1 9.51931e-7 0 1 6.13818e-5 0 1 -1.08905e-4 0 1 3.11946e-6 0 1 -1.58331e-6 0 1 1.40224e-5 0 1 -1.52299e-5 0 1 -1.13207e-5 0 1 9.2711e-7 0 1 -2.45839e-5 0 1 7.67327e-6 0 1 -2.31642e-5 0 1 1.59936e-7 0 1 -1.35142e-5 0 1 1.03668e-5 0 1 4.56846e-5 0 1 -4.06984e-5 0 1 4.67975e-5 0 1 -4.48706e-5 1 -3.20372e-6 0 1 -1.37298e-6 0 1 2.92877e-5 0 1 4.57647e-7 0 1 -9.15268e-7 0 1 -9.15429e-7 0 -1 -3.66268e-6 0 -1 -7.32193e-6 0 -1 -9.15349e-7 0 -1 9.15161e-7 0 -1 -4.57674e-6 0 -1 1.37302e-6 0 -1 3.20372e-6 0 0 0.9961945 -0.08715933 0 0.08710175 -0.9961994 0 0.9961944 -0.08715915 0 0.9961945 -0.08715939 0 0.2588447 -0.965919 0 0.4226243 -0.906305 0 0.4226243 -0.906305 0 0.5735549 -0.8191671 0 0.7071177 -0.7070959 0 0.819164 -0.5735593 0 0.9063056 -0.4226231 0 0.9659215 -0.2588353 0 0.9961944 -0.08715975 0 0.9961946 -0.08715814 0 -0.9961919 0.08718866 0 -0.9961917 0.08719056 0 -0.9961915 0.08719396 0 -0.9961919 0.08718866 0 -0.9659278 0.2588119 0 -0.906315 0.4226027 0 -0.8192319 0.5734623 0 -0.7069755 0.7072381 0 -0.5735858 0.8191456 0 -0.4226075 0.9063128 0 -0.4226076 0.9063128 0 -0.2587741 0.965938 0 -0.08718866 0.9961919 0 1 -1.26365e-6 0 1 -3.10165e-7 0 1 5.13476e-7 0 1 -1.73573e-6 0 1 6.72778e-7 0 1 9.93369e-7 0 1 3.98925e-7 0 1 1.34733e-6 0 1 1.05199e-6 0 1 1.23867e-6 0 1 -1.73575e-6 0 1 0 0 1 1.23867e-6 0 1 -3.0967e-6 0 1 1.34737e-6 0 1 2.56737e-7 0 1 2.92013e-7 0 1 -2.33542e-6 0 1 1.24499e-6 0 1 2.96501e-7 0 1 6.80026e-7 0 1 -4.93335e-7 0 1 1.44358e-6 0 1 7.45077e-7 0 1 -2.21307e-6 0 1 -2.21307e-6 0 1 1.05197e-6 0 1 -1.73575e-6 0 1 0 0 1 -2.1778e-7 0 1 0 0 1 1.23867e-6 0 1 -3.08578e-6 0 1 3.08579e-6 0 1 -1.44327e-6 0 1 -7.4522e-7 0 1 -6.72655e-7 0 1 2.17732e-7 0 1 -1.23868e-6 0 1 2.17732e-7 0 1 0 0 1 -6.72656e-7 0 1 -8.82054e-7 0 1 -1.44327e-6 0 1 2.21208e-6 0 1 2.21208e-6 0 1 -1.05232e-6 0 1 -1.42912e-6 0 1 -7.45228e-7 0 1 -6.72656e-7 0 1 -1.23868e-6 0 1 0 0 1 -1.94602e-7 0 1 3.08575e-6 0 1 3.26594e-7 0 1 1.91855e-6 0 1 -7.51622e-7 0 1 2.21204e-6 0 1 2.25983e-6 0 1 -1.10414e-6 0 1 3.17632e-7 0 1 1.0094e-6 0 1 -1.10293e-6 0 1 1.64734e-7 0 1 2.21207e-6 0 1 -1.05232e-6 0 1 2.17732e-7 0 1 0 0 1 2.33596e-6 0 1 -1.19829e-6 0 1 3.2028e-7 0 1 -6.72654e-7 0 1 -8.82054e-7 0 1 -7.13742e-7 0 1 1.88339e-6 0 1 -2.21303e-6 0 1 7.45088e-7 0 1 1.49762e-6 0 1 -1.36689e-6 0 1 3.7385e-7 0 1 -1.47308e-6 0 1 2.10058e-6 0 1 -8.03297e-7 0 1 4.20069e-7 0 1 -4.13791e-7 0 1 8.42641e-7 0 1 -1.91855e-6 0 1 1.32218e-6 0 1 1.1038e-6 0 1 3.08924e-6 0 1 3.1833e-6 0 1 -1.40826e-6 0 1 1.51241e-6 0 1 -1.38046e-6 0 1 7.45079e-7 0 1 -7.1374e-7 0 1 1.88341e-6 0 1 2.49236e-7 0 1 -1.47308e-6 0 1 3.08929e-6 0 1 3.08929e-6 0 1 -1.32506e-6 0 1 2.49236e-7 0 1 0 0 1 3.34829e-6 0 1 -7.1374e-7 0 1 -7.73415e-7 0 1 -1.56274e-7 0 1 -3.20276e-7 0 1 -3.07639e-6 0 1 6.72779e-7 0 1 1.75868e-6 0 1 -1.33521e-6 0 1 1.2877e-6 0 1 1.88341e-6 0 1 -7.1374e-7 0 1 1.85332e-7 0 1 3.89443e-7 0 1 -1.38045e-6 0 1 1.36251e-6 0 1 7.45079e-7 0 1 -3.08578e-6 0 1 -2.1778e-7 0 1 -1.60183e-6 0 1 2.53728e-7 0 1 -1.32505e-6 0 1 1.05197e-6 0 1 -1.6351e-7 0 1 -3.12549e-6 0 1 1.10321e-6 0 1 -6.91916e-7 0 -1 4.19276e-6 0 -1 1.73573e-6 0 -1 2.72507e-6 0 -1 2.7527e-6 0 -1 -1.6168e-6 0 -1 7.94571e-7 0 -1 -1.99462e-6 0 -1 1.16806e-6 0 -1 -2.3386e-6 0 -1 2.27438e-7 0 -1 -1.64445e-7 0 -1 3.34708e-6 0 -1 -4.19366e-6 0 -1 2.33542e-6 0 -1 -3.26671e-6 0 -1 0 0 -1 3.37703e-7 0 -1 1.81231e-7 0 -1 3.97353e-7 0 -1 -1.99462e-6 0 -1 3.08578e-6 0 -1 -6.72779e-7 0 -1 -8.81857e-7 0 -1 -1.44358e-6 0 -1 2.01188e-6 0 -1 2.01188e-6 0 -1 -1.20225e-6 0 -1 3.08578e-6 0 -1 -3.2667e-6 0 -1 0 0 -1 -7.45079e-7 0 -1 -6.72778e-7 0 -1 -3.2667e-6 0 -1 3.08578e-6 0 -1 -6.72779e-7 0 -1 -1.44358e-6 0 -1 1.44327e-6 0 -1 6.72656e-7 0 -1 -1.73576e-6 0 -1 3.26598e-6 0 -1 0 0 -1 -3.08579e-6 0 -1 6.72655e-7 0 -1 8.82054e-7 0 -1 1.44327e-6 0 -1 3.26598e-6 0 -1 -2.72509e-6 0 -1 -2.01098e-6 0 -1 -2.01098e-6 0 -1 1.20265e-6 0 -1 -1.18923e-6 0 -1 4.19365e-6 0 -1 -6.14235e-7 0 -1 4.25416e-6 0 -1 -8.13036e-7 0 -1 3.15708e-6 0 -1 8.82052e-7 0 -1 -1.91855e-6 0 -1 1.3222e-6 0 -1 1.26187e-6 0 -1 1.20267e-6 0 -1 -2.7251e-6 0 -1 -1.73574e-6 0 -1 6.72656e-7 0 -1 3.26598e-6 0 -1 1.20266e-6 0 -1 -1.6351e-7 0 -1 -2.84242e-6 0 -1 4.85288e-6 0 -1 -5.98229e-6 0 -1 1.68234e-6 0 -1 -3.17632e-7 0 -1 -3.2028e-7 0 -1 2.12601e-6 0 -1 -2.33596e-6 0 -1 7.4522e-7 0 -1 6.72654e-7 0 -1 -1.38383e-6 0 -1 -7.45079e-7 0 -1 7.1374e-7 0 -1 -8.04039e-6 0 -1 2.14617e-6 0 -1 -3.89443e-7 0 -1 -3.68219e-7 0 -1 1.33521e-6 0 -1 5.981e-6 0 -1 -4.85414e-6 0 -1 2.01188e-6 0 -1 -1.20225e-6 0 -1 1.38045e-6 0 -1 7.73415e-7 0 -1 -3.34828e-6 0 -1 0 0 -1 3.73854e-6 0 -1 1.51434e-6 0 -1 -2.50835e-7 0 -1 -4.74813e-6 0 -1 7.04807e-6 0 -1 3.1768e-7 0 -1 -1.68232e-6 0 -1 -3.31047e-6 0 -1 3.02273e-6 0 -1 -2.93731e-6 0 -1 1.63433e-6 0 -1 1.38046e-6 0 -1 -1.36252e-6 0 -1 -1.51241e-6 0 -1 1.38046e-6 0 -1 -3.34828e-6 0 -1 7.1374e-7 0 -1 7.73414e-7 0 -1 -7.45077e-7 0 -1 7.1374e-7 0 -1 -1.88341e-6 0 -1 3.73854e-6 0 -1 1.73575e-6 0 -1 3.73854e-6 0 -1 -3.24078e-6 0 -1 -2.80845e-6 0 -1 -2.80845e-6 0 -1 1.51435e-6 0 -1 -1.88339e-6 0 -1 7.13742e-7 0 -1 -3.24077e-6 0 -1 3.61388e-6 0 -1 1.36689e-6 0 -1 -1.34911e-6 0 -1 -7.45088e-7 0 -1 -3.73435e-6 0 -1 -4.09129e-7 0 -1 1.60943e-6 0 -1 -2.89391e-6 0 -1 -1.20227e-6 0 -1 -1.26149e-6 0 -1 -1.32218e-6 0 -1 1.91855e-6 0 -1 -8.42641e-7 0 -1 -1.74659e-6 0 -1 1.57137e-6 1 6.63628e-6 0 1 -2.92894e-5 0 1 1.37302e-6 0 1 -4.11907e-6 0 1 -9.15349e-7 0 1 9.15375e-7 0 1 9.15174e-7 0 1 -7.3288e-6 0 1 1.83031e-6 0 -1 -9.15375e-7 0 -1 -2.74621e-6 0 -1 -2.74605e-6 0 -1 5.94959e-6 0 -1 6.86491e-7 0 0 -0.08718633 0.9961921 0 -0.2588456 0.9659187 0 -0.5735509 0.8191699 0 -0.5735636 0.8191611 0 -0.7071135 0.7071 0 -0.819133 0.5736038 0 -0.8191203 0.5736219 0 -0.9063231 0.4225854 0 -0.9659178 0.2588494 0 -0.9961943 0.08716189 0 -0.9961966 0.08713519 0 0.9962036 -0.08705502 0 0.9961943 -0.08716189 0 0.9659195 -0.2588429 0 0.9658926 -0.2589434 0 0.9063338 -0.4225626 0 0.8191421 -0.5735908 0 0.7069856 -0.707228 0 0.7070394 -0.7071741 0 0.5737479 -0.8190321 0 0.5737985 -0.8189966 0 0.4226334 -0.9063008 1 2.03239e-6 0 1 1.01617e-6 0 1 -8.12955e-6 0 1 -1.016e-6 0 1 1.62549e-5 0 1 1.01605e-6 0 1 -5.08031e-7 0 1 -1.01603e-6 0 1 4.06412e-6 0 -1 -4.06412e-6 0 -1 1.01603e-6 0 -1 5.08031e-7 0 -1 -5.0799e-6 0 -1 3.04799e-6 0 -1 -1.01591e-6 0 0 -0.996918 -0.07845127 0 -0.9723711 -0.2334405 0 -0.9723643 -0.2334688 0 -0.9238815 -0.3826786 0 -0.923871 -0.3827041 0 -0.8526451 -0.5224906 0 -0.7604128 -0.6494401 0 -0.6494398 -0.7604131 0 -0.5225046 -0.8526365 0 -0.522518 -0.8526284 0 -0.3826909 -0.9238766 0 -0.3826802 -0.9238809 0 -0.2334325 -0.9723731 0 -0.07847124 -0.9969164 0 0.07856786 0.9969089 0 0.2334001 0.9723808 0 0.2333458 0.9723939 0 0.3827534 0.9238505 0 0.3827111 0.9238681 0 0.5224252 0.8526851 0 0.6495536 0.7603158 0 0.6494945 0.7603664 0 0.7603832 0.6494747 0 0.8526718 0.522447 0 0.8526185 0.522534 0 0.9238462 0.3827641 0 0.9723874 0.2333729 0 0.9969226 0.07839179 0 0.9969133 0.07851076 -6.72585e-5 0 -1 1.21126e-4 0 -1 6.6528e-5 0 -1 -1.8145e-4 0 -1 9.81685e-6 0 -1 4.16064e-5 0 -1 -3.41747e-5 0 -1 3.04535e-5 0 -1 2.88585e-5 0 -1 -2.8857e-5 0 -1 -8.65718e-5 0 -1 -2.88584e-5 0 -1 8.65738e-5 0 -1 2.88579e-5 0 -1 -9.69621e-5 0 -1 1.44286e-4 0 -1 -9.69623e-5 0 -1 -1.4429e-5 0 -1 9.69622e-5 0 -1 -1.15431e-4 0 -1 1.15431e-4 0 -1 -2.20235e-5 0 -1 1.22349e-5 0 -1 -2.26819e-6 0 -1 7.19357e-6 0 -1 -9.78473e-4 0 -0.9999995 1.53839e-5 0 -1 -8.42879e-6 0 -1 2.57652e-5 0 -1 -6.06333e-6 0 -1 -1.83484e-5 0 -1 8.03122e-6 0 -1 -2.91248e-4 0 -1 1.70874e-4 0 -1 6.72561e-5 0 -1 -4.42366e-5 0 -1 1.1426e-4 0 -1 2.91579e-5 0 -1 -1.53662e-4 0 -1 7.70035e-5 0 -1 8.35115e-6 0 -1 -6.40961e-6 0 -1 4.51982e-5 0 -1 -4.59136e-5 0 -1 -1.70869e-4 0 -1 2.91248e-4 0 -1 3.41747e-5 0 -1 -1.53939e-4 0 -1 1.81455e-4 0 -1 -8.71505e-6 0 -1 -1.46734e-5 0 -1 -6.56677e-6 0 -1 -1.15433e-4 0 -1 -1.15434e-4 0 -1 9.69621e-5 0 -1 1.44286e-5 0 -1 8.65729e-5 0 -1 -4.84807e-5 0 -1 -8.65745e-5 0 -1 -8.65742e-5 0 -1 2.42404e-5 0 -1 2.88581e-5 0 -1 -6.06009e-6 0 -1 2.8857e-5 0 -1 -1.21202e-5 0 -1 4.14881e-6 0 1 6.44129e-6 0 1 1.67695e-5 0 1 -1.0945e-5 0 1 -5.0121e-5 0 1 -2.16347e-5 0 1 7.19367e-6 0 1 -2.19777e-6 0 1 2.10714e-6 0 1 -4.51981e-5 0 1 7.82231e-5 0 1 3.41747e-5 0 1 2.62275e-4 0 1 -8.8273e-5 0 1 9.97407e-5 0 1 -5.61068e-5 0 1 2.4466e-5 0 1 2.16357e-5 0 1 -7.1936e-6 0 1 -4.43565e-6 0 1 8.50629e-6 0 1 -2.10706e-6 0 1 2.91579e-5 0 1 -6.35857e-5 0 1 9.10003e-5 0 1 -7.94845e-5 0 1 5.0122e-5 0 1 5.35418e-6 0 1 4.16069e-5 0 1 -1.36695e-4 0 1 1.73146e-4 0 1 5.77159e-5 0 1 1.01003e-4 0 1 1.15428e-4 0 1 -4.8481e-5 0 1 -2.88579e-5 0 1 5.77151e-5 0 1 -5.7716e-5 0 1 2.88581e-5 0 1 -6.06017e-6 0 1 8.82755e-5 0 1 -9.81682e-6 0 1 8.32133e-5 0 1 -3.41747e-5 0 1 -4.21647e-6 0 1 2.30865e-4 0 1 -6.96915e-5 0 1 2.30856e-4 0 1 -6.06015e-5 0 1 3.63604e-5 0 1 -2.42405e-5 0 1 0.9961939 0 0.08716529 0.9659339 0 0.2587894 0.9062458 0 0.4227513 0.9063411 0 0.4225469 0.8191105 0 0.5736358 0.8191983 0 0.5735105 0.7071735 0 0.7070401 0.7070401 0 0.7071735 0.5735788 0 0.8191505 0.4225856 0 0.9063231 0.2590322 0 0.9658687 0.2587833 0 0.9659354 0.08697134 0 0.9962108 0.0872361 0 0.9961877 -0.0872361 0 0.9961877 -0.08697134 0 0.9962108 -0.2587833 0 0.9659354 -0.2590322 0 0.9658687 -0.4225856 0 0.9063231 -0.5735788 0 0.8191505 -0.7070401 0 0.7071735 -0.7071735 0 0.7070401 -0.8191983 0 0.5735105 -0.8191105 0 0.5736358 -0.9063411 0 0.4225469 -0.9062458 0 0.4227513 -0.9659339 0 0.2587894 -0.9961939 0 0.08716529 -0.9961959 0 -0.0871421 -0.9961919 0 -0.08718842 -0.965916 0 -0.2588561 -0.9659339 0 -0.2587894 -0.9062935 0 -0.422649 -0.9063411 0 -0.4225469 -0.8191105 0 -0.5736358 -0.8191983 0 -0.5735105 -0.7071735 0 -0.7070401 -0.7070401 0 -0.7071735 -0.5735788 0 -0.8191505 -0.5733997 0 -0.8192758 -0.4225856 0 -0.9063231 -0.2590322 0 -0.9658687 -0.2587833 0 -0.9659354 -0.0872361 0 -0.9961877 0.0872361 0 -0.9961877 0.2587833 0 -0.9659354 0.2590322 0 -0.9658687 0.4225856 0 -0.9063231 0.5733997 0 -0.8192758 0.5735788 0 -0.8191505 0.7070401 0 -0.7071735 0.7071735 0 -0.7070401 0.8191983 0 -0.5735105 0.8191105 0 -0.5736358 0.9063411 0 -0.4225469 0.9062935 0 -0.422649 0.9659339 0 -0.2587894 0.965916 0 -0.2588561 0.9961919 0 -0.08718842 0.9961959 0 -0.0871421 0.9961961 0 0.08714044 0.9659214 0 0.2588361 0.906265 0 0.4227102 0.9063602 0 0.4225057 0.8190988 0 0.5736526 0.8191866 0 0.5735273 0.4225952 0 0.9063186 0.2590197 0 0.9658721 0.2587708 0 0.9659388 0.08697354 0 0.9962107 0.08723831 0 0.9961876 -0.08723831 0 0.9961876 -0.08697354 0 0.9962107 -0.2587708 0 0.9659388 -0.2590197 0 0.9658721 -0.4225952 0 0.9063186 -0.8191866 0 0.5735273 -0.8190988 0 0.5736526 -0.9063602 0 0.4225057 -0.906265 0 0.4227102 -0.9659214 0 0.2588361 -0.9961961 0 0.08714044 -0.9961981 0 -0.08711731 -0.9961941 0 -0.08716362 -0.9659034 0 -0.2589028 -0.9659214 0 -0.2588361 -0.9063127 0 -0.422608 -0.9063602 0 -0.4225057 -0.8190988 0 -0.5736526 -0.8191866 0 -0.5735273 -0.4225952 0 -0.9063186 -0.2590197 0 -0.9658721 -0.2587708 0 -0.9659388 -0.08723831 0 -0.9961876 0.08723831 0 -0.9961876 0.2587708 0 -0.9659388 0.2590197 0 -0.9658721 0.4225952 0 -0.9063186 0.8191866 0 -0.5735273 0.8190988 0 -0.5736526 0.9063602 0 -0.4225057 0.9063127 0 -0.422608 0.9659214 0 -0.2588361 0.9659034 0 -0.2589028 0.9961941 0 -0.08716362 0.9961981 0 -0.08711731 -0.9961961 0 -0.08714044 -0.9659392 0 -0.2587694 -0.906265 0 -0.4227102 -0.08697354 0 -0.9962107 0.08697354 0 -0.9962107 0.906265 0 -0.4227102 0.9659392 0 -0.2587694 0.9961961 0 -0.08714044 -0.9961939 0 -0.08716529 -0.9659516 0 -0.2587227 -0.9062458 0 -0.4227513 -0.08697134 0 -0.9962108 0.08697134 0 -0.9962108 0.9062458 0 -0.4227513 0.9659516 0 -0.2587227 0.9961939 0 -0.08716529 -0.08712244 -0.9961977 0 -0.2588118 -0.9659278 0 -0.4226367 -0.9062992 0 -0.5735827 -0.8191478 0 -0.8191432 -0.5735892 0 -0.8191523 -0.5735762 0 -0.9062992 -0.4226367 0 -0.9659287 -0.2588083 0 -0.9659269 -0.2588152 0 -0.9961941 -0.0871638 0 -0.9961945 0.08715897 0 -0.9961943 0.08716142 0 -0.965925 0.2588222 0 -0.9062992 0.4226367 0 -0.8191432 0.5735892 0 -0.8191523 0.5735762 0 -0.5735827 0.8191478 0 -0.4226367 0.9062992 0 -0.2588118 0.9659278 0 -0.0871638 0.9961941 0 0.0871638 0.9961941 0 0.2588118 0.9659278 0 0.4226367 0.9062992 0 0.5735827 0.8191478 0 0.8191432 0.5735892 0 0.8191523 0.5735762 0 0.9062992 0.4226367 0 0.965925 0.2588222 0 0.9961945 0.08715897 0 0.9961943 0.08716142 0 0.9961941 -0.0871638 0 0.9659287 -0.2588083 0 0.9659269 -0.2588152 0 0.9062992 -0.4226367 0 0.8191432 -0.5735892 0 0.8191523 -0.5735762 0 0.7071068 -0.7071068 0 0.5735827 -0.8191478 0 0.4226367 -0.9062992 0 0.2588118 -0.9659278 0 0.08712244 -0.9961977 0 -0.08712065 -0.9961978 0 -0.2588222 -0.965925 0 -0.4226288 -0.9063029 0 -0.7070964 -0.7071173 0 -0.819153 -0.5735752 0 -0.8191621 -0.5735622 0 -0.9961953 -0.08715003 0 -0.9961964 -0.08713626 0 -0.9961969 0.08713144 0 -0.9961954 0.08714765 0 -0.819153 0.5735752 0 -0.8191621 0.5735622 0 -0.7070964 0.7071173 0 -0.4226288 0.9063029 0 -0.2588222 0.965925 0 -0.08716201 0.9961941 0 0.08716201 0.9961941 0 0.2588222 0.965925 0 0.4226288 0.9063029 0 0.7070964 0.7071173 0 0.9063072 0.4226196 0 0.9961962 0.08713829 0 0.9961961 0.08714073 0 0.9961959 -0.08714312 0 0.9063072 -0.4226196 0 0.7070964 -0.7071173 0 0.4226288 -0.9063029 0 0.2588222 -0.965925 0 0.08712065 -0.9961978 0 -0.8191541 0.5735736 0 0.8191596 0.5735658 0 -0.9063216 0 0.4225887 -0.7070717 0 0.7071419 -0.5735214 0 0.8191906 -0.4226852 0 0.9062767 -0.4225319 0 0.9063482 -0.08730298 0 0.9961818 0.08730298 0 0.9961818 0.4226852 0 0.9062766 0.5735256 0 0.8191877 0.5735882 0 0.8191438 0.707063 0 0.7071506 0.7071096 0 0.707104 0.9063183 0 0.4225959 0.9659202 0 0.2588399 -0.08715009 0 -0.9961953 -0.2586268 0 -0.9659773 -0.2591547 0 -0.9658359 -0.5733674 0 -0.8192984 -0.7073631 0 -0.7068504 -0.7070803 0 -0.7071333 -0.8191571 0 -0.5735691 -0.9062528 0 -0.4227364 -0.996199 0 -0.08710724 -0.9962011 0 0.08708274 -0.9659045 0 0.2588988 -0.9063539 0 0.4225196 -0.8190641 0 0.5737022 -0.5737472 0 0.8190326 -0.2588909 0 0.9659067 -0.2583627 0 0.9660481 -0.08715009 0 0.9961953 -0.08743083 0 0.9961706 0.08743083 0 0.9961706 0.2583628 0 0.9660481 0.2588908 0 0.9659067 0.5737472 0 0.8190326 0.8190641 0 0.5737022 0.9063539 0 0.4225196 0.9659045 0 0.2588988 0.9962011 0 0.08708274 0.996199 0 -0.08710724 0.9062528 0 -0.4227364 0.8191571 0 -0.5735691 0.7070803 0 -0.7071333 0.7073631 0 -0.7068504 0.5733674 0 -0.8192984 0.2591548 0 -0.9658358 0.08715009 0 -0.9961953 -0.08714777 0 -0.9961954 -0.2586335 0 -0.9659757 -0.2591614 0 -0.9658342 -0.573355 0 -0.8193072 -0.7073896 0 -0.7068239 -0.7071068 0 -0.7071068 -0.8191447 0 -0.573587 -0.9961944 0 -0.08715993 -0.9961966 0 0.08713537 -0.9659111 0 0.258874 -0.8190515 0 0.5737199 -0.8192378 0 0.5734541 -0.7069653 0 0.7072483 -0.7072483 0 0.7069653 -0.5737347 0 0.8190413 -0.2588975 0 0.9659049 -0.2583693 0 0.9660463 -0.08714777 0 0.9961954 -0.08742851 0 0.9961709 0.08742856 0 0.9961709 0.2583694 0 0.9660463 0.2588974 0 0.9659049 0.5737347 0 0.8190413 0.8190515 0 0.5737199 0.9659111 0 0.258874 0.9961966 0 0.08713537 0.9961944 0 -0.08715993 0.8191447 0 -0.573587 0.7071068 0 -0.7071068 0.7073896 0 -0.7068239 0.573355 0 -0.8193072 0.2591614 0 -0.9658341 0.08714777 0 -0.9961954 0 -1 2.52121e-5 0 -1 -4.12015e-7 0 -1 -1.34406e-5 0 -1 -1.47121e-5 0 -1 -2.54155e-5 0 -1 3.86029e-5 0 -1 4.06322e-5 0 -1 -1.22018e-6 0 -1 -4.12577e-6 0 -1 -7.93047e-6 0 -1 -3.86673e-6 0 -1 6.76118e-6 0 -1 -5.99959e-6 0 -1 -3.91125e-6 0 -1 -4.79409e-5 0 -1 1.06698e-4 0 -1 -1.7078e-4 0 -1 2.54675e-5 0 -1 4.46948e-6 0 -1 -9.21776e-7 0 -1 8.37965e-5 0 -1 -3.62403e-5 0 -1 5.01232e-5 0 -1 5.23727e-6 0 -1 -5.35383e-5 0 -1 3.21912e-5 0 -1 1.80354e-5 0 -1 -4.63555e-7 0 -1 -8.6009e-6 0 -1 -3.86671e-6 0 -1 1.62633e-5 0 -1 -9.86557e-6 0 -1 5.07857e-5 0 -1 9.98626e-6 0 -1 7.97984e-6 0 -1 -6.43623e-7 0 -1 1.63835e-4 0 -1 -4.81966e-5 0 -1 1.67817e-6 0 -1 -2.38419e-6 0 -1 -7.02365e-5 0 -1 4.45139e-5 0 -1 2.99868e-5 0 -1 2.43794e-5 0 -1 -1.42962e-5 0 -1 1.48037e-5 0 -1 -6.44543e-5 0 -1 -1.51087e-5 0 -1 3.27972e-5 0 -1 -7.57891e-6 0 -1 -2.42448e-5 0 -1 -6.19611e-5 0 -1 1.873e-5 0 -1 1.00423e-5 0 -1 7.07064e-5 0 -1 -3.30258e-5 0 -1 4.57181e-6 0 -1 2.38417e-6 0 -1 -7.79844e-7 0 -1 -8.09048e-5 0 -1 3.85056e-5 0 -1 1.43384e-6 0 -1 -1.75389e-5 0 -1 1.27847e-5 0 -1 -5.2082e-5 0 -1 3.56999e-5 0 -1 -6.11773e-5 0 -1 3.85055e-5 0 -1 -4.04524e-5 0 -1 9.94951e-5 0 -1 -4.28054e-5 0 -1 -7.10687e-5 0 -1 2.36086e-5 0 -1 -5.81621e-5 0 -1 1.81282e-5 0 -1 6.0141e-6 0 -1 -4.61832e-7 0 -1 9.63152e-7 0 -1 -5.12501e-6 0 -1 -1.59195e-7 0 -1 1.58339e-6 0 -1 -1.81015e-5 0 -1 -2.03332e-5 0 -1 1.26491e-5 0 -1 -1.26072e-5 0 -1 2.03353e-5 0 -1 1.90382e-6 0 -1 1.74838e-5 0 -1 -2.18641e-5 0 -1 -1.23032e-5 0 -1 2.39208e-6 0 -1 1.83681e-5 0 -1 -3.18388e-7 0 -1 3.16678e-6 0 -1 -8.96212e-7 0 -1 1.75652e-5 0 -1 -3.42272e-5 0 -1 1.92528e-5 0 -1 -1.85375e-5 0 1 -2.34104e-6 0 0.9999862 0.005266726 0 0.9999998 -6.24019e-4 0 1 4.17704e-5 0 1 1.16776e-4 0 1 -3.09806e-5 0 1 1.96071e-5 0 1 -8.62333e-6 0 1 1.99758e-5 0 1 7.16281e-6 0 1 1.873e-5 0 1 1.3554e-5 0 1 -3.09221e-5 0 1 5.40006e-5 0 1 6.93597e-6 0 1 -5.14875e-5 0 1 3.94036e-5 0 1 2.67825e-5 0 1 -4.38013e-5 0 1 3.04716e-5 0 1 -1.82459e-5 0 1 -4.72992e-6 0 1 4.04524e-5 0 1 -3.85055e-5 0 1 6.11773e-5 0 1 -1.38204e-5 0 1 8.63083e-6 0 0.9999943 0.00337398 0 1 -3.6661e-5 0 1 5.35384e-5 0 1 1.42962e-5 0 1 -7.97984e-6 0 1 -2.41638e-5 0 1 5.50949e-5 0 1 -5.77997e-5 0 1 4.40961e-5 0 1 -1.48979e-5 0 1 -4.67434e-5 0 1 7.59429e-6 0 1 0 0 1 -2.86701e-6 0 1 4.73642e-5 0 1 -6.69774e-5 0 1 1.81015e-5 0 1 -8.13165e-6 0 1 -5.24437e-5 0 1 3.62492e-5 0 1 1.46941e-5 0 1 -4.22304e-5 0 1 -1.13292e-6 0 1 -1.21897e-5 0 1 6.29392e-6 0 1 -7.32145e-7 0 1 1.75389e-5 0 1 2.92494e-6 0 1 -1.93846e-5 0 1 -4.2299e-5 0 1 -3.85056e-5 0 1 4.04524e-5 0 1 1.44784e-4 0 0.9999944 -0.003374695 0 1 4.05721e-5 0 1 7.49577e-6 0 1 -2.7462e-5 0 1 1.42962e-5 0 1 -1.21897e-5 0 1 2.12605e-6 0 1 3.07284e-5 0 1 -4.45139e-5 0 1 -2.29413e-5 0 1 0 0 1 5.41285e-6 0 1 -4.12598e-6 0 1 -5.23732e-6 0 1 -5.53629e-5 0 1 4.05548e-5 0 1 1.00535e-5 0 1 -9.42004e-6 0 1 -9.5191e-7 0 1 -6.13823e-5 0 1 3.31654e-5 0 1 -3.11939e-6 0 1 1.58339e-6 0 1 -6.28541e-6 0 1 1.52307e-5 0 1 -3.54227e-5 0 1 9.2711e-7 0 1 2.60943e-6 0 1 -7.67324e-6 0 1 8.7251e-6 0 1 -3.11845e-6 0 1 -3.15522e-6 0 1 5.22621e-5 0 1 -3.3631e-5 0 1 -3.44486e-5 0 1 3.30244e-5 -1 6.63647e-6 0 -1 -2.92929e-5 0 -1 -4.57661e-6 0 -1 -9.15322e-7 0 -1 2.93015e-5 0 -1 -2.74576e-6 0 1 -9.15416e-7 0 1 -2.74613e-6 0 1 4.57661e-7 0 1 5.94942e-6 0 1 6.86511e-7 0 0 0.9961938 0.0871669 0 0.08718866 0.9961919 0 0.9961938 0.08716666 0 0.9961937 0.08716696 0 0.2588447 0.965919 0 0.4226243 0.906305 0 0.4226243 0.906305 0 0.5735549 0.8191671 0 0.7071177 0.7070959 0 0.8191353 0.5736004 0 0.9063212 0.4225896 0 0.9659215 0.2588353 0 0.9961938 0.08716738 0 0.9961938 0.08716571 0 -0.9961919 -0.08718866 0 -0.9961917 -0.08719056 0 -0.9961915 -0.08719402 0 -0.9961919 -0.08718866 0 -0.9659044 -0.2588995 0 -0.9063776 -0.4224686 0 -0.8191168 -0.5736269 0 -0.7069755 -0.7072381 0 -0.5738207 -0.8189811 0 -0.4226076 -0.9063128 0 -0.4226075 -0.9063128 0 -0.2587741 -0.965938 0 -0.08718866 -0.9961919 0 1 1.26341e-6 0 1 3.10171e-7 0 1 -5.13467e-7 0 1 1.73576e-6 0 1 -9.93234e-7 0 1 -3.9893e-7 0 1 -1.34766e-6 0 1 -1.23868e-6 0 1 1.73576e-6 0 1 0 0 1 3.09587e-6 0 1 -1.34764e-6 0 1 -2.56734e-7 0 1 -2.9203e-7 0 1 2.33595e-6 0 1 -1.21197e-6 0 1 -2.96494e-7 0 1 -6.80026e-7 0 1 4.93358e-7 0 1 -1.05232e-6 0 1 -3.08578e-6 0 1 6.72779e-7 0 1 -2.1778e-7 0 1 8.81856e-7 0 1 1.44358e-6 0 1 1.44358e-6 0 1 0 0 1 1.94588e-7 0 1 -1.91858e-6 0 1 7.51756e-7 0 1 -2.21306e-6 0 1 -2.2608e-6 0 1 1.10378e-6 0 1 -4.7651e-7 0 1 -1.0094e-6 0 1 1.10318e-6 0 1 -1.64731e-7 0 1 -3.26667e-7 0 1 0 0 1 -2.3354e-6 0 1 1.19846e-6 0 1 -3.20277e-7 0 1 8.81855e-7 0 1 1.42942e-6 0 1 7.1388e-7 0 1 -1.88341e-6 0 1 -7.4522e-7 0 1 -1.51207e-6 0 1 1.38074e-6 0 1 -2.49301e-7 0 1 1.47308e-6 0 1 -2.1006e-6 0 1 8.0345e-7 0 1 -4.20153e-7 0 1 4.13708e-7 0 1 -8.42783e-7 0 1 1.91858e-6 0 1 -1.3222e-6 0 1 -1.10412e-6 0 1 -3.09129e-6 0 1 -3.18527e-6 0 1 1.4077e-6 0 1 -1.51207e-6 0 1 1.38074e-6 0 1 -7.45218e-7 0 1 7.13882e-7 0 1 -1.88341e-6 0 1 -2.49301e-7 0 1 1.47308e-6 0 1 -3.09129e-6 0 1 -3.09129e-6 0 1 1.32451e-6 0 1 -2.49301e-7 0 1 0 0 1 -3.34828e-6 0 1 7.13881e-7 0 1 7.73263e-7 0 1 1.56301e-7 0 1 3.2028e-7 0 1 3.07696e-6 0 1 -1.75844e-6 0 1 1.33542e-6 0 1 -1.28771e-6 0 1 -1.88341e-6 0 1 -1.85305e-7 0 1 -5.84268e-7 0 1 1.36717e-6 0 1 -1.34884e-6 0 1 1.60244e-6 0 1 -2.53728e-7 0 1 -3.09124e-6 0 1 1.32453e-6 0 1 -1.05234e-6 0 1 1.6351e-7 0 1 3.12658e-6 0 1 -1.1029e-6 0 1 6.91867e-7 0 -1 -4.19367e-6 0 -1 -1.73576e-6 0 -1 -2.75178e-6 0 -1 1.6172e-6 0 -1 -7.94576e-7 0 -1 1.99465e-6 0 -1 -1.16812e-6 0 -1 2.33823e-6 0 -1 -2.27435e-7 0 -1 1.64453e-7 0 -1 -3.34766e-6 0 -1 4.19277e-6 0 -1 -2.33595e-6 0 -1 0 0 -1 -3.37704e-7 0 -1 -1.81255e-7 0 -1 -5.95961e-7 0 -1 1.99465e-6 0 -1 7.45218e-7 0 -1 -8.81856e-7 0 -1 1.18915e-6 0 -1 -4.19277e-6 0 -1 6.14236e-7 0 -1 -4.25502e-6 0 -1 8.13087e-7 0 -1 1.91858e-6 0 -1 -1.32218e-6 0 -1 -1.26146e-6 0 -1 2.72507e-6 0 -1 1.73575e-6 0 -1 0 0 -1 -3.15778e-6 0 -1 1.6351e-7 0 -1 2.8413e-6 0 -1 -4.85397e-6 0 -1 5.98115e-6 0 -1 -1.68233e-6 0 -1 4.7651e-7 0 -1 3.20277e-7 0 -1 -2.12655e-6 0 -1 2.3354e-6 0 -1 -1.42942e-6 0 -1 1.38373e-6 0 -1 7.45228e-7 0 -1 -7.13881e-7 0 -1 8.03826e-6 0 -1 -2.14619e-6 0 -1 5.84268e-7 0 -1 3.68218e-7 0 -1 -1.33542e-6 0 -1 -5.98244e-6 0 -1 4.85274e-6 0 -1 -2.01095e-6 0 -1 -1.36717e-6 0 -1 -7.73271e-7 0 -1 3.34828e-6 0 -1 0 0 -1 -3.61483e-6 0 -1 -1.51375e-6 0 -1 2.50842e-7 0 -1 4.74522e-6 0 -1 -7.05073e-6 0 -1 -4.76437e-7 0 -1 1.68235e-6 0 -1 3.30999e-6 0 -1 -2.99349e-6 0 -1 2.90774e-6 0 -1 -1.63464e-6 0 -1 -1.38074e-6 0 -1 1.36224e-6 0 -1 1.51207e-6 0 -1 -1.38074e-6 0 -1 3.34829e-6 0 -1 -7.13882e-7 0 -1 -7.73264e-7 0 -1 7.4522e-7 0 -1 1.88341e-6 0 -1 -3.73951e-6 0 -1 0 0 -1 -3.73952e-6 0 -1 3.24078e-6 0 -1 2.81026e-6 0 -1 2.81027e-6 0 -1 -1.51373e-6 0 -1 1.88341e-6 0 -1 -7.1388e-7 0 -1 3.24078e-6 0 -1 -3.73951e-6 0 -1 -1.38074e-6 0 -1 1.36224e-6 0 -1 3.73441e-6 0 -1 4.09227e-7 0 -1 -1.6088e-6 0 -1 2.8957e-6 0 -1 1.26186e-6 0 -1 1.3222e-6 0 -1 -1.91858e-6 0 -1 8.42783e-7 0 -1 1.74621e-6 0 -1 -1.57168e-6 -1 -3.20372e-6 0 -1 -1.37298e-6 0 -1 2.92912e-5 0 -1 -2.74597e-6 0 -1 -2.92809e-5 0 -1 2.74588e-6 0 -1 9.15215e-7 0 1 -3.66268e-6 0 1 9.15442e-7 0 1 9.15134e-7 0 1 2.74613e-6 0 0 -0.08709943 -0.9961997 0 -0.5735636 -0.8191611 0 -0.8191617 -0.5735627 0 -0.819149 -0.5735808 0 -0.9063076 -0.422619 0 -0.9659178 -0.2588494 0 -0.9659245 -0.2588242 0 -0.9961948 -0.08715432 0 -0.9961972 -0.08712756 0 0.9962036 0.08705502 0 0.9961943 0.08716189 0 0.9659429 0.2587554 0 0.965916 0.2588559 0 0.9062713 0.4226967 0 0.8192573 0.5734262 0 0.7069856 0.707228 0 0.7070394 0.7071741 0 0.573513 0.8191965 0 0.5735636 0.8191611 0 0.4226333 0.9063008 -1 -1.016e-6 0 -1 1.62507e-5 0 -1 -4.06451e-6 0 -1 1.62549e-5 0 -1 -2.03206e-6 0 -1 -3.04794e-6 0 -1 -1.01606e-6 0 -1 -2.15906e-6 0 1 2.15906e-6 0 1 1.01603e-6 0 1 3.04814e-6 0 1 -2.03193e-6 0 1 1.62507e-5 0 0 -0.996918 0.07845127 0 -0.9723737 0.2334295 0 -0.972367 0.2334578 0 -0.9238815 0.3826786 0 -0.923871 0.3827041 0 -0.8526318 0.5225123 0 -0.7604128 0.6494401 0 -0.6494679 0.7603892 0 -0.5224693 0.8526582 0 -0.5224826 0.8526499 0 -0.3826909 0.9238766 0 -0.3826802 0.9238809 0 -0.2334784 0.972362 0 -0.0784229 0.9969202 0 0.07837462 -0.996924 0 0.233584 -0.9723367 0 0.2335296 -0.9723498 0 0.3825875 -0.9239194 0 0.3825452 -0.9239369 0 0.5225666 -0.8525986 0 0.6494412 -0.7604119 0 0.6493821 -0.7604624 0 0.7603832 -0.6494747 0 0.8526718 -0.522447 0 0.8526185 -0.522534 0 0.9238747 -0.3826953 0 0.9723874 -0.2333729 0 0.9969226 -0.07839179 0 0.9969133 -0.07851076 -1.83426e-5 0 1 -1.29482e-4 0 1 6.6528e-5 0 1 -4.9042e-6 0 1 9.81682e-6 0 1 4.16066e-5 0 1 3.04535e-5 0 1 2.88581e-5 0 1 -2.8857e-5 0 1 -8.65718e-5 0 1 -2.88581e-5 0 1 -2.88582e-5 0 1 2.88579e-5 0 1 2.88578e-5 0 1 -9.69623e-5 0 1 1.00999e-4 0 1 1.15433e-4 0 1 -1.15428e-4 0 1 1.2235e-5 0 1 -2.26819e-6 0 1 7.1936e-6 0 1 6.59311e-6 0 1 -8.42882e-6 0 1 -5.45706e-5 0 1 6.11612e-6 0 1 -2.67709e-6 0 1 3.41737e-5 0 1 1.83432e-5 0 1 -6.06956e-5 0 1 1.64263e-4 0 1 2.1001e-5 0 1 -6.40961e-6 0 1 -2.1762e-5 0 1 1.7005e-6 0 1 2.43628e-4 0 1 -4.16069e-5 0 1 3.41748e-5 0 1 5.70146e-6 0 1 4.90406e-6 0 1 -6.28861e-6 0 1 1.0945e-5 0 1 -2.43628e-4 0 1 1.15431e-4 0 1 -9.69618e-5 0 1 1.15432e-4 0 1 1.29861e-4 0 1 -9.69621e-5 0 1 2.02e-4 0 1 8.65738e-5 0 1 -8.65726e-5 0 1 -8.65716e-5 0 1 2.42404e-5 0 1 2.88582e-5 0 1 2.8857e-5 0 1 -1.21202e-5 0 1 -2.90417e-5 0 -1 1.67695e-5 0 -1 -2.18892e-6 0 -1 5.84757e-5 0 -1 1.67852e-5 0 -1 -2.19777e-6 0 -1 -2.10713e-6 0 -1 3.31895e-5 0 -1 -3.85021e-5 0 -1 -1.3604e-5 0 -1 -4.56114e-5 0 -1 -3.92336e-5 0 -1 1.87011e-5 0 -1 -1.22332e-5 0 -1 -1.6785e-5 0 -1 8.87129e-6 0 -1 -8.50629e-6 0 -1 2.10706e-6 0 -1 2.48499e-6 0 -1 7.41815e-5 0 -1 7.00032e-6 0 -1 -6.11441e-6 0 -1 -5.84746e-5 0 -1 4.16069e-5 0 -1 -2.05048e-4 0 -1 2.43628e-4 0 -1 -1.73142e-4 0 -1 -5.77169e-5 0 -1 4.32857e-5 0 -1 -9.69626e-5 0 -1 1.73146e-4 0 -1 -2.88579e-5 0 -1 -2.42404e-5 0 -1 2.88573e-5 0 -1 -6.06017e-6 0 -1 3.92325e-5 0 -1 3.27228e-6 0 -1 8.32133e-5 0 -1 -3.41748e-5 0 -1 -2.30861e-4 0 -1 7.57516e-5 0 -1 -6.06015e-5 0 -1 -2.42405e-5 0 -1 3.63608e-5 0 -1 -2.42403e-5 0 -1 2.42405e-5 0 -1 0.422576 0 -0.9063275 0.5737577 0 0.8190251 0.422576 0 0.9063275 -0.5737577 0 0.8190251 -0.9063099 0.4226139 0 -0.9063045 0.4226253 0 -0.9063045 -0.4226253 0 -0.9063099 -0.4226139 0 -0.08716022 0.9961943 0 -0.08711886 -0.996198 0 0.8191568 0.5735697 0 -0.9063025 0.4226299 0 -0.9659272 0.2588143 0 0.9961958 0 -0.08714377 0.9062849 0 -0.4226674 0.819189 0 -0.5735239 0.707063 0 -0.7071506 0.7071096 0 -0.707104 0.5735882 0 -0.8191438 0.4225318 0 -0.9063482 0.4226852 0 -0.9062766 -0.4226852 0 -0.9062767 -0.4225319 0 -0.9063482 -0.5735841 0 -0.8191467 -0.7070717 0 -0.7071419 -0.8191848 0 -0.5735297 -0.9062815 0 -0.4226745 -0.9063149 0 -0.422603 -0.9659287 0 -0.2588084 -0.9659225 0 -0.2588318 -0.9961958 0 -0.08714377 0.5737222 0 0.81905 0.5733425 0 0.8193159 0.5733425 0 -0.8193159 0.707235 0 0.7069786 0.706952 0 0.7072616 0.7070935 0 -0.7071201 0.7073764 0 -0.7068372 -0.7073764 0 -0.7068372 -0.7070935 0 -0.7071201 0 -1 -1.57035e-7 0 -1 1.8316e-6 0 -1 -1.42624e-6 0 -1 8.78316e-7 0 -1 -6.28625e-7 0 -1 1.17107e-6 0 -1 -6.55336e-7 0 -1 9.32882e-7 0 -1 -8.74411e-7 0 -1 -1.0077e-6 0 -1 1.17442e-6 0 -1 3.16892e-7 0 -1 9.36256e-7 0 -1 -2.40608e-6 0 -1 2.91036e-7 0 -1 1.18554e-6 0 -1 -3.69742e-7 0 -1 3.97051e-7 0 -1 -4.54649e-7 0 -1 1.42203e-7 0 -1 2.27324e-7 0 -1 -3.97051e-7 0 -1 -1.75541e-6 0 -1 1.42205e-7 0 -1 -2.27301e-7 0 -1 -3.69716e-7 0 -1 -2.29573e-7 0 -1 8.78297e-7 0 -1 1.83165e-6 0 -1 4.54602e-7 0 -1 -1.42205e-7 0 -1 -4.19118e-7 0 -1 1.70335e-6 0 -1 3.69716e-7 0 -1 -3.97087e-7 0 -1 -8.7382e-7 0 -1 3.16903e-7 0 -1 -1.83372e-6 0 -1 5.04036e-7 0 -1 1.72442e-6 0 -1 -2.34883e-6 0 -1 1.75538e-6 0 -1 2.29567e-7 0 -1 -8.78316e-7 0 -1 -1.16009e-6 0 -1 -1.83181e-6 0 -1 2.53507e-6 0 -1 -1.47547e-6 0 -1 1.8785e-6 0 -1 1.83354e-6 0 -1 -5.04101e-7 0 -1 -1.72442e-6 0 -1 -1.71689e-6 0 -1 -3.2236e-7 0 -1 5.81853e-7 0 -1 1.36699e-6 0 -1 -1.13548e-6 0 -1 4.19062e-7 0 -1 -1.4221e-7 0 -1 2.69924e-7 0 -1 -1.66262e-6 0 -1 8.7429e-7 0 -1 -1.43115e-6 0 -1 1.42627e-6 0 -1 -1.72442e-6 0 -1 -5.04107e-7 0 -1 1.83351e-6 0 -1 -9.32882e-7 0 -1 -1.75659e-6 0 -1 2.29573e-7 0 -1 -1.00767e-6 0 -1 0 0 -1 0 0 -1 0 0 -1 0 0 -1 2.2732e-7 0 -1 -3.97078e-7 0 -1 1.75517e-6 0 -1 1.58987e-7 0 -1 -1.17443e-6 0 -1 0 0 -1 2.2957e-7 0 -1 -8.78436e-7 0 -1 -1.83182e-6 0 -1 8.74286e-7 0 -1 0 0 -1 0 0 -1 0 0 -1 0 0 -1 0 0 -1 1.58984e-7 0 -1 0 0 -1 0 0 -1 0 0 -1 8.78322e-7 0 -1 0 0 -1 0 0 -1 -7.00987e-6 0 -1 1.43095e-6 0 -1 -1.00771e-6 0 -1 1.17443e-6 0 -1 -3.69748e-7 0 -1 3.97057e-7 0 -1 -2.27327e-7 0 -1 1.42205e-7 0 -1 0 0 -1 0 0 -1 -5.62376e-7 0 -1 5.81806e-7 0 -1 -6.44777e-7 0 -1 1.95304e-7 0 -1 -1.05367e-6 0 -1 8.12848e-7 0 -1 -7.80005e-7 0 -1 9.26927e-7 0 -1 0 0 -1 -8.40029e-7 0 -1 7.80004e-7 0 -1 7.37291e-7 0 -1 -9.63374e-7 0 -1 8.89034e-7 0 -1 -2.29346e-7 0 -1 4.87687e-7 0 -1 -7.37299e-7 0 -1 -6.80625e-7 0 -1 4.09951e-7 0 -1 -4.09951e-7 0 -1 9.9e-7 0 -1 -1.7903e-7 0 -1 -3.04804e-7 0 -1 1.54748e-7 0 -1 -1.54749e-7 0 -1 -1.985e-7 0 -1 1.0515e-6 0 -1 -4.44216e-7 0 -1 7.19243e-7 0 -1 0 0 -1 1.42206e-7 0 -1 -2.27304e-7 0 -1 -1.75542e-6 0 -1 -3.69721e-7 0 -1 0 0 -1 0 0 -1 -2.29576e-7 0 -1 8.78303e-7 0 -1 1.83166e-6 0 -1 -8.74413e-7 0 -1 0 0 -1 0 0 -1 0 0 -1 0 0 -1 0 0 -1 0 0 -1 1.93063e-7 0 -1 -1.47069e-7 0 -1 0 0 -1 2.0669e-6 0 -1 -1.41481e-6 0 -1 1.55978e-6 0 -1 0 0 -1 4.71615e-7 0 -1 6.48049e-7 0 -1 0 0 -1 0 0 -1 0 0 -1 0 0 -1 0 0 -1 0 0 -1 0 0 -1 0 0 -1 0 0 -1 -3.33114e-7 0 -1 3.35274e-7 0 -1 -3.33074e-7 0 -1 -3.49461e-7 0 -1 8.0985e-7 0 -1 -7.13435e-7 0 -1 0 0 -1 0 0 -1 -4.71614e-7 0 -1 -4.09108e-6 0 -1 2.94357e-7 0 -1 3.49461e-7 0 -1 3.33074e-7 0 -1 0 0 -1 0 0 -1 0 0 -1 0 0 -1 0 0 -1 3.49456e-7 0 -1 0 0 -1 0 0 -1 0 0 -1 0 0 -1 -3.35275e-7 0 -1 3.33114e-7 0 -1 -1.55978e-6 0 -1 1.41481e-6 0 -1 -6.48028e-7 0 -1 0 0 -1 0 0 -1 7.13435e-7 0 -1 3.01253e-6 0 -1 0 0 -1 -3.27156e-7 0 -1 0 0 -1 0 0 -1 0 0 -1 0 0 -1 0 0 -1 0 0 -1 0 0 -1 0 0 -1 0 0 -1 7.01195e-6 0 -1 -1.10535e-6 0 -1 4.54593e-7 0 -1 -1.42212e-7 0 -1 1.42612e-6 0 -1 3.69721e-7 0 -1 -3.97114e-7 0 -1 -1.75683e-6 0 -1 2.29576e-7 0 -1 -1.00768e-6 0 1 1.05159e-6 0 1 3.43378e-6 0 1 -1.69082e-6 0 1 1.56854e-7 0 1 -1.57035e-7 0 1 1.47547e-6 0 1 -2.21818e-6 0 1 1.83181e-6 0 1 -1.42624e-6 0 1 8.78316e-7 0 1 -8.74286e-7 0 1 -1.0077e-6 0 1 1.17442e-6 0 1 -1.88004e-6 0 1 -4.19051e-7 0 1 1.72442e-6 0 1 -2.34883e-6 0 1 1.75538e-6 0 1 2.29567e-7 0 1 -8.78316e-7 0 1 4.19107e-7 0 1 -1.8316e-6 0 1 6.55336e-7 0 1 -1.17107e-6 0 1 2.84654e-7 0 1 2.49288e-7 0 1 -7.02192e-7 0 1 1.83375e-6 0 1 -5.0403e-7 0 1 -1.72442e-6 0 1 8.74413e-7 0 1 -1.43098e-6 0 1 1.42627e-6 0 1 4.54602e-7 0 1 6.28639e-7 0 1 -1.75659e-6 0 1 2.29573e-7 0 1 -1.00767e-6 0 1 -1.70335e-6 0 1 6.55365e-7 0 1 -1.72443e-6 0 1 -5.04036e-7 0 1 1.83372e-6 0 1 -9.32882e-7 0 1 -3.16903e-7 0 1 -9.36256e-7 0 1 3.69716e-7 0 1 -3.97087e-7 0 1 1.42205e-7 0 1 -2.27301e-7 0 1 -3.69716e-7 0 1 -1.75541e-6 0 1 -4.19064e-7 0 1 1.13548e-6 0 1 -1.36699e-6 0 1 1.66262e-6 0 1 5.62343e-7 0 1 1.83188e-6 0 1 -5.81853e-7 0 1 3.2236e-7 0 1 -1.95308e-7 0 1 -2.29573e-7 0 1 8.78297e-7 0 1 -1.83351e-6 0 1 5.04107e-7 0 1 1.72442e-6 0 1 4.59307e-7 0 1 1.71708e-6 0 1 3.97078e-7 0 1 -2.2732e-7 0 1 0 0 1 0 0 1 0 0 1 0 0 1 1.58984e-7 0 1 0 0 1 0 0 1 0 0 1 8.78436e-7 0 1 0 0 1 0 0 1 -7.01385e-6 0 1 1.43112e-6 0 1 -1.42608e-6 0 1 -1.00771e-6 0 1 1.17443e-6 0 1 -4.54649e-7 0 1 -3.97051e-7 0 1 -1.42203e-7 0 1 2.27324e-7 0 1 -3.69742e-7 0 1 3.97051e-7 0 1 2.27327e-7 0 1 -3.97057e-7 0 1 0 0 1 0 0 1 0 0 1 1.58987e-7 0 1 -1.17443e-6 0 1 0 0 1 2.2957e-7 0 1 -8.78322e-7 0 1 -1.83162e-6 0 1 8.74411e-7 0 1 0 0 1 0 0 1 0 0 1 0 0 1 3.22388e-7 0 1 -5.81806e-7 0 1 1.42209e-7 0 1 -9.26927e-7 0 1 7.80005e-7 0 1 -8.12848e-7 0 1 1.05367e-6 0 1 0 0 1 0 0 1 2.29346e-7 0 1 -8.89034e-7 0 1 9.63374e-7 0 1 -7.80004e-7 0 1 8.40029e-7 0 1 -4.09951e-7 0 1 9.9e-7 0 1 -1.7903e-7 0 1 -3.04804e-7 0 1 1.54749e-7 0 1 -1.54748e-7 0 1 -1.98501e-7 0 1 -7.37299e-7 0 1 4.87687e-7 0 1 1.7903e-7 0 1 -6.80625e-7 0 1 -1.75522e-6 0 1 0 0 1 0 0 1 0 0 1 0 0 1 0 0 1 0 0 1 -8.7429e-7 0 1 0 0 1 0 0 1 1.42212e-7 0 1 -2.27297e-7 0 1 -3.69721e-7 0 1 -2.29576e-7 0 1 8.78415e-7 0 1 0 0 1 0 0 1 0 0 1 2.0669e-6 0 1 -1.47069e-7 0 1 0 0 1 0 0 1 -3.49461e-7 0 1 1.2961e-6 0 1 -2.94357e-7 0 1 0 0 1 0 0 1 0 0 1 -1.41481e-6 0 1 1.55978e-6 0 1 -3.33114e-7 0 1 3.35275e-7 0 1 0 0 1 0 0 1 0 0 1 0 0 1 8.0985e-7 0 1 -7.13435e-7 0 1 0 0 1 0 0 1 0 0 1 -4.09108e-6 0 1 -1.55978e-6 0 1 1.41481e-6 0 1 -6.48028e-7 0 1 -6.48049e-7 0 1 -4.71615e-7 0 1 0 0 1 0 0 1 0 0 1 0 0 1 0 0 1 0 0 1 3.49461e-7 0 1 3.33074e-7 0 1 0 0 1 7.13435e-7 0 1 3.01253e-6 0 1 -3.35274e-7 0 1 3.33114e-7 0 1 -1.43099e-6 0 1 1.42628e-6 0 1 4.54607e-7 0 1 -1.42206e-7 0 1 0 0 1 0 0 1 -1.7566e-6 0 1 2.29576e-7 0 1 -1.00768e-6 0 1 3.69721e-7 0 1 -3.97093e-7 0 1 0 0 1 7.00825e-6 0 1 0 0 1 0 0 1 0 0 1 0 0 1 -2.69924e-7 0.08715343 0 0.9961949 0.2589409 0 0.9658932 0.2587086 0 0.9659555 0.4223401 0 0.9064375 0.4225447 0 0.9063422 0.573666 0 0.8190894 0.7071068 0 0.7071068 0.8191809 0 0.5735355 0.9063242 0 0.422583 0.9659064 0 0.2588917 0.9961937 0 0.0871669 0.9961957 0 0.08714532 0.9961957 0 -0.08714532 0.9659064 0 -0.2588917 0.9659231 0 -0.2588294 0.9063242 0 -0.422583 0.8191809 0 -0.5735355 0.7069823 0 -0.7072313 0.573499 0 -0.8192064 0.573666 0 -0.8190894 0.4227492 0 -0.9062468 0.4225447 0 -0.9063422 0.2587086 0 -0.9659555 0.2589409 0 -0.9658932 0.08715343 0 -0.9961949 0.08690631 0 -0.9962165 -0.08689957 0 -0.9962171 -0.08714663 0 -0.9961955 -0.2589409 0 -0.9658932 -0.2587086 0 -0.9659555 -0.4225745 0 -0.9063283 -0.422779 0 -0.9062328 -0.5736294 0 -0.8191149 -0.5734624 0 -0.8192319 -0.7070212 0 -0.7071924 -0.7071457 0 -0.7070679 -0.8191443 0 -0.5735877 -0.9063242 0 -0.422583 -0.9659425 0 -0.2587568 -0.9659259 0 -0.2588191 -0.9961957 0 -0.08714532 -0.9961957 0 0.08714532 -0.9961937 0 0.0871669 -0.9659259 0 0.2588191 -0.9063242 0 0.422583 -0.8191443 0 0.5735877 -0.7071457 0 0.7070679 -0.5736294 0 0.8191149 -0.4225745 0 0.9063283 -0.4223699 0 0.9064236 -0.2587086 0 0.9659555 -0.2589409 0 0.9658932 -0.08714663 0 0.9961955 0.9659259 0 0.2588191 0.996187 0 0.08724415 0.9961888 0 0.08722251 0.9961888 0 -0.08722251 0.9659259 0 -0.2588191 0.9659425 0 -0.2587568 -0.2589507 0 -0.9658906 -0.2587183 0 -0.9659528 -0.4225596 0 -0.9063352 -0.4227641 0 -0.9062399 -0.5736477 0 -0.8191022 -0.5734807 0 -0.8192192 -0.7070018 0 -0.7072119 -0.7071263 0 -0.7070874 -0.8191626 0 -0.5735616 -0.9063094 0 -0.422615 -0.9063094 0 0.422615 -0.8191626 0 0.5735616 -0.7071263 0 0.7070874 -0.5736477 0 0.8191022 -0.4225596 0 0.9063352 -0.422355 0 0.9064306 -0.2587183 0 0.9659528 -0.2589507 0 0.9658906 0.08690631 0 0.9962165 0.8190989 0 0.5736525 0.9063687 0 0.4224877 0.9659231 0 0.2588294 0.9961937 0 -0.0871669 0.9063687 0 -0.4224877 0.8190989 0 -0.5736525 -0.8190623 0 -0.5737047 -0.9063687 0 -0.4224877 -0.9961937 0 -0.0871669 -0.9659425 0 0.2587568 -0.9063687 0 0.4224877 -0.8190623 0 0.5737047 -0.08689957 0 0.9962171 0.9659425 0 0.2587568 0.996187 0 -0.08724415 -0.8190806 0 -0.5736786 -0.9063538 0 -0.4225196 -0.9063538 0 0.4225196 -0.8190806 0 0.5736786 0.9961954 0 -0.08714842 0.9961953 0 -0.08714848 0.9659223 0 -0.2588322 0.9659224 0 -0.258832 0.9063049 0 -0.4226245 0.9063053 0 -0.4226237 0.819164 0 -0.5735595 0.8191635 0 -0.5735601 0.7071061 0 -0.7071075 0.5735743 0 -0.8191536 0.4226196 0 -0.9063072 0.2588152 0 -0.9659268 0.08715695 0 -0.9961947 -0.0871545 0 -0.9961949 -0.2588152 0 -0.9659268 -0.4226196 0 -0.9063072 -0.5735873 0 -0.8191445 -0.7071061 0 -0.7071075 -0.8191472 0 -0.5735834 -0.8191477 0 -0.5735827 -0.9063053 0 -0.4226237 -0.9063049 0 -0.4226245 -0.9659259 0 -0.2588191 -0.9659258 0 -0.2588192 -0.9961953 0 -0.08714848 -0.9961954 0 -0.08714842 -0.9961953 0 0.08714848 -0.9961953 0 0.08714848 -0.9659259 0 0.2588191 -0.9659259 0 0.2588191 -0.9063051 0 0.4226242 -0.906305 0 0.4226242 -0.8191476 0 0.5735828 -0.8191476 0 0.5735828 -0.7071061 0 0.7071075 -0.5735875 0 0.8191443 -0.5735873 0 0.8191445 -0.4226196 0 0.9063072 -0.2588149 0 0.965927 -0.08715486 0 0.9961948 0.0871573 0 0.9961947 0.2588149 0 0.965927 0.4226196 0 0.9063072 0.5735743 0 0.8191536 0.5735745 0 0.8191534 0.7071061 0 0.7071075 0.819164 0 0.5735595 0.819164 0 0.5735595 0.906305 0 0.4226242 0.9063051 0 0.4226242 0.9659224 0 0.2588321 0.9659224 0 0.258832 0.9961953 0 0.08714848 0.9961953 0 0.08714848 0.9961859 0 -0.0872569 0.996186 0 -0.08725631 0.9659228 0 -0.2588306 0.9063296 0 -0.4225714 0.8191674 0 -0.5735545 0.8191698 0 -0.5735512 0.7070752 0 -0.7071383 0.5736151 0 -0.819125 0.4226152 0 -0.9063093 0.4226123 0 -0.9063106 0.2588 0 -0.965931 0.2588033 0 -0.9659301 0.08716344 0 -0.9961941 -0.08715128 0 -0.9961951 -0.2588033 0 -0.9659301 -0.2588 0 -0.965931 -0.422666 0 -0.9062857 -0.4226688 0 -0.9062842 -0.5735493 0 -0.819171 -0.7070752 0 -0.7071383 -0.8191698 0 -0.5735512 -0.8191674 0 -0.5735545 -0.9063296 0 -0.4225714 -0.9659228 0 -0.2588306 -0.9961981 0 -0.08711731 -0.996198 0 -0.08711791 -0.996198 0 0.08711791 -0.9961981 0 0.08711731 -0.9659232 0 0.2588288 -0.9659228 0 0.2588306 -0.9063296 0 0.4225714 -0.8191674 0 0.5735545 -0.7070788 0 0.7071349 -0.573547 0 0.8191727 -0.422663 0 0.9062869 -0.2588066 0 0.9659293 -0.08714783 0 0.9961954 -0.08715474 0 0.9961948 0.0871669 0 0.9961937 0.08715999 0 0.9961944 0.2588066 0 0.9659293 0.4226095 0 0.906312 0.5736128 0 0.8191267 0.7070788 0 0.7071349 0.8191674 0 0.5735545 0.9063296 0 0.4225714 0.9659228 0 0.2588306 0.9659232 0 0.2588288 0.996186 0 0.08725631 0.9961859 0 0.0872569 0.9659237 0 -0.2588271 0.9063284 0 -0.4225741 0.9063309 0 -0.4225687 0.8191629 0 -0.5735611 0.7070858 0 -0.7071278 0.7070788 0 -0.7071349 0.5736128 0 -0.8191267 0.4226095 0 -0.906312 0.08718085 0 -0.9961926 0.08715301 0 -0.996195 -0.08714085 0 -0.996196 -0.08716869 0 -0.9961937 -0.422663 0 -0.9062869 -0.573547 0 -0.8191727 -0.7070788 0 -0.7071349 -0.7070858 0 -0.7071278 -0.8191629 0 -0.5735611 -0.9063309 0 -0.4225687 -0.9063284 0 -0.4225741 -0.9659237 0 -0.2588271 -0.9659237 0 0.2588271 -0.9659219 0 0.2588341 -0.9063309 0 0.4225687 -0.7070752 0 0.7071383 -0.7070823 0 0.7071313 -0.4226688 0 0.9062842 -0.4226573 0 0.9062896 -0.2588 0 0.965931 0.2588 0 0.965931 0.4226037 0 0.9063146 0.4226152 0 0.9063093 0.7070823 0 0.7071313 0.7070752 0 0.7071383 0.9063309 0 0.4225687 0.9659219 0 0.2588341 0.9659237 0 0.2588271 -0.9961928 0 -0.08717852 -0.9659209 0 -0.2588372 -0.9062982 0 -0.4226388 -0.8192012 0 -0.5735062 -0.8191398 0 -0.573594 -0.573666 0 -0.8190894 -0.5735407 0 -0.8191772 -0.4226107 0 -0.9063113 -0.2588248 0 -0.9659243 -0.258999 0 -0.9658777 -0.08721178 0 -0.9961898 -0.08739715 0 0.9961736 -0.2588248 0 0.9659243 -0.4227641 0 0.9062398 -0.4224573 0 0.9063829 -0.573666 0 0.8190894 -0.5735407 0 0.8191772 -0.7071477 0 0.707066 -0.8191398 0 0.573594 -0.9659209 0 0.2588372 -0.9659085 0 0.2588839 -0.9961928 0 0.08717852 0.9961953 0 0.08714956 0.9961939 0 0.08716577 0.9659085 0 0.2588839 0.9659209 0 0.2588372 0.9063428 0 0.4225433 0.8191261 0 0.5736135 0.7071622 0 0.7070513 0.7070689 0 0.7071447 0.5735133 0 0.8191963 0.5736386 0 0.8191086 0.4224573 0 0.9063829 0.4227641 0 0.9062398 0.258832 0 0.9659224 0.08702397 0 0.9962062 0.08739459 0 0.9961738 0.08702397 0 -0.9962062 0.08720928 0 -0.99619 0.2590063 0 -0.9658756 0.258832 0 -0.9659224 0.4226107 0 -0.9063113 0.5735133 0 -0.8191963 0.5736386 0 -0.8191086 0.7070689 0 -0.7071447 0.8191261 0 -0.5736135 0.8191875 0 -0.5735258 0.9063095 0 -0.4226149 0.9063428 0 -0.4225433 0.9659209 0 -0.2588372 0.9961953 0 -0.08714956</float_array>
          <technique_common>
            <accessor source="#BOX_PAD1_0_simple_006-mesh-normals-array" count="3788" stride="3">
              <param name="X" type="float"/>
              <param name="Y" type="float"/>
              <param name="Z" type="float"/>
            </accessor>
          </technique_common>
        </source>
        <vertices id="BOX_PAD1_0_simple_006-mesh-vertices">
          <input semantic="POSITION" source="#BOX_PAD1_0_simple_006-mesh-positions"/>
        </vertices>
        <triangles count="10236">
          <input semantic="VERTEX" source="#BOX_PAD1_0_simple_006-mesh-vertices" offset="0"/>
          <input semantic="NORMAL" source="#BOX_PAD1_0_simple_006-mesh-normals" offset="1"/>
          <p>0 0 1 0 2 0 1 1 3 1 2 1 2 2 3 2 4 2 2 0 4 0 5 0 6 0 7 0 8 0 7 3 9 3 8 3 8 0 9 0 10 0 8 0 10 0 11 0 12 4 13 4 14 4 0 0 2 0 8 0 8 5 2 5 15 5 8 6 15 6 6 6 16 0 17 0 18 0 16 7 18 7 19 7 17 0 20 0 18 0 18 8 20 8 21 8 18 9 21 9 22 9 11 0 23 0 8 0 8 10 23 10 24 10 8 0 24 0 22 0 22 11 24 11 25 11 22 0 25 0 18 0 26 12 27 12 28 12 28 0 27 0 29 0 28 0 29 0 30 0 12 0 14 0 18 0 18 13 14 13 31 13 18 14 31 14 19 14 32 0 33 0 34 0 34 0 33 0 35 0 36 15 37 15 33 15 33 16 37 16 38 16 33 0 38 0 39 0 39 0 38 0 40 0 5 0 41 0 2 0 2 17 41 17 42 17 2 0 42 0 43 0 43 18 42 18 44 18 30 0 45 0 28 0 28 19 45 19 46 19 28 0 46 0 47 0 47 20 46 20 48 20 25 0 49 0 18 0 18 21 49 21 50 21 18 22 50 22 51 22 51 23 52 23 18 23 18 24 52 24 53 24 18 0 53 0 33 0 33 25 53 25 54 25 33 26 54 26 35 26 32 0 55 0 33 0 33 27 55 27 56 27 33 28 56 28 36 28 44 0 26 0 43 0 43 0 26 0 28 0 43 0 28 0 57 0 57 29 28 29 58 29 57 0 58 0 59 0 59 30 58 30 60 30 59 0 60 0 61 0 61 31 60 31 62 31 61 0 62 0 63 0 63 30 62 30 64 30 63 0 64 0 65 0 65 32 64 32 66 32 65 0 66 0 67 0 67 0 66 0 68 0 67 0 68 0 69 0 69 33 68 33 70 33 69 0 70 0 71 0 71 34 70 34 72 34 71 0 72 0 73 0 73 0 72 0 39 0 73 0 39 0 74 0 74 0 39 0 40 0 48 0 75 0 47 0 47 35 75 35 76 35 47 0 76 0 77 0 77 36 76 36 78 36 77 0 78 0 79 0 79 37 78 37 80 37 79 0 80 0 81 0 81 38 80 38 82 38 81 0 82 0 83 0 83 39 82 39 84 39 83 0 84 0 85 0 85 40 84 40 86 40 85 0 86 0 87 0 87 0 86 0 88 0 87 41 88 41 89 41 89 42 88 42 90 42 89 43 90 43 91 43 91 44 90 44 92 44 91 0 92 0 12 0 12 0 92 0 93 0 12 0 93 0 13 0 12 45 18 45 94 45 94 45 18 45 95 45 96 46 97 46 98 46 98 47 97 47 99 47 98 48 99 48 100 48 96 46 98 46 101 46 101 46 98 46 102 46 101 49 102 49 103 49 100 46 104 46 98 46 98 50 104 50 105 50 98 51 105 51 106 51 107 46 108 46 98 46 98 52 108 52 109 52 110 46 95 46 111 46 111 46 95 46 112 46 109 46 113 46 98 46 98 53 113 53 114 53 98 46 114 46 95 46 95 54 114 54 115 54 95 55 115 55 112 55 110 56 116 56 95 56 95 57 116 57 117 57 95 58 117 58 118 58 119 46 120 46 121 46 121 59 120 59 122 59 119 46 123 46 120 46 120 46 123 46 124 46 120 60 124 60 125 60 126 46 94 46 127 46 127 46 94 46 95 46 127 46 95 46 128 46 128 46 95 46 118 46 122 46 120 46 129 46 129 46 120 46 130 46 129 61 130 61 131 61 132 46 133 46 134 46 134 62 133 62 135 62 136 46 137 46 125 46 126 63 138 63 94 63 94 46 138 46 139 46 94 46 139 46 140 46 140 64 139 64 141 64 140 46 141 46 142 46 142 65 141 65 143 65 142 46 143 46 144 46 144 46 143 46 145 46 144 46 145 46 146 46 146 66 145 66 147 66 146 46 147 46 148 46 148 67 147 67 149 67 148 68 149 68 150 68 150 69 149 69 151 69 150 70 151 70 152 70 152 69 151 69 153 69 152 46 153 46 154 46 154 71 153 71 155 71 154 46 155 46 130 46 130 72 155 72 156 72 130 73 156 73 131 73 107 46 98 46 157 46 157 46 98 46 106 46 157 46 106 46 134 46 134 74 106 74 158 74 134 75 158 75 132 75 135 46 159 46 134 46 134 76 159 76 160 76 134 46 160 46 161 46 161 77 162 77 134 77 134 46 162 46 163 46 134 46 163 46 125 46 125 46 163 46 164 46 125 46 164 46 136 46 137 46 165 46 125 46 125 78 165 78 166 78 125 79 166 79 120 79 120 80 166 80 167 80 120 81 167 81 168 81 168 82 169 82 120 82 120 83 169 83 170 83 120 46 170 46 171 46 171 84 170 84 172 84 171 46 172 46 173 46 173 85 172 85 174 85 173 46 174 46 175 46 175 86 174 86 176 86 175 46 176 46 177 46 177 86 176 86 178 86 177 46 178 46 179 46 179 87 178 87 180 87 179 88 180 88 181 88 181 46 180 46 182 46 181 46 182 46 183 46 183 46 182 46 184 46 183 89 184 89 185 89 185 90 184 90 186 90 185 91 186 91 102 91 102 46 186 46 187 46 102 46 187 46 103 46 102 92 98 92 39 92 39 92 98 92 33 92 130 93 120 93 47 93 47 93 120 93 28 93 33 92 98 92 188 92 188 94 98 94 189 94 188 95 189 95 190 95 190 96 189 96 191 96 190 97 191 97 192 97 192 98 191 98 193 98 192 92 193 92 194 92 194 99 193 99 195 99 194 92 195 92 196 92 196 92 195 92 197 92 196 92 197 92 198 92 198 100 197 100 199 100 198 92 199 92 200 92 200 101 199 101 201 101 200 92 201 92 202 92 202 92 201 92 203 92 202 92 203 92 204 92 204 92 203 92 205 92 206 45 207 45 208 45 208 45 207 45 209 45 208 102 209 102 210 102 210 45 209 45 211 45 210 45 211 45 212 45 212 45 211 45 213 45 212 45 213 45 214 45 214 103 213 103 215 103 214 45 215 45 216 45 216 45 215 45 217 45 216 104 217 104 218 104 218 105 217 105 219 105 218 45 219 45 220 45 220 106 219 106 221 106 220 45 221 45 222 45 222 45 221 45 223 45 222 107 223 107 18 107 18 108 223 108 95 108 224 109 205 109 203 109 98 110 95 110 223 110 98 111 223 111 189 111 189 112 223 112 221 112 189 113 221 113 191 113 191 114 221 114 219 114 191 115 219 115 193 115 193 116 219 116 217 116 193 117 217 117 195 117 195 118 217 118 215 118 195 119 215 119 197 119 197 120 215 120 213 120 197 120 213 120 199 120 199 121 213 121 211 121 199 122 211 122 201 122 201 123 211 123 209 123 201 124 209 124 203 124 207 125 225 125 209 125 209 126 225 126 226 126 209 127 226 127 203 127 203 126 226 126 227 126 203 128 227 128 224 128 204 129 228 129 202 129 202 130 228 130 229 130 206 131 208 131 230 131 230 132 208 132 231 132 229 132 231 132 202 132 202 133 231 133 208 133 202 134 208 134 200 134 200 134 208 134 210 134 200 135 210 135 198 135 198 136 210 136 212 136 198 137 212 137 196 137 196 137 212 137 214 137 196 138 214 138 194 138 194 139 214 139 216 139 194 140 216 140 192 140 192 140 216 140 218 140 192 141 218 141 190 141 190 142 218 142 220 142 190 143 220 143 188 143 188 143 220 143 222 143 188 144 222 144 33 144 33 145 222 145 18 145 232 92 233 92 234 92 234 92 233 92 235 92 234 92 235 92 236 92 236 92 235 92 237 92 236 92 237 92 238 92 238 92 237 92 239 92 238 92 239 92 205 92 205 92 239 92 204 92 207 45 206 45 240 45 240 45 206 45 241 45 240 45 241 45 242 45 242 45 241 45 243 45 242 45 243 45 244 45 244 45 243 45 245 45 244 45 245 45 246 45 246 45 245 45 247 45 236 146 238 146 248 146 249 146 250 146 251 146 252 147 253 147 254 147 254 148 255 148 256 148 253 146 257 146 254 146 254 149 257 149 258 149 254 150 258 150 255 150 259 146 260 146 254 146 254 146 260 146 261 146 261 146 262 146 254 146 254 146 262 146 263 146 254 151 263 151 252 151 249 146 251 146 264 146 244 146 246 146 251 146 251 152 246 152 265 152 251 153 265 153 266 153 266 154 267 154 251 154 251 146 267 146 268 146 251 155 268 155 269 155 269 146 270 146 251 146 251 156 270 156 271 156 251 157 271 157 264 157 272 146 273 146 274 146 274 158 273 158 275 158 274 159 275 159 276 159 277 146 278 146 279 146 280 146 281 146 282 146 281 146 283 146 282 146 282 160 283 160 284 160 282 161 284 161 285 161 277 146 279 146 286 146 285 146 287 146 282 146 282 162 287 162 288 162 282 163 288 163 289 163 289 146 290 146 282 146 282 164 290 164 291 164 282 146 291 146 279 146 279 165 291 165 292 165 279 166 292 166 286 166 276 167 293 167 274 167 274 168 293 168 294 168 274 146 294 146 295 146 295 169 294 169 296 169 295 170 296 170 297 170 297 146 298 146 295 146 295 171 298 171 299 171 295 172 299 172 300 172 272 146 274 146 301 146 301 146 274 146 226 146 301 146 226 146 302 146 303 146 304 146 225 146 225 173 304 173 305 173 278 146 306 146 279 146 279 174 306 174 307 174 279 146 307 146 225 146 225 175 307 175 308 175 225 176 308 176 303 176 305 177 309 177 225 177 225 178 309 178 310 178 225 146 310 146 226 146 226 179 310 179 311 179 226 180 311 180 302 180 312 181 313 181 314 181 314 174 313 174 315 174 314 182 315 182 316 182 317 146 318 146 319 146 320 146 321 146 295 146 322 146 323 146 274 146 316 146 324 146 314 146 314 183 324 183 325 183 314 184 325 184 326 184 317 146 319 146 327 146 322 185 274 185 328 185 321 146 329 146 295 146 295 186 329 186 330 186 295 187 330 187 331 187 331 146 332 146 295 146 295 188 332 188 333 188 295 146 333 146 274 146 274 189 333 189 334 189 274 190 334 190 328 190 326 146 335 146 319 146 319 191 335 191 336 191 319 192 336 192 337 192 337 146 338 146 319 146 319 193 338 193 339 193 319 194 339 194 327 194 227 195 340 195 341 195 341 146 342 146 227 146 227 196 342 196 343 196 227 197 343 197 312 197 323 198 344 198 274 198 274 199 344 199 345 199 274 146 345 146 226 146 226 200 345 200 346 200 346 201 347 201 226 201 226 202 347 202 348 202 226 203 348 203 227 203 227 204 348 204 349 204 227 205 349 205 340 205 256 146 232 146 254 146 254 146 232 146 234 146 254 146 234 146 350 146 351 206 352 206 350 206 352 146 353 146 350 146 350 207 353 207 354 207 350 208 354 208 355 208 350 146 356 146 254 146 254 209 356 209 357 209 254 210 357 210 358 210 358 146 359 146 254 146 254 211 359 211 360 211 254 146 360 146 361 146 355 146 362 146 350 146 350 212 362 212 363 212 350 213 363 213 356 213 361 146 364 146 254 146 254 214 364 214 365 214 254 215 365 215 366 215 367 146 368 146 259 146 259 216 368 216 369 216 366 217 370 217 254 217 254 218 370 218 371 218 254 146 371 146 259 146 259 219 371 219 372 219 259 220 372 220 367 220 373 146 374 146 319 146 369 221 375 221 259 221 259 146 375 146 376 146 259 222 376 222 377 222 377 146 378 146 259 146 259 223 378 223 379 223 259 146 379 146 319 146 319 224 379 224 380 224 319 225 380 225 373 225 374 146 381 146 319 146 319 226 381 226 382 226 319 227 382 227 383 227 383 146 384 146 319 146 319 228 384 228 385 228 319 229 385 229 350 229 350 230 385 230 386 230 350 231 386 231 351 231 387 146 388 146 314 146 314 232 388 232 389 232 390 146 391 146 248 146 248 233 391 233 392 233 248 234 392 234 393 234 394 146 395 146 248 146 248 146 395 146 350 146 248 146 350 146 236 146 236 146 350 146 234 146 396 146 397 146 350 146 389 146 398 146 314 146 314 235 398 235 399 235 314 146 399 146 400 146 400 236 401 236 314 236 314 237 401 237 402 237 314 238 402 238 403 238 403 239 404 239 314 239 314 240 404 240 405 240 314 146 405 146 248 146 248 241 405 241 406 241 248 242 406 242 390 242 393 146 407 146 248 146 248 243 407 243 408 243 248 244 408 244 394 244 395 146 409 146 350 146 350 245 409 245 410 245 350 246 410 246 411 246 326 146 319 146 314 146 314 146 319 146 412 146 314 247 412 247 387 247 411 146 413 146 350 146 350 248 413 248 414 248 350 249 414 249 396 249 397 250 415 250 350 250 350 251 415 251 416 251 350 146 416 146 319 146 319 252 416 252 417 252 417 253 418 253 319 253 319 254 418 254 419 254 319 255 419 255 420 255 420 256 421 256 319 256 319 146 421 146 422 146 319 257 422 257 412 257 312 146 314 146 227 146 227 146 314 146 248 146 227 146 248 146 224 146 224 146 248 146 238 146 224 146 238 146 205 146 423 146 424 146 425 146 259 258 426 258 427 258 428 146 429 146 425 146 425 259 429 259 430 259 425 260 430 260 423 260 424 261 431 261 425 261 425 262 431 262 432 262 425 263 432 263 433 263 427 146 434 146 259 146 259 264 434 264 435 264 259 265 435 265 436 265 437 146 438 146 260 146 260 266 438 266 439 266 260 267 439 267 440 267 440 146 441 146 260 146 260 268 441 268 442 268 260 269 442 269 443 269 444 146 428 146 445 146 445 146 428 146 260 146 445 270 260 270 446 270 446 146 260 146 443 146 444 146 447 146 428 146 428 271 447 271 448 271 428 272 448 272 449 272 433 273 450 273 425 273 425 274 450 274 451 274 425 275 451 275 452 275 436 276 453 276 259 276 259 277 453 277 454 277 259 278 454 278 455 278 455 146 456 146 259 146 259 279 456 279 457 279 259 146 457 146 260 146 260 280 457 280 458 280 260 281 458 281 437 281 449 146 459 146 428 146 428 282 459 282 460 282 428 283 460 283 429 283 318 284 320 284 319 284 319 146 320 146 295 146 319 146 295 146 259 146 259 146 295 146 425 146 259 146 425 146 426 146 426 146 425 146 452 146 461 146 462 146 251 146 463 146 464 146 425 146 465 146 466 146 250 146 465 285 250 285 467 285 250 146 468 146 251 146 251 286 468 286 469 286 251 287 469 287 461 287 462 146 470 146 251 146 251 288 470 288 471 288 251 289 471 289 472 289 464 290 473 290 425 290 425 291 473 291 474 291 425 292 474 292 475 292 476 293 477 293 428 293 428 294 477 294 478 294 428 295 478 295 479 295 466 146 480 146 250 146 250 296 480 296 481 296 250 297 481 297 482 297 472 146 483 146 251 146 251 298 483 298 484 298 251 299 484 299 485 299 475 146 486 146 425 146 425 300 486 300 487 300 425 301 487 301 488 301 488 302 489 302 425 302 425 303 489 303 490 303 425 146 490 146 428 146 428 304 490 304 491 304 428 305 491 305 476 305 479 146 492 146 428 146 428 306 492 306 493 306 428 307 493 307 250 307 250 308 493 308 494 308 250 309 494 309 467 309 482 146 495 146 250 146 250 310 495 310 496 310 250 311 496 311 468 311 300 146 280 146 295 146 295 312 280 312 282 312 295 146 282 146 425 146 425 146 282 146 251 146 425 313 251 313 463 313 463 314 251 314 485 314 497 146 498 146 282 146 498 146 499 146 282 146 282 227 499 227 500 227 282 315 500 315 501 315 282 146 502 146 251 146 251 316 502 316 503 316 251 317 503 317 504 317 504 146 505 146 251 146 251 318 505 318 506 318 251 146 506 146 507 146 501 146 508 146 282 146 282 319 508 319 509 319 282 320 509 320 502 320 507 321 510 321 251 321 251 322 510 322 511 322 251 323 511 323 512 323 513 146 514 146 244 146 244 324 514 324 515 324 512 146 516 146 251 146 251 325 516 325 517 325 251 326 517 326 244 326 244 327 517 327 518 327 244 328 518 328 513 328 519 329 520 329 242 329 515 330 521 330 244 330 244 146 521 146 522 146 244 331 522 331 523 331 523 332 524 332 244 332 244 333 524 333 525 333 244 146 525 146 242 146 242 334 525 334 526 334 242 335 526 335 519 335 520 146 527 146 242 146 242 336 527 336 528 336 242 337 528 337 529 337 529 146 530 146 242 146 242 338 530 338 531 338 242 339 531 339 282 339 282 340 531 340 532 340 282 341 532 341 497 341 240 342 533 342 534 342 535 343 279 343 536 343 536 146 279 146 537 146 538 344 539 344 279 344 279 345 539 345 540 345 279 346 540 346 537 346 541 146 542 146 282 146 534 347 543 347 240 347 240 348 543 348 544 348 240 146 544 146 545 146 240 349 546 349 547 349 545 350 548 350 240 350 240 351 548 351 549 351 240 352 549 352 546 352 535 146 550 146 279 146 279 353 550 353 551 353 279 354 551 354 552 354 552 146 553 146 279 146 279 355 553 355 554 355 279 146 554 146 282 146 282 356 554 356 555 356 282 357 555 357 556 357 242 146 557 146 240 146 240 358 557 358 558 358 240 359 558 359 533 359 556 146 559 146 282 146 282 360 559 360 560 360 282 361 560 361 541 361 542 146 561 146 282 146 282 362 561 362 562 362 282 363 562 363 242 363 242 364 562 364 563 364 563 365 564 365 242 365 242 366 564 366 565 366 242 367 565 367 566 367 566 368 567 368 242 368 242 146 567 146 568 146 242 369 568 369 557 369 225 146 207 146 279 146 279 146 207 146 240 146 279 370 240 370 538 370 538 146 240 146 547 146 247 93 245 93 569 93 570 93 571 93 572 93 572 371 571 371 573 371 574 93 572 93 575 93 575 93 572 93 233 93 574 372 576 372 572 372 572 373 576 373 577 373 572 93 577 93 570 93 247 93 569 93 578 93 579 93 580 93 569 93 569 374 580 374 581 374 569 375 581 375 582 375 582 93 583 93 569 93 569 376 583 376 584 376 569 377 584 377 585 377 585 93 586 93 569 93 569 378 586 378 587 378 569 379 587 379 578 379 588 93 589 93 590 93 590 380 589 380 591 380 590 381 591 381 592 381 593 93 594 93 595 93 596 382 597 382 598 382 598 93 597 93 599 93 592 93 600 93 590 93 590 383 600 383 601 383 590 384 601 384 593 384 594 93 602 93 595 93 595 385 602 385 603 385 595 386 603 386 604 386 605 93 606 93 595 93 595 387 606 387 607 387 595 93 607 93 608 93 608 388 607 388 609 388 604 93 610 93 595 93 595 389 610 389 611 389 595 390 611 390 605 390 609 391 612 391 608 391 608 392 612 392 613 392 608 393 613 393 614 393 614 93 615 93 608 93 608 394 615 394 616 394 608 93 616 93 597 93 597 395 616 395 617 395 597 396 617 396 599 396 596 93 618 93 597 93 597 397 618 397 619 397 597 93 619 93 231 93 231 398 619 398 620 398 620 399 621 399 231 399 231 400 621 400 622 400 231 401 622 401 230 401 230 402 622 402 623 402 230 403 623 403 624 403 624 93 625 93 230 93 230 404 625 404 626 404 230 405 626 405 627 405 628 406 629 406 630 406 630 407 629 407 631 407 630 408 631 408 632 408 633 93 634 93 597 93 597 409 634 409 635 409 636 410 637 410 638 410 638 93 637 93 639 93 640 93 608 93 641 93 641 93 608 93 597 93 641 93 597 93 642 93 642 93 597 93 635 93 640 93 643 93 608 93 608 411 643 411 644 411 608 412 644 412 645 412 645 93 646 93 608 93 608 413 646 413 647 413 608 414 647 414 638 414 638 93 647 93 648 93 638 415 648 415 636 415 639 93 649 93 638 93 638 416 649 416 650 416 638 417 650 417 651 417 651 93 652 93 638 93 638 418 652 418 653 418 638 93 653 93 630 93 630 419 653 419 654 419 630 420 654 420 628 420 655 93 656 93 229 93 656 93 657 93 229 93 229 421 657 421 658 421 229 93 658 93 659 93 660 93 231 93 661 93 661 93 231 93 229 93 661 93 229 93 662 93 662 422 229 422 659 422 660 423 663 423 231 423 231 424 663 424 664 424 231 93 664 93 597 93 597 425 664 425 665 425 597 426 665 426 633 426 666 93 667 93 595 93 595 427 667 427 668 427 669 93 670 93 243 93 671 428 672 428 569 428 569 429 672 429 673 429 569 430 673 430 674 430 674 93 675 93 569 93 569 431 675 431 676 431 569 432 676 432 677 432 668 433 678 433 595 433 595 434 678 434 679 434 595 93 679 93 243 93 243 435 679 435 680 435 243 436 680 436 669 436 670 93 681 93 243 93 243 437 681 437 682 437 243 438 682 438 683 438 684 93 685 93 595 93 595 439 685 439 686 439 686 93 687 93 595 93 595 93 687 93 688 93 595 440 688 440 666 440 683 93 689 93 243 93 243 441 689 441 690 441 243 93 690 93 245 93 245 442 690 442 691 442 245 443 691 443 692 443 692 93 693 93 245 93 245 444 693 444 694 444 245 445 694 445 695 445 695 93 696 93 245 93 245 446 696 446 697 446 245 447 697 447 698 447 698 93 699 93 245 93 245 448 699 448 700 448 245 93 700 93 569 93 569 449 700 449 701 449 569 450 701 450 671 450 702 93 703 93 241 93 704 93 705 93 241 93 241 451 705 451 706 451 243 93 707 93 595 93 595 452 707 452 708 452 595 453 708 453 709 453 710 93 711 93 590 93 590 454 711 454 712 454 713 93 243 93 714 93 714 93 243 93 241 93 714 93 241 93 715 93 715 93 241 93 706 93 709 455 716 455 595 455 595 456 716 456 717 456 595 457 717 457 718 457 593 93 595 93 590 93 590 93 595 93 719 93 590 458 719 458 710 458 713 93 720 93 243 93 243 459 720 459 721 459 243 460 721 460 722 460 722 93 723 93 243 93 243 461 723 461 724 461 243 462 724 462 707 462 718 463 725 463 595 463 595 93 725 93 726 93 595 464 726 464 719 464 712 93 727 93 590 93 590 465 727 465 728 465 590 93 728 93 729 93 729 466 730 466 590 466 590 467 730 467 731 467 590 468 731 468 732 468 703 93 733 93 241 93 241 469 733 469 734 469 241 470 734 470 704 470 732 471 735 471 590 471 590 472 735 472 736 472 590 93 736 93 241 93 241 473 736 473 737 473 241 474 737 474 702 474 241 93 206 93 590 93 590 93 206 93 230 93 590 93 230 93 588 93 588 93 230 93 627 93 738 93 739 93 569 93 740 93 741 93 742 93 742 475 741 475 743 475 569 93 739 93 579 93 579 476 739 476 744 476 579 477 744 477 745 477 745 93 746 93 579 93 579 478 746 478 747 478 579 479 747 479 748 479 749 93 750 93 579 93 579 480 750 480 751 480 579 93 751 93 741 93 741 481 751 481 752 481 741 482 752 482 743 482 748 93 753 93 579 93 579 483 753 483 754 483 579 484 754 484 749 484 755 485 756 485 757 485 757 486 756 486 758 486 759 93 760 93 569 93 569 487 760 487 761 487 569 488 761 488 762 488 756 93 741 93 763 93 763 93 764 93 756 93 756 489 764 489 765 489 756 490 765 490 766 490 766 93 767 93 756 93 756 491 767 491 768 491 756 492 768 492 758 492 762 93 769 93 569 93 569 493 769 493 770 493 569 494 770 494 738 494 740 93 771 93 741 93 741 495 771 495 772 495 741 496 772 496 763 496 755 93 773 93 756 93 756 497 773 497 774 497 756 93 774 93 569 93 569 498 774 498 775 498 569 499 775 499 759 499 776 93 777 93 756 93 778 500 779 500 780 500 780 93 779 93 781 93 781 93 782 93 780 93 780 501 782 501 783 501 780 502 783 502 784 502 756 93 777 93 741 93 741 503 777 503 785 503 741 504 785 504 786 504 786 93 787 93 741 93 741 505 787 505 788 505 741 506 788 506 789 506 789 93 790 93 741 93 741 482 790 482 791 482 741 507 791 507 780 507 780 93 791 93 792 93 780 508 792 508 778 508 793 93 794 93 795 93 795 93 794 93 796 93 797 509 798 509 756 509 756 510 798 510 799 510 756 511 799 511 800 511 573 93 801 93 572 93 572 93 801 93 802 93 572 512 802 512 794 512 794 93 802 93 780 93 794 93 780 93 803 93 803 513 804 513 794 513 794 514 804 514 805 514 794 515 805 515 806 515 806 93 807 93 794 93 794 516 807 516 808 516 794 517 808 517 796 517 800 93 809 93 756 93 756 518 809 518 810 518 756 519 810 519 776 519 784 93 811 93 780 93 780 520 811 520 812 520 780 521 812 521 803 521 793 93 813 93 794 93 794 522 813 522 814 522 794 93 814 93 756 93 756 523 814 523 815 523 756 93 815 93 797 93 816 93 817 93 818 93 818 524 817 524 819 524 820 93 821 93 572 93 572 525 821 525 822 525 822 93 823 93 572 93 572 526 823 526 824 526 572 527 824 527 825 527 826 93 827 93 638 93 638 528 827 528 828 528 819 93 829 93 818 93 818 529 829 529 830 529 818 530 830 530 638 530 638 531 830 531 831 531 638 532 831 532 826 532 828 93 832 93 638 93 638 533 832 533 833 533 638 534 833 534 834 534 825 93 835 93 572 93 572 535 835 535 836 535 572 93 836 93 818 93 818 536 836 536 837 536 818 537 837 537 838 537 839 93 840 93 794 93 794 538 840 538 841 538 838 93 842 93 818 93 818 539 842 539 843 539 818 540 843 540 816 540 834 93 839 93 638 93 638 93 839 93 794 93 638 93 794 93 608 93 608 93 794 93 756 93 608 93 756 93 595 93 595 93 756 93 569 93 595 93 569 93 684 93 684 93 569 93 677 93 841 93 844 93 794 93 794 541 844 541 845 541 794 542 845 542 846 542 846 93 847 93 794 93 794 543 847 543 848 543 794 544 848 544 849 544 849 93 850 93 794 93 794 545 850 545 851 545 794 546 851 546 572 546 572 547 851 547 852 547 572 548 852 548 820 548 853 93 854 93 630 93 855 549 856 549 630 549 630 550 856 550 857 550 638 551 858 551 818 551 818 552 858 552 859 552 818 553 859 553 860 553 861 554 862 554 863 554 864 93 638 93 865 93 865 93 638 93 630 93 865 93 630 93 866 93 866 93 630 93 857 93 860 93 867 93 818 93 818 555 867 555 868 555 818 556 868 556 869 556 862 93 861 93 870 93 870 93 861 93 818 93 870 93 818 93 871 93 864 557 872 557 638 557 638 558 872 558 873 558 638 559 873 559 874 559 874 93 875 93 638 93 638 560 875 560 876 560 638 561 876 561 858 561 869 93 877 93 818 93 818 562 877 562 878 562 818 563 878 563 871 563 863 93 879 93 861 93 861 564 879 564 880 564 861 565 880 565 881 565 881 93 882 93 861 93 861 566 882 566 883 566 861 567 883 567 884 567 854 93 885 93 630 93 630 568 885 568 886 568 630 569 886 569 855 569 884 93 887 93 861 93 861 570 887 570 888 570 861 571 888 571 630 571 630 572 888 572 889 572 630 573 889 573 853 573 632 93 655 93 630 93 630 93 655 93 229 93 630 93 229 93 861 93 861 93 229 93 228 93 233 93 572 93 235 93 235 93 572 93 818 93 235 93 818 93 237 93 237 93 818 93 861 93 237 93 861 93 239 93 239 93 861 93 228 93 239 93 228 93 204 93 249 0 580 0 250 0 250 0 580 0 579 0 250 0 579 0 428 0 428 0 579 0 741 0 428 0 741 0 260 0 260 0 741 0 780 0 260 0 780 0 261 0 261 0 780 0 802 0 139 574 93 574 141 574 141 575 93 575 92 575 141 576 92 576 143 576 143 577 92 577 90 577 143 578 90 578 145 578 145 578 90 578 88 578 145 579 88 579 147 579 147 579 88 579 86 579 147 580 86 580 149 580 149 581 86 581 84 581 149 582 84 582 151 582 151 582 84 582 82 582 151 583 82 583 153 583 153 583 82 583 80 583 153 584 80 584 155 584 155 584 80 584 78 584 155 585 78 585 156 585 156 585 78 585 76 585 156 586 76 586 131 586 131 586 76 586 75 586 131 587 75 587 129 587 129 587 75 587 48 587 129 588 48 588 122 588 122 588 48 588 46 588 122 589 46 589 121 589 121 589 46 589 45 589 121 590 45 590 119 590 119 591 45 591 30 591 119 592 30 592 123 592 123 592 30 592 29 592 123 593 29 593 124 593 124 593 29 593 27 593 124 594 27 594 125 594 125 595 27 595 26 595 125 596 26 596 134 596 134 597 26 597 44 597 134 598 44 598 157 598 157 598 44 598 42 598 157 599 42 599 107 599 107 599 42 599 41 599 107 600 41 600 108 600 108 600 41 600 5 600 108 601 5 601 109 601 109 601 5 601 4 601 109 602 4 602 113 602 113 602 4 602 3 602 113 603 3 603 114 603 114 603 3 603 1 603 114 604 1 604 115 604 115 604 1 604 0 604 115 605 0 605 112 605 112 605 0 605 8 605 112 606 8 606 111 606 111 606 8 606 22 606 111 607 22 607 110 607 110 607 22 607 21 607 110 608 21 608 116 608 116 608 21 608 20 608 116 609 20 609 117 609 117 609 20 609 17 609 117 610 17 610 118 610 118 610 17 610 16 610 118 611 16 611 128 611 128 611 16 611 19 611 128 612 19 612 127 612 127 612 19 612 31 612 127 613 31 613 126 613 126 613 31 613 14 613 126 614 14 614 138 614 138 614 14 614 13 614 138 615 13 615 139 615 139 615 13 615 93 615 163 574 24 574 164 574 164 575 24 575 23 575 164 576 23 576 136 576 136 577 23 577 11 577 136 616 11 616 137 616 137 616 11 616 10 616 137 579 10 579 165 579 165 579 10 579 9 579 165 580 9 580 166 580 166 581 9 581 7 581 166 617 7 617 167 617 167 617 7 617 6 617 167 618 6 618 168 618 168 618 6 618 15 618 168 619 15 619 169 619 169 619 15 619 2 619 169 620 2 620 170 620 170 620 2 620 43 620 170 621 43 621 172 621 172 621 43 621 57 621 172 622 57 622 174 622 174 622 57 622 59 622 174 588 59 588 176 588 176 588 59 588 61 588 176 589 61 589 178 589 178 589 61 589 63 589 178 623 63 623 180 623 180 624 63 624 65 624 180 592 65 592 182 592 182 592 65 592 67 592 182 625 67 625 184 625 184 626 67 626 69 626 184 594 69 594 186 594 186 595 69 595 71 595 186 596 71 596 187 596 187 597 71 597 73 597 187 598 73 598 103 598 103 598 73 598 74 598 103 599 74 599 101 599 101 599 74 599 40 599 101 627 40 627 96 627 96 628 40 628 38 628 96 601 38 601 97 601 97 601 38 601 37 601 97 629 37 629 99 629 99 630 37 630 36 630 99 603 36 603 100 603 100 603 36 603 56 603 100 604 56 604 104 604 104 604 56 604 55 604 104 631 55 631 105 631 105 631 55 631 32 631 105 632 32 632 106 632 106 632 32 632 34 632 106 633 34 633 158 633 158 633 34 633 35 633 158 634 35 634 132 634 132 634 35 634 54 634 132 635 54 635 133 635 133 635 54 635 53 635 133 636 53 636 135 636 135 636 53 636 52 636 135 611 52 611 159 611 159 611 52 611 51 611 159 612 51 612 160 612 160 612 51 612 50 612 160 637 50 637 161 637 161 637 50 637 49 637 161 614 49 614 162 614 162 614 49 614 25 614 162 615 25 615 163 615 163 615 25 615 24 615 283 638 606 638 284 638 284 638 606 638 605 638 284 639 605 639 285 639 285 640 605 640 611 640 285 641 611 641 287 641 287 642 611 642 610 642 287 643 610 643 288 643 288 644 610 644 604 644 288 645 604 645 289 645 289 646 604 646 603 646 289 647 603 647 290 647 290 648 603 648 602 648 290 649 602 649 291 649 291 649 602 649 594 649 291 650 594 650 292 650 292 650 594 650 593 650 292 651 593 651 286 651 286 652 593 652 601 652 286 653 601 653 277 653 277 654 601 654 600 654 277 655 600 655 278 655 278 656 600 656 592 656 278 657 592 657 306 657 306 658 592 658 591 658 306 659 591 659 307 659 307 660 591 660 589 660 307 661 589 661 308 661 308 662 589 662 588 662 308 663 588 663 303 663 303 663 588 663 627 663 303 664 627 664 304 664 304 665 627 665 626 665 304 666 626 666 305 666 305 667 626 667 625 667 305 668 625 668 309 668 309 668 625 668 624 668 309 669 624 669 310 669 310 669 624 669 623 669 310 670 623 670 311 670 311 671 623 671 622 671 311 672 622 672 302 672 302 673 622 673 621 673 302 674 621 674 301 674 301 674 621 674 620 674 301 675 620 675 272 675 272 676 620 676 619 676 272 677 619 677 273 677 273 678 619 678 618 678 273 679 618 679 275 679 275 680 618 680 596 680 275 681 596 681 276 681 276 682 596 682 598 682 276 683 598 683 293 683 293 684 598 684 599 684 293 685 599 685 294 685 294 686 599 686 617 686 294 687 617 687 296 687 296 687 617 687 616 687 296 688 616 688 297 688 297 688 616 688 615 688 297 689 615 689 298 689 298 690 615 690 614 690 298 691 614 691 299 691 299 692 614 692 613 692 299 693 613 693 300 693 300 694 613 694 612 694 300 695 612 695 280 695 280 696 612 696 609 696 280 697 609 697 281 697 281 698 609 698 607 698 281 699 607 699 283 699 283 699 607 699 606 699 467 638 750 638 465 638 465 638 750 638 749 638 465 639 749 639 466 639 466 640 749 640 754 640 466 641 754 641 480 641 480 642 754 642 753 642 480 643 753 643 481 643 481 644 753 644 748 644 481 645 748 645 482 645 482 646 748 646 747 646 482 647 747 647 495 647 495 648 747 648 746 648 495 649 746 649 496 649 496 649 746 649 745 649 496 650 745 650 468 650 468 650 745 650 744 650 468 651 744 651 469 651 469 652 744 652 739 652 469 653 739 653 461 653 461 654 739 654 738 654 461 655 738 655 462 655 462 656 738 656 770 656 462 657 770 657 470 657 470 658 770 658 769 658 470 659 769 659 471 659 471 660 769 660 762 660 471 661 762 661 472 661 472 662 762 662 761 662 472 663 761 663 483 663 483 663 761 663 760 663 483 664 760 664 484 664 484 665 760 665 759 665 484 666 759 666 485 666 485 667 759 667 775 667 485 668 775 668 463 668 463 668 775 668 774 668 463 669 774 669 464 669 464 669 774 669 773 669 464 670 773 670 473 670 473 671 773 671 755 671 473 672 755 672 474 672 474 673 755 673 757 673 474 674 757 674 475 674 475 674 757 674 758 674 475 675 758 675 486 675 486 676 758 676 768 676 486 677 768 677 487 677 487 678 768 678 767 678 487 679 767 679 488 679 488 680 767 680 766 680 488 681 766 681 489 681 489 682 766 682 765 682 489 683 765 683 490 683 490 684 765 684 764 684 490 685 764 685 491 685 491 686 764 686 763 686 491 687 763 687 476 687 476 687 763 687 772 687 476 688 772 688 477 688 477 688 772 688 771 688 477 689 771 689 478 689 478 690 771 690 740 690 478 691 740 691 479 691 479 692 740 692 742 692 479 693 742 693 492 693 492 694 742 694 743 694 492 695 743 695 493 695 493 696 743 696 752 696 493 697 752 697 494 697 494 698 752 698 751 698 494 699 751 699 467 699 467 699 751 699 750 699 446 700 778 700 445 700 445 700 778 700 792 700 445 701 792 701 444 701 444 702 792 702 791 702 444 641 791 641 447 641 447 642 791 642 790 642 447 703 790 703 448 703 448 704 790 704 789 704 448 705 789 705 449 705 449 706 789 706 788 706 449 707 788 707 459 707 459 708 788 708 787 708 459 649 787 649 460 649 460 649 787 649 786 649 460 709 786 709 429 709 429 709 786 709 785 709 429 710 785 710 430 710 430 711 785 711 777 711 430 712 777 712 423 712 423 713 777 713 776 713 423 714 776 714 424 714 424 715 776 715 810 715 424 657 810 657 431 657 431 658 810 658 809 658 431 716 809 716 432 716 432 717 809 717 800 717 432 718 800 718 433 718 433 719 800 719 799 719 433 720 799 720 450 720 450 720 799 720 798 720 450 664 798 664 451 664 451 665 798 665 797 665 451 721 797 721 452 721 452 722 797 722 815 722 452 723 815 723 426 723 426 723 815 723 814 723 426 724 814 724 427 724 427 724 814 724 813 724 427 725 813 725 434 725 434 726 813 726 793 726 434 672 793 672 435 672 435 673 793 673 795 673 435 727 795 727 436 727 436 727 795 727 796 727 436 728 796 728 453 728 453 729 796 729 808 729 453 677 808 677 454 677 454 678 808 678 807 678 454 679 807 679 455 679 455 680 807 680 806 680 455 730 806 730 456 730 456 731 806 731 805 731 456 732 805 732 457 732 457 733 805 733 804 733 457 734 804 734 458 734 458 735 804 735 803 735 458 736 803 736 437 736 437 736 803 736 812 736 437 688 812 688 438 688 438 688 812 688 811 688 438 689 811 689 439 689 439 690 811 690 784 690 439 737 784 737 440 737 440 738 784 738 783 738 440 739 783 739 441 739 441 740 783 740 782 740 441 695 782 695 442 695 442 696 782 696 781 696 442 741 781 741 443 741 443 742 781 742 779 742 443 743 779 743 446 743 446 743 779 743 778 743 318 700 636 700 320 700 320 700 636 700 648 700 320 701 648 701 321 701 321 702 648 702 647 702 321 641 647 641 329 641 329 642 647 642 646 642 329 703 646 703 330 703 330 704 646 704 645 704 330 705 645 705 331 705 331 706 645 706 644 706 331 707 644 707 332 707 332 708 644 708 643 708 332 649 643 649 333 649 333 649 643 649 640 649 333 709 640 709 334 709 334 709 640 709 641 709 334 710 641 710 328 710 328 711 641 711 642 711 328 712 642 712 322 712 322 713 642 713 635 713 322 714 635 714 323 714 323 715 635 715 634 715 323 657 634 657 344 657 344 658 634 658 633 658 344 716 633 716 345 716 345 717 633 717 665 717 345 718 665 718 346 718 346 719 665 719 664 719 346 720 664 720 347 720 347 720 664 720 663 720 347 664 663 664 348 664 348 665 663 665 660 665 348 721 660 721 349 721 349 722 660 722 661 722 349 723 661 723 340 723 340 723 661 723 662 723 340 724 662 724 341 724 341 724 662 724 659 724 341 725 659 725 342 725 342 726 659 726 658 726 342 672 658 672 343 672 343 673 658 673 657 673 343 727 657 727 312 727 312 727 657 727 656 727 312 728 656 728 313 728 313 729 656 729 655 729 313 677 655 677 315 677 315 678 655 678 632 678 315 679 632 679 316 679 316 680 632 680 631 680 316 730 631 730 324 730 324 731 631 731 629 731 324 732 629 732 325 732 325 733 629 733 628 733 325 734 628 734 326 734 326 735 628 735 654 735 326 736 654 736 335 736 335 736 654 736 653 736 335 688 653 688 336 688 336 688 653 688 652 688 336 689 652 689 337 689 337 690 652 690 651 690 337 737 651 737 338 737 338 738 651 738 650 738 338 739 650 739 339 739 339 740 650 740 649 740 339 695 649 695 327 695 327 696 649 696 639 696 327 741 639 741 317 741 317 742 639 742 637 742 317 743 637 743 318 743 318 743 637 743 636 743 246 744 247 744 578 744 246 744 578 744 265 744 265 745 578 745 587 745 265 746 587 746 266 746 266 747 587 747 586 747 266 748 586 748 267 748 267 749 586 749 585 749 267 749 585 749 268 749 268 750 585 750 584 750 268 750 584 750 269 750 269 751 584 751 583 751 269 752 583 752 270 752 270 753 583 753 582 753 270 753 582 753 271 753 271 754 582 754 581 754 271 754 581 754 264 754 264 755 581 755 580 755 264 756 580 756 249 756 261 757 802 757 801 757 261 758 801 758 262 758 262 759 801 759 573 759 262 759 573 759 263 759 263 760 573 760 571 760 263 760 571 760 252 760 252 761 571 761 570 761 252 762 570 762 253 762 253 763 570 763 577 763 253 763 577 763 257 763 257 764 577 764 576 764 257 764 576 764 258 764 258 765 576 765 574 765 258 766 574 766 255 766 255 767 574 767 575 767 255 768 575 768 256 768 256 769 575 769 233 769 256 769 233 769 232 769 130 770 47 770 77 770 130 770 77 770 154 770 154 771 77 771 79 771 154 771 79 771 152 771 152 772 79 772 81 772 152 773 81 773 150 773 150 774 81 774 83 774 150 774 83 774 148 774 148 775 83 775 85 775 148 776 85 776 146 776 146 777 85 777 87 777 146 777 87 777 144 777 144 778 87 778 89 778 144 778 89 778 142 778 142 779 89 779 91 779 142 779 91 779 140 779 140 780 91 780 12 780 140 780 12 780 94 780 102 781 39 781 72 781 102 781 72 781 185 781 185 782 72 782 70 782 185 783 70 783 183 783 183 784 70 784 68 784 183 785 68 785 181 785 181 786 68 786 66 786 181 787 66 787 179 787 179 788 66 788 64 788 179 789 64 789 177 789 177 790 64 790 62 790 177 791 62 791 175 791 175 792 62 792 60 792 175 793 60 793 173 793 173 794 60 794 58 794 173 794 58 794 171 794 171 795 58 795 28 795 171 795 28 795 120 795 736 796 538 796 737 796 737 796 538 796 547 796 737 797 547 797 702 797 702 798 547 798 546 798 702 799 546 799 703 799 703 800 546 800 549 800 703 801 549 801 733 801 733 801 549 801 548 801 733 802 548 802 734 802 734 802 548 802 545 802 734 803 545 803 704 803 704 804 545 804 544 804 704 805 544 805 705 805 705 806 544 806 543 806 705 807 543 807 706 807 706 807 543 807 534 807 706 808 534 808 715 808 715 809 534 809 533 809 715 810 533 810 714 810 714 810 533 810 558 810 714 811 558 811 713 811 713 812 558 812 557 812 713 813 557 813 720 813 720 814 557 814 568 814 720 815 568 815 721 815 721 815 568 815 567 815 721 816 567 816 722 816 722 817 567 817 566 817 722 818 566 818 723 818 723 819 566 819 565 819 723 820 565 820 724 820 724 820 565 820 564 820 724 821 564 821 707 821 707 822 564 822 563 822 707 823 563 823 708 823 708 823 563 823 562 823 708 824 562 824 709 824 709 824 562 824 561 824 709 825 561 825 716 825 716 826 561 826 542 826 716 827 542 827 717 827 717 827 542 827 541 827 717 828 541 828 718 828 718 829 541 829 560 829 718 830 560 830 725 830 725 831 560 831 559 831 725 832 559 832 726 832 726 832 559 832 556 832 726 833 556 833 719 833 719 834 556 834 555 834 719 835 555 835 710 835 710 836 555 836 554 836 710 837 554 837 711 837 711 837 554 837 553 837 711 838 553 838 712 838 712 839 553 839 552 839 712 840 552 840 727 840 727 840 552 840 551 840 727 841 551 841 728 841 728 842 551 842 550 842 728 843 550 843 729 843 729 844 550 844 535 844 729 845 535 845 730 845 730 845 535 845 536 845 730 846 536 846 731 846 731 846 536 846 537 846 731 847 537 847 732 847 732 848 537 848 540 848 732 849 540 849 735 849 735 850 540 850 539 850 735 851 539 851 736 851 736 851 539 851 538 851 679 796 532 796 680 796 680 796 532 796 531 796 680 797 531 797 669 797 669 798 531 798 530 798 669 799 530 799 670 799 670 800 530 800 529 800 670 801 529 801 681 801 681 801 529 801 528 801 681 802 528 802 682 802 682 802 528 802 527 802 682 803 527 803 683 803 683 804 527 804 520 804 683 805 520 805 689 805 689 806 520 806 519 806 689 807 519 807 690 807 690 807 519 807 526 807 690 808 526 808 691 808 691 809 526 809 525 809 691 810 525 810 692 810 692 810 525 810 524 810 692 811 524 811 693 811 693 812 524 812 523 812 693 813 523 813 694 813 694 814 523 814 522 814 694 815 522 815 695 815 695 815 522 815 521 815 695 816 521 816 696 816 696 817 521 817 515 817 696 818 515 818 697 818 697 819 515 819 514 819 697 820 514 820 698 820 698 820 514 820 513 820 698 821 513 821 699 821 699 822 513 822 518 822 699 823 518 823 700 823 700 823 518 823 517 823 700 824 517 824 701 824 701 824 517 824 516 824 701 825 516 825 671 825 671 826 516 826 512 826 671 827 512 827 672 827 672 827 512 827 511 827 672 828 511 828 673 828 673 829 511 829 510 829 673 830 510 830 674 830 674 831 510 831 507 831 674 832 507 832 675 832 675 832 507 832 506 832 675 833 506 833 676 833 676 834 506 834 505 834 676 835 505 835 677 835 677 836 505 836 504 836 677 837 504 837 684 837 684 837 504 837 503 837 684 838 503 838 685 838 685 839 503 839 502 839 685 840 502 840 686 840 686 840 502 840 509 840 686 841 509 841 687 841 687 842 509 842 508 842 687 843 508 843 688 843 688 844 508 844 501 844 688 845 501 845 666 845 666 845 501 845 500 845 666 846 500 846 667 846 667 846 500 846 499 846 667 847 499 847 668 847 668 848 499 848 498 848 668 849 498 849 678 849 678 850 498 850 497 850 678 851 497 851 679 851 679 851 497 851 532 851 830 796 386 796 831 796 831 796 386 796 385 796 831 852 385 852 826 852 826 853 385 853 384 853 826 854 384 854 827 854 827 855 384 855 383 855 827 801 383 801 828 801 828 801 383 801 382 801 828 856 382 856 832 856 832 856 382 856 381 856 832 857 381 857 833 857 833 858 381 858 374 858 833 859 374 859 834 859 834 860 374 860 373 860 834 861 373 861 839 861 839 861 373 861 380 861 839 862 380 862 840 862 840 863 380 863 379 863 840 864 379 864 841 864 841 864 379 864 378 864 841 865 378 865 844 865 844 866 378 866 377 866 844 867 377 867 845 867 845 868 377 868 376 868 845 869 376 869 846 869 846 869 376 869 375 869 846 870 375 870 847 870 847 871 375 871 369 871 847 818 369 818 848 818 848 819 369 819 368 819 848 872 368 872 849 872 849 872 368 872 367 872 849 873 367 873 850 873 850 874 367 874 372 874 850 823 372 823 851 823 851 823 372 823 371 823 851 824 371 824 852 824 852 824 371 824 370 824 852 875 370 875 820 875 820 876 370 876 366 876 820 877 366 877 821 877 821 877 366 877 365 877 821 828 365 828 822 828 822 829 365 829 364 829 822 878 364 878 823 878 823 879 364 879 361 879 823 880 361 880 824 880 824 880 361 880 360 880 824 881 360 881 825 881 825 882 360 882 359 882 825 883 359 883 835 883 835 884 359 884 358 884 835 885 358 885 836 885 836 885 358 885 357 885 836 886 357 886 837 886 837 887 357 887 356 887 837 745 356 745 838 745 838 745 356 745 363 745 838 888 363 888 842 888 842 889 363 889 362 889 842 890 362 890 843 890 843 891 362 891 355 891 843 892 355 892 816 892 816 892 355 892 354 892 816 846 354 846 817 846 817 846 354 846 353 846 817 893 353 893 819 893 819 894 353 894 352 894 819 895 352 895 829 895 829 896 352 896 351 896 829 851 351 851 830 851 830 851 351 851 386 851 888 796 405 796 889 796 889 796 405 796 404 796 889 852 404 852 853 852 853 853 404 853 403 853 853 854 403 854 854 854 854 855 403 855 402 855 854 801 402 801 885 801 885 801 402 801 401 801 885 856 401 856 886 856 886 856 401 856 400 856 886 857 400 857 855 857 855 858 400 858 399 858 855 859 399 859 856 859 856 860 399 860 398 860 856 861 398 861 857 861 857 861 398 861 389 861 857 862 389 862 866 862 866 863 389 863 388 863 866 864 388 864 865 864 865 864 388 864 387 864 865 865 387 865 864 865 864 866 387 866 412 866 864 867 412 867 872 867 872 868 412 868 422 868 872 869 422 869 873 869 873 869 422 869 421 869 873 870 421 870 874 870 874 871 421 871 420 871 874 818 420 818 875 818 875 819 420 819 419 819 875 872 419 872 876 872 876 872 419 872 418 872 876 873 418 873 858 873 858 874 418 874 417 874 858 823 417 823 859 823 859 823 417 823 416 823 859 824 416 824 860 824 860 824 416 824 415 824 860 875 415 875 867 875 867 876 415 876 397 876 867 877 397 877 868 877 868 877 397 877 396 877 868 828 396 828 869 828 869 829 396 829 414 829 869 878 414 878 877 878 877 879 414 879 413 879 877 880 413 880 878 880 878 880 413 880 411 880 878 881 411 881 871 881 871 882 411 882 410 882 871 883 410 883 870 883 870 884 410 884 409 884 870 885 409 885 862 885 862 885 409 885 395 885 862 886 395 886 863 886 863 887 395 887 394 887 863 745 394 745 879 745 879 745 394 745 408 745 879 888 408 888 880 888 880 889 408 889 407 889 880 890 407 890 881 890 881 891 407 891 393 891 881 892 393 892 882 892 882 892 393 892 392 892 882 846 392 846 883 846 883 846 392 846 391 846 883 893 391 893 884 893 884 894 391 894 390 894 884 895 390 895 887 895 887 896 390 896 406 896 887 851 406 851 888 851 888 851 406 851 405 851 890 897 891 897 892 897 891 898 893 898 892 898 892 899 893 899 894 899 892 900 894 900 895 900 896 901 897 901 898 901 897 902 899 902 898 902 898 903 899 903 900 903 898 46 900 46 901 46 902 904 903 904 904 904 890 46 892 46 898 46 898 905 892 905 905 905 898 906 905 906 896 906 906 46 907 46 908 46 906 46 908 46 909 46 907 46 910 46 908 46 908 907 910 907 911 907 908 908 911 908 912 908 901 909 913 909 898 909 898 910 913 910 914 910 898 46 914 46 912 46 912 911 914 911 915 911 912 46 915 46 908 46 916 46 917 46 918 46 918 46 917 46 919 46 918 912 919 912 920 912 902 46 904 46 908 46 908 46 904 46 921 46 908 913 921 913 909 913 922 46 923 46 924 46 924 46 923 46 925 46 926 46 927 46 923 46 923 914 927 914 928 914 923 46 928 46 929 46 929 46 928 46 930 46 895 46 931 46 892 46 892 915 931 915 932 915 892 916 932 916 933 916 933 917 932 917 934 917 920 46 935 46 918 46 918 918 935 918 936 918 918 46 936 46 937 46 937 919 936 919 938 919 915 46 939 46 908 46 908 46 939 46 940 46 908 920 940 920 941 920 941 46 942 46 908 46 908 921 942 921 943 921 908 46 943 46 923 46 923 922 943 922 944 922 923 923 944 923 925 923 922 46 945 46 923 46 923 924 945 924 946 924 923 925 946 925 926 925 934 46 916 46 933 46 933 46 916 46 918 46 933 46 918 46 947 46 947 926 918 926 948 926 947 927 948 927 949 927 949 928 948 928 950 928 949 929 950 929 951 929 951 930 950 930 952 930 951 931 952 931 953 931 953 932 952 932 954 932 953 46 954 46 955 46 955 46 954 46 956 46 955 46 956 46 957 46 957 46 956 46 958 46 957 46 958 46 959 46 959 933 958 933 960 933 959 46 960 46 961 46 961 934 960 934 962 934 961 46 962 46 963 46 963 46 962 46 929 46 963 46 929 46 964 46 964 46 929 46 930 46 938 46 965 46 937 46 937 935 965 935 966 935 937 46 966 46 967 46 967 936 966 936 968 936 967 46 968 46 969 46 969 937 968 937 970 937 969 46 970 46 971 46 971 938 970 938 972 938 971 939 972 939 973 939 973 940 972 940 974 940 973 46 974 46 975 46 975 941 974 941 976 941 975 46 976 46 977 46 977 46 976 46 978 46 977 91 978 91 979 91 979 942 978 942 980 942 979 943 980 943 981 943 981 90 980 90 982 90 981 46 982 46 902 46 902 46 982 46 983 46 902 46 983 46 903 46 902 92 908 92 984 92 984 92 908 92 985 92 986 0 987 0 988 0 988 944 987 944 989 944 988 945 989 945 990 945 986 0 988 0 991 0 991 0 988 0 992 0 991 946 992 946 993 946 990 0 994 0 988 0 988 947 994 947 995 947 988 948 995 948 996 948 997 0 998 0 988 0 988 949 998 949 999 949 1000 0 985 0 1001 0 1001 0 985 0 1002 0 999 0 1003 0 988 0 988 950 1003 950 1004 950 988 0 1004 0 985 0 985 951 1004 951 1005 951 985 952 1005 952 1002 952 1000 0 1006 0 985 0 985 953 1006 953 1007 953 985 954 1007 954 1008 954 1009 0 1010 0 1011 0 1011 0 1010 0 1012 0 1009 0 1013 0 1010 0 1010 0 1013 0 1014 0 1010 955 1014 955 1015 955 1016 0 984 0 1017 0 1017 0 984 0 985 0 1017 0 985 0 1018 0 1018 0 985 0 1008 0 1012 956 1010 956 1019 956 1019 0 1010 0 1020 0 1019 0 1020 0 1021 0 1022 0 1023 0 1024 0 1024 957 1023 957 1025 957 1026 0 1027 0 1015 0 1016 958 1028 958 984 958 984 0 1028 0 1029 0 984 0 1029 0 1030 0 1030 959 1029 959 1031 959 1030 0 1031 0 1032 0 1032 960 1031 960 1033 960 1032 0 1033 0 1034 0 1034 0 1033 0 1035 0 1034 0 1035 0 1036 0 1036 961 1035 961 1037 961 1036 0 1037 0 1038 0 1038 962 1037 962 1039 962 1038 963 1039 963 1040 963 1040 964 1039 964 1041 964 1040 965 1041 965 1042 965 1042 964 1041 964 1043 964 1042 0 1043 0 1044 0 1044 966 1043 966 1045 966 1044 0 1045 0 1020 0 1020 967 1045 967 1046 967 1020 968 1046 968 1021 968 997 0 988 0 1047 0 1047 0 988 0 996 0 1047 0 996 0 1024 0 1024 969 996 969 1048 969 1024 970 1048 970 1022 970 1025 0 1049 0 1024 0 1024 971 1049 971 1050 971 1024 0 1050 0 1051 0 1051 972 1052 972 1024 972 1024 0 1052 0 1053 0 1024 0 1053 0 1015 0 1015 0 1053 0 1054 0 1015 0 1054 0 1026 0 1027 973 1055 973 1015 973 1015 974 1055 974 1056 974 1015 0 1056 0 1010 0 1010 975 1056 975 1057 975 1010 976 1057 976 1058 976 1058 0 1059 0 1010 0 1010 977 1059 977 1060 977 1010 0 1060 0 1061 0 1061 978 1060 978 1062 978 1061 0 1062 0 1063 0 1063 979 1062 979 1064 979 1063 0 1064 0 1065 0 1065 980 1064 980 1066 980 1065 0 1066 0 1067 0 1067 980 1066 980 1068 980 1067 0 1068 0 1069 0 1069 981 1068 981 1070 981 1069 982 1070 982 1071 982 1071 0 1070 0 1072 0 1071 0 1072 0 1073 0 1073 0 1072 0 1074 0 1073 983 1074 983 1075 983 1075 44 1074 44 1076 44 1075 984 1076 984 992 984 992 0 1076 0 1077 0 992 0 1077 0 993 0 992 45 988 45 929 45 929 45 988 45 923 45 1020 93 1010 93 937 93 937 93 1010 93 918 93 923 45 988 45 1078 45 1078 985 988 985 1079 985 1078 986 1079 986 1080 986 1080 987 1079 987 1081 987 1080 45 1081 45 1082 45 1082 988 1081 988 1083 988 1082 989 1083 989 1084 989 1084 990 1083 990 1085 990 1084 45 1085 45 1086 45 1086 991 1085 991 1087 991 1086 992 1087 992 1088 992 1088 993 1087 993 1089 993 1088 45 1089 45 1090 45 1090 994 1089 994 1091 994 1090 45 1091 45 1092 45 1092 995 1091 995 1093 995 1092 45 1093 45 1094 45 1094 45 1093 45 1095 45 1096 92 1097 92 1098 92 1098 92 1097 92 1099 92 1098 92 1099 92 1100 92 1100 996 1099 996 1101 996 1100 92 1101 92 1102 92 1102 997 1101 997 1103 997 1102 92 1103 92 1104 92 1104 998 1103 998 1105 998 1104 999 1105 999 1106 999 1106 1000 1105 1000 1107 1000 1106 1001 1107 1001 1108 1001 1108 1002 1107 1002 1109 1002 1108 92 1109 92 1110 92 1110 1003 1109 1003 1111 1003 1110 1004 1111 1004 1112 1004 1112 1005 1111 1005 1113 1005 1112 1006 1113 1006 908 1006 908 1007 1113 1007 985 1007 1114 1008 1095 1008 1093 1008 988 1009 985 1009 1113 1009 988 1010 1113 1010 1079 1010 1079 1011 1113 1011 1111 1011 1079 1012 1111 1012 1081 1012 1081 1013 1111 1013 1109 1013 1081 1014 1109 1014 1083 1014 1083 1015 1109 1015 1107 1015 1083 1016 1107 1016 1085 1016 1085 1017 1107 1017 1105 1017 1085 1018 1105 1018 1087 1018 1087 1019 1105 1019 1103 1019 1087 1019 1103 1019 1089 1019 1089 1020 1103 1020 1101 1020 1089 1021 1101 1021 1091 1021 1091 1022 1101 1022 1099 1022 1091 1023 1099 1023 1093 1023 1097 1024 1115 1024 1099 1024 1099 1025 1115 1025 1116 1025 1099 1026 1116 1026 1093 1026 1093 1025 1116 1025 1117 1025 1093 1027 1117 1027 1114 1027 1094 1028 1118 1028 1092 1028 1092 1029 1118 1029 1119 1029 1096 1030 1098 1030 1120 1030 1120 1031 1098 1031 1121 1031 1119 1031 1121 1031 1092 1031 1092 1032 1121 1032 1098 1032 1092 1033 1098 1033 1090 1033 1090 1033 1098 1033 1100 1033 1090 1034 1100 1034 1088 1034 1088 1035 1100 1035 1102 1035 1088 1036 1102 1036 1086 1036 1086 1036 1102 1036 1104 1036 1086 1037 1104 1037 1084 1037 1084 1038 1104 1038 1106 1038 1084 1039 1106 1039 1082 1039 1082 1039 1106 1039 1108 1039 1082 1040 1108 1040 1080 1040 1080 1041 1108 1041 1110 1041 1080 1042 1110 1042 1078 1042 1078 1042 1110 1042 1112 1042 1078 1043 1112 1043 923 1043 923 1044 1112 1044 908 1044 1122 45 1123 45 1124 45 1124 45 1123 45 1125 45 1124 45 1125 45 1126 45 1126 45 1125 45 1127 45 1126 45 1127 45 1128 45 1128 45 1127 45 1129 45 1128 45 1129 45 1095 45 1095 45 1129 45 1094 45 1097 92 1096 92 1130 92 1130 92 1096 92 1131 92 1130 92 1131 92 1132 92 1132 92 1131 92 1133 92 1132 92 1133 92 1134 92 1134 92 1133 92 1135 92 1134 92 1135 92 1136 92 1136 92 1135 92 1137 92 1126 146 1128 146 1138 146 1139 146 1140 146 1141 146 1142 1045 1143 1045 1144 1045 1144 1046 1145 1046 1146 1046 1143 146 1147 146 1144 146 1144 1047 1147 1047 1148 1047 1144 1048 1148 1048 1145 1048 1149 146 1150 146 1144 146 1144 146 1150 146 1151 146 1151 146 1152 146 1144 146 1144 146 1152 146 1153 146 1144 1049 1153 1049 1142 1049 1139 146 1141 146 1154 146 1134 146 1136 146 1141 146 1141 1050 1136 1050 1155 1050 1141 1051 1155 1051 1156 1051 1156 1052 1157 1052 1141 1052 1141 1053 1157 1053 1158 1053 1141 1054 1158 1054 1159 1054 1159 146 1160 146 1141 146 1141 1055 1160 1055 1161 1055 1141 1056 1161 1056 1154 1056 1162 146 1163 146 1164 146 1164 1057 1163 1057 1165 1057 1164 1058 1165 1058 1166 1058 1167 146 1168 146 1169 146 1170 146 1171 146 1172 146 1171 1059 1173 1059 1172 1059 1172 1060 1173 1060 1174 1060 1172 1061 1174 1061 1175 1061 1167 146 1169 146 1176 146 1175 146 1177 146 1172 146 1172 1062 1177 1062 1178 1062 1172 1063 1178 1063 1179 1063 1179 146 1180 146 1172 146 1172 1064 1180 1064 1181 1064 1172 146 1181 146 1169 146 1169 1065 1181 1065 1182 1065 1169 1066 1182 1066 1176 1066 1166 1067 1183 1067 1164 1067 1164 1068 1183 1068 1184 1068 1164 146 1184 146 1185 146 1185 1069 1184 1069 1186 1069 1185 1070 1186 1070 1187 1070 1187 146 1188 146 1185 146 1185 1071 1188 1071 1189 1071 1185 1072 1189 1072 1190 1072 1162 146 1164 146 1191 146 1191 146 1164 146 1116 146 1191 1073 1116 1073 1192 1073 1193 146 1194 146 1115 146 1115 269 1194 269 1195 269 1168 146 1196 146 1169 146 1169 1074 1196 1074 1197 1074 1169 146 1197 146 1115 146 1115 267 1197 267 1198 267 1115 1075 1198 1075 1193 1075 1195 146 1199 146 1115 146 1115 1076 1199 1076 1200 1076 1115 146 1200 146 1116 146 1116 1077 1200 1077 1201 1077 1116 1078 1201 1078 1192 1078 1202 146 1203 146 1204 146 1204 1074 1203 1074 1205 1074 1204 1079 1205 1079 1206 1079 1207 1080 1208 1080 1209 1080 1210 1081 1211 1081 1185 1081 1212 1082 1213 1082 1164 1082 1206 146 1214 146 1204 146 1204 1083 1214 1083 1215 1083 1204 1084 1215 1084 1216 1084 1207 146 1209 146 1217 146 1212 1085 1164 1085 1218 1085 1211 146 1219 146 1185 146 1185 1086 1219 1086 1220 1086 1185 1087 1220 1087 1221 1087 1221 146 1222 146 1185 146 1185 1088 1222 1088 1223 1088 1185 146 1223 146 1164 146 1164 1089 1223 1089 1224 1089 1164 1090 1224 1090 1218 1090 1216 146 1225 146 1209 146 1209 1091 1225 1091 1226 1091 1209 1092 1226 1092 1227 1092 1227 146 1228 146 1209 146 1209 1093 1228 1093 1229 1093 1209 1094 1229 1094 1217 1094 1117 1095 1230 1095 1231 1095 1231 146 1232 146 1117 146 1117 1096 1232 1096 1233 1096 1117 296 1233 296 1202 296 1213 1097 1234 1097 1164 1097 1164 1098 1234 1098 1235 1098 1164 146 1235 146 1116 146 1116 295 1235 295 1236 295 1236 146 1237 146 1116 146 1116 306 1237 306 1238 306 1116 307 1238 307 1117 307 1117 308 1238 308 1239 308 1117 309 1239 309 1230 309 1146 146 1122 146 1144 146 1144 146 1122 146 1124 146 1144 146 1124 146 1240 146 1241 1099 1242 1099 1240 1099 1242 146 1243 146 1240 146 1240 1100 1243 1100 1244 1100 1240 1101 1244 1101 1245 1101 1240 146 1246 146 1144 146 1144 1102 1246 1102 1247 1102 1144 1103 1247 1103 1248 1103 1248 146 1249 146 1144 146 1144 1104 1249 1104 1250 1104 1144 146 1250 146 1251 146 1245 146 1252 146 1240 146 1240 1105 1252 1105 1253 1105 1240 1106 1253 1106 1246 1106 1251 146 1254 146 1144 146 1144 1107 1254 1107 1255 1107 1144 1108 1255 1108 1256 1108 1257 146 1258 146 1149 146 1149 1109 1258 1109 1259 1109 1256 1110 1260 1110 1144 1110 1144 1111 1260 1111 1261 1111 1144 146 1261 146 1149 146 1149 1112 1261 1112 1262 1112 1149 1113 1262 1113 1257 1113 1263 146 1264 146 1209 146 1259 1114 1265 1114 1149 1114 1149 146 1265 146 1266 146 1149 1115 1266 1115 1267 1115 1267 146 1268 146 1149 146 1149 1116 1268 1116 1269 1116 1149 146 1269 146 1209 146 1209 1117 1269 1117 1270 1117 1209 356 1270 356 1263 356 1264 146 1271 146 1209 146 1209 360 1271 360 1272 360 1209 361 1272 361 1273 361 1273 146 1274 146 1209 146 1209 1118 1274 1118 1275 1118 1209 1119 1275 1119 1240 1119 1240 1120 1275 1120 1276 1120 1240 1121 1276 1121 1241 1121 1277 146 1278 146 1204 146 1204 1122 1278 1122 1279 1122 1280 146 1281 146 1138 146 1138 1123 1281 1123 1282 1123 1138 1124 1282 1124 1283 1124 1284 146 1285 146 1138 146 1138 146 1285 146 1240 146 1138 146 1240 146 1126 146 1126 146 1240 146 1124 146 1286 146 1287 146 1240 146 1279 146 1288 146 1204 146 1204 1125 1288 1125 1289 1125 1204 146 1289 146 1290 146 1290 1126 1291 1126 1204 1126 1204 1127 1291 1127 1292 1127 1204 1128 1292 1128 1293 1128 1293 146 1294 146 1204 146 1204 1129 1294 1129 1295 1129 1204 146 1295 146 1138 146 1138 1130 1295 1130 1296 1130 1138 1131 1296 1131 1280 1131 1283 146 1297 146 1138 146 1138 1132 1297 1132 1298 1132 1138 1133 1298 1133 1284 1133 1285 146 1299 146 1240 146 1240 1134 1299 1134 1300 1134 1240 1135 1300 1135 1301 1135 1216 146 1209 146 1204 146 1204 146 1209 146 1302 146 1204 1136 1302 1136 1277 1136 1301 146 1303 146 1240 146 1240 1137 1303 1137 1304 1137 1240 1138 1304 1138 1286 1138 1287 1139 1305 1139 1240 1139 1240 1140 1305 1140 1306 1140 1240 146 1306 146 1209 146 1209 341 1306 341 1307 341 1307 146 1308 146 1209 146 1209 1141 1308 1141 1309 1141 1209 227 1309 227 1310 227 1310 1142 1311 1142 1209 1142 1209 146 1311 146 1312 146 1209 319 1312 319 1302 319 1202 146 1204 146 1117 146 1117 146 1204 146 1138 146 1117 146 1138 146 1114 146 1114 146 1138 146 1128 146 1114 146 1128 146 1095 146 1313 1143 1314 1143 1315 1143 1149 1144 1316 1144 1317 1144 1318 146 1319 146 1315 146 1315 1145 1319 1145 1320 1145 1315 1146 1320 1146 1313 1146 1314 1147 1321 1147 1315 1147 1315 1148 1321 1148 1322 1148 1315 1149 1322 1149 1323 1149 1317 146 1324 146 1149 146 1149 1150 1324 1150 1325 1150 1149 1151 1325 1151 1326 1151 1327 146 1328 146 1150 146 1150 1152 1328 1152 1329 1152 1150 175 1329 175 1330 175 1330 146 1331 146 1150 146 1150 1153 1331 1153 1332 1153 1150 173 1332 173 1333 173 1334 1154 1318 1154 1335 1154 1335 146 1318 146 1150 146 1335 146 1150 146 1336 146 1336 177 1150 177 1333 177 1334 146 1337 146 1318 146 1318 1155 1337 1155 1338 1155 1318 1156 1338 1156 1339 1156 1323 146 1340 146 1315 146 1315 1157 1340 1157 1341 1157 1315 1158 1341 1158 1342 1158 1326 146 1343 146 1149 146 1149 1159 1343 1159 1344 1159 1149 1160 1344 1160 1345 1160 1345 146 1346 146 1149 146 1149 1161 1346 1161 1347 1161 1149 146 1347 146 1150 146 1150 1162 1347 1162 1348 1162 1150 1163 1348 1163 1327 1163 1339 146 1349 146 1318 146 1318 1164 1349 1164 1350 1164 1318 1165 1350 1165 1319 1165 1208 146 1210 146 1209 146 1209 146 1210 146 1185 146 1209 146 1185 146 1149 146 1149 146 1185 146 1315 146 1149 146 1315 146 1316 146 1316 146 1315 146 1342 146 1351 146 1352 146 1141 146 1353 146 1354 146 1315 146 1355 146 1356 146 1140 146 1355 146 1140 146 1357 146 1140 146 1358 146 1141 146 1141 1166 1358 1166 1359 1166 1141 1167 1359 1167 1351 1167 1352 146 1360 146 1141 146 1141 1168 1360 1168 1361 1168 1141 1169 1361 1169 1362 1169 1354 146 1363 146 1315 146 1315 1170 1363 1170 1364 1170 1315 1171 1364 1171 1365 1171 1366 1172 1367 1172 1318 1172 1318 1173 1367 1173 1368 1173 1318 200 1368 200 1369 200 1356 146 1370 146 1140 146 1140 197 1370 197 1371 197 1140 1174 1371 1174 1372 1174 1362 146 1373 146 1141 146 1141 1175 1373 1175 1374 1175 1141 1176 1374 1176 1375 1176 1365 146 1376 146 1315 146 1315 1177 1376 1177 1377 1177 1315 1178 1377 1178 1378 1178 1378 146 1379 146 1315 146 1315 1179 1379 1179 1380 1179 1315 146 1380 146 1318 146 1318 1180 1380 1180 1381 1180 1318 1181 1381 1181 1366 1181 1369 201 1382 201 1318 201 1318 202 1382 202 1383 202 1318 203 1383 203 1140 203 1140 204 1383 204 1384 204 1140 205 1384 205 1357 205 1372 146 1385 146 1140 146 1140 1182 1385 1182 1386 1182 1140 1183 1386 1183 1358 1183 1190 146 1170 146 1185 146 1185 1184 1170 1184 1172 1184 1185 146 1172 146 1315 146 1315 146 1172 146 1141 146 1315 1185 1141 1185 1353 1185 1353 146 1141 146 1375 146 1387 253 1388 253 1172 253 1388 146 1389 146 1172 146 1172 255 1389 255 1390 255 1172 1186 1390 1186 1391 1186 1172 146 1392 146 1141 146 1141 1187 1392 1187 1393 1187 1141 1188 1393 1188 1394 1188 1394 146 1395 146 1141 146 1141 1189 1395 1189 1396 1189 1141 146 1396 146 1397 146 1391 146 1398 146 1172 146 1172 257 1398 257 1399 257 1172 1190 1399 1190 1392 1190 1397 1191 1400 1191 1141 1191 1141 1109 1400 1109 1401 1109 1141 1192 1401 1192 1402 1192 1403 146 1404 146 1134 146 1134 1193 1404 1193 1405 1193 1402 1194 1406 1194 1141 1194 1141 1195 1406 1195 1407 1195 1141 1196 1407 1196 1134 1196 1134 1197 1407 1197 1408 1197 1134 1198 1408 1198 1403 1198 1409 146 1410 146 1132 146 1405 146 1411 146 1134 146 1134 1199 1411 1199 1412 1199 1134 1200 1412 1200 1413 1200 1413 146 1414 146 1134 146 1134 1201 1414 1201 1415 1201 1134 146 1415 146 1132 146 1132 1202 1415 1202 1416 1202 1132 1203 1416 1203 1409 1203 1410 1204 1417 1204 1132 1204 1132 1205 1417 1205 1418 1205 1132 1206 1418 1206 1419 1206 1419 146 1420 146 1132 146 1132 1207 1420 1207 1421 1207 1132 1208 1421 1208 1172 1208 1172 1209 1421 1209 1422 1209 1172 252 1422 252 1387 252 1130 1210 1423 1210 1424 1210 1425 1211 1169 1211 1426 1211 1426 146 1169 146 1427 146 1428 1212 1429 1212 1169 1212 1169 1213 1429 1213 1430 1213 1169 1214 1430 1214 1427 1214 1431 146 1432 146 1172 146 1424 146 1433 146 1130 146 1130 1215 1433 1215 1434 1215 1130 1216 1434 1216 1435 1216 1130 1217 1436 1217 1437 1217 1435 146 1438 146 1130 146 1130 1218 1438 1218 1439 1218 1130 1219 1439 1219 1436 1219 1425 146 1440 146 1169 146 1169 1220 1440 1220 1441 1220 1169 1221 1441 1221 1442 1221 1442 146 1443 146 1169 146 1169 1222 1443 1222 1444 1222 1169 146 1444 146 1172 146 1172 225 1444 225 1445 225 1172 1223 1445 1223 1446 1223 1132 146 1447 146 1130 146 1130 1224 1447 1224 1448 1224 1130 1225 1448 1225 1423 1225 1446 146 1449 146 1172 146 1172 226 1449 226 1450 226 1172 227 1450 227 1431 227 1432 1226 1451 1226 1172 1226 1172 1227 1451 1227 1452 1227 1172 1228 1452 1228 1132 1228 1132 1229 1452 1229 1453 1229 1453 146 1454 146 1132 146 1132 1230 1454 1230 1455 1230 1132 337 1455 337 1456 337 1456 146 1457 146 1132 146 1132 1231 1457 1231 1458 1231 1132 1232 1458 1232 1447 1232 1115 146 1097 146 1169 146 1169 146 1097 146 1130 146 1169 1233 1130 1233 1428 1233 1428 146 1130 146 1437 146 1137 93 1135 93 1459 93 1460 93 1461 93 1462 93 1462 1234 1461 1234 1463 1234 1464 93 1462 93 1465 93 1465 93 1462 93 1123 93 1464 1235 1466 1235 1462 1235 1462 1236 1466 1236 1467 1236 1462 93 1467 93 1460 93 1137 93 1459 93 1468 93 1469 93 1470 93 1459 93 1459 1237 1470 1237 1471 1237 1459 1238 1471 1238 1472 1238 1472 93 1473 93 1459 93 1459 1239 1473 1239 1474 1239 1459 1240 1474 1240 1475 1240 1475 1241 1476 1241 1459 1241 1459 1242 1476 1242 1477 1242 1459 1243 1477 1243 1468 1243 1478 93 1479 93 1480 93 1480 1244 1479 1244 1481 1244 1480 1245 1481 1245 1482 1245 1483 1246 1484 1246 1485 1246 1486 93 1487 93 1488 93 1488 93 1487 93 1489 93 1482 1247 1490 1247 1480 1247 1480 1248 1490 1248 1491 1248 1480 1249 1491 1249 1483 1249 1484 93 1492 93 1485 93 1485 1250 1492 1250 1493 1250 1485 1251 1493 1251 1494 1251 1495 1252 1496 1252 1485 1252 1485 1253 1496 1253 1497 1253 1485 1254 1497 1254 1498 1254 1498 93 1497 93 1499 93 1494 93 1500 93 1485 93 1485 1255 1500 1255 1501 1255 1485 93 1501 93 1495 93 1499 1256 1502 1256 1498 1256 1498 1257 1502 1257 1503 1257 1498 1258 1503 1258 1504 1258 1504 93 1505 93 1498 93 1498 1259 1505 1259 1506 1259 1498 93 1506 93 1487 93 1487 1260 1506 1260 1507 1260 1487 1261 1507 1261 1489 1261 1486 93 1508 93 1487 93 1487 1262 1508 1262 1509 1262 1487 93 1509 93 1121 93 1121 506 1509 506 1510 506 1510 93 1511 93 1121 93 1121 482 1511 482 1512 482 1121 507 1512 507 1120 507 1120 93 1512 93 1513 93 1120 508 1513 508 1514 508 1514 500 1515 500 1120 500 1120 93 1515 93 1516 93 1120 1263 1516 1263 1517 1263 1518 93 1519 93 1520 93 1520 1264 1519 1264 1521 1264 1520 1265 1521 1265 1522 1265 1523 93 1524 93 1487 93 1487 1266 1524 1266 1525 1266 1526 93 1527 93 1528 93 1528 1267 1527 1267 1529 1267 1530 1268 1498 1268 1531 1268 1531 93 1498 93 1487 93 1531 93 1487 93 1532 93 1532 93 1487 93 1525 93 1530 93 1533 93 1498 93 1498 1269 1533 1269 1534 1269 1498 1270 1534 1270 1535 1270 1535 1271 1536 1271 1498 1271 1498 1272 1536 1272 1537 1272 1498 1273 1537 1273 1528 1273 1528 1274 1537 1274 1538 1274 1528 1275 1538 1275 1526 1275 1529 93 1539 93 1528 93 1528 1276 1539 1276 1540 1276 1528 1277 1540 1277 1541 1277 1541 93 1542 93 1528 93 1528 1278 1542 1278 1543 1278 1528 93 1543 93 1520 93 1520 1279 1543 1279 1544 1279 1520 1280 1544 1280 1518 1280 1545 93 1546 93 1119 93 1546 93 1547 93 1119 93 1119 483 1547 483 1548 483 1119 484 1548 484 1549 484 1550 93 1121 93 1551 93 1551 93 1121 93 1119 93 1551 93 1119 93 1552 93 1552 93 1119 93 1549 93 1550 1281 1553 1281 1121 1281 1121 1282 1553 1282 1554 1282 1121 93 1554 93 1487 93 1487 1283 1554 1283 1555 1283 1487 1284 1555 1284 1523 1284 1556 93 1557 93 1485 93 1485 560 1557 560 1558 560 1559 93 1560 93 1133 93 1561 93 1562 93 1459 93 1459 1285 1562 1285 1563 1285 1459 1286 1563 1286 1564 1286 1564 1287 1565 1287 1459 1287 1459 1288 1565 1288 1566 1288 1459 1289 1566 1289 1567 1289 1558 93 1568 93 1485 93 1485 1290 1568 1290 1569 1290 1485 93 1569 93 1133 93 1133 1291 1569 1291 1570 1291 1133 1292 1570 1292 1559 1292 1560 93 1571 93 1133 93 1133 1293 1571 1293 1572 1293 1133 1294 1572 1294 1573 1294 1574 93 1575 93 1485 93 1485 1295 1575 1295 1576 1295 1576 557 1577 557 1485 557 1485 558 1577 558 1578 558 1485 559 1578 559 1556 559 1573 1296 1579 1296 1133 1296 1133 1297 1579 1297 1580 1297 1133 93 1580 93 1135 93 1135 1298 1580 1298 1581 1298 1135 1299 1581 1299 1582 1299 1582 93 1583 93 1135 93 1135 1300 1583 1300 1584 1300 1135 1301 1584 1301 1585 1301 1585 93 1586 93 1135 93 1135 1302 1586 1302 1587 1302 1135 1303 1587 1303 1588 1303 1588 93 1589 93 1135 93 1135 1304 1589 1304 1590 1304 1135 93 1590 93 1459 93 1459 1305 1590 1305 1591 1305 1459 1306 1591 1306 1561 1306 1592 93 1593 93 1131 93 1594 1307 1595 1307 1131 1307 1131 1308 1595 1308 1596 1308 1133 93 1597 93 1485 93 1485 1309 1597 1309 1598 1309 1485 531 1598 531 1599 531 1600 93 1601 93 1480 93 1480 1310 1601 1310 1602 1310 1603 93 1133 93 1604 93 1604 93 1133 93 1131 93 1604 93 1131 93 1605 93 1605 93 1131 93 1596 93 1599 93 1606 93 1485 93 1485 1311 1606 1311 1607 1311 1485 528 1607 528 1608 528 1483 93 1485 93 1480 93 1480 93 1485 93 1609 93 1480 1312 1609 1312 1600 1312 1603 1313 1610 1313 1133 1313 1133 1314 1610 1314 1611 1314 1133 1315 1611 1315 1612 1315 1612 93 1613 93 1133 93 1133 1316 1613 1316 1614 1316 1133 1317 1614 1317 1597 1317 1608 93 1615 93 1485 93 1485 533 1615 533 1616 533 1485 534 1616 534 1609 534 1602 93 1617 93 1480 93 1480 1318 1617 1318 1618 1318 1480 1319 1618 1319 1619 1319 1619 93 1620 93 1480 93 1480 1320 1620 1320 1621 1320 1480 1321 1621 1321 1622 1321 1593 93 1623 93 1131 93 1131 1322 1623 1322 1624 1322 1131 1323 1624 1323 1594 1323 1622 93 1625 93 1480 93 1480 1324 1625 1324 1626 1324 1480 93 1626 93 1131 93 1131 1325 1626 1325 1627 1325 1131 1326 1627 1326 1592 1326 1131 93 1096 93 1480 93 1480 93 1096 93 1120 93 1480 93 1120 93 1478 93 1478 93 1120 93 1517 93 1628 1327 1629 1327 1459 1327 1630 93 1631 93 1632 93 1632 93 1631 93 1633 93 1459 93 1629 93 1469 93 1469 1328 1629 1328 1634 1328 1469 1329 1634 1329 1635 1329 1635 93 1636 93 1469 93 1469 1330 1636 1330 1637 1330 1469 1331 1637 1331 1638 1331 1639 422 1640 422 1469 422 1469 1332 1640 1332 1641 1332 1469 1333 1641 1333 1631 1333 1631 93 1641 93 1642 93 1631 1334 1642 1334 1633 1334 1638 93 1643 93 1469 93 1469 421 1643 421 1644 421 1469 93 1644 93 1639 93 1645 1335 1646 1335 1647 1335 1647 93 1646 93 1648 93 1649 93 1650 93 1459 93 1459 1336 1650 1336 1651 1336 1459 1337 1651 1337 1652 1337 1646 93 1631 93 1653 93 1653 93 1654 93 1646 93 1646 1338 1654 1338 1655 1338 1646 1339 1655 1339 1656 1339 1656 93 1657 93 1646 93 1646 1340 1657 1340 1658 1340 1646 1341 1658 1341 1648 1341 1652 93 1659 93 1459 93 1459 1342 1659 1342 1660 1342 1459 1343 1660 1343 1628 1343 1630 93 1661 93 1631 93 1631 1344 1661 1344 1662 1344 1631 1345 1662 1345 1653 1345 1645 93 1663 93 1646 93 1646 1346 1663 1346 1664 1346 1646 93 1664 93 1459 93 1459 1347 1664 1347 1665 1347 1459 93 1665 93 1649 93 1666 93 1667 93 1646 93 1668 93 1669 93 1670 93 1670 404 1669 404 1671 404 1671 93 1672 93 1670 93 1670 1348 1672 1348 1673 1348 1670 1349 1673 1349 1674 1349 1646 93 1667 93 1631 93 1631 1350 1667 1350 1675 1350 1631 1351 1675 1351 1676 1351 1676 93 1677 93 1631 93 1631 1352 1677 1352 1678 1352 1631 398 1678 398 1679 398 1679 399 1680 399 1631 399 1631 400 1680 400 1681 400 1631 401 1681 401 1670 401 1670 402 1681 402 1682 402 1670 403 1682 403 1668 403 1683 93 1684 93 1685 93 1685 93 1684 93 1686 93 1687 1353 1688 1353 1646 1353 1646 1354 1688 1354 1689 1354 1646 1355 1689 1355 1690 1355 1463 93 1691 93 1462 93 1462 93 1691 93 1692 93 1462 1356 1692 1356 1684 1356 1684 93 1692 93 1670 93 1684 93 1670 93 1693 93 1693 93 1694 93 1684 93 1684 1357 1694 1357 1695 1357 1684 1358 1695 1358 1696 1358 1696 93 1697 93 1684 93 1684 1359 1697 1359 1698 1359 1684 1360 1698 1360 1686 1360 1690 93 1699 93 1646 93 1646 1361 1699 1361 1700 1361 1646 1362 1700 1362 1666 1362 1674 93 1701 93 1670 93 1670 1363 1701 1363 1702 1363 1670 1364 1702 1364 1693 1364 1683 1365 1703 1365 1684 1365 1684 1366 1703 1366 1704 1366 1684 93 1704 93 1646 93 1646 1367 1704 1367 1705 1367 1646 1368 1705 1368 1687 1368 1706 93 1707 93 1708 93 1708 1369 1707 1369 1709 1369 1710 93 1711 93 1462 93 1462 1370 1711 1370 1712 1370 1712 93 1713 93 1462 93 1462 93 1713 93 1714 93 1462 1371 1714 1371 1715 1371 1716 1372 1717 1372 1528 1372 1528 457 1717 457 1718 457 1709 1373 1719 1373 1708 1373 1708 1374 1719 1374 1720 1374 1708 1375 1720 1375 1528 1375 1528 453 1720 453 1721 453 1528 1376 1721 1376 1716 1376 1718 463 1722 463 1528 463 1528 93 1722 93 1723 93 1528 464 1723 464 1724 464 1715 93 1725 93 1462 93 1462 1377 1725 1377 1726 1377 1462 93 1726 93 1708 93 1708 1378 1726 1378 1727 1378 1708 1379 1727 1379 1728 1379 1729 93 1730 93 1684 93 1684 1380 1730 1380 1731 1380 1728 1381 1732 1381 1708 1381 1708 93 1732 93 1733 93 1708 1382 1733 1382 1706 1382 1724 93 1729 93 1528 93 1528 93 1729 93 1684 93 1528 93 1684 93 1498 93 1498 93 1684 93 1646 93 1498 93 1646 93 1485 93 1485 93 1646 93 1459 93 1485 93 1459 93 1574 93 1574 93 1459 93 1567 93 1731 93 1734 93 1684 93 1684 1383 1734 1383 1735 1383 1684 93 1735 93 1736 93 1736 1384 1737 1384 1684 1384 1684 1285 1737 1285 1738 1285 1684 1385 1738 1385 1739 1385 1739 1386 1740 1386 1684 1386 1684 1387 1740 1387 1741 1387 1684 1388 1741 1388 1462 1388 1462 1389 1741 1389 1742 1389 1462 1390 1742 1390 1710 1390 1743 1391 1744 1391 1520 1391 1745 93 1746 93 1520 93 1520 1392 1746 1392 1747 1392 1528 1393 1748 1393 1708 1393 1708 1394 1748 1394 1749 1394 1708 1395 1749 1395 1750 1395 1751 1396 1752 1396 1753 1396 1754 93 1528 93 1755 93 1755 93 1528 93 1520 93 1755 93 1520 93 1756 93 1756 93 1520 93 1747 93 1750 1397 1757 1397 1708 1397 1708 1398 1757 1398 1758 1398 1708 1399 1758 1399 1759 1399 1752 93 1751 93 1760 93 1760 93 1751 93 1708 93 1760 93 1708 93 1761 93 1754 93 1762 93 1528 93 1528 93 1762 93 1763 93 1528 440 1763 440 1764 440 1764 93 1765 93 1528 93 1528 427 1765 427 1766 427 1528 1400 1766 1400 1748 1400 1759 93 1767 93 1708 93 1708 93 1767 93 1768 93 1708 1401 1768 1401 1761 1401 1753 93 1769 93 1751 93 1751 1402 1769 1402 1770 1402 1751 93 1770 93 1771 93 1771 93 1772 93 1751 93 1751 1403 1772 1403 1773 1403 1751 1404 1773 1404 1774 1404 1744 93 1775 93 1520 93 1520 1405 1775 1405 1776 1405 1520 93 1776 93 1745 93 1774 1406 1777 1406 1751 1406 1751 1407 1777 1407 1778 1407 1751 1408 1778 1408 1520 1408 1520 1409 1778 1409 1779 1409 1520 1410 1779 1410 1743 1410 1522 93 1545 93 1520 93 1520 93 1545 93 1119 93 1520 93 1119 93 1751 93 1751 93 1119 93 1118 93 1123 93 1462 93 1125 93 1125 93 1462 93 1708 93 1125 93 1708 93 1127 93 1127 93 1708 93 1751 93 1127 93 1751 93 1129 93 1129 93 1751 93 1118 93 1129 93 1118 93 1094 93 1139 46 1470 46 1140 46 1140 46 1470 46 1469 46 1140 46 1469 46 1318 46 1318 46 1469 46 1631 46 1318 46 1631 46 1150 46 1150 46 1631 46 1670 46 1150 46 1670 46 1151 46 1151 46 1670 46 1692 46 1029 597 983 597 1031 597 1031 596 983 596 982 596 1031 595 982 595 1033 595 1033 594 982 594 980 594 1033 626 980 626 1035 626 1035 625 980 625 978 625 1035 592 978 592 1037 592 1037 592 978 592 976 592 1037 624 976 624 1039 624 1039 623 976 623 974 623 1039 589 974 589 1041 589 1041 589 974 589 972 589 1041 588 972 588 1043 588 1043 588 972 588 970 588 1043 622 970 622 1045 622 1045 622 970 622 968 622 1045 621 968 621 1046 621 1046 621 968 621 966 621 1046 620 966 620 1021 620 1021 620 966 620 965 620 1021 619 965 619 1019 619 1019 619 965 619 938 619 1019 618 938 618 1012 618 1012 618 938 618 936 618 1012 617 936 617 1011 617 1011 617 936 617 935 617 1011 581 935 581 1009 581 1009 580 935 580 920 580 1009 579 920 579 1013 579 1013 579 920 579 919 579 1013 616 919 616 1014 616 1014 616 919 616 917 616 1014 577 917 577 1015 577 1015 576 917 576 916 576 1015 575 916 575 1024 575 1024 574 916 574 934 574 1024 615 934 615 1047 615 1047 615 934 615 932 615 1047 614 932 614 997 614 997 614 932 614 931 614 997 637 931 637 998 637 998 637 931 637 895 637 998 612 895 612 999 612 999 612 895 612 894 612 999 611 894 611 1003 611 1003 611 894 611 893 611 1003 636 893 636 1004 636 1004 636 893 636 891 636 1004 635 891 635 1005 635 1005 635 891 635 890 635 1005 634 890 634 1002 634 1002 634 890 634 898 634 1002 633 898 633 1001 633 1001 633 898 633 912 633 1001 632 912 632 1000 632 1000 632 912 632 911 632 1000 631 911 631 1006 631 1006 631 911 631 910 631 1006 604 910 604 1007 604 1007 604 910 604 907 604 1007 603 907 603 1008 603 1008 603 907 603 906 603 1008 630 906 630 1018 630 1018 629 906 629 909 629 1018 601 909 601 1017 601 1017 601 909 601 921 601 1017 628 921 628 1016 628 1016 627 921 627 904 627 1016 599 904 599 1028 599 1028 599 904 599 903 599 1028 598 903 598 1029 598 1029 598 903 598 983 598 1053 597 914 597 1054 597 1054 596 914 596 913 596 1054 595 913 595 1026 595 1026 594 913 594 901 594 1026 593 901 593 1027 593 1027 593 901 593 900 593 1027 592 900 592 1055 592 1055 592 900 592 899 592 1055 591 899 591 1056 591 1056 590 899 590 897 590 1056 589 897 589 1057 589 1057 589 897 589 896 589 1057 588 896 588 1058 588 1058 588 896 588 905 588 1058 587 905 587 1059 587 1059 587 905 587 892 587 1059 586 892 586 1060 586 1060 586 892 586 933 586 1060 585 933 585 1062 585 1062 585 933 585 947 585 1062 584 947 584 1064 584 1064 584 947 584 949 584 1064 583 949 583 1066 583 1066 583 949 583 951 583 1066 582 951 582 1068 582 1068 582 951 582 953 582 1068 581 953 581 1070 581 1070 580 953 580 955 580 1070 579 955 579 1072 579 1072 579 955 579 957 579 1072 578 957 578 1074 578 1074 578 957 578 959 578 1074 577 959 577 1076 577 1076 576 959 576 961 576 1076 575 961 575 1077 575 1077 574 961 574 963 574 1077 615 963 615 993 615 993 615 963 615 964 615 993 614 964 614 991 614 991 614 964 614 930 614 991 613 930 613 986 613 986 613 930 613 928 613 986 612 928 612 987 612 987 612 928 612 927 612 987 611 927 611 989 611 989 611 927 611 926 611 989 610 926 610 990 610 990 610 926 610 946 610 990 609 946 609 994 609 994 609 946 609 945 609 994 608 945 608 995 608 995 608 945 608 922 608 995 607 922 607 996 607 996 607 922 607 924 607 996 606 924 606 1048 606 1048 606 924 606 925 606 1048 605 925 605 1022 605 1022 605 925 605 944 605 1022 604 944 604 1023 604 1023 604 944 604 943 604 1023 603 943 603 1025 603 1025 603 943 603 942 603 1025 602 942 602 1049 602 1049 602 942 602 941 602 1049 601 941 601 1050 601 1050 601 941 601 940 601 1050 600 940 600 1051 600 1051 600 940 600 939 600 1051 599 939 599 1052 599 1052 599 939 599 915 599 1052 598 915 598 1053 598 1053 598 915 598 914 598 1173 724 1496 724 1174 724 1174 724 1496 724 1495 724 1174 725 1495 725 1175 725 1175 726 1495 726 1501 726 1175 672 1501 672 1177 672 1177 673 1501 673 1500 673 1177 727 1500 727 1178 727 1178 727 1500 727 1494 727 1178 728 1494 728 1179 728 1179 729 1494 729 1493 729 1179 677 1493 677 1180 677 1180 678 1493 678 1492 678 1180 679 1492 679 1181 679 1181 680 1492 680 1484 680 1181 730 1484 730 1182 730 1182 731 1484 731 1483 731 1182 732 1483 732 1176 732 1176 733 1483 733 1491 733 1176 734 1491 734 1167 734 1167 735 1491 735 1490 735 1167 736 1490 736 1168 736 1168 736 1490 736 1482 736 1168 688 1482 688 1196 688 1196 688 1482 688 1481 688 1196 689 1481 689 1197 689 1197 690 1481 690 1479 690 1197 737 1479 737 1198 737 1198 738 1479 738 1478 738 1198 739 1478 739 1193 739 1193 740 1478 740 1517 740 1193 695 1517 695 1194 695 1194 696 1517 696 1516 696 1194 741 1516 741 1195 741 1195 742 1516 742 1515 742 1195 743 1515 743 1199 743 1199 743 1515 743 1514 743 1199 700 1514 700 1200 700 1200 700 1514 700 1513 700 1200 701 1513 701 1201 701 1201 702 1513 702 1512 702 1201 641 1512 641 1192 641 1192 642 1512 642 1511 642 1192 703 1511 703 1191 703 1191 704 1511 704 1510 704 1191 705 1510 705 1162 705 1162 706 1510 706 1509 706 1162 707 1509 707 1163 707 1163 708 1509 708 1508 708 1163 649 1508 649 1165 649 1165 649 1508 649 1486 649 1165 709 1486 709 1166 709 1166 709 1486 709 1488 709 1166 710 1488 710 1183 710 1183 711 1488 711 1489 711 1183 712 1489 712 1184 712 1184 713 1489 713 1507 713 1184 714 1507 714 1186 714 1186 715 1507 715 1506 715 1186 657 1506 657 1187 657 1187 658 1506 658 1505 658 1187 716 1505 716 1188 716 1188 717 1505 717 1504 717 1188 718 1504 718 1189 718 1189 719 1504 719 1503 719 1189 720 1503 720 1190 720 1190 720 1503 720 1502 720 1190 664 1502 664 1170 664 1170 665 1502 665 1499 665 1170 721 1499 721 1171 721 1171 722 1499 722 1497 722 1171 723 1497 723 1173 723 1173 723 1497 723 1496 723 1357 724 1640 724 1355 724 1355 724 1640 724 1639 724 1355 725 1639 725 1356 725 1356 726 1639 726 1644 726 1356 672 1644 672 1370 672 1370 673 1644 673 1643 673 1370 727 1643 727 1371 727 1371 727 1643 727 1638 727 1371 728 1638 728 1372 728 1372 729 1638 729 1637 729 1372 677 1637 677 1385 677 1385 678 1637 678 1636 678 1385 679 1636 679 1386 679 1386 680 1636 680 1635 680 1386 730 1635 730 1358 730 1358 731 1635 731 1634 731 1358 732 1634 732 1359 732 1359 733 1634 733 1629 733 1359 734 1629 734 1351 734 1351 735 1629 735 1628 735 1351 736 1628 736 1352 736 1352 736 1628 736 1660 736 1352 688 1660 688 1360 688 1360 688 1660 688 1659 688 1360 689 1659 689 1361 689 1361 690 1659 690 1652 690 1361 737 1652 737 1362 737 1362 738 1652 738 1651 738 1362 739 1651 739 1373 739 1373 740 1651 740 1650 740 1373 695 1650 695 1374 695 1374 696 1650 696 1649 696 1374 741 1649 741 1375 741 1375 742 1649 742 1665 742 1375 743 1665 743 1353 743 1353 743 1665 743 1664 743 1353 700 1664 700 1354 700 1354 700 1664 700 1663 700 1354 701 1663 701 1363 701 1363 702 1663 702 1645 702 1363 641 1645 641 1364 641 1364 642 1645 642 1647 642 1364 703 1647 703 1365 703 1365 704 1647 704 1648 704 1365 705 1648 705 1376 705 1376 706 1648 706 1658 706 1376 707 1658 707 1377 707 1377 708 1658 708 1657 708 1377 649 1657 649 1378 649 1378 649 1657 649 1656 649 1378 709 1656 709 1379 709 1379 709 1656 709 1655 709 1379 710 1655 710 1380 710 1380 711 1655 711 1654 711 1380 712 1654 712 1381 712 1381 713 1654 713 1653 713 1381 714 1653 714 1366 714 1366 715 1653 715 1662 715 1366 657 1662 657 1367 657 1367 658 1662 658 1661 658 1367 716 1661 716 1368 716 1368 717 1661 717 1630 717 1368 718 1630 718 1369 718 1369 719 1630 719 1632 719 1369 720 1632 720 1382 720 1382 720 1632 720 1633 720 1382 664 1633 664 1383 664 1383 665 1633 665 1642 665 1383 721 1642 721 1384 721 1384 722 1642 722 1641 722 1384 723 1641 723 1357 723 1357 723 1641 723 1640 723 1336 669 1668 669 1335 669 1335 669 1668 669 1682 669 1335 670 1682 670 1334 670 1334 671 1682 671 1681 671 1334 672 1681 672 1337 672 1337 673 1681 673 1680 673 1337 674 1680 674 1338 674 1338 674 1680 674 1679 674 1338 675 1679 675 1339 675 1339 676 1679 676 1678 676 1339 677 1678 677 1349 677 1349 678 1678 678 1677 678 1349 679 1677 679 1350 679 1350 680 1677 680 1676 680 1350 681 1676 681 1319 681 1319 682 1676 682 1675 682 1319 683 1675 683 1320 683 1320 684 1675 684 1667 684 1320 685 1667 685 1313 685 1313 686 1667 686 1666 686 1313 687 1666 687 1314 687 1314 687 1666 687 1700 687 1314 688 1700 688 1321 688 1321 688 1700 688 1699 688 1321 689 1699 689 1322 689 1322 690 1699 690 1690 690 1322 691 1690 691 1323 691 1323 692 1690 692 1689 692 1323 693 1689 693 1340 693 1340 694 1689 694 1688 694 1340 695 1688 695 1341 695 1341 696 1688 696 1687 696 1341 697 1687 697 1342 697 1342 698 1687 698 1705 698 1342 699 1705 699 1316 699 1316 699 1705 699 1704 699 1316 638 1704 638 1317 638 1317 638 1704 638 1703 638 1317 639 1703 639 1324 639 1324 640 1703 640 1683 640 1324 641 1683 641 1325 641 1325 642 1683 642 1685 642 1325 643 1685 643 1326 643 1326 644 1685 644 1686 644 1326 645 1686 645 1343 645 1343 646 1686 646 1698 646 1343 647 1698 647 1344 647 1344 648 1698 648 1697 648 1344 649 1697 649 1345 649 1345 649 1697 649 1696 649 1345 650 1696 650 1346 650 1346 650 1696 650 1695 650 1346 651 1695 651 1347 651 1347 652 1695 652 1694 652 1347 653 1694 653 1348 653 1348 654 1694 654 1693 654 1348 655 1693 655 1327 655 1327 656 1693 656 1702 656 1327 657 1702 657 1328 657 1328 658 1702 658 1701 658 1328 659 1701 659 1329 659 1329 660 1701 660 1674 660 1329 661 1674 661 1330 661 1330 662 1674 662 1673 662 1330 663 1673 663 1331 663 1331 663 1673 663 1672 663 1331 664 1672 664 1332 664 1332 665 1672 665 1671 665 1332 666 1671 666 1333 666 1333 667 1671 667 1669 667 1333 668 1669 668 1336 668 1336 668 1669 668 1668 668 1208 669 1526 669 1210 669 1210 669 1526 669 1538 669 1210 670 1538 670 1211 670 1211 671 1538 671 1537 671 1211 672 1537 672 1219 672 1219 673 1537 673 1536 673 1219 674 1536 674 1220 674 1220 674 1536 674 1535 674 1220 675 1535 675 1221 675 1221 676 1535 676 1534 676 1221 677 1534 677 1222 677 1222 678 1534 678 1533 678 1222 679 1533 679 1223 679 1223 680 1533 680 1530 680 1223 681 1530 681 1224 681 1224 682 1530 682 1531 682 1224 683 1531 683 1218 683 1218 684 1531 684 1532 684 1218 685 1532 685 1212 685 1212 686 1532 686 1525 686 1212 687 1525 687 1213 687 1213 687 1525 687 1524 687 1213 688 1524 688 1234 688 1234 688 1524 688 1523 688 1234 689 1523 689 1235 689 1235 690 1523 690 1555 690 1235 691 1555 691 1236 691 1236 692 1555 692 1554 692 1236 693 1554 693 1237 693 1237 694 1554 694 1553 694 1237 695 1553 695 1238 695 1238 696 1553 696 1550 696 1238 697 1550 697 1239 697 1239 698 1550 698 1551 698 1239 699 1551 699 1230 699 1230 699 1551 699 1552 699 1230 638 1552 638 1231 638 1231 638 1552 638 1549 638 1231 639 1549 639 1232 639 1232 640 1549 640 1548 640 1232 641 1548 641 1233 641 1233 642 1548 642 1547 642 1233 643 1547 643 1202 643 1202 644 1547 644 1546 644 1202 645 1546 645 1203 645 1203 646 1546 646 1545 646 1203 647 1545 647 1205 647 1205 648 1545 648 1522 648 1205 649 1522 649 1206 649 1206 649 1522 649 1521 649 1206 650 1521 650 1214 650 1214 650 1521 650 1519 650 1214 651 1519 651 1215 651 1215 652 1519 652 1518 652 1215 653 1518 653 1216 653 1216 654 1518 654 1544 654 1216 655 1544 655 1225 655 1225 656 1544 656 1543 656 1225 657 1543 657 1226 657 1226 658 1543 658 1542 658 1226 659 1542 659 1227 659 1227 660 1542 660 1541 660 1227 661 1541 661 1228 661 1228 662 1541 662 1540 662 1228 663 1540 663 1229 663 1229 663 1540 663 1539 663 1229 664 1539 664 1217 664 1217 665 1539 665 1529 665 1217 666 1529 666 1207 666 1207 667 1529 667 1527 667 1207 668 1527 668 1208 668 1208 668 1527 668 1526 668 1136 1411 1137 1411 1468 1411 1136 864 1468 864 1155 864 1155 1412 1468 1412 1477 1412 1155 1412 1477 1412 1156 1412 1156 1413 1477 1413 1476 1413 1156 1413 1476 1413 1157 1413 1157 1414 1476 1414 1475 1414 1157 1415 1475 1415 1158 1415 1158 1416 1475 1416 1474 1416 1158 1416 1474 1416 1159 1416 1159 1417 1474 1417 1473 1417 1159 1417 1473 1417 1160 1417 1160 1418 1473 1418 1472 1418 1160 1419 1472 1419 1161 1419 1161 1420 1472 1420 1471 1420 1161 1420 1471 1420 1154 1420 1154 1421 1471 1421 1470 1421 1154 1422 1470 1422 1139 1422 1151 1423 1692 1423 1691 1423 1151 1424 1691 1424 1152 1424 1152 1425 1691 1425 1463 1425 1152 1425 1463 1425 1153 1425 1153 1426 1463 1426 1461 1426 1153 1427 1461 1427 1142 1427 1142 1428 1461 1428 1460 1428 1142 1428 1460 1428 1143 1428 1143 1429 1460 1429 1467 1429 1143 1429 1467 1429 1147 1429 1147 880 1467 880 1466 880 1147 1430 1466 1430 1148 1430 1148 1431 1466 1431 1464 1431 1148 1431 1464 1431 1145 1431 1145 1432 1464 1432 1465 1432 1145 1432 1465 1432 1146 1432 1146 885 1465 885 1123 885 1146 1433 1123 1433 1122 1433 1020 795 937 795 967 795 1020 795 967 795 1044 795 1044 794 967 794 969 794 1044 794 969 794 1042 794 1042 793 969 793 971 793 1042 792 971 792 1040 792 1040 791 971 791 973 791 1040 790 973 790 1038 790 1038 788 973 788 975 788 1038 788 975 788 1036 788 1036 787 975 787 977 787 1036 786 977 786 1034 786 1034 1434 977 1434 979 1434 1034 784 979 784 1032 784 1032 783 979 783 981 783 1032 782 981 782 1030 782 1030 781 981 781 902 781 1030 1435 902 1435 984 1435 992 780 929 780 962 780 992 1436 962 1436 1075 1436 1075 779 962 779 960 779 1075 779 960 779 1073 779 1073 1437 960 1437 958 1437 1073 778 958 778 1071 778 1071 777 958 777 956 777 1071 777 956 777 1069 777 1069 775 956 775 954 775 1069 775 954 775 1067 775 1067 774 954 774 952 774 1067 774 952 774 1065 774 1065 773 952 773 950 773 1065 772 950 772 1063 772 1063 771 950 771 948 771 1063 771 948 771 1061 771 1061 770 948 770 918 770 1061 770 918 770 1010 770 1626 824 1428 824 1627 824 1627 824 1428 824 1437 824 1627 875 1437 875 1592 875 1592 876 1437 876 1436 876 1592 877 1436 877 1593 877 1593 877 1436 877 1439 877 1593 828 1439 828 1623 828 1623 829 1439 829 1438 829 1623 878 1438 878 1624 878 1624 879 1438 879 1435 879 1624 880 1435 880 1594 880 1594 880 1435 880 1434 880 1594 881 1434 881 1595 881 1595 882 1434 882 1433 882 1595 883 1433 883 1596 883 1596 884 1433 884 1424 884 1596 885 1424 885 1605 885 1605 885 1424 885 1423 885 1605 886 1423 886 1604 886 1604 887 1423 887 1448 887 1604 745 1448 745 1603 745 1603 745 1448 745 1447 745 1603 888 1447 888 1610 888 1610 889 1447 889 1458 889 1610 890 1458 890 1611 890 1611 891 1458 891 1457 891 1611 892 1457 892 1612 892 1612 892 1457 892 1456 892 1612 846 1456 846 1613 846 1613 846 1456 846 1455 846 1613 893 1455 893 1614 893 1614 894 1455 894 1454 894 1614 895 1454 895 1597 895 1597 896 1454 896 1453 896 1597 851 1453 851 1598 851 1598 851 1453 851 1452 851 1598 796 1452 796 1599 796 1599 796 1452 796 1451 796 1599 852 1451 852 1606 852 1606 853 1451 853 1432 853 1606 854 1432 854 1607 854 1607 855 1432 855 1431 855 1607 801 1431 801 1608 801 1608 801 1431 801 1450 801 1608 856 1450 856 1615 856 1615 856 1450 856 1449 856 1615 857 1449 857 1616 857 1616 858 1449 858 1446 858 1616 859 1446 859 1609 859 1609 860 1446 860 1445 860 1609 861 1445 861 1600 861 1600 861 1445 861 1444 861 1600 862 1444 862 1601 862 1601 863 1444 863 1443 863 1601 864 1443 864 1602 864 1602 864 1443 864 1442 864 1602 865 1442 865 1617 865 1617 866 1442 866 1441 866 1617 867 1441 867 1618 867 1618 868 1441 868 1440 868 1618 869 1440 869 1619 869 1619 869 1440 869 1425 869 1619 870 1425 870 1620 870 1620 871 1425 871 1426 871 1620 818 1426 818 1621 818 1621 819 1426 819 1427 819 1621 872 1427 872 1622 872 1622 872 1427 872 1430 872 1622 873 1430 873 1625 873 1625 874 1430 874 1429 874 1625 823 1429 823 1626 823 1626 823 1429 823 1428 823 1569 824 1422 824 1570 824 1570 824 1422 824 1421 824 1570 875 1421 875 1559 875 1559 876 1421 876 1420 876 1559 877 1420 877 1560 877 1560 877 1420 877 1419 877 1560 828 1419 828 1571 828 1571 829 1419 829 1418 829 1571 878 1418 878 1572 878 1572 879 1418 879 1417 879 1572 880 1417 880 1573 880 1573 880 1417 880 1410 880 1573 881 1410 881 1579 881 1579 882 1410 882 1409 882 1579 883 1409 883 1580 883 1580 884 1409 884 1416 884 1580 885 1416 885 1581 885 1581 885 1416 885 1415 885 1581 886 1415 886 1582 886 1582 887 1415 887 1414 887 1582 745 1414 745 1583 745 1583 745 1414 745 1413 745 1583 888 1413 888 1584 888 1584 889 1413 889 1412 889 1584 890 1412 890 1585 890 1585 891 1412 891 1411 891 1585 892 1411 892 1586 892 1586 892 1411 892 1405 892 1586 846 1405 846 1587 846 1587 846 1405 846 1404 846 1587 893 1404 893 1588 893 1588 894 1404 894 1403 894 1588 895 1403 895 1589 895 1589 896 1403 896 1408 896 1589 851 1408 851 1590 851 1590 851 1408 851 1407 851 1590 796 1407 796 1591 796 1591 796 1407 796 1406 796 1591 852 1406 852 1561 852 1561 853 1406 853 1402 853 1561 854 1402 854 1562 854 1562 855 1402 855 1401 855 1562 801 1401 801 1563 801 1563 801 1401 801 1400 801 1563 856 1400 856 1564 856 1564 856 1400 856 1397 856 1564 857 1397 857 1565 857 1565 858 1397 858 1396 858 1565 859 1396 859 1566 859 1566 860 1396 860 1395 860 1566 861 1395 861 1567 861 1567 861 1395 861 1394 861 1567 862 1394 862 1574 862 1574 863 1394 863 1393 863 1574 864 1393 864 1575 864 1575 864 1393 864 1392 864 1575 865 1392 865 1576 865 1576 866 1392 866 1399 866 1576 867 1399 867 1577 867 1577 868 1399 868 1398 868 1577 869 1398 869 1578 869 1578 869 1398 869 1391 869 1578 870 1391 870 1556 870 1556 871 1391 871 1390 871 1556 818 1390 818 1557 818 1557 819 1390 819 1389 819 1557 872 1389 872 1558 872 1558 872 1389 872 1388 872 1558 873 1388 873 1568 873 1568 874 1388 874 1387 874 1568 823 1387 823 1569 823 1569 823 1387 823 1422 823 1720 824 1276 824 1721 824 1721 824 1276 824 1275 824 1721 825 1275 825 1716 825 1716 826 1275 826 1274 826 1716 827 1274 827 1717 827 1717 827 1274 827 1273 827 1717 828 1273 828 1718 828 1718 829 1273 829 1272 829 1718 830 1272 830 1722 830 1722 831 1272 831 1271 831 1722 832 1271 832 1723 832 1723 832 1271 832 1264 832 1723 833 1264 833 1724 833 1724 834 1264 834 1263 834 1724 835 1263 835 1729 835 1729 836 1263 836 1270 836 1729 837 1270 837 1730 837 1730 837 1270 837 1269 837 1730 838 1269 838 1731 838 1731 839 1269 839 1268 839 1731 840 1268 840 1734 840 1734 840 1268 840 1267 840 1734 841 1267 841 1735 841 1735 842 1267 842 1266 842 1735 843 1266 843 1736 843 1736 844 1266 844 1265 844 1736 845 1265 845 1737 845 1737 845 1265 845 1259 845 1737 846 1259 846 1738 846 1738 846 1259 846 1258 846 1738 847 1258 847 1739 847 1739 848 1258 848 1257 848 1739 849 1257 849 1740 849 1740 850 1257 850 1262 850 1740 851 1262 851 1741 851 1741 851 1262 851 1261 851 1741 796 1261 796 1742 796 1742 796 1261 796 1260 796 1742 797 1260 797 1710 797 1710 798 1260 798 1256 798 1710 799 1256 799 1711 799 1711 800 1256 800 1255 800 1711 801 1255 801 1712 801 1712 801 1255 801 1254 801 1712 802 1254 802 1713 802 1713 802 1254 802 1251 802 1713 803 1251 803 1714 803 1714 804 1251 804 1250 804 1714 805 1250 805 1715 805 1715 806 1250 806 1249 806 1715 807 1249 807 1725 807 1725 807 1249 807 1248 807 1725 808 1248 808 1726 808 1726 809 1248 809 1247 809 1726 810 1247 810 1727 810 1727 810 1247 810 1246 810 1727 811 1246 811 1728 811 1728 812 1246 812 1253 812 1728 813 1253 813 1732 813 1732 814 1253 814 1252 814 1732 815 1252 815 1733 815 1733 815 1252 815 1245 815 1733 816 1245 816 1706 816 1706 817 1245 817 1244 817 1706 818 1244 818 1707 818 1707 819 1244 819 1243 819 1707 820 1243 820 1709 820 1709 820 1243 820 1242 820 1709 821 1242 821 1719 821 1719 822 1242 822 1241 822 1719 823 1241 823 1720 823 1720 823 1241 823 1276 823 1778 824 1295 824 1779 824 1779 824 1295 824 1294 824 1779 825 1294 825 1743 825 1743 826 1294 826 1293 826 1743 827 1293 827 1744 827 1744 827 1293 827 1292 827 1744 828 1292 828 1775 828 1775 829 1292 829 1291 829 1775 830 1291 830 1776 830 1776 831 1291 831 1290 831 1776 832 1290 832 1745 832 1745 832 1290 832 1289 832 1745 833 1289 833 1746 833 1746 834 1289 834 1288 834 1746 835 1288 835 1747 835 1747 836 1288 836 1279 836 1747 837 1279 837 1756 837 1756 837 1279 837 1278 837 1756 838 1278 838 1755 838 1755 839 1278 839 1277 839 1755 840 1277 840 1754 840 1754 840 1277 840 1302 840 1754 841 1302 841 1762 841 1762 842 1302 842 1312 842 1762 843 1312 843 1763 843 1763 844 1312 844 1311 844 1763 845 1311 845 1764 845 1764 845 1311 845 1310 845 1764 846 1310 846 1765 846 1765 846 1310 846 1309 846 1765 847 1309 847 1766 847 1766 848 1309 848 1308 848 1766 849 1308 849 1748 849 1748 850 1308 850 1307 850 1748 851 1307 851 1749 851 1749 851 1307 851 1306 851 1749 796 1306 796 1750 796 1750 796 1306 796 1305 796 1750 797 1305 797 1757 797 1757 798 1305 798 1287 798 1757 799 1287 799 1758 799 1758 800 1287 800 1286 800 1758 801 1286 801 1759 801 1759 801 1286 801 1304 801 1759 802 1304 802 1767 802 1767 802 1304 802 1303 802 1767 803 1303 803 1768 803 1768 804 1303 804 1301 804 1768 805 1301 805 1761 805 1761 806 1301 806 1300 806 1761 807 1300 807 1760 807 1760 807 1300 807 1299 807 1760 808 1299 808 1752 808 1752 809 1299 809 1285 809 1752 810 1285 810 1753 810 1753 810 1285 810 1284 810 1753 811 1284 811 1769 811 1769 812 1284 812 1298 812 1769 813 1298 813 1770 813 1770 814 1298 814 1297 814 1770 815 1297 815 1771 815 1771 815 1297 815 1283 815 1771 816 1283 816 1772 816 1772 817 1283 817 1282 817 1772 818 1282 818 1773 818 1773 819 1282 819 1281 819 1773 820 1281 820 1774 820 1774 820 1281 820 1280 820 1774 821 1280 821 1777 821 1777 822 1280 822 1296 822 1777 823 1296 823 1778 823 1778 823 1296 823 1295 823 1780 1438 1781 1438 1782 1438 1783 146 1784 146 1785 146 1786 146 1787 146 1785 146 1785 1439 1787 1439 1788 1439 1785 1440 1788 1440 1789 1440 1790 146 1791 146 1792 146 1792 1441 1791 1441 1793 1441 1792 146 1793 146 1794 146 1795 146 1796 146 1785 146 1797 1442 1798 1442 1799 1442 1800 1443 1801 1443 1802 1443 1780 1444 1782 1444 1803 1444 1799 1445 1804 1445 1797 1445 1797 1446 1804 1446 1805 1446 1797 146 1805 146 1806 146 1807 146 1808 146 1809 146 1809 1447 1808 1447 1810 1447 1809 1448 1810 1448 1811 1448 1801 146 1812 146 1802 146 1802 1449 1812 1449 1813 1449 1802 1450 1813 1450 1814 1450 1814 146 1815 146 1802 146 1802 1451 1815 1451 1816 1451 1802 146 1816 146 1785 146 1785 1452 1816 1452 1817 1452 1785 1453 1817 1453 1786 1453 1818 146 1819 146 1820 146 1820 1454 1819 1454 1821 1454 1820 146 1821 146 1822 146 1822 1455 1821 1455 1823 1455 1822 1456 1823 1456 1824 1456 1824 146 1825 146 1822 146 1822 146 1825 146 1826 146 1822 1457 1826 1457 1827 1457 1828 1458 1829 1458 1830 1458 1829 146 1831 146 1830 146 1830 1459 1831 1459 1832 1459 1830 1460 1832 1460 1833 1460 1818 1461 1834 1461 1819 1461 1819 1462 1834 1462 1835 1462 1819 146 1835 146 1836 146 1837 1463 1838 1463 1839 1463 1839 1464 1838 1464 1840 1464 1789 146 1841 146 1842 146 1842 1465 1841 1465 1839 1465 1842 146 1839 146 1843 146 1843 146 1839 146 1844 146 1789 1466 1842 1466 1785 1466 1785 1467 1842 1467 1845 1467 1785 1468 1845 1468 1795 1468 1784 1469 1846 1469 1785 1469 1785 1470 1846 1470 1847 1470 1785 146 1847 146 1782 146 1782 1471 1847 1471 1848 1471 1782 1472 1848 1472 1849 1472 1850 1473 1851 1473 1802 1473 1802 1474 1851 1474 1852 1474 1802 1475 1852 1475 1800 1475 1790 146 1792 146 1830 146 1830 1476 1792 1476 1853 1476 1830 1477 1853 1477 1828 1477 1836 1478 1854 1478 1819 1478 1819 1479 1854 1479 1855 1479 1819 1480 1855 1480 1856 1480 1840 146 1857 146 1839 146 1839 1481 1857 1481 1858 1481 1839 1482 1858 1482 1844 1482 1796 1483 1859 1483 1785 1483 1785 1484 1859 1484 1860 1484 1785 1485 1860 1485 1861 1485 1849 146 1862 146 1782 146 1782 1486 1862 1486 1863 1486 1782 146 1863 146 1864 146 1864 1487 1865 1487 1782 1487 1782 1488 1865 1488 1866 1488 1782 1489 1866 1489 1867 1489 1782 1490 1868 1490 1869 1490 1781 1491 1870 1491 1782 1491 1782 1492 1870 1492 1871 1492 1782 1493 1871 1493 1872 1493 1873 146 1874 146 1797 146 1875 146 1876 146 1802 146 1802 146 1876 146 1877 146 1802 1494 1877 1494 1850 1494 1878 146 1879 146 1856 146 1856 1495 1879 1495 1880 1495 1856 1496 1880 1496 1819 1496 1827 146 1881 146 1822 146 1822 1497 1881 1497 1882 1497 1822 1498 1882 1498 1883 1498 1874 1499 1884 1499 1797 1499 1797 1500 1884 1500 1885 1500 1797 1501 1885 1501 1798 1501 1886 1502 1887 1502 1802 1502 1833 146 1888 146 1830 146 1830 1503 1888 1503 1889 1503 1830 146 1889 146 1880 146 1880 146 1889 146 1890 146 1880 1504 1890 1504 1819 1504 1867 146 1891 146 1782 146 1782 1505 1891 1505 1892 1505 1782 1506 1892 1506 1868 1506 1869 146 1893 146 1782 146 1782 1507 1893 1507 1794 1507 1782 146 1794 146 1803 146 1803 1508 1794 1508 1793 1508 1872 146 1894 146 1782 146 1782 1509 1894 1509 1895 1509 1782 146 1895 146 1797 146 1797 1510 1895 1510 1896 1510 1797 1511 1896 1511 1873 1511 1806 146 1897 146 1797 146 1797 1512 1897 1512 1898 1512 1797 146 1898 146 1802 146 1802 1513 1898 1513 1899 1513 1802 1514 1899 1514 1886 1514 1811 146 1900 146 1809 146 1809 146 1900 146 1901 146 1809 1515 1901 1515 1902 1515 1887 146 1903 146 1802 146 1802 1516 1903 1516 1904 1516 1802 1517 1904 1517 1875 1517 1875 1518 1904 1518 1905 1518 1875 1519 1905 1519 1906 1519 1906 146 1905 146 1907 146 1908 1520 1909 1520 1809 1520 1809 1521 1909 1521 1910 1521 1809 146 1910 146 1807 146 1807 1522 1910 1522 1911 1522 1807 146 1911 146 1912 146 1912 1523 1911 1523 1913 1523 1912 146 1913 146 1914 146 1914 146 1913 146 1915 146 1914 146 1915 146 1839 146 1839 1524 1915 1524 1916 1524 1839 1525 1916 1525 1837 1525 1917 1526 1918 1526 1905 1526 1908 146 1919 146 1909 146 1909 1527 1919 1527 1920 1527 1909 1528 1920 1528 1921 1528 1861 146 1922 146 1785 146 1785 1529 1922 1529 1923 1529 1785 1530 1923 1530 1924 1530 1918 1531 1925 1531 1905 1531 1905 146 1925 146 1926 146 1905 1532 1926 1532 1907 1532 1924 146 1927 146 1785 146 1785 1533 1927 1533 1822 1533 1785 1534 1822 1534 1783 1534 1783 1535 1822 1535 1883 1535 1902 1536 1928 1536 1809 1536 1809 146 1928 146 1929 146 1809 146 1929 146 1905 146 1905 146 1929 146 1930 146 1905 146 1930 146 1917 146 1878 146 1931 146 1879 146 1879 1537 1931 1537 1932 1537 1879 146 1932 146 1933 146 1933 1538 1932 1538 1934 1538 1933 1539 1934 1539 1921 1539 1921 1540 1934 1540 1935 1540 1921 1541 1935 1541 1909 1541 1782 45 1936 45 1785 45 1785 45 1936 45 1937 45 1938 92 1797 92 1939 92 1939 92 1797 92 1802 92 1940 93 1941 93 1942 93 1942 1542 1941 1542 1943 1542 1942 93 1943 93 1944 93 1945 1543 1946 1543 1947 1543 1947 1544 1946 1544 1948 1544 1947 1545 1948 1545 1949 1545 1950 1546 1951 1546 1952 1546 1953 93 1936 93 1954 93 1954 93 1936 93 1955 93 1956 1547 1957 1547 1936 1547 1936 1548 1957 1548 1958 1548 1936 1549 1958 1549 1959 1549 1938 93 1960 93 1936 93 1936 1550 1960 1550 1961 1550 1936 1551 1961 1551 1962 1551 1962 1552 1963 1552 1936 1552 1936 1553 1963 1553 1964 1553 1936 1554 1964 1554 1965 1554 1965 1555 1966 1555 1936 1555 1936 1556 1966 1556 1967 1556 1936 93 1967 93 1955 93 1955 1557 1967 1557 1947 1557 1968 93 1969 93 1970 93 1971 93 1972 93 1970 93 1970 1558 1972 1558 1973 1558 1970 1559 1973 1559 1974 1559 1940 1543 1942 1543 1952 1543 1952 1544 1942 1544 1975 1544 1952 1545 1975 1545 1950 1545 1951 1560 1976 1560 1952 1560 1952 1561 1976 1561 1977 1561 1952 1562 1977 1562 1978 1562 1979 1563 1980 1563 1981 1563 1970 93 1982 93 1971 93 1971 1564 1982 1564 1983 1564 1971 93 1983 93 1984 93 1984 1565 1983 1565 1985 1565 1953 93 1986 93 1936 93 1936 1566 1986 1566 1987 1566 1936 1567 1987 1567 1988 1567 1988 93 1989 93 1936 93 1936 1568 1989 1568 1990 1568 1936 1569 1990 1569 1991 1569 1992 93 1993 93 1938 93 1994 93 1974 93 1995 93 1995 1570 1974 1570 1946 1570 1995 1571 1946 1571 1996 1571 1996 93 1946 93 1945 93 1949 1546 1997 1546 1947 1546 1947 1572 1997 1572 1998 1572 1947 1561 1998 1561 1999 1561 2000 93 2001 93 1947 93 1939 1573 2002 1573 2003 1573 2003 1574 2004 1574 1939 1574 1939 1575 2004 1575 2005 1575 1939 1576 2005 1576 2006 1576 1938 1577 2007 1577 2008 1577 1999 93 2009 93 1947 93 1947 1578 2009 1578 2010 1578 1947 1579 2010 1579 2011 1579 1994 93 2012 93 1974 93 1974 1580 2012 1580 2013 1580 1974 1581 2013 1581 1970 1581 1970 93 2013 93 2014 93 1970 93 2014 93 1968 93 1939 1582 2015 1582 2016 1582 2006 1583 2017 1583 1939 1583 1939 93 2017 93 2018 93 1939 1584 2018 1584 2019 1584 2020 93 2021 93 2022 93 2022 1585 2021 1585 2019 1585 1939 1586 2023 1586 2024 1586 2008 93 2025 93 1938 93 1938 1587 2025 1587 2026 1587 1938 1588 2026 1588 1992 1588 2011 93 2027 93 1947 93 1947 1589 2027 1589 2028 1589 1947 1590 2028 1590 2000 1590 2016 93 2029 93 1939 93 1939 1591 2029 1591 2030 1591 1939 1592 2030 1592 2002 1592 2019 93 2021 93 1939 93 1939 1593 2021 1593 2031 1593 1939 1594 2031 1594 2023 1594 2024 1595 2032 1595 1939 1595 1939 1596 2032 1596 2033 1596 1939 93 2033 93 1938 93 1938 1597 2033 1597 2034 1597 1938 1598 2034 1598 2007 1598 1993 1599 2035 1599 1938 1599 1938 1600 2035 1600 2036 1600 1938 1601 2036 1601 2037 1601 2038 93 2039 93 1947 93 1947 1602 2039 1602 2040 1602 1947 1603 2040 1603 1955 1603 2041 93 1985 93 2042 93 2042 1604 1985 1604 2043 1604 2044 1605 2045 1605 1937 1605 1937 1606 2045 1606 2046 1606 2046 93 2047 93 1937 93 1937 1607 2047 1607 2048 1607 1937 1608 2048 1608 2049 1608 2020 93 2050 93 2021 93 2021 93 2050 93 2051 93 2021 1609 2051 1609 2052 1609 2001 93 2053 93 1947 93 1947 1610 2053 1610 2054 1610 1947 1611 2054 1611 2038 1611 2041 93 2055 93 1985 93 1985 1612 2055 1612 2056 1612 1985 1613 2056 1613 1984 1613 1984 1614 2056 1614 2057 1614 1984 93 2057 93 2058 93 1981 93 2059 93 1979 93 1979 1615 2059 1615 2060 1615 1979 93 2060 93 2061 93 2061 1616 2060 1616 1984 1616 2061 93 1984 93 2062 93 2062 93 1984 93 2058 93 1991 1617 2063 1617 1936 1617 1936 93 2063 93 2064 93 1936 1618 2064 1618 1980 1618 2049 93 2065 93 1937 93 1937 1619 2065 1619 2066 1619 1937 1620 2066 1620 1944 1620 2052 1621 2067 1621 2021 1621 2021 93 2067 93 2068 93 2021 93 2068 93 2069 93 2069 93 2068 93 2070 93 2069 93 2070 93 2071 93 2071 93 2070 93 2072 93 2071 93 2072 93 1969 93 1969 93 2072 93 2073 93 1969 93 2073 93 1970 93 2037 93 2074 93 1938 93 1938 1622 2074 1622 2075 1622 1938 1623 2075 1623 1960 1623 1979 1624 2076 1624 1980 1624 1980 1625 2076 1625 2077 1625 1980 93 2077 93 1936 93 1936 1626 2077 1626 2078 1626 1936 1627 2078 1627 1956 1627 1943 93 2079 93 1944 93 1944 1628 2079 1628 2080 1628 1944 1629 2080 1629 1937 1629 1937 1630 2080 1630 2081 1630 1937 1631 2081 1631 2082 1631 2082 93 2083 93 1937 93 1937 1632 2083 1632 2084 1632 1937 1633 2084 1633 1939 1633 1939 1634 2084 1634 2085 1634 1939 1635 2085 1635 2015 1635 1978 93 2086 93 1952 93 1952 1579 2086 1579 2087 1579 1952 93 2087 93 2043 93 2043 93 2087 93 2088 93 2043 1636 2088 1636 2042 1636 1959 1637 2089 1637 1936 1637 1936 1638 2089 1638 2090 1638 1936 93 2090 93 1937 93 1937 93 2090 93 2091 93 1937 1639 2091 1639 2044 1639 2092 45 2093 45 2094 45 2094 45 2093 45 2095 45 2094 0 2095 0 2096 0 2096 0 2095 0 2097 0 2098 46 2093 46 2099 46 2099 46 2093 46 2092 46 2097 92 2098 92 2096 92 2096 92 2098 92 2099 92 2098 92 2097 92 2100 92 2100 1640 2097 1640 2101 1640 2100 92 2101 92 2102 92 2102 1641 2101 1641 2103 1641 2102 1642 2103 1642 2104 1642 2104 1643 2103 1643 2105 1643 2104 92 2105 92 2106 92 2106 997 2105 997 2107 997 2106 92 2107 92 2108 92 2108 1644 2107 1644 2109 1644 2108 92 2109 92 2110 92 2110 997 2109 997 2111 997 2110 92 2111 92 2112 92 2112 1645 2111 1645 2113 1645 2112 92 2113 92 2114 92 2114 92 2113 92 2115 92 2114 92 2115 92 2116 92 2116 92 2115 92 2117 92 2118 45 2119 45 2120 45 2120 45 2119 45 2121 45 2120 1646 2121 1646 2122 1646 2122 45 2121 45 2123 45 2122 1647 2123 1647 2124 1647 2124 45 2123 45 2125 45 2124 45 2125 45 2126 45 2126 1648 2125 1648 2127 1648 2126 45 2127 45 2128 45 2128 1649 2127 1649 2129 1649 2128 45 2129 45 2130 45 2130 1648 2129 1648 2131 1648 2130 45 2131 45 2132 45 2132 1650 2131 1650 2133 1650 2132 45 2133 45 2134 45 2134 1651 2133 1651 2135 1651 2134 45 2135 45 2093 45 2093 1652 2135 1652 2095 1652 2136 1653 2117 1653 2115 1653 2097 1654 2095 1654 2135 1654 2119 1655 2137 1655 2121 1655 2121 1656 2137 1656 2138 1656 2097 1654 2135 1654 2101 1654 2101 1657 2135 1657 2133 1657 2101 1657 2133 1657 2103 1657 2103 1658 2133 1658 2131 1658 2103 1659 2131 1659 2105 1659 2105 1660 2131 1660 2129 1660 2105 1660 2129 1660 2107 1660 2107 1661 2129 1661 2127 1661 2107 1661 2127 1661 2109 1661 2109 1662 2127 1662 2125 1662 2109 1662 2125 1662 2111 1662 2111 1663 2125 1663 2123 1663 2111 1663 2123 1663 2113 1663 2113 1664 2123 1664 2121 1664 2113 1664 2121 1664 2115 1664 2115 1665 2121 1665 2138 1665 2115 1666 2138 1666 2136 1666 2139 1667 2140 1667 2120 1667 2120 1668 2140 1668 2141 1668 2120 1669 2141 1669 2118 1669 2116 1670 2139 1670 2114 1670 2114 1667 2139 1667 2120 1667 2114 1671 2120 1671 2112 1671 2112 1671 2120 1671 2122 1671 2112 1672 2122 1672 2110 1672 2110 1672 2122 1672 2124 1672 2110 1673 2124 1673 2108 1673 2108 1673 2124 1673 2126 1673 2108 1674 2126 1674 2106 1674 2106 1674 2126 1674 2128 1674 2106 1675 2128 1675 2104 1675 2104 1675 2128 1675 2130 1675 2104 1676 2130 1676 2102 1676 2102 1677 2130 1677 2132 1677 2102 1678 2132 1678 2100 1678 2100 1678 2132 1678 2134 1678 2100 1679 2134 1679 2098 1679 2098 1679 2134 1679 2093 1679 2142 45 2143 45 2144 45 2144 45 2143 45 2145 45 2144 45 2145 45 2146 45 2146 45 2145 45 2147 45 2146 45 2147 45 2118 45 2118 45 2147 45 2119 45 2116 92 2117 92 2148 92 2148 92 2117 92 2149 92 2148 92 2149 92 2150 92 2150 92 2149 92 2151 92 2150 92 2151 92 2152 92 2152 92 2151 92 2153 92 2154 93 2155 93 2156 93 2157 93 2158 93 2151 93 2159 93 2160 93 2161 93 2162 93 2163 93 2164 93 2165 93 2166 93 2167 93 2161 93 2160 93 2168 93 2168 1680 2160 1680 2169 1680 2168 93 2169 93 2170 93 2170 93 2169 93 2171 93 2171 1681 2169 1681 2172 1681 2171 93 2172 93 2173 93 2173 93 2172 93 2174 93 2173 1682 2174 1682 2175 1682 2176 93 2177 93 2178 93 2177 93 2179 93 2178 93 2178 1683 2179 1683 2180 1683 2178 1684 2180 1684 2165 1684 2175 93 2174 93 2164 93 2164 1685 2174 1685 2181 1685 2164 1686 2181 1686 2162 1686 2163 93 2182 93 2164 93 2164 1687 2182 1687 2183 1687 2164 93 2183 93 2178 93 2178 1688 2183 1688 2184 1688 2178 1689 2184 1689 2176 1689 2185 93 2186 93 2187 93 2188 93 2189 93 2190 93 2190 1690 2189 1690 2191 1690 2190 1691 2191 1691 2192 1691 2192 93 2193 93 2190 93 2190 1692 2193 1692 2194 1692 2190 93 2194 93 2187 93 2187 1693 2194 1693 2195 1693 2187 1694 2195 1694 2185 1694 2188 93 2190 93 2196 93 2196 93 2190 93 2197 93 2196 93 2197 93 2198 93 2199 93 2200 93 2201 93 2201 1695 2200 1695 2202 1695 2201 93 2202 93 2203 93 2203 1696 2202 1696 2187 1696 2203 93 2187 93 2204 93 2204 93 2187 93 2186 93 2205 93 2206 93 2207 93 2207 1697 2206 1697 2208 1697 2207 1698 2208 1698 2209 1698 2210 1699 2211 1699 2207 1699 2199 93 2205 93 2200 93 2200 93 2205 93 2207 93 2200 93 2207 93 2212 93 2212 93 2207 93 2211 93 2213 1700 2214 1700 2207 1700 2207 1701 2214 1701 2215 1701 2207 93 2215 93 2210 93 2167 1702 2216 1702 2217 1702 2165 93 2167 93 2178 93 2178 93 2167 93 2217 93 2178 1703 2217 1703 2218 1703 2178 1704 2219 1704 2220 1704 2178 93 2220 93 2190 93 2190 1705 2220 1705 2221 1705 2190 1706 2221 1706 2222 1706 2218 93 2223 93 2178 93 2178 1707 2223 1707 2224 1707 2178 1708 2224 1708 2225 1708 2222 93 2226 93 2190 93 2190 1709 2226 1709 2227 1709 2190 1710 2227 1710 2228 1710 2225 93 2229 93 2178 93 2178 1711 2229 1711 2230 1711 2178 1706 2230 1706 2219 1706 2231 93 2197 93 2232 93 2232 93 2197 93 2190 93 2232 93 2190 93 2233 93 2233 1712 2190 1712 2228 1712 2234 1713 2235 1713 2236 1713 2231 93 2237 93 2197 93 2197 1714 2237 1714 2238 1714 2197 93 2238 93 2236 93 2236 1715 2238 1715 2239 1715 2236 1716 2239 1716 2234 1716 2235 93 2240 93 2236 93 2236 1717 2240 1717 2241 1717 2236 1718 2241 1718 2242 1718 2243 93 2244 93 2156 93 2156 1719 2244 1719 2245 1719 2156 1720 2245 1720 2246 1720 2246 1713 2247 1713 2156 1713 2156 1721 2247 1721 2248 1721 2156 93 2248 93 2167 93 2167 1722 2248 1722 2249 1722 2167 1723 2249 1723 2216 1723 2242 93 2250 93 2236 93 2236 1724 2250 1724 2251 1724 2236 93 2251 93 2156 93 2156 1725 2251 1725 2252 1725 2156 1726 2252 1726 2243 1726 2166 93 2253 93 2167 93 2167 1727 2253 1727 2254 1727 2167 93 2254 93 2156 93 2156 1728 2254 1728 2255 1728 2156 1729 2255 1729 2256 1729 2153 93 2151 93 2257 93 2156 1730 2258 1730 2259 1730 2161 93 2260 93 2159 93 2159 1731 2260 1731 2261 1731 2159 93 2261 93 2262 93 2262 1732 2261 1732 2153 1732 2262 93 2153 93 2263 93 2263 93 2153 93 2257 93 2256 1733 2264 1733 2156 1733 2156 93 2264 93 2265 93 2156 1734 2265 1734 2258 1734 2266 93 2151 93 2267 93 2267 93 2151 93 2268 93 2266 93 2269 93 2151 93 2151 1735 2269 1735 2270 1735 2151 1736 2270 1736 2257 1736 2259 93 2271 93 2156 93 2156 1737 2271 1737 2272 1737 2156 93 2272 93 2151 93 2151 1738 2272 1738 2273 1738 2151 1739 2273 1739 2268 1739 2274 93 2275 93 2276 93 2276 1740 2275 1740 2277 1740 2276 1741 2277 1741 2278 1741 2278 93 2279 93 2276 93 2276 1742 2279 1742 2280 1742 2276 1743 2280 1743 2236 1743 2236 1744 2280 1744 2281 1744 2236 1745 2281 1745 2282 1745 2282 93 2283 93 2236 93 2236 1746 2283 1746 2284 1746 2236 1747 2284 1747 2285 1747 2209 93 2286 93 2207 93 2207 1748 2286 1748 2287 1748 2207 93 2287 93 2276 93 2276 1749 2287 1749 2288 1749 2276 1750 2288 1750 2274 1750 2285 1713 2289 1713 2236 1713 2236 1751 2289 1751 2290 1751 2236 93 2290 93 2197 93 2197 1752 2290 1752 2291 1752 2197 1714 2291 1714 2198 1714 2292 93 2293 93 2156 93 2294 93 2295 93 2296 93 2296 1753 2295 1753 2297 1753 2296 1754 2297 1754 2298 1754 2151 93 2158 93 2156 93 2156 1755 2158 1755 2299 1755 2156 1688 2299 1688 2292 1688 2293 93 2300 93 2156 93 2156 93 2300 93 2301 93 2156 1683 2301 1683 2302 1683 2302 93 2303 93 2156 93 2156 1756 2303 1756 2304 1756 2156 93 2304 93 2296 93 2296 1757 2304 1757 2305 1757 2296 1758 2305 1758 2294 1758 2306 93 2307 93 2149 93 2298 93 2308 93 2296 93 2296 1759 2308 1759 2309 1759 2296 1760 2309 1760 2310 1760 2306 93 2149 93 2311 93 2307 93 2312 93 2149 93 2149 1761 2312 1761 2313 1761 2149 1762 2313 1762 2314 1762 2314 93 2315 93 2149 93 2149 1763 2315 1763 2316 1763 2149 93 2316 93 2151 93 2151 1764 2316 1764 2317 1764 2151 1765 2317 1765 2318 1765 2318 93 2319 93 2151 93 2151 1766 2319 1766 2320 1766 2151 93 2320 93 2321 93 2321 93 2322 93 2151 93 2151 1767 2322 1767 2323 1767 2151 1768 2323 1768 2157 1768 2310 93 2324 93 2296 93 2296 1769 2324 1769 2325 1769 2296 93 2325 93 2149 93 2149 1770 2325 1770 2326 1770 2149 1771 2326 1771 2311 1771 2236 93 2327 93 2328 93 2328 1772 2327 1772 2329 1772 2328 1773 2329 1773 2330 1773 2156 1703 2331 1703 2332 1703 2333 1712 2334 1712 2236 1712 2236 1684 2334 1684 2335 1684 2236 1774 2335 1774 2327 1774 2331 93 2156 93 2336 93 2336 93 2156 93 2296 93 2336 93 2296 93 2337 93 2156 93 2155 93 2236 93 2236 1705 2155 1705 2338 1705 2236 1706 2338 1706 2339 1706 2339 93 2340 93 2236 93 2236 1709 2340 1709 2341 1709 2236 1710 2341 1710 2333 1710 2332 93 2342 93 2156 93 2156 1707 2342 1707 2343 1707 2156 1708 2343 1708 2344 1708 2330 93 2345 93 2328 93 2328 1775 2345 1775 2346 1775 2328 1776 2346 1776 2347 1776 2347 93 2348 93 2328 93 2328 1777 2348 1777 2349 1777 2328 1778 2349 1778 2350 1778 2350 93 2351 93 2328 93 2328 1779 2351 1779 2352 1779 2328 93 2352 93 2296 93 2296 1780 2352 1780 2353 1780 2296 1781 2353 1781 2354 1781 2354 93 2355 93 2296 93 2296 1782 2355 1782 2356 1782 2296 1783 2356 1783 2357 1783 2357 1784 2358 1784 2296 1784 2296 1785 2358 1785 2359 1785 2296 1786 2359 1786 2337 1786 2344 93 2360 93 2156 93 2156 1711 2360 1711 2361 1711 2156 1706 2361 1706 2154 1706 2362 93 2276 93 2363 93 2363 93 2276 93 2364 93 2362 93 2365 93 2276 93 2276 1787 2365 1787 2366 1787 2276 1788 2366 1788 2367 1788 2368 93 2369 93 2370 93 2370 93 2369 93 2276 93 2370 1789 2276 1789 2371 1789 2371 93 2276 93 2367 93 2236 1790 2372 1790 2373 1790 2368 93 2374 93 2369 93 2369 1791 2374 1791 2375 1791 2369 1792 2375 1792 2376 1792 2369 1793 2377 1793 2378 1793 2379 93 2328 93 2380 93 2380 93 2328 93 2381 93 2379 93 2382 93 2328 93 2328 1794 2382 1794 2383 1794 2328 1795 2383 1795 2384 1795 2376 93 2385 93 2369 93 2369 1796 2385 1796 2386 1796 2369 1797 2386 1797 2377 1797 2384 93 2387 93 2328 93 2328 1798 2387 1798 2388 1798 2328 93 2388 93 2236 93 2236 1799 2388 1799 2389 1799 2236 1800 2389 1800 2372 1800 2373 1801 2390 1801 2236 1801 2236 1691 2390 1691 2391 1691 2236 1802 2391 1802 2392 1802 2378 93 2393 93 2369 93 2369 1803 2393 1803 2394 1803 2369 1804 2394 1804 2328 1804 2328 1780 2394 1780 2395 1780 2328 1805 2395 1805 2381 1805 2392 93 2396 93 2236 93 2236 1806 2396 1806 2397 1806 2236 1807 2397 1807 2276 1807 2276 1808 2397 1808 2398 1808 2276 1809 2398 1809 2364 1809 2213 1810 2207 1810 2143 1810 2143 93 2207 93 2276 93 2143 93 2276 93 2145 93 2145 93 2276 93 2369 93 2145 93 2369 93 2147 93 2149 93 2117 93 2296 93 2296 93 2117 93 2136 93 2296 93 2136 93 2328 93 2328 93 2136 93 2138 93 2328 93 2138 93 2369 93 2369 93 2138 93 2137 93 2369 93 2137 93 2147 93 2147 93 2137 93 2119 93 2146 146 2118 146 2141 146 2399 1811 2400 1811 2401 1811 2402 146 2403 146 2404 146 2404 146 2403 146 2405 146 2404 146 2405 146 2406 146 2406 146 2405 146 2407 146 2408 146 2409 146 2410 146 2402 146 2411 146 2403 146 2403 1812 2411 1812 2412 1812 2403 146 2412 146 2413 146 2413 146 2414 146 2403 146 2403 1813 2414 1813 2415 1813 2403 146 2415 146 2410 146 2410 1814 2415 1814 2416 1814 2410 1815 2416 1815 2408 1815 2417 146 2418 146 2419 146 2419 1816 2418 1816 2420 1816 2419 146 2420 146 2421 146 2409 146 2422 146 2410 146 2410 1817 2422 1817 2423 1817 2410 1818 2423 1818 2424 1818 2424 1819 2423 1819 2425 1819 2424 146 2425 146 2426 146 2426 146 2425 146 2421 146 2426 146 2421 146 2427 146 2427 146 2421 146 2420 146 2428 146 2401 146 2429 146 2429 1820 2401 1820 2430 1820 2428 146 2431 146 2401 146 2401 146 2431 146 2432 146 2401 1821 2432 1821 2433 1821 2434 1822 2435 1822 2436 1822 2400 1823 2437 1823 2401 1823 2401 1824 2437 1824 2438 1824 2401 146 2438 146 2430 146 2439 146 2440 146 2441 146 2441 146 2440 146 2436 146 2441 146 2436 146 2442 146 2442 146 2436 146 2435 146 2439 146 2443 146 2440 146 2440 1825 2443 1825 2444 1825 2440 1826 2444 1826 2445 1826 2438 146 2446 146 2430 146 2430 1827 2446 1827 2447 1827 2430 146 2447 146 2448 146 2448 1828 2447 1828 2449 1828 2448 146 2449 146 2436 146 2436 1829 2449 1829 2450 1829 2436 1830 2450 1830 2434 1830 2445 1831 2451 1831 2440 1831 2440 1832 2451 1832 2452 1832 2440 146 2452 146 2453 146 2453 1833 2452 1833 2454 1833 2453 1834 2455 1834 2456 1834 2457 146 2458 146 2440 146 2440 1835 2458 1835 2459 1835 2440 146 2459 146 2403 146 2403 1836 2459 1836 2460 1836 2403 1837 2460 1837 2461 1837 2462 1838 2463 1838 2440 1838 2461 146 2464 146 2403 146 2403 1839 2464 1839 2465 1839 2403 1840 2465 1840 2466 1840 2453 146 2456 146 2440 146 2440 1841 2456 1841 2467 1841 2440 1842 2467 1842 2462 1842 2463 146 2468 146 2440 146 2440 1843 2468 1843 2469 1843 2440 1813 2469 1813 2457 1813 2466 1844 2470 1844 2403 1844 2403 1845 2470 1845 2471 1845 2403 146 2471 146 2405 146 2471 146 2472 146 2405 146 2405 1846 2472 1846 2473 1846 2405 1847 2473 1847 2474 1847 2474 146 2475 146 2476 146 2476 1848 2475 1848 2477 1848 2476 1849 2477 1849 2478 1849 2479 146 2480 146 2481 146 2481 1850 2480 1850 2482 1850 2481 1851 2482 1851 2483 1851 2483 1852 2484 1852 2481 1852 2481 1853 2484 1853 2485 1853 2481 146 2485 146 2453 146 2453 1854 2485 1854 2486 1854 2453 1855 2486 1855 2455 1855 2478 146 2487 146 2476 146 2476 1856 2487 1856 2488 1856 2476 1857 2488 1857 2489 1857 2489 146 2490 146 2476 146 2476 1858 2490 1858 2491 1858 2476 146 2491 146 2481 146 2481 1859 2491 1859 2492 1859 2481 1860 2492 1860 2479 1860 2493 146 2150 146 2494 146 2494 146 2150 146 2152 146 2494 146 2152 146 2495 146 2495 1861 2152 1861 2496 1861 2495 1862 2496 1862 2497 1862 2497 1863 2496 1863 2498 1863 2497 1864 2498 1864 2417 1864 2417 1865 2498 1865 2499 1865 2417 146 2499 146 2418 146 2476 1866 2500 1866 2501 1866 2474 146 2476 146 2405 146 2405 146 2476 146 2502 146 2405 1867 2502 1867 2407 1867 2493 146 2503 146 2150 146 2150 1868 2503 1868 2504 1868 2150 146 2504 146 2505 146 2505 146 2506 146 2150 146 2150 1869 2506 1869 2507 1869 2150 1870 2507 1870 2508 1870 2509 146 2510 146 2476 146 2476 1871 2510 1871 2511 1871 2476 1872 2511 1872 2500 1872 2501 146 2512 146 2476 146 2476 1873 2512 1873 2513 1873 2476 1874 2513 1874 2502 1874 2514 1852 2515 1852 2481 1852 2481 1851 2515 1851 2516 1851 2481 1875 2516 1875 2517 1875 2517 146 2518 146 2481 146 2481 1876 2518 1876 2519 1876 2481 1877 2519 1877 2520 1877 2520 1878 2519 1878 2521 1878 2520 1879 2521 1879 2522 1879 2522 1880 2523 1880 2520 1880 2520 1881 2523 1881 2524 1881 2520 1882 2524 1882 2525 1882 2525 146 2526 146 2520 146 2520 1883 2526 1883 2527 1883 2520 146 2527 146 2401 146 2401 1884 2527 1884 2528 1884 2401 1885 2528 1885 2399 1885 2454 146 2529 146 2453 146 2453 1855 2529 1855 2530 1855 2453 146 2530 146 2481 146 2481 1886 2530 1886 2531 1886 2481 1887 2531 1887 2514 1887 2146 146 2532 146 2144 146 2144 146 2532 146 2520 146 2144 146 2520 146 2142 146 2142 146 2520 146 2401 146 2142 1888 2401 1888 2533 1888 2533 146 2401 146 2433 146 2534 146 2535 146 2481 146 2481 1825 2535 1825 2536 1825 2481 1826 2536 1826 2537 1826 2538 146 2539 146 2520 146 2537 1831 2540 1831 2481 1831 2481 1832 2540 1832 2541 1832 2481 1889 2541 1889 2542 1889 2543 1890 2544 1890 2545 1890 2546 1891 2547 1891 2532 1891 2532 1892 2547 1892 2548 1892 2532 1893 2548 1893 2549 1893 2549 146 2550 146 2532 146 2532 1894 2550 1894 2551 1894 2532 1895 2551 1895 2552 1895 2538 146 2520 146 2553 146 2554 1896 2555 1896 2520 1896 2520 1897 2555 1897 2556 1897 2520 146 2556 146 2481 146 2481 1898 2556 1898 2557 1898 2481 1899 2557 1899 2534 1899 2542 146 2558 146 2543 146 2543 1900 2558 1900 2559 1900 2543 1901 2559 1901 2544 1901 2545 1902 2560 1902 2543 1902 2543 1903 2560 1903 2561 1903 2543 1904 2561 1904 2562 1904 2562 146 2563 146 2543 146 2543 1905 2563 1905 2564 1905 2543 1906 2564 1906 2532 1906 2532 1907 2564 1907 2565 1907 2532 1908 2565 1908 2546 1908 2539 146 2566 146 2520 146 2520 1909 2566 1909 2567 1909 2520 1910 2567 1910 2554 1910 2552 1911 2568 1911 2532 1911 2532 1912 2568 1912 2569 1912 2532 146 2569 146 2520 146 2520 1913 2569 1913 2570 1913 2520 1914 2570 1914 2553 1914 2543 1915 2571 1915 2572 1915 2542 146 2543 146 2481 146 2481 146 2543 146 2572 146 2481 1916 2572 1916 2573 1916 2574 146 2575 146 2476 146 2476 1839 2575 1839 2576 1839 2476 1840 2576 1840 2577 1840 2476 146 2578 146 2579 146 2579 1917 2578 1917 2580 1917 2579 1918 2580 1918 2581 1918 2582 1919 2583 1919 2543 1919 2543 1920 2583 1920 2584 1920 2543 1921 2584 1921 2571 1921 2577 1844 2585 1844 2476 1844 2476 1845 2585 1845 2586 1845 2476 1922 2586 1922 2578 1922 2581 146 2587 146 2579 146 2579 1923 2587 1923 2588 1923 2579 1924 2588 1924 2589 1924 2590 146 2591 146 2543 146 2543 1925 2591 1925 2592 1925 2543 1903 2592 1903 2582 1903 2573 146 2593 146 2481 146 2481 1842 2593 1842 2594 1842 2481 1926 2594 1926 2595 1926 2589 146 2596 146 2579 146 2579 1927 2596 1927 2597 1927 2579 1928 2597 1928 2598 1928 2598 146 2599 146 2579 146 2579 1929 2599 1929 2600 1929 2579 146 2600 146 2543 146 2543 1930 2600 1930 2601 1930 2543 1931 2601 1931 2590 1931 2595 146 2602 146 2481 146 2481 1843 2602 1843 2603 1843 2481 1813 2603 1813 2604 1813 2604 146 2605 146 2481 146 2481 1835 2605 1835 2606 1835 2481 146 2606 146 2476 146 2476 1836 2606 1836 2607 1836 2476 1837 2607 1837 2574 1837 2608 146 2609 146 2579 146 2579 1932 2609 1932 2610 1932 2579 1933 2610 1933 2611 1933 2612 146 2613 146 2148 146 2612 146 2148 146 2614 146 2615 146 2579 146 2616 146 2616 146 2579 146 2148 146 2615 146 2617 146 2579 146 2579 1934 2617 1934 2618 1934 2579 1935 2618 1935 2608 1935 2611 146 2619 146 2579 146 2579 1936 2619 1936 2620 1936 2579 146 2620 146 2476 146 2476 1937 2620 1937 2621 1937 2476 1938 2621 1938 2622 1938 2613 1939 2623 1939 2148 1939 2148 146 2623 146 2624 146 2148 1940 2624 1940 2625 1940 2625 146 2626 146 2148 146 2148 1941 2626 1941 2627 1941 2148 1942 2627 1942 2616 1942 2622 146 2628 146 2476 146 2476 1812 2628 1812 2629 1812 2476 146 2629 146 2630 146 2630 146 2631 146 2476 146 2476 1813 2631 1813 2632 1813 2476 1943 2632 1943 2633 1943 2508 146 2509 146 2150 146 2150 146 2509 146 2476 146 2150 146 2476 146 2634 146 2634 146 2476 146 2633 146 2634 146 2635 146 2150 146 2150 1944 2635 1944 2636 1944 2150 1945 2636 1945 2637 1945 2637 146 2638 146 2150 146 2150 146 2638 146 2639 146 2150 1946 2639 1946 2640 1946 2640 146 2641 146 2150 146 2150 1947 2641 1947 2642 1947 2150 146 2642 146 2148 146 2148 1948 2642 1948 2643 1948 2148 1949 2643 1949 2614 1949 2146 146 2141 146 2532 146 2532 146 2141 146 2140 146 2532 146 2140 146 2543 146 2543 146 2140 146 2139 146 2543 146 2139 146 2579 146 2579 146 2139 146 2116 146 2579 146 2116 146 2148 146 2410 46 2164 46 2403 46 2403 46 2164 46 2178 46 2403 46 2178 46 2440 46 2440 46 2178 46 2190 46 2440 46 2190 46 2436 46 2436 46 2190 46 2187 46 2096 92 2099 92 2644 92 2644 1950 2099 1950 2645 1950 2644 1951 2645 1951 2646 1951 2646 1952 2645 1952 2647 1952 2646 92 2647 92 2648 92 2648 1953 2647 1953 2649 1953 2648 92 2649 92 2650 92 2650 1954 2649 1954 2651 1954 2650 92 2651 92 2652 92 2652 1955 2651 1955 2653 1955 2652 92 2653 92 2654 92 2654 92 2653 92 2655 92 2654 92 2655 92 2656 92 2656 1956 2655 1956 2657 1956 2656 1957 2657 1957 2658 1957 2658 1958 2657 1958 2659 1958 2658 92 2659 92 1938 92 1938 92 2659 92 1797 92 1936 45 1782 45 2660 45 2660 45 1782 45 2661 45 2660 45 2661 45 2662 45 2662 45 2661 45 2663 45 2662 45 2663 45 2664 45 2664 45 2663 45 2665 45 2664 45 2665 45 2666 45 2666 45 2665 45 2667 45 2666 45 2667 45 2668 45 2668 1959 2667 1959 2669 1959 2668 45 2669 45 2670 45 2670 1960 2669 1960 2671 1960 2670 986 2671 986 2672 986 2672 1961 2671 1961 2673 1961 2672 45 2673 45 2674 45 2674 1962 2673 1962 2675 1962 2674 107 2675 107 2094 107 2094 1963 2675 1963 2092 1963 2099 1964 2092 1964 2675 1964 2099 1964 2675 1964 2645 1964 2645 1965 2675 1965 2673 1965 2645 1965 2673 1965 2647 1965 2647 114 2673 114 2671 114 2647 115 2671 115 2649 115 2649 1966 2671 1966 2669 1966 2649 1967 2669 1967 2651 1967 2651 1968 2669 1968 2667 1968 2651 1968 2667 1968 2653 1968 2653 1969 2667 1969 2665 1969 2653 1970 2665 1970 2655 1970 2655 1971 2665 1971 2663 1971 2655 1971 2663 1971 2657 1971 2657 1972 2663 1972 2661 1972 2657 124 2661 124 2659 124 2659 1973 2661 1973 1782 1973 2659 1974 1782 1974 1797 1974 1938 1975 1936 1975 2658 1975 2658 1976 1936 1976 2660 1976 2658 1977 2660 1977 2656 1977 2656 1978 2660 1978 2662 1978 2656 1979 2662 1979 2654 1979 2654 1979 2662 1979 2664 1979 2654 1980 2664 1980 2652 1980 2652 1980 2664 1980 2666 1980 2652 1981 2666 1981 2650 1981 2650 1982 2666 1982 2668 1982 2650 1983 2668 1983 2648 1983 2648 1984 2668 1984 2670 1984 2648 141 2670 141 2646 141 2646 1985 2670 1985 2672 1985 2646 143 2672 143 2644 143 2644 143 2672 143 2674 143 2644 145 2674 145 2096 145 2096 145 2674 145 2094 145 1939 92 1802 92 2676 92 2676 92 1802 92 2677 92 2676 1986 2677 1986 2678 1986 2678 92 2677 92 2679 92 2678 92 2679 92 2680 92 2680 1987 2679 1987 2681 1987 2680 1988 2681 1988 2682 1988 2682 1989 2681 1989 2683 1989 2682 92 2683 92 2684 92 2684 92 2683 92 2685 92 2684 92 2685 92 2686 92 2686 92 2685 92 2687 92 2686 1990 2687 1990 2688 1990 2688 1991 2687 1991 2689 1991 2688 92 2689 92 2690 92 2690 1992 2689 1992 2691 1992 2690 92 2691 92 2692 92 2692 1993 2691 1993 2693 1993 2692 92 2693 92 2694 92 2694 1994 2693 1994 2695 1994 2696 45 2697 45 2698 45 2698 1995 2697 1995 2699 1995 2698 45 2699 45 2700 45 2700 1996 2699 1996 2701 1996 2700 45 2701 45 2702 45 2702 1997 2701 1997 2703 1997 2702 45 2703 45 2704 45 2704 1998 2703 1998 2705 1998 2704 45 2705 45 2706 45 2706 45 2705 45 2707 45 2706 45 2707 45 2708 45 2708 45 2707 45 2709 45 2708 45 2709 45 2710 45 2710 1999 2709 1999 2711 1999 2710 45 2711 45 2712 45 2712 2000 2711 2000 2713 2000 2712 45 2713 45 2714 45 2714 45 2713 45 2715 45 2714 45 2715 45 1937 45 1937 45 2715 45 1785 45 1802 2001 1785 2001 2715 2001 1802 2001 2715 2001 2677 2001 2677 2002 2715 2002 2713 2002 2677 2003 2713 2003 2679 2003 2679 2004 2713 2004 2711 2004 2679 2005 2711 2005 2681 2005 2681 2006 2711 2006 2709 2006 2681 2006 2709 2006 2683 2006 2683 2007 2709 2007 2707 2007 2683 2007 2707 2007 2685 2007 2685 2008 2707 2008 2705 2008 2685 2008 2705 2008 2687 2008 2687 2009 2705 2009 2703 2009 2687 2010 2703 2010 2689 2010 2689 2011 2703 2011 2701 2011 2689 2012 2701 2012 2691 2012 2691 2013 2701 2013 2699 2013 2691 2013 2699 2013 2693 2013 2693 2014 2699 2014 2697 2014 2693 2014 2697 2014 2695 2014 2694 2015 2696 2015 2692 2015 2692 2015 2696 2015 2698 2015 2692 2016 2698 2016 2690 2016 2690 2017 2698 2017 2700 2017 2690 2018 2700 2018 2688 2018 2688 2019 2700 2019 2702 2019 2688 2020 2702 2020 2686 2020 2686 2020 2702 2020 2704 2020 2686 2021 2704 2021 2684 2021 2684 2022 2704 2022 2706 2022 2684 2023 2706 2023 2682 2023 2682 2023 2706 2023 2708 2023 2682 2024 2708 2024 2680 2024 2680 2025 2708 2025 2710 2025 2680 2026 2710 2026 2678 2026 2678 2026 2710 2026 2712 2026 2678 2027 2712 2027 2676 2027 2676 2027 2712 2027 2714 2027 2676 2028 2714 2028 1939 2028 1939 2029 2714 2029 1937 2029 94 45 2697 45 2716 45 2716 45 2697 45 2696 45 2717 92 2694 92 102 92 102 92 2694 92 2695 92 2718 0 2719 0 2695 0 2719 0 2720 0 2695 0 2695 2030 2720 2030 2721 2030 2695 2031 2721 2031 2722 2031 2723 0 2724 0 2725 0 2697 2032 2726 2032 2727 2032 2722 0 2728 0 2695 0 2695 2033 2728 2033 2729 2033 2695 2034 2729 2034 102 2034 102 2035 2729 2035 2730 2035 102 2036 2730 2036 2731 2036 2731 2037 2732 2037 102 2037 102 0 2732 0 2733 0 102 0 2733 0 185 0 185 2038 2733 2038 2734 2038 185 0 2734 0 183 0 183 2039 2734 2039 2735 2039 183 0 2735 0 181 0 181 2040 2735 2040 2736 2040 181 0 2736 0 2737 0 2737 2041 2736 2041 2738 2041 2737 0 2738 0 177 0 177 2042 2738 2042 2739 2042 177 0 2739 0 175 0 175 2043 2739 2043 2740 2043 175 2044 2740 2044 173 2044 173 2045 2740 2045 2741 2045 173 2046 2741 2046 171 2046 171 2047 2741 2047 2742 2047 171 2048 2742 2048 120 2048 120 2049 2742 2049 2743 2049 120 2050 2743 2050 2744 2050 2723 0 2725 0 2745 0 2724 2051 2746 2051 2725 2051 2725 2052 2746 2052 2747 2052 2725 2053 2747 2053 2748 2053 2749 0 2750 0 2751 0 2751 2054 2750 2054 2752 2054 2751 2055 2752 2055 2753 2055 2753 2056 2752 2056 2754 2056 2753 2057 2754 2057 2755 2057 2749 2058 2751 2058 2725 2058 2725 2059 2751 2059 2756 2059 2725 2060 2756 2060 2745 2060 2757 0 2758 0 120 0 120 2061 2758 2061 2759 2061 120 0 2759 0 130 0 130 2062 2759 2062 2760 2062 130 2063 2760 2063 2761 2063 2727 0 2762 0 2697 0 2697 2064 2762 2064 2763 2064 2697 2065 2763 2065 2753 2065 2764 2066 2765 2066 2697 2066 2697 2067 2765 2067 2766 2067 2697 0 2766 0 2695 0 2695 2068 2766 2068 2767 2068 2695 2069 2767 2069 2718 2069 2755 2070 2768 2070 2753 2070 2753 2071 2768 2071 2769 2071 2753 0 2769 0 2697 0 2697 2072 2769 2072 2770 2072 2697 2073 2770 2073 2764 2073 2744 0 2771 0 120 0 120 2074 2771 2074 2772 2074 120 2075 2772 2075 2725 2075 2773 0 2774 0 94 0 94 2076 2774 2076 2775 2076 94 0 2775 0 2697 0 2697 2077 2775 2077 2776 2077 2697 2078 2776 2078 2726 2078 2748 2079 2777 2079 2725 2079 2725 0 2777 0 2778 0 2725 0 2778 0 120 0 120 2080 2778 2080 2779 2080 120 2081 2779 2081 2757 2081 2761 0 2780 0 130 0 130 2082 2780 2082 2781 2082 130 0 2781 0 154 0 154 2083 2781 2083 2782 2083 154 2084 2782 2084 152 2084 152 2085 2782 2085 2783 2085 152 0 2783 0 150 0 150 2086 2783 2086 2784 2086 150 2087 2784 2087 148 2087 148 2042 2784 2042 2785 2042 148 0 2785 0 2786 0 2786 2088 2785 2088 2787 2088 2786 0 2787 0 144 0 144 2089 2787 2089 2788 2089 144 2090 2788 2090 142 2090 142 2091 2788 2091 2789 2091 142 2092 2789 2092 140 2092 140 2093 2789 2093 2790 2093 140 2094 2790 2094 94 2094 94 0 2790 0 2791 0 94 0 2791 0 2773 0 2792 46 2793 46 2696 46 2794 46 2795 46 2796 46 2796 2095 2795 2095 2797 2095 2796 2096 2797 2096 2798 2096 2799 2097 2800 2097 2801 2097 2801 2098 2800 2098 2802 2098 2803 46 2804 46 2694 46 2694 2099 2804 2099 2805 2099 2806 46 2807 46 2808 46 2798 2100 2809 2100 2796 2100 2796 2101 2809 2101 2810 2101 2796 46 2810 46 2811 46 2811 2102 2810 2102 2812 2102 2811 2103 2812 2103 2813 2103 2806 46 2808 46 2814 46 2815 46 2816 46 2694 46 2694 2104 2816 2104 2817 2104 2694 2105 2817 2105 2818 2105 2819 46 2820 46 2717 46 2717 2106 2820 2106 2821 2106 2717 46 2821 46 2694 46 2694 2107 2821 2107 2822 2107 2694 2108 2822 2108 2803 2108 2794 2109 2796 2109 2808 2109 2808 2110 2796 2110 2823 2110 2808 2111 2823 2111 2814 2111 2807 2112 2824 2112 2808 2112 2808 2113 2824 2113 2825 2113 2808 2114 2825 2114 2826 2114 2826 2115 2827 2115 2808 2115 2808 2116 2827 2116 2815 2116 2808 46 2815 46 2828 46 2828 46 2815 46 2694 46 2828 46 2694 46 2829 46 2829 46 2694 46 2805 46 2818 46 2830 46 2694 46 2694 2117 2830 2117 2831 2117 2694 46 2831 46 2696 46 2696 2118 2831 2118 2832 2118 2696 2119 2832 2119 2792 2119 2793 46 2833 46 2696 46 2696 2120 2833 2120 2834 2120 2696 2121 2834 2121 2835 2121 2802 46 2836 46 2801 46 2801 2122 2836 2122 2837 2122 2801 46 2837 46 2838 46 2838 2123 2837 2123 2839 2123 2838 2124 2839 2124 2840 2124 2840 46 2841 46 2838 46 2838 2125 2841 2125 2842 2125 2838 46 2842 46 2843 46 2843 2126 2842 2126 2844 2126 2843 46 2844 46 2845 46 2845 2127 2844 2127 2846 2127 2845 46 2846 46 2847 46 2847 2128 2846 2128 2848 2128 2847 2129 2848 2129 2849 2129 2849 2130 2848 2130 2850 2130 2849 46 2850 46 2851 46 2851 2131 2850 2131 2852 2131 2851 46 2852 46 2853 46 2853 2132 2852 2132 2854 2132 2853 46 2854 46 2855 46 2855 2133 2854 2133 2856 2133 2855 2134 2856 2134 2857 2134 2857 46 2856 46 2858 46 2857 46 2858 46 2717 46 2717 46 2858 46 2859 46 2717 46 2859 46 2819 46 2835 46 2860 46 2696 46 2696 2135 2860 2135 2861 2135 2696 2136 2861 2136 2716 2136 2716 2137 2861 2137 2862 2137 2716 2138 2862 2138 2863 2138 2813 46 2799 46 2811 46 2811 2139 2799 2139 2801 2139 2811 2140 2801 2140 2864 2140 2864 2141 2801 2141 2865 2141 2864 2142 2865 2142 2866 2142 2866 2143 2865 2143 2867 2143 2866 46 2867 46 2868 46 2868 2129 2867 2129 2869 2129 2868 46 2869 46 2870 46 2870 2144 2869 2144 2871 2144 2870 46 2871 46 2872 46 2872 46 2871 46 2873 46 2872 46 2873 46 2874 46 2874 46 2873 46 2875 46 2874 46 2875 46 2876 46 2876 46 2875 46 2877 46 2876 46 2877 46 2878 46 2878 2145 2877 2145 2879 2145 2878 46 2879 46 2880 46 2880 46 2879 46 2716 46 2880 46 2716 46 2881 46 2881 46 2716 46 2863 46 2801 93 2838 93 130 93 130 93 2838 93 120 93 1996 2146 1790 2146 1995 2146 1995 2146 1790 2146 1830 2146 1995 2147 1830 2147 1994 2147 1994 2147 1830 2147 1880 2147 1994 2148 1880 2148 2012 2148 2012 2149 1880 2149 1879 2149 2012 2150 1879 2150 2013 2150 2013 2151 1879 2151 1933 2151 2013 2152 1933 2152 2014 2152 2014 2153 1933 2153 1921 2153 2014 2154 1921 2154 1968 2154 1968 2154 1921 2154 1920 2154 1968 2155 1920 2155 1969 2155 1969 2155 1920 2155 1919 2155 1969 2156 1919 2156 2071 2156 2071 2157 1919 2157 1908 2157 2071 2158 1908 2158 2069 2158 2069 2159 1908 2159 1809 2159 2069 2160 1809 2160 2021 2160 2021 2161 1809 2161 1905 2161 2021 2162 1905 2162 2031 2162 2031 2163 1905 2163 1904 2163 2031 2164 1904 2164 2023 2164 2023 2164 1904 2164 1903 2164 2023 2165 1903 2165 2024 2165 2024 2165 1903 2165 1887 2165 2024 2166 1887 2166 2032 2166 2032 2167 1887 2167 1886 2167 2032 2168 1886 2168 2033 2168 2033 2169 1886 2169 1899 2169 2033 2170 1899 2170 2034 2170 2034 2171 1899 2171 1898 2171 2034 2172 1898 2172 2007 2172 2007 2172 1898 2172 1897 2172 2007 2173 1897 2173 2008 2173 2008 2173 1897 2173 1806 2173 2025 2174 1805 2174 2026 2174 2026 2175 1805 2175 1804 2175 2026 2176 1804 2176 1992 2176 1992 2177 1804 2177 1799 2177 1992 2178 1799 2178 1993 2178 1993 2179 1799 2179 1798 2179 1993 2180 1798 2180 2035 2180 2035 2181 1798 2181 1885 2181 2035 2182 1885 2182 2036 2182 2036 2183 1885 2183 1884 2183 2036 2184 1884 2184 2037 2184 2037 2185 1884 2185 1874 2185 2037 2186 1874 2186 2074 2186 2074 2186 1874 2186 1873 2186 2074 2187 1873 2187 2075 2187 2075 2188 1873 2188 1896 2188 2075 2189 1896 2189 1960 2189 1960 2189 1896 2189 1895 2189 1960 2190 1895 2190 1961 2190 1961 2190 1895 2190 1894 2190 1961 2191 1894 2191 1962 2191 1962 2192 1894 2192 1872 2192 1962 2193 1872 2193 1963 2193 1963 2193 1872 2193 1871 2193 1963 2194 1871 2194 1964 2194 1964 2195 1871 2195 1870 2195 1964 2196 1870 2196 1965 2196 1965 2197 1870 2197 1781 2197 1965 2198 1781 2198 1966 2198 1966 2199 1781 2199 1780 2199 1966 2200 1780 2200 1967 2200 1967 2201 1780 2201 1803 2201 1967 2202 1803 2202 1947 2202 1947 2203 1803 2203 1793 2203 1947 2204 1793 2204 1945 2204 1945 2205 1793 2205 1791 2205 1805 45 2025 45 1806 45 1806 45 2025 45 2008 45 1791 92 1790 92 1945 92 1945 92 1790 92 1996 92 2064 2206 1863 2206 1980 2206 1980 2206 1863 2206 1862 2206 1980 2207 1862 2207 1981 2207 1981 2207 1862 2207 1849 2207 1981 2208 1849 2208 2059 2208 2059 2209 1849 2209 1848 2209 2059 2210 1848 2210 2060 2210 2060 2211 1848 2211 1847 2211 2060 2152 1847 2152 1984 2152 1984 2153 1847 2153 1846 2153 1984 2154 1846 2154 1971 2154 1971 2154 1846 2154 1784 2154 1971 2212 1784 2212 1972 2212 1972 2212 1784 2212 1783 2212 1972 2213 1783 2213 1973 2213 1973 2214 1783 2214 1883 2214 1973 2215 1883 2215 1974 2215 1974 2216 1883 2216 1882 2216 1974 2217 1882 2217 1946 2217 1946 2218 1882 2218 1881 2218 1946 2219 1881 2219 1948 2219 1948 2220 1881 2220 1827 2220 1948 2221 1827 2221 1949 2221 1949 2221 1827 2221 1826 2221 1949 2165 1826 2165 1997 2165 1997 2165 1826 2165 1825 2165 1997 2166 1825 2166 1998 2166 1998 2167 1825 2167 1824 2167 1998 2222 1824 2222 1999 2222 1999 2223 1824 2223 1823 2223 1999 2224 1823 2224 2009 2224 2009 2225 1823 2225 1821 2225 2009 2226 1821 2226 2010 2226 2010 2226 1821 2226 1819 2226 2010 2227 1819 2227 2011 2227 2011 2227 1819 2227 1890 2227 2027 2228 1889 2228 2028 2228 2028 2229 1889 2229 1888 2229 2028 2230 1888 2230 2000 2230 2000 2231 1888 2231 1833 2231 2000 2232 1833 2232 2001 2232 2001 2233 1833 2233 1832 2233 2001 2234 1832 2234 2053 2234 2053 2235 1832 2235 1831 2235 2053 2182 1831 2182 2054 2182 2054 2183 1831 2183 1829 2183 2054 2184 1829 2184 2038 2184 2038 2185 1829 2185 1828 2185 2038 2236 1828 2236 2039 2236 2039 2236 1828 2236 1853 2236 2039 2237 1853 2237 2040 2237 2040 2238 1853 2238 1792 2238 2040 2239 1792 2239 1955 2239 1955 2239 1792 2239 1794 2239 1955 2240 1794 2240 1954 2240 1954 2240 1794 2240 1893 2240 1954 2241 1893 2241 1953 2241 1953 2242 1893 2242 1869 2242 1953 2243 1869 2243 1986 2243 1986 2243 1869 2243 1868 2243 1986 2194 1868 2194 1987 2194 1987 2195 1868 2195 1892 2195 1987 2196 1892 2196 1988 2196 1988 2197 1892 2197 1891 2197 1988 2244 1891 2244 1989 2244 1989 2245 1891 2245 1867 2245 1989 2246 1867 2246 1990 2246 1990 2247 1867 2247 1866 2247 1990 2248 1866 2248 1991 2248 1991 2249 1866 2249 1865 2249 1991 2250 1865 2250 2063 2250 2063 2251 1865 2251 1864 2251 1889 45 2027 45 1890 45 1890 45 2027 45 2011 45 1864 92 1863 92 2063 92 2063 92 1863 92 2064 92 2091 2206 1924 2206 2044 2206 2044 2206 1924 2206 1923 2206 2044 2207 1923 2207 2045 2207 2045 2207 1923 2207 1922 2207 2045 2208 1922 2208 2046 2208 2046 2209 1922 2209 1861 2209 2046 2210 1861 2210 2047 2210 2047 2211 1861 2211 1860 2211 2047 2152 1860 2152 2048 2152 2048 2153 1860 2153 1859 2153 2048 2154 1859 2154 2049 2154 2049 2154 1859 2154 1796 2154 2049 2212 1796 2212 2065 2212 2065 2212 1796 2212 1795 2212 2065 2213 1795 2213 2066 2213 2066 2214 1795 2214 1845 2214 2066 2215 1845 2215 1944 2215 1944 2216 1845 2216 1842 2216 1944 2217 1842 2217 1942 2217 1942 2218 1842 2218 1843 2218 1942 2219 1843 2219 1975 2219 1975 2220 1843 2220 1844 2220 1975 2221 1844 2221 1950 2221 1950 2221 1844 2221 1858 2221 1950 2165 1858 2165 1951 2165 1951 2165 1858 2165 1857 2165 1951 2166 1857 2166 1976 2166 1976 2167 1857 2167 1840 2167 1976 2222 1840 2222 1977 2222 1977 2223 1840 2223 1838 2223 1977 2224 1838 2224 1978 2224 1978 2225 1838 2225 1837 2225 1978 2226 1837 2226 2086 2226 2086 2226 1837 2226 1916 2226 2086 2227 1916 2227 2087 2227 2087 2227 1916 2227 1915 2227 2088 2252 1913 2252 2042 2252 2042 2252 1913 2252 1911 2252 2042 2253 1911 2253 2041 2253 2041 2230 1911 2230 1910 2230 2041 2254 1910 2254 2055 2254 2055 2233 1910 2233 1909 2233 2055 2234 1909 2234 2056 2234 2056 2235 1909 2235 1935 2235 2056 2182 1935 2182 2057 2182 2057 2183 1935 2183 1934 2183 2057 2184 1934 2184 2058 2184 2058 2184 1934 2184 1932 2184 2058 2236 1932 2236 2062 2236 2062 2236 1932 2236 1931 2236 2062 2237 1931 2237 2061 2237 2061 2238 1931 2238 1878 2238 2061 2255 1878 2255 1979 2255 1979 2239 1878 2239 1856 2239 1979 2240 1856 2240 2076 2240 2076 2256 1856 2256 1855 2256 2076 2241 1855 2241 2077 2241 2077 2242 1855 2242 1854 2242 2077 2243 1854 2243 2078 2243 2078 2243 1854 2243 1836 2243 2078 2195 1836 2195 1956 2195 1956 2195 1836 2195 1835 2195 1956 2196 1835 2196 1957 2196 1957 2197 1835 2197 1834 2197 1957 2244 1834 2244 1958 2244 1958 2245 1834 2245 1818 2245 1958 2246 1818 2246 1959 2246 1959 2257 1818 2257 1820 2257 1959 2249 1820 2249 2089 2249 2089 2258 1820 2258 1822 2258 2089 2259 1822 2259 2090 2259 2090 2259 1822 2259 1927 2259 1913 45 2088 45 1915 45 1915 45 2088 45 2087 45 1927 92 1924 92 2090 92 2090 92 1924 92 2091 92 1941 2146 1914 2146 1943 2146 1943 2146 1914 2146 1839 2146 1943 2147 1839 2147 2079 2147 2079 2147 1839 2147 1841 2147 2079 2148 1841 2148 2080 2148 2080 2149 1841 2149 1789 2149 2080 2150 1789 2150 2081 2150 2081 2151 1789 2151 1788 2151 2081 2152 1788 2152 2082 2152 2082 2153 1788 2153 1787 2153 2082 2154 1787 2154 2083 2154 2083 2154 1787 2154 1786 2154 2083 2155 1786 2155 2084 2155 2084 2155 1786 2155 1817 2155 2084 2156 1817 2156 2085 2156 2085 2157 1817 2157 1816 2157 2085 2158 1816 2158 2015 2158 2015 2159 1816 2159 1815 2159 2015 2160 1815 2160 2016 2160 2016 2161 1815 2161 1814 2161 2016 2162 1814 2162 2029 2162 2029 2163 1814 2163 1813 2163 2029 2164 1813 2164 2030 2164 2030 2164 1813 2164 1812 2164 2030 2165 1812 2165 2002 2165 2002 2165 1812 2165 1801 2165 2002 2166 1801 2166 2003 2166 2003 2167 1801 2167 1800 2167 2003 2168 1800 2168 2004 2168 2004 2169 1800 2169 1852 2169 2004 2170 1852 2170 2005 2170 2005 2171 1852 2171 1851 2171 2005 2172 1851 2172 2006 2172 2006 2172 1851 2172 1850 2172 2006 2173 1850 2173 2017 2173 2017 2173 1850 2173 1877 2173 2018 2260 1876 2260 2019 2260 2019 2260 1876 2260 1875 2260 2019 2261 1875 2261 2022 2261 2022 2176 1875 2176 1906 2176 2022 2262 1906 2262 2020 2262 2020 2179 1906 2179 1907 2179 2020 2180 1907 2180 2050 2180 2050 2181 1907 2181 1926 2181 2050 2182 1926 2182 2051 2182 2051 2183 1926 2183 1925 2183 2051 2184 1925 2184 2052 2184 2052 2184 1925 2184 1918 2184 2052 2186 1918 2186 2067 2186 2067 2186 1918 2186 1917 2186 2067 2187 1917 2187 2068 2187 2068 2188 1917 2188 1930 2188 2068 2263 1930 2263 2070 2263 2070 2189 1930 2189 1929 2189 2070 2190 1929 2190 2072 2190 2072 2264 1929 2264 1928 2264 2072 2191 1928 2191 2073 2191 2073 2192 1928 2192 1902 2192 2073 2193 1902 2193 1970 2193 1970 2193 1902 2193 1901 2193 1970 2195 1901 2195 1982 2195 1982 2195 1901 2195 1900 2195 1982 2196 1900 2196 1983 2196 1983 2197 1900 2197 1811 2197 1983 2198 1811 2198 1985 2198 1985 2199 1811 2199 1810 2199 1985 2200 1810 2200 2043 2200 2043 2265 1810 2265 1808 2265 2043 2203 1808 2203 1952 2203 1952 2266 1808 2266 1807 2266 1952 2267 1807 2267 1940 2267 1940 2267 1807 2267 1912 2267 1876 45 2018 45 1877 45 1877 45 2018 45 2017 45 1912 92 1914 92 1940 92 1940 92 1914 92 1941 92 2811 2268 2781 2268 2796 2268 2796 2268 2781 2268 2780 2268 2796 2269 2780 2269 2823 2269 2823 2269 2780 2269 2761 2269 2823 2270 2761 2270 2814 2270 2814 2270 2761 2270 2760 2270 2814 2271 2760 2271 2806 2271 2806 2271 2760 2271 2759 2271 2806 623 2759 623 2807 623 2807 623 2759 623 2758 623 2807 2272 2758 2272 2824 2272 2824 2273 2758 2273 2757 2273 2824 2274 2757 2274 2825 2274 2825 2274 2757 2274 2779 2274 2825 2275 2779 2275 2826 2275 2826 2276 2779 2276 2778 2276 2826 2277 2778 2277 2827 2277 2827 2277 2778 2277 2777 2277 2827 2278 2777 2278 2815 2278 2815 2279 2777 2279 2748 2279 2815 2280 2748 2280 2816 2280 2816 2280 2748 2280 2747 2280 2816 2281 2747 2281 2817 2281 2817 2281 2747 2281 2746 2281 2817 2282 2746 2282 2818 2282 2818 2283 2746 2283 2724 2283 2818 602 2724 602 2830 602 2830 602 2724 602 2723 602 2830 2284 2723 2284 2831 2284 2831 2284 2723 2284 2745 2284 2831 2285 2745 2285 2832 2285 2832 2285 2745 2285 2756 2285 2832 2286 2756 2286 2792 2286 2792 2286 2756 2286 2751 2286 2792 2287 2751 2287 2793 2287 2793 2287 2751 2287 2753 2287 2793 2288 2753 2288 2833 2288 2833 2288 2753 2288 2763 2288 2833 2289 2763 2289 2834 2289 2834 2289 2763 2289 2762 2289 2834 2290 2762 2290 2835 2290 2835 2290 2762 2290 2727 2290 2835 2291 2727 2291 2860 2291 2860 2291 2727 2291 2726 2291 2860 611 2726 611 2861 611 2861 611 2726 611 2776 611 2861 2292 2776 2292 2862 2292 2862 2293 2776 2293 2775 2293 2862 2294 2775 2294 2863 2294 2863 2294 2775 2294 2774 2294 2863 2295 2774 2295 2881 2295 2881 2295 2774 2295 2773 2295 2881 2296 2773 2296 2880 2296 2880 2297 2773 2297 2791 2297 2880 2298 2791 2298 2878 2298 2878 2298 2791 2298 2790 2298 2878 2299 2790 2299 2876 2299 2876 2300 2790 2300 2789 2300 2876 2301 2789 2301 2874 2301 2874 2301 2789 2301 2788 2301 2874 2302 2788 2302 2872 2302 2872 2303 2788 2303 2787 2303 2872 2304 2787 2304 2870 2304 2870 2304 2787 2304 2785 2304 2870 2305 2785 2305 2868 2305 2868 2305 2785 2305 2784 2305 2868 2306 2784 2306 2866 2306 2866 2306 2784 2306 2783 2306 2866 2307 2783 2307 2864 2307 2864 2307 2783 2307 2782 2307 2864 2308 2782 2308 2811 2308 2811 2308 2782 2308 2781 2308 2842 2309 2743 2309 2844 2309 2844 2309 2743 2309 2742 2309 2844 2310 2742 2310 2846 2310 2846 2310 2742 2310 2741 2310 2846 2311 2741 2311 2848 2311 2848 2311 2741 2311 2740 2311 2848 2271 2740 2271 2850 2271 2850 2271 2740 2271 2739 2271 2850 2312 2739 2312 2852 2312 2852 2312 2739 2312 2738 2312 2852 2313 2738 2313 2854 2313 2854 2314 2738 2314 2736 2314 2854 2274 2736 2274 2856 2274 2856 2274 2736 2274 2735 2274 2856 2275 2735 2275 2858 2275 2858 2276 2735 2276 2734 2276 2858 2315 2734 2315 2859 2315 2859 2316 2734 2316 2733 2316 2859 2317 2733 2317 2819 2317 2819 2318 2733 2318 2732 2318 2819 2280 2732 2280 2820 2280 2820 2280 2732 2280 2731 2280 2820 2281 2731 2281 2821 2281 2821 2281 2731 2281 2730 2281 2821 2319 2730 2319 2822 2319 2822 2320 2730 2320 2729 2320 2822 2321 2729 2321 2803 2321 2803 2321 2729 2321 2728 2321 2803 2284 2728 2284 2804 2284 2804 2284 2728 2284 2722 2284 2804 2322 2722 2322 2805 2322 2805 2322 2722 2322 2721 2322 2805 2323 2721 2323 2829 2323 2829 2323 2721 2323 2720 2323 2829 2324 2720 2324 2828 2324 2828 2324 2720 2324 2719 2324 2828 2325 2719 2325 2808 2325 2808 2325 2719 2325 2718 2325 2808 2326 2718 2326 2794 2326 2794 2326 2718 2326 2767 2326 2794 2327 2767 2327 2795 2327 2795 2327 2767 2327 2766 2327 2795 2291 2766 2291 2797 2291 2797 2291 2766 2291 2765 2291 2797 2328 2765 2328 2798 2328 2798 2328 2765 2328 2764 2328 2798 2292 2764 2292 2809 2292 2809 2293 2764 2293 2770 2293 2809 2329 2770 2329 2810 2329 2810 2329 2770 2329 2769 2329 2810 2295 2769 2295 2812 2295 2812 2295 2769 2295 2768 2295 2812 2330 2768 2330 2813 2330 2813 2331 2768 2331 2755 2331 2813 2332 2755 2332 2799 2332 2799 2332 2755 2332 2754 2332 2799 2299 2754 2299 2800 2299 2800 2300 2754 2300 2752 2300 2800 2333 2752 2333 2802 2333 2802 2333 2752 2333 2750 2333 2802 2302 2750 2302 2836 2302 2836 2303 2750 2303 2749 2303 2836 2334 2749 2334 2837 2334 2837 2334 2749 2334 2725 2334 2837 2305 2725 2305 2839 2305 2839 2305 2725 2305 2772 2305 2839 2335 2772 2335 2840 2335 2840 2335 2772 2335 2771 2335 2840 2336 2771 2336 2841 2336 2841 2336 2771 2336 2744 2336 2841 2337 2744 2337 2842 2337 2842 2337 2744 2337 2743 2337 94 780 2716 780 2879 780 94 1436 2879 1436 140 1436 140 779 2879 779 2877 779 140 779 2877 779 142 779 142 1437 2877 1437 2875 1437 142 778 2875 778 144 778 144 777 2875 777 2873 777 144 2338 2873 2338 2786 2338 2786 776 2873 776 2871 776 2786 776 2871 776 148 776 148 774 2871 774 2869 774 148 774 2869 774 150 774 150 773 2869 773 2867 773 150 772 2867 772 152 772 152 771 2867 771 2865 771 152 771 2865 771 154 771 154 770 2865 770 2801 770 154 770 2801 770 130 770 120 795 2838 795 2843 795 120 795 2843 795 171 795 171 794 2843 794 2845 794 171 794 2845 794 173 794 173 793 2845 793 2847 793 173 792 2847 792 175 792 175 791 2847 791 2849 791 175 790 2849 790 177 790 177 789 2849 789 2851 789 177 789 2851 789 2737 789 2737 787 2851 787 2853 787 2737 2339 2853 2339 181 2339 181 1434 2853 1434 2855 1434 181 784 2855 784 183 784 183 783 2855 783 2857 783 183 782 2857 782 185 782 185 781 2857 781 2717 781 185 1435 2717 1435 102 1435 2143 885 2142 885 2533 885 2143 1433 2533 1433 2213 1433 2213 1432 2533 1432 2433 1432 2213 884 2433 884 2214 884 2214 2340 2433 2340 2432 2340 2214 1431 2432 1431 2215 1431 2215 880 2432 880 2431 880 2215 1430 2431 1430 2210 1430 2210 1429 2431 1429 2428 1429 2210 2341 2428 2341 2211 2341 2211 1428 2428 1428 2429 1428 2211 2342 2429 2342 2212 2342 2212 2343 2429 2343 2430 2343 2212 2344 2430 2344 2200 2344 2200 1425 2430 1425 2448 1425 2200 1425 2448 1425 2202 1425 2202 2345 2448 2345 2436 2345 2202 1423 2436 1423 2187 1423 2164 1422 2410 1422 2424 1422 2164 2346 2424 2346 2175 2346 2175 1420 2424 1420 2426 1420 2175 1420 2426 1420 2173 1420 2173 1418 2426 1418 2427 1418 2173 2347 2427 2347 2171 2347 2171 2348 2427 2348 2420 2348 2171 2349 2420 2349 2170 2349 2170 2350 2420 2350 2418 2350 2170 2351 2418 2351 2168 2351 2168 1414 2418 1414 2499 1414 2168 1415 2499 1415 2161 1415 2161 1413 2499 1413 2498 1413 2161 2352 2498 2352 2260 2352 2260 2353 2498 2353 2496 2353 2260 1412 2496 1412 2261 1412 2261 1411 2496 1411 2152 1411 2261 864 2152 864 2153 864 2459 2354 2220 2354 2460 2354 2460 669 2220 669 2219 669 2460 2355 2219 2355 2461 2355 2461 2356 2219 2356 2230 2356 2461 673 2230 673 2464 673 2464 673 2230 673 2229 673 2464 2357 2229 2357 2465 2357 2465 2357 2229 2357 2225 2357 2465 2358 2225 2358 2466 2358 2466 2359 2225 2359 2224 2359 2466 2360 2224 2360 2470 2360 2470 2360 2224 2360 2223 2360 2470 2361 2223 2361 2471 2361 2471 680 2223 680 2218 680 2471 681 2218 681 2472 681 2472 681 2218 681 2217 681 2472 2362 2217 2362 2473 2362 2473 684 2217 684 2216 684 2473 2363 2216 2363 2474 2363 2474 685 2216 685 2249 685 2474 2364 2249 2364 2475 2364 2475 687 2249 687 2248 687 2475 2365 2248 2365 2477 2365 2477 688 2248 688 2247 688 2477 2366 2247 2366 2478 2366 2478 690 2247 690 2246 690 2478 691 2246 691 2487 691 2487 692 2246 692 2245 692 2487 693 2245 693 2488 693 2488 2367 2245 2367 2244 2367 2488 696 2244 696 2489 696 2489 696 2244 696 2243 696 2489 2368 2243 2368 2490 2368 2490 2369 2243 2369 2252 2369 2490 2370 2252 2370 2491 2370 2491 2371 2252 2371 2251 2371 2491 2372 2251 2372 2492 2372 2492 638 2251 638 2250 638 2492 2373 2250 2373 2479 2373 2479 2374 2250 2374 2242 2374 2479 641 2242 641 2480 641 2480 641 2242 641 2241 641 2480 2375 2241 2375 2482 2375 2482 644 2241 644 2240 644 2482 645 2240 645 2483 645 2483 646 2240 646 2235 646 2483 647 2235 647 2484 647 2484 2376 2235 2376 2234 2376 2484 649 2234 649 2485 649 2485 2377 2234 2377 2239 2377 2485 650 2239 650 2486 650 2486 2378 2239 2378 2238 2378 2486 652 2238 652 2455 652 2455 2379 2238 2379 2237 2379 2455 653 2237 653 2456 653 2456 2380 2237 2380 2231 2380 2456 656 2231 656 2467 656 2467 656 2231 656 2232 656 2467 657 2232 657 2462 657 2462 2381 2232 2381 2233 2381 2462 2382 2233 2382 2463 2382 2463 2382 2233 2382 2228 2382 2463 2383 2228 2383 2468 2383 2468 2384 2228 2384 2227 2384 2468 2385 2227 2385 2469 2385 2469 2385 2227 2385 2226 2385 2469 664 2226 664 2457 664 2457 664 2226 664 2222 664 2457 2386 2222 2386 2458 2386 2458 667 2222 667 2221 667 2458 2387 2221 2387 2459 2387 2459 668 2221 668 2220 668 2606 2354 2155 2354 2607 2354 2607 669 2155 669 2154 669 2607 2355 2154 2355 2574 2355 2574 2356 2154 2356 2361 2356 2574 673 2361 673 2575 673 2575 673 2361 673 2360 673 2575 2357 2360 2357 2576 2357 2576 2357 2360 2357 2344 2357 2576 2358 2344 2358 2577 2358 2577 2359 2344 2359 2343 2359 2577 2360 2343 2360 2585 2360 2585 2360 2343 2360 2342 2360 2585 2361 2342 2361 2586 2361 2586 680 2342 680 2332 680 2586 681 2332 681 2578 681 2578 681 2332 681 2331 681 2578 2362 2331 2362 2580 2362 2580 684 2331 684 2336 684 2580 2363 2336 2363 2581 2363 2581 685 2336 685 2337 685 2581 2364 2337 2364 2587 2364 2587 687 2337 687 2359 687 2587 2365 2359 2365 2588 2365 2588 688 2359 688 2358 688 2588 2366 2358 2366 2589 2366 2589 690 2358 690 2357 690 2589 691 2357 691 2596 691 2596 692 2357 692 2356 692 2596 693 2356 693 2597 693 2597 2367 2356 2367 2355 2367 2597 696 2355 696 2598 696 2598 696 2355 696 2354 696 2598 2368 2354 2368 2599 2368 2599 2369 2354 2369 2353 2369 2599 2370 2353 2370 2600 2370 2600 2371 2353 2371 2352 2371 2600 2372 2352 2372 2601 2372 2601 638 2352 638 2351 638 2601 2373 2351 2373 2590 2373 2590 2374 2351 2374 2350 2374 2590 641 2350 641 2591 641 2591 641 2350 641 2349 641 2591 2375 2349 2375 2592 2375 2592 644 2349 644 2348 644 2592 645 2348 645 2582 645 2582 646 2348 646 2347 646 2582 647 2347 647 2583 647 2583 2376 2347 2376 2346 2376 2583 649 2346 649 2584 649 2584 2377 2346 2377 2345 2377 2584 650 2345 650 2571 650 2571 2378 2345 2378 2330 2378 2571 652 2330 652 2572 652 2572 2379 2330 2379 2329 2379 2572 653 2329 653 2573 653 2573 2380 2329 2380 2327 2380 2573 656 2327 656 2593 656 2593 656 2327 656 2335 656 2593 657 2335 657 2594 657 2594 2381 2335 2381 2334 2381 2594 2382 2334 2382 2595 2382 2595 2382 2334 2382 2333 2382 2595 2383 2333 2383 2602 2383 2602 2384 2333 2384 2341 2384 2602 2385 2341 2385 2603 2385 2603 2385 2341 2385 2340 2385 2603 664 2340 664 2604 664 2604 664 2340 664 2339 664 2604 2386 2339 2386 2605 2386 2605 667 2339 667 2338 667 2605 2387 2338 2387 2606 2387 2606 668 2338 668 2155 668 2634 2388 2158 2388 2635 2388 2635 724 2158 724 2157 724 2635 2389 2157 2389 2636 2389 2636 2390 2157 2390 2323 2390 2636 673 2323 673 2637 673 2637 673 2323 673 2322 673 2637 2391 2322 2391 2638 2391 2638 2391 2322 2391 2321 2391 2638 2392 2321 2392 2639 2392 2639 2393 2321 2393 2320 2393 2639 2394 2320 2394 2640 2394 2640 2394 2320 2394 2319 2394 2640 2361 2319 2361 2641 2361 2641 680 2319 680 2318 680 2641 730 2318 730 2642 730 2642 730 2318 730 2317 730 2642 2395 2317 2395 2643 2395 2643 733 2317 733 2316 733 2643 2396 2316 2396 2614 2396 2614 734 2316 734 2315 734 2614 2397 2315 2397 2612 2397 2612 736 2315 736 2314 736 2612 2365 2314 2365 2613 2365 2613 688 2314 688 2313 688 2613 2398 2313 2398 2623 2398 2623 2399 2313 2399 2312 2399 2623 2400 2312 2400 2624 2400 2624 2401 2312 2401 2307 2401 2624 739 2307 739 2625 739 2625 2402 2307 2402 2306 2402 2625 696 2306 696 2626 696 2626 696 2306 696 2311 696 2626 2403 2311 2403 2627 2403 2627 2404 2311 2404 2326 2404 2627 2405 2326 2405 2616 2405 2616 2406 2326 2406 2325 2406 2616 2407 2325 2407 2615 2407 2615 700 2325 700 2324 700 2615 2408 2324 2408 2617 2408 2617 2409 2324 2409 2310 2409 2617 641 2310 641 2618 641 2618 641 2310 641 2309 641 2618 2410 2309 2410 2608 2410 2608 704 2309 704 2308 704 2608 705 2308 705 2609 705 2609 706 2308 706 2298 706 2609 707 2298 707 2610 707 2610 2411 2298 2411 2297 2411 2610 649 2297 649 2611 649 2611 2377 2297 2377 2295 2377 2611 709 2295 709 2619 709 2619 2412 2295 2412 2294 2412 2619 711 2294 711 2620 711 2620 2413 2294 2413 2305 2413 2620 712 2305 712 2621 712 2621 2414 2305 2414 2304 2414 2621 715 2304 715 2622 715 2622 715 2304 715 2303 715 2622 657 2303 657 2628 657 2628 2381 2303 2381 2302 2381 2628 2415 2302 2415 2629 2415 2629 2415 2302 2415 2301 2415 2629 2416 2301 2416 2630 2416 2630 2417 2301 2417 2300 2417 2630 2418 2300 2418 2631 2418 2631 2418 2300 2418 2293 2418 2631 664 2293 664 2632 664 2632 664 2293 664 2292 664 2632 2419 2292 2419 2633 2419 2633 722 2292 722 2299 722 2633 2420 2299 2420 2634 2420 2634 723 2299 723 2158 723 2408 2388 2182 2388 2409 2388 2409 724 2182 724 2163 724 2409 2389 2163 2389 2422 2389 2422 2390 2163 2390 2162 2390 2422 673 2162 673 2423 673 2423 673 2162 673 2181 673 2423 2391 2181 2391 2425 2391 2425 2391 2181 2391 2174 2391 2425 2392 2174 2392 2421 2392 2421 2393 2174 2393 2172 2393 2421 2394 2172 2394 2419 2394 2419 2394 2172 2394 2169 2394 2419 2361 2169 2361 2417 2361 2417 680 2169 680 2160 680 2417 730 2160 730 2497 730 2497 730 2160 730 2159 730 2497 2395 2159 2395 2495 2395 2495 733 2159 733 2262 733 2495 2396 2262 2396 2494 2396 2494 734 2262 734 2263 734 2494 2397 2263 2397 2493 2397 2493 736 2263 736 2257 736 2493 2365 2257 2365 2503 2365 2503 688 2257 688 2270 688 2503 2398 2270 2398 2504 2398 2504 2399 2270 2399 2269 2399 2504 2400 2269 2400 2505 2400 2505 2401 2269 2401 2266 2401 2505 739 2266 739 2506 739 2506 2402 2266 2402 2267 2402 2506 696 2267 696 2507 696 2507 696 2267 696 2268 696 2507 2403 2268 2403 2508 2403 2508 2404 2268 2404 2273 2404 2508 2405 2273 2405 2509 2405 2509 2406 2273 2406 2272 2406 2509 2407 2272 2407 2510 2407 2510 700 2272 700 2271 700 2510 2408 2271 2408 2511 2408 2511 2409 2271 2409 2259 2409 2511 641 2259 641 2500 641 2500 641 2259 641 2258 641 2500 2410 2258 2410 2501 2410 2501 704 2258 704 2265 704 2501 705 2265 705 2512 705 2512 706 2265 706 2264 706 2512 707 2264 707 2513 707 2513 2411 2264 2411 2256 2411 2513 649 2256 649 2502 649 2502 2377 2256 2377 2255 2377 2502 709 2255 709 2407 709 2407 2412 2255 2412 2254 2412 2407 711 2254 711 2406 711 2406 2413 2254 2413 2253 2413 2406 712 2253 712 2404 712 2404 2414 2253 2414 2166 2414 2404 715 2166 715 2402 715 2402 715 2166 715 2165 715 2402 657 2165 657 2411 657 2411 2381 2165 2381 2180 2381 2411 2415 2180 2415 2412 2415 2412 2415 2180 2415 2179 2415 2412 2416 2179 2416 2413 2416 2413 2417 2179 2417 2177 2417 2413 2418 2177 2418 2414 2418 2414 2418 2177 2418 2176 2418 2414 664 2176 664 2415 664 2415 664 2176 664 2184 664 2415 2419 2184 2419 2416 2419 2416 722 2184 722 2183 722 2416 2420 2183 2420 2408 2420 2408 723 2183 723 2182 723 2442 2354 2185 2354 2441 2354 2441 669 2185 669 2195 669 2441 2355 2195 2355 2439 2355 2439 2356 2195 2356 2194 2356 2439 673 2194 673 2443 673 2443 673 2194 673 2193 673 2443 2357 2193 2357 2444 2357 2444 2357 2193 2357 2192 2357 2444 2358 2192 2358 2445 2358 2445 2359 2192 2359 2191 2359 2445 2360 2191 2360 2451 2360 2451 2360 2191 2360 2189 2360 2451 2361 2189 2361 2452 2361 2452 680 2189 680 2188 680 2452 681 2188 681 2454 681 2454 681 2188 681 2196 681 2454 2362 2196 2362 2529 2362 2529 684 2196 684 2198 684 2529 2363 2198 2363 2530 2363 2530 685 2198 685 2291 685 2530 2364 2291 2364 2531 2364 2531 687 2291 687 2290 687 2531 2365 2290 2365 2514 2365 2514 688 2290 688 2289 688 2514 2366 2289 2366 2515 2366 2515 690 2289 690 2285 690 2515 691 2285 691 2516 691 2516 692 2285 692 2284 692 2516 693 2284 693 2517 693 2517 2367 2284 2367 2283 2367 2517 696 2283 696 2518 696 2518 696 2283 696 2282 696 2518 2368 2282 2368 2519 2368 2519 2369 2282 2369 2281 2369 2519 2370 2281 2370 2521 2370 2521 2371 2281 2371 2280 2371 2521 2372 2280 2372 2522 2372 2522 638 2280 638 2279 638 2522 2373 2279 2373 2523 2373 2523 2374 2279 2374 2278 2374 2523 641 2278 641 2524 641 2524 641 2278 641 2277 641 2524 2375 2277 2375 2525 2375 2525 644 2277 644 2275 644 2525 645 2275 645 2526 645 2526 646 2275 646 2274 646 2526 647 2274 647 2527 647 2527 2376 2274 2376 2288 2376 2527 649 2288 649 2528 649 2528 2377 2288 2377 2287 2377 2528 650 2287 650 2399 650 2399 2378 2287 2378 2286 2378 2399 652 2286 652 2400 652 2400 2379 2286 2379 2209 2379 2400 653 2209 653 2437 653 2437 2380 2209 2380 2208 2380 2437 656 2208 656 2438 656 2438 656 2208 656 2206 656 2438 657 2206 657 2446 657 2446 2381 2206 2381 2205 2381 2446 2382 2205 2382 2447 2382 2447 2382 2205 2382 2199 2382 2447 2383 2199 2383 2449 2383 2449 2384 2199 2384 2201 2384 2449 2385 2201 2385 2450 2385 2450 2385 2201 2385 2203 2385 2450 664 2203 664 2434 664 2434 664 2203 664 2204 664 2434 2386 2204 2386 2435 2386 2435 667 2204 667 2186 667 2435 2387 2186 2387 2442 2387 2442 668 2186 668 2185 668 2556 2354 2398 2354 2557 2354 2557 669 2398 669 2397 669 2557 2355 2397 2355 2534 2355 2534 2356 2397 2356 2396 2356 2534 673 2396 673 2535 673 2535 673 2396 673 2392 673 2535 2357 2392 2357 2536 2357 2536 2357 2392 2357 2391 2357 2536 2358 2391 2358 2537 2358 2537 2359 2391 2359 2390 2359 2537 2360 2390 2360 2540 2360 2540 2360 2390 2360 2373 2360 2540 2361 2373 2361 2541 2361 2541 680 2373 680 2372 680 2541 681 2372 681 2542 681 2542 681 2372 681 2389 681 2542 2362 2389 2362 2558 2362 2558 684 2389 684 2388 684 2558 2363 2388 2363 2559 2363 2559 685 2388 685 2387 685 2559 2364 2387 2364 2544 2364 2544 687 2387 687 2384 687 2544 2365 2384 2365 2545 2365 2545 688 2384 688 2383 688 2545 2366 2383 2366 2560 2366 2560 690 2383 690 2382 690 2560 691 2382 691 2561 691 2561 692 2382 692 2379 692 2561 693 2379 693 2562 693 2562 2367 2379 2367 2380 2367 2562 696 2380 696 2563 696 2563 696 2380 696 2381 696 2563 2368 2381 2368 2564 2368 2564 2369 2381 2369 2395 2369 2564 2370 2395 2370 2565 2370 2565 2371 2395 2371 2394 2371 2565 2372 2394 2372 2546 2372 2546 638 2394 638 2393 638 2546 2373 2393 2373 2547 2373 2547 2374 2393 2374 2378 2374 2547 641 2378 641 2548 641 2548 641 2378 641 2377 641 2548 2375 2377 2375 2549 2375 2549 644 2377 644 2386 644 2549 645 2386 645 2550 645 2550 646 2386 646 2385 646 2550 647 2385 647 2551 647 2551 2376 2385 2376 2376 2376 2551 649 2376 649 2552 649 2552 2377 2376 2377 2375 2377 2552 650 2375 650 2568 650 2568 2378 2375 2378 2374 2378 2568 652 2374 652 2569 652 2569 2379 2374 2379 2368 2379 2569 653 2368 653 2570 653 2570 2380 2368 2380 2370 2380 2570 656 2370 656 2553 656 2553 656 2370 656 2371 656 2553 657 2371 657 2538 657 2538 2381 2371 2381 2367 2381 2538 2382 2367 2382 2539 2382 2539 2382 2367 2382 2366 2382 2539 2383 2366 2383 2566 2383 2566 2384 2366 2384 2365 2384 2566 2385 2365 2385 2567 2385 2567 2385 2365 2385 2362 2385 2567 664 2362 664 2554 664 2554 664 2362 664 2363 664 2554 2386 2363 2386 2555 2386 2555 667 2363 667 2364 667 2555 2387 2364 2387 2556 2387 2556 668 2364 668 2398 668 2882 146 2883 146 2884 146 2885 146 2886 146 2887 146 2888 146 2889 146 2887 146 2887 2421 2889 2421 2890 2421 2887 2422 2890 2422 2891 2422 2892 146 2893 146 2894 146 2894 2423 2893 2423 2895 2423 2894 146 2895 146 2896 146 2897 146 2898 146 2887 146 2899 2424 2900 2424 2901 2424 2902 2425 2903 2425 2904 2425 2882 146 2884 146 2905 146 2901 146 2906 146 2899 146 2899 2426 2906 2426 2907 2426 2899 146 2907 146 2908 146 2909 2427 2910 2427 2911 2427 2911 2428 2910 2428 2912 2428 2911 2429 2912 2429 2913 2429 2903 146 2914 146 2904 146 2904 2430 2914 2430 2915 2430 2904 2431 2915 2431 2916 2431 2916 146 2917 146 2904 146 2904 2432 2917 2432 2918 2432 2904 146 2918 146 2887 146 2887 2433 2918 2433 2919 2433 2887 2434 2919 2434 2888 2434 2920 2435 2921 2435 2922 2435 2922 2436 2921 2436 2923 2436 2922 2437 2923 2437 2924 2437 2924 2438 2923 2438 2925 2438 2924 2439 2925 2439 2926 2439 2926 146 2927 146 2924 146 2924 146 2927 146 2928 146 2924 2440 2928 2440 2929 2440 2930 146 2931 146 2932 146 2931 2441 2933 2441 2932 2441 2932 2442 2933 2442 2934 2442 2932 2443 2934 2443 2935 2443 2920 146 2936 146 2921 146 2921 2444 2936 2444 2937 2444 2921 146 2937 146 2938 146 2939 2445 2940 2445 2941 2445 2941 2446 2940 2446 2942 2446 2891 146 2943 146 2944 146 2944 2447 2943 2447 2941 2447 2944 146 2941 146 2945 146 2945 146 2941 146 2946 146 2891 2448 2944 2448 2887 2448 2887 2449 2944 2449 2947 2449 2887 2450 2947 2450 2897 2450 2886 2451 2948 2451 2887 2451 2887 2452 2948 2452 2949 2452 2887 146 2949 146 2884 146 2884 2453 2949 2453 2950 2453 2884 2454 2950 2454 2951 2454 2952 146 2953 146 2904 146 2904 2455 2953 2455 2954 2455 2904 2456 2954 2456 2902 2456 2892 146 2894 146 2932 146 2932 2457 2894 2457 2955 2457 2932 2458 2955 2458 2930 2458 2938 146 2956 146 2921 146 2921 2459 2956 2459 2957 2459 2921 2460 2957 2460 2958 2460 2942 2461 2959 2461 2941 2461 2941 2462 2959 2462 2960 2462 2941 2463 2960 2463 2946 2463 2898 2464 2961 2464 2887 2464 2887 2465 2961 2465 2962 2465 2887 2466 2962 2466 2963 2466 2951 2467 2964 2467 2884 2467 2884 2468 2964 2468 2965 2468 2884 146 2965 146 2966 146 2966 146 2967 146 2884 146 2884 2469 2967 2469 2968 2469 2884 2470 2968 2470 2969 2470 2884 2471 2970 2471 2971 2471 2883 2472 2972 2472 2884 2472 2884 2473 2972 2473 2973 2473 2884 2474 2973 2474 2974 2474 2975 146 2976 146 2899 146 2977 2475 2978 2475 2904 2475 2904 146 2978 146 2979 146 2904 2476 2979 2476 2952 2476 2980 1520 2981 1520 2958 1520 2958 2477 2981 2477 2982 2477 2958 146 2982 146 2921 146 2929 146 2983 146 2924 146 2924 2478 2983 2478 2984 2478 2924 2479 2984 2479 2985 2479 2976 2480 2986 2480 2899 2480 2899 2481 2986 2481 2987 2481 2899 2482 2987 2482 2900 2482 2988 2483 2989 2483 2904 2483 2935 146 2990 146 2932 146 2932 2484 2990 2484 2991 2484 2932 2485 2991 2485 2982 2485 2982 146 2991 146 2992 146 2982 2486 2992 2486 2921 2486 2969 2487 2993 2487 2884 2487 2884 2488 2993 2488 2994 2488 2884 2489 2994 2489 2970 2489 2971 146 2995 146 2884 146 2884 2490 2995 2490 2896 2490 2884 146 2896 146 2905 146 2905 146 2896 146 2895 146 2974 146 2996 146 2884 146 2884 2491 2996 2491 2997 2491 2884 146 2997 146 2899 146 2899 2492 2997 2492 2998 2492 2899 2493 2998 2493 2975 2493 2908 2494 2999 2494 2899 2494 2899 2495 2999 2495 3000 2495 2899 146 3000 146 2904 146 2904 2496 3000 2496 3001 2496 2904 2497 3001 2497 2988 2497 2913 146 3002 146 2911 146 2911 146 3002 146 3003 146 2911 2498 3003 2498 3004 2498 2989 146 3005 146 2904 146 2904 2499 3005 2499 3006 2499 2904 2500 3006 2500 2977 2500 2977 2501 3006 2501 3007 2501 2977 2502 3007 2502 3008 2502 3008 146 3007 146 3009 146 3010 146 3011 146 2911 146 2911 1495 3011 1495 3012 1495 2911 1496 3012 1496 2909 1496 2909 2503 3012 2503 3013 2503 2909 146 3013 146 3014 146 3014 2504 3013 2504 3015 2504 3014 146 3015 146 3016 146 3016 146 3015 146 3017 146 3016 146 3017 146 2941 146 2941 2505 3017 2505 3018 2505 2941 2506 3018 2506 2939 2506 3019 2507 3020 2507 3007 2507 3010 146 3021 146 3011 146 3011 1537 3021 1537 3022 1537 3011 2508 3022 2508 3023 2508 2963 146 3024 146 2887 146 2887 2509 3024 2509 3025 2509 2887 2510 3025 2510 3026 2510 3020 146 3027 146 3007 146 3007 146 3027 146 3028 146 3007 2511 3028 2511 3009 2511 3026 146 3029 146 2887 146 2887 2512 3029 2512 2924 2512 2887 2513 2924 2513 2885 2513 2885 2514 2924 2514 2985 2514 3004 2515 3030 2515 2911 2515 2911 146 3030 146 3031 146 2911 146 3031 146 3007 146 3007 146 3031 146 3032 146 3007 146 3032 146 3019 146 2980 146 3033 146 2981 146 2981 1527 3033 1527 3034 1527 2981 146 3034 146 3035 146 3035 2516 3034 2516 3036 2516 3035 2517 3036 2517 3023 2517 3023 2518 3036 2518 3037 2518 3023 2519 3037 2519 3011 2519 2884 92 3038 92 2887 92 2887 92 3038 92 3039 92 3040 45 2899 45 3041 45 3041 45 2899 45 2904 45 3042 93 3043 93 3044 93 3044 2520 3043 2520 3045 2520 3044 2521 3045 2521 3046 2521 3047 93 3048 93 3049 93 3049 2522 3048 2522 3050 2522 3049 2523 3050 2523 3051 2523 3052 2524 3053 2524 3054 2524 3055 93 3038 93 3056 93 3056 93 3038 93 3057 93 3058 2525 3059 2525 3038 2525 3038 2526 3059 2526 3060 2526 3038 2527 3060 2527 3061 2527 3040 93 3062 93 3038 93 3038 2528 3062 2528 3063 2528 3038 2529 3063 2529 3064 2529 3064 93 3065 93 3038 93 3038 2530 3065 2530 3066 2530 3038 2531 3066 2531 3067 2531 3067 93 3068 93 3038 93 3038 2532 3068 2532 3069 2532 3038 2533 3069 2533 3057 2533 3057 2534 3069 2534 3049 2534 3070 93 3071 93 3072 93 3073 93 3074 93 3072 93 3072 2535 3074 2535 3075 2535 3072 2536 3075 2536 3076 2536 3042 93 3044 93 3054 93 3054 2522 3044 2522 3077 2522 3054 2523 3077 2523 3052 2523 3053 93 3078 93 3054 93 3054 2537 3078 2537 3079 2537 3054 2538 3079 2538 3080 2538 3081 2539 3082 2539 3083 2539 3072 93 3084 93 3073 93 3073 2540 3084 2540 3085 2540 3073 93 3085 93 3086 93 3086 2541 3085 2541 3087 2541 3055 93 3088 93 3038 93 3038 2542 3088 2542 3089 2542 3038 2543 3089 2543 3090 2543 3090 2544 3091 2544 3038 2544 3038 2545 3091 2545 3092 2545 3038 2546 3092 2546 3093 2546 3094 93 3095 93 3040 93 3096 93 3076 93 3097 93 3097 2547 3076 2547 3048 2547 3097 93 3048 93 3098 93 3098 93 3048 93 3047 93 3051 2524 3099 2524 3049 2524 3049 2548 3099 2548 3100 2548 3049 2537 3100 2537 3101 2537 3102 2549 3103 2549 3049 2549 3041 2550 3104 2550 3105 2550 3105 93 3106 93 3041 93 3041 2551 3106 2551 3107 2551 3041 2552 3107 2552 3108 2552 3040 2553 3109 2553 3110 2553 3101 2554 3111 2554 3049 2554 3049 2555 3111 2555 3112 2555 3049 2556 3112 2556 3113 2556 3096 2557 3114 2557 3076 2557 3076 2558 3114 2558 3115 2558 3076 2559 3115 2559 3072 2559 3072 93 3115 93 3116 93 3072 93 3116 93 3070 93 3041 2560 3117 2560 3118 2560 3108 2561 3119 2561 3041 2561 3041 93 3119 93 3120 93 3041 2562 3120 2562 3121 2562 3122 93 3123 93 3124 93 3124 2563 3123 2563 3121 2563 3041 2564 3125 2564 3126 2564 3110 93 3127 93 3040 93 3040 2565 3127 2565 3128 2565 3040 2566 3128 2566 3094 2566 3113 93 3129 93 3049 93 3049 2567 3129 2567 3130 2567 3049 2568 3130 2568 3102 2568 3118 93 3131 93 3041 93 3041 2569 3131 2569 3132 2569 3041 2570 3132 2570 3104 2570 3121 93 3123 93 3041 93 3041 2571 3123 2571 3133 2571 3041 2572 3133 2572 3125 2572 3126 2573 3134 2573 3041 2573 3041 2574 3134 2574 3135 2574 3041 93 3135 93 3040 93 3040 2575 3135 2575 3136 2575 3040 2576 3136 2576 3109 2576 3095 93 3137 93 3040 93 3040 2577 3137 2577 3138 2577 3040 2578 3138 2578 3139 2578 3140 93 3141 93 3049 93 3049 2579 3141 2579 3142 2579 3049 2580 3142 2580 3057 2580 3143 93 3087 93 3144 93 3144 2581 3087 2581 3145 2581 3146 93 3147 93 3039 93 3039 2582 3147 2582 3148 2582 3148 2583 3149 2583 3039 2583 3039 2584 3149 2584 3150 2584 3039 2585 3150 2585 3151 2585 3122 93 3152 93 3123 93 3123 93 3152 93 3153 93 3123 2586 3153 2586 3154 2586 3103 93 3155 93 3049 93 3049 2587 3155 2587 3156 2587 3049 2588 3156 2588 3140 2588 3143 93 3157 93 3087 93 3087 2589 3157 2589 3158 2589 3087 2590 3158 2590 3086 2590 3086 2591 3158 2591 3159 2591 3086 93 3159 93 3160 93 3083 93 3161 93 3081 93 3081 2592 3161 2592 3162 2592 3081 93 3162 93 3163 93 3163 2593 3162 2593 3086 2593 3163 93 3086 93 3164 93 3164 93 3086 93 3160 93 3093 2594 3165 2594 3038 2594 3038 93 3165 93 3166 93 3038 2595 3166 2595 3082 2595 3151 93 3167 93 3039 93 3039 2596 3167 2596 3168 2596 3039 2597 3168 2597 3046 2597 3154 2598 3169 2598 3123 2598 3123 93 3169 93 3170 93 3123 93 3170 93 3171 93 3171 93 3170 93 3172 93 3171 93 3172 93 3173 93 3173 93 3172 93 3174 93 3173 93 3174 93 3071 93 3071 93 3174 93 3175 93 3071 93 3175 93 3072 93 3139 93 3176 93 3040 93 3040 2599 3176 2599 3177 2599 3040 2600 3177 2600 3062 2600 3081 2601 3178 2601 3082 2601 3082 2602 3178 2602 3179 2602 3082 93 3179 93 3038 93 3038 2603 3179 2603 3180 2603 3038 2604 3180 2604 3058 2604 3045 93 3181 93 3046 93 3046 2605 3181 2605 3182 2605 3046 2606 3182 2606 3039 2606 3039 2607 3182 2607 3183 2607 3039 2608 3183 2608 3184 2608 3184 93 3185 93 3039 93 3039 2609 3185 2609 3186 2609 3039 93 3186 93 3041 93 3041 2610 3186 2610 3187 2610 3041 2611 3187 2611 3117 2611 3080 2612 3188 2612 3054 2612 3054 2556 3188 2556 3189 2556 3054 93 3189 93 3145 93 3145 93 3189 93 3190 93 3145 2613 3190 2613 3144 2613 3061 93 3191 93 3038 93 3038 2614 3191 2614 3192 2614 3038 93 3192 93 3039 93 3039 93 3192 93 3193 93 3039 2615 3193 2615 3146 2615 3194 92 3195 92 3196 92 3196 92 3195 92 3197 92 3196 46 3197 46 3198 46 3198 46 3197 46 3199 46 3200 0 3195 0 3201 0 3201 0 3195 0 3194 0 3199 45 3200 45 3198 45 3198 45 3200 45 3201 45 3200 45 3199 45 3202 45 3202 2616 3199 2616 3203 2616 3202 2617 3203 2617 3204 2617 3204 1651 3203 1651 3205 1651 3204 45 3205 45 3206 45 3206 2618 3205 2618 3207 2618 3206 45 3207 45 3208 45 3208 2619 3207 2619 3209 2619 3208 2620 3209 2620 3210 2620 3210 2621 3209 2621 3211 2621 3210 45 3211 45 3212 45 3212 45 3211 45 3213 45 3212 45 3213 45 3214 45 3214 45 3213 45 3215 45 3214 45 3215 45 3216 45 3216 45 3215 45 3217 45 3216 45 3217 45 3218 45 3218 45 3217 45 3219 45 3220 92 3221 92 3222 92 3222 92 3221 92 3223 92 3222 92 3223 92 3224 92 3224 92 3223 92 3225 92 3224 92 3225 92 3226 92 3226 1644 3225 1644 3227 1644 3226 92 3227 92 3228 92 3228 92 3227 92 3229 92 3228 92 3229 92 3230 92 3230 2622 3229 2622 3231 2622 3230 92 3231 92 3232 92 3232 2623 3231 2623 3233 2623 3232 92 3233 92 3234 92 3234 2624 3233 2624 3235 2624 3234 92 3235 92 3236 92 3236 2625 3235 2625 3237 2625 3236 1004 3237 1004 3195 1004 3195 2626 3237 2626 3197 2626 3238 2627 3219 2627 3217 2627 3199 2628 3197 2628 3237 2628 3221 2629 3239 2629 3223 2629 3223 2630 3239 2630 3240 2630 3199 2628 3237 2628 3203 2628 3203 2631 3237 2631 3235 2631 3203 2631 3235 2631 3205 2631 3205 2632 3235 2632 3233 2632 3205 2633 3233 2633 3207 2633 3207 2634 3233 2634 3231 2634 3207 2634 3231 2634 3209 2634 3209 2635 3231 2635 3229 2635 3209 2635 3229 2635 3211 2635 3211 2636 3229 2636 3227 2636 3211 2636 3227 2636 3213 2636 3213 2637 3227 2637 3225 2637 3213 2637 3225 2637 3215 2637 3215 2638 3225 2638 3223 2638 3215 2638 3223 2638 3217 2638 3217 2639 3223 2639 3240 2639 3217 2640 3240 2640 3238 2640 3241 2641 3242 2641 3222 2641 3222 2642 3242 2642 3243 2642 3222 2643 3243 2643 3220 2643 3218 2644 3241 2644 3216 2644 3216 2641 3241 2641 3222 2641 3216 2645 3222 2645 3214 2645 3214 2645 3222 2645 3224 2645 3214 2646 3224 2646 3212 2646 3212 2646 3224 2646 3226 2646 3212 2647 3226 2647 3210 2647 3210 2647 3226 2647 3228 2647 3210 2648 3228 2648 3208 2648 3208 2648 3228 2648 3230 2648 3208 2649 3230 2649 3206 2649 3206 2649 3230 2649 3232 2649 3206 2650 3232 2650 3204 2650 3204 2651 3232 2651 3234 2651 3204 2652 3234 2652 3202 2652 3202 2652 3234 2652 3236 2652 3202 2653 3236 2653 3200 2653 3200 2653 3236 2653 3195 2653 3244 92 3245 92 3246 92 3246 92 3245 92 3247 92 3246 92 3247 92 3248 92 3248 92 3247 92 3249 92 3248 92 3249 92 3220 92 3220 92 3249 92 3221 92 3218 45 3219 45 3250 45 3250 45 3219 45 3251 45 3250 45 3251 45 3252 45 3252 45 3251 45 3253 45 3252 45 3253 45 3254 45 3254 45 3253 45 3255 45 3256 93 3257 93 3258 93 3259 93 3260 93 3253 93 3261 93 3262 93 3263 93 3264 93 3265 93 3266 93 3267 93 3268 93 3269 93 3263 93 3262 93 3270 93 3270 2654 3262 2654 3271 2654 3270 93 3271 93 3272 93 3272 93 3271 93 3273 93 3273 2655 3271 2655 3274 2655 3273 93 3274 93 3275 93 3275 93 3274 93 3276 93 3275 2656 3276 2656 3277 2656 3278 93 3279 93 3280 93 3279 93 3281 93 3280 93 3280 2657 3281 2657 3282 2657 3280 1751 3282 1751 3267 1751 3277 93 3276 93 3266 93 3266 2658 3276 2658 3283 2658 3266 2659 3283 2659 3264 2659 3265 93 3284 93 3266 93 3266 2660 3284 2660 3285 2660 3266 93 3285 93 3280 93 3280 1745 3285 1745 3286 1745 3280 2661 3286 2661 3278 2661 3287 93 3288 93 3289 93 3290 93 3291 93 3292 93 3292 2662 3291 2662 3293 2662 3292 2663 3293 2663 3294 2663 3294 93 3295 93 3292 93 3292 1730 3295 1730 3296 1730 3292 93 3296 93 3289 93 3289 2664 3296 2664 3297 2664 3289 2665 3297 2665 3287 2665 3290 93 3292 93 3298 93 3298 93 3292 93 3299 93 3298 93 3299 93 3300 93 3301 93 3302 93 3303 93 3303 2666 3302 2666 3304 2666 3303 93 3304 93 3305 93 3305 2667 3304 2667 3289 2667 3305 93 3289 93 3306 93 3306 93 3289 93 3288 93 3307 93 3308 93 3309 93 3309 2668 3308 2668 3310 2668 3309 2669 3310 2669 3311 2669 3312 2670 3313 2670 3309 2670 3301 93 3307 93 3302 93 3302 93 3307 93 3309 93 3302 93 3309 93 3314 93 3314 93 3309 93 3313 93 3315 2671 3316 2671 3309 2671 3309 2672 3316 2672 3317 2672 3309 93 3317 93 3312 93 3269 1714 3318 1714 3319 1714 3267 93 3269 93 3280 93 3280 93 3269 93 3319 93 3280 1715 3319 1715 3320 1715 3280 1724 3321 1724 3322 1724 3280 93 3322 93 3292 93 3292 1725 3322 1725 3323 1725 3292 1726 3323 1726 3324 1726 3320 93 3325 93 3280 93 3280 2662 3325 2662 3326 2662 3280 1747 3326 1747 3327 1747 3324 93 3328 93 3292 93 3292 1719 3328 1719 3329 1719 3292 1720 3329 1720 3330 1720 3327 93 3331 93 3280 93 3280 1718 3331 1718 3332 1718 3280 2673 3332 2673 3321 2673 3333 93 3299 93 3334 93 3334 93 3299 93 3292 93 3334 93 3292 93 3335 93 3335 1713 3292 1713 3330 1713 3336 2674 3337 2674 3338 2674 3333 93 3339 93 3299 93 3299 1702 3339 1702 3340 1702 3299 93 3340 93 3338 93 3338 1703 3340 1703 3341 1703 3338 2675 3341 2675 3336 2675 3337 93 3342 93 3338 93 3338 2676 3342 2676 3343 2676 3338 1711 3343 1711 3344 1711 3345 93 3346 93 3258 93 3258 1709 3346 1709 3347 1709 3258 1710 3347 1710 3348 1710 3348 1712 3349 1712 3258 1712 3258 1684 3349 1684 3350 1684 3258 93 3350 93 3269 93 3269 2677 3350 2677 3351 2677 3269 2678 3351 2678 3318 2678 3344 93 3352 93 3338 93 3338 1704 3352 1704 3353 1704 3338 93 3353 93 3258 93 3258 1705 3353 1705 3354 1705 3258 1706 3354 1706 3345 1706 3268 93 3355 93 3269 93 3269 2679 3355 2679 3356 2679 3269 93 3356 93 3258 93 3258 1800 3356 1800 3357 1800 3258 1790 3357 1790 3358 1790 3255 93 3253 93 3359 93 3258 1692 3360 1692 3361 1692 3263 93 3362 93 3261 93 3261 2680 3362 2680 3363 2680 3261 93 3363 93 3364 93 3364 2681 3363 2681 3255 2681 3364 93 3255 93 3365 93 3365 93 3255 93 3359 93 3358 1801 3366 1801 3258 1801 3258 1691 3366 1691 3367 1691 3258 1802 3367 1802 3360 1802 3368 93 3253 93 3369 93 3369 93 3253 93 3370 93 3368 93 3371 93 3253 93 3253 2682 3371 2682 3372 2682 3253 2683 3372 2683 3359 2683 3361 93 3373 93 3258 93 3258 2684 3373 2684 3374 2684 3258 93 3374 93 3253 93 3253 2685 3374 2685 3375 2685 3253 2686 3375 2686 3370 2686 3376 93 3377 93 3378 93 3378 2687 3377 2687 3379 2687 3378 2688 3379 2688 3380 2688 3380 93 3381 93 3378 93 3378 2689 3381 2689 3382 2689 3378 2690 3382 2690 3338 2690 3338 1755 3382 1755 3383 1755 3338 1688 3383 1688 3384 1688 3384 93 3385 93 3338 93 3338 2691 3385 2691 3386 2691 3338 2692 3386 2692 3387 2692 3311 93 3388 93 3309 93 3309 2693 3388 2693 3389 2693 3309 93 3389 93 3378 93 3378 2694 3389 2694 3390 2694 3378 2695 3390 2695 3376 2695 3387 1801 3391 1801 3338 1801 3338 1684 3391 1684 3392 1684 3338 93 3392 93 3299 93 3299 2696 3392 2696 3393 2696 3299 2697 3393 2697 3300 2697 3394 93 3395 93 3258 93 3396 93 3397 93 3398 93 3398 2698 3397 2698 3399 2698 3398 2699 3399 2699 3400 2699 3253 93 3260 93 3258 93 3258 1744 3260 1744 3401 1744 3258 1745 3401 1745 3394 1745 3395 93 3402 93 3258 93 3258 1747 3402 1747 3403 1747 3258 2657 3403 2657 3404 2657 3404 93 3405 93 3258 93 3258 2700 3405 2700 3406 2700 3258 93 3406 93 3398 93 3398 2701 3406 2701 3407 2701 3398 2702 3407 2702 3396 2702 3408 93 3409 93 3251 93 3400 93 3410 93 3398 93 3398 2703 3410 2703 3411 2703 3398 2704 3411 2704 3412 2704 3408 93 3251 93 3413 93 3409 93 3414 93 3251 93 3251 2705 3414 2705 3415 2705 3251 2706 3415 2706 3416 2706 3416 93 3417 93 3251 93 3251 2707 3417 2707 3418 2707 3251 93 3418 93 3253 93 3253 2708 3418 2708 3419 2708 3253 2709 3419 2709 3420 2709 3420 93 3421 93 3253 93 3253 2710 3421 2710 3422 2710 3253 93 3422 93 3423 93 3423 93 3424 93 3253 93 3253 2711 3424 2711 3425 2711 3253 2712 3425 2712 3259 2712 3412 93 3426 93 3398 93 3398 2713 3426 2713 3427 2713 3398 93 3427 93 3251 93 3251 2714 3427 2714 3428 2714 3251 2715 3428 2715 3413 2715 3338 93 3429 93 3430 93 3430 2716 3429 2716 3431 2716 3430 2717 3431 2717 3432 2717 3258 1715 3433 1715 3434 1715 3435 1713 3436 1713 3338 1713 3338 1721 3436 1721 3437 1721 3338 2718 3437 2718 3429 2718 3433 93 3258 93 3438 93 3438 93 3258 93 3398 93 3438 93 3398 93 3439 93 3258 93 3257 93 3338 93 3338 1725 3257 1725 3440 1725 3338 1726 3440 1726 3441 1726 3441 93 3442 93 3338 93 3338 1719 3442 1719 3443 1719 3338 1720 3443 1720 3435 1720 3434 93 3444 93 3258 93 3258 2662 3444 2662 3445 2662 3258 1747 3445 1747 3446 1747 3432 93 3447 93 3430 93 3430 2719 3447 2719 3448 2719 3430 2720 3448 2720 3449 2720 3449 93 3450 93 3430 93 3430 2721 3450 2721 3451 2721 3430 2722 3451 2722 3452 2722 3452 93 3453 93 3430 93 3430 2723 3453 2723 3454 2723 3430 93 3454 93 3398 93 3398 2724 3454 2724 3455 2724 3398 2725 3455 2725 3456 2725 3456 93 3457 93 3398 93 3398 2726 3457 2726 3458 2726 3398 2727 3458 2727 3459 2727 3459 2728 3460 2728 3398 2728 3398 2729 3460 2729 3461 2729 3398 2730 3461 2730 3439 2730 3446 93 3462 93 3258 93 3258 1718 3462 1718 3463 1718 3258 2673 3463 2673 3256 2673 3464 93 3378 93 3465 93 3465 93 3378 93 3466 93 3464 93 3467 93 3378 93 3378 2731 3467 2731 3468 2731 3378 2732 3468 2732 3469 2732 3470 93 3471 93 3472 93 3472 93 3471 93 3378 93 3472 2733 3378 2733 3473 2733 3473 93 3378 93 3469 93 3338 1729 3474 1729 3475 1729 3470 93 3476 93 3471 93 3471 2734 3476 2734 3477 2734 3471 2735 3477 2735 3478 2735 3471 2736 3479 2736 3480 2736 3481 93 3430 93 3482 93 3482 93 3430 93 3483 93 3481 93 3484 93 3430 93 3430 2737 3484 2737 3485 2737 3430 2729 3485 2729 3486 2729 3478 93 3487 93 3471 93 3471 2738 3487 2738 3488 2738 3471 2739 3488 2739 3479 2739 3486 93 3489 93 3430 93 3430 2740 3489 2740 3490 2740 3430 93 3490 93 3338 93 3338 2741 3490 2741 3491 2741 3338 1728 3491 1728 3474 1728 3475 1713 3492 1713 3338 1713 3338 2663 3492 2663 3493 2663 3338 1734 3493 1734 3494 1734 3480 93 3495 93 3471 93 3471 2742 3495 2742 3496 2742 3471 2743 3496 2743 3430 2743 3430 2744 3496 2744 3497 2744 3430 2745 3497 2745 3483 2745 3494 93 3498 93 3338 93 3338 2746 3498 2746 3499 2746 3338 2747 3499 2747 3378 2747 3378 2748 3499 2748 3500 2748 3378 2749 3500 2749 3466 2749 3315 2750 3309 2750 3245 2750 3245 93 3309 93 3378 93 3245 93 3378 93 3247 93 3247 93 3378 93 3471 93 3247 93 3471 93 3249 93 3251 93 3219 93 3398 93 3398 93 3219 93 3238 93 3398 93 3238 93 3430 93 3430 93 3238 93 3240 93 3430 93 3240 93 3471 93 3471 93 3240 93 3239 93 3471 93 3239 93 3249 93 3249 93 3239 93 3221 93 3248 146 3220 146 3243 146 3501 2751 3502 2751 3503 2751 3504 146 3505 146 3506 146 3506 146 3505 146 3507 146 3506 146 3507 146 3508 146 3508 146 3507 146 3509 146 3510 146 3511 146 3512 146 3504 146 3513 146 3505 146 3505 2752 3513 2752 3514 2752 3505 1851 3514 1851 3515 1851 3515 146 3516 146 3505 146 3505 1857 3516 1857 3517 1857 3505 146 3517 146 3512 146 3512 2753 3517 2753 3518 2753 3512 2754 3518 2754 3510 2754 3519 146 3520 146 3521 146 3521 2755 3520 2755 3522 2755 3521 146 3522 146 3523 146 3511 146 3524 146 3512 146 3512 2756 3524 2756 3525 2756 3512 2757 3525 2757 3526 2757 3526 2758 3525 2758 3527 2758 3526 146 3527 146 3528 146 3528 146 3527 146 3523 146 3528 146 3523 146 3529 146 3529 146 3523 146 3522 146 3530 146 3503 146 3531 146 3531 2759 3503 2759 3532 2759 3530 146 3533 146 3503 146 3503 146 3533 146 3534 146 3503 2760 3534 2760 3535 2760 3536 2761 3537 2761 3538 2761 3502 2762 3539 2762 3503 2762 3503 2763 3539 2763 3540 2763 3503 146 3540 146 3532 146 3541 146 3542 146 3543 146 3543 146 3542 146 3538 146 3543 146 3538 146 3544 146 3544 146 3538 146 3537 146 3541 146 3545 146 3542 146 3542 1866 3545 1866 3546 1866 3542 2764 3546 2764 3547 2764 3540 146 3548 146 3532 146 3532 2765 3548 2765 3549 2765 3532 146 3549 146 3550 146 3550 2766 3549 2766 3551 2766 3550 146 3551 146 3538 146 3538 2767 3551 2767 3552 2767 3538 2768 3552 2768 3536 2768 3547 1852 3553 1852 3542 1852 3542 1874 3553 1874 3554 1874 3542 146 3554 146 3555 146 3555 1867 3554 1867 3556 1867 3555 1847 3557 1847 3558 1847 3559 146 3560 146 3542 146 3542 1858 3560 1858 3561 1858 3542 146 3561 146 3505 146 3505 1859 3561 1859 3562 1859 3505 1860 3562 1860 3563 1860 3564 1852 3565 1852 3542 1852 3563 146 3566 146 3505 146 3505 1850 3566 1850 3567 1850 3505 1851 3567 1851 3568 1851 3555 146 3558 146 3542 146 3542 2769 3558 2769 3569 2769 3542 1848 3569 1848 3564 1848 3565 146 3570 146 3542 146 3542 1856 3570 1856 3571 1856 3542 1857 3571 1857 3559 1857 3568 1852 3572 1852 3505 1852 3505 1853 3572 1853 3573 1853 3505 146 3573 146 3507 146 3573 146 3574 146 3507 146 3507 1855 3574 1855 3575 1855 3507 1834 3575 1834 3576 1834 3576 146 3577 146 3578 146 3578 1842 3577 1842 3579 1842 3578 1926 3579 1926 3580 1926 3581 146 3582 146 3583 146 3583 1839 3582 1839 3584 1839 3583 1840 3584 1840 3585 1840 3585 1844 3586 1844 3583 1844 3583 1845 3586 1845 3587 1845 3583 146 3587 146 3555 146 3555 2770 3587 2770 3588 2770 3555 1846 3588 1846 3557 1846 3580 146 3589 146 3578 146 3578 1843 3589 1843 3590 1843 3578 1813 3590 1813 3591 1813 3591 146 3592 146 3578 146 3578 1835 3592 1835 3593 1835 3578 146 3593 146 3583 146 3583 1836 3593 1836 3594 1836 3583 1837 3594 1837 3581 1837 3595 146 3252 146 3596 146 3596 146 3252 146 3254 146 3596 146 3254 146 3597 146 3597 2771 3254 2771 3598 2771 3597 2772 3598 2772 3599 2772 3599 2773 3598 2773 3600 2773 3599 2774 3600 2774 3519 2774 3519 2775 3600 2775 3601 2775 3519 146 3601 146 3520 146 3578 1825 3602 1825 3603 1825 3576 146 3578 146 3507 146 3507 146 3578 146 3604 146 3507 1833 3604 1833 3509 1833 3595 146 3605 146 3252 146 3252 2776 3605 2776 3606 2776 3252 146 3606 146 3607 146 3607 146 3608 146 3252 146 3252 2777 3608 2777 3609 2777 3252 2778 3609 2778 3610 2778 3611 146 3612 146 3578 146 3578 1899 3612 1899 3613 1899 3578 2779 3613 2779 3602 2779 3603 146 3614 146 3578 146 3578 2780 3614 2780 3615 2780 3578 1832 3615 1832 3604 1832 3616 1831 3617 1831 3583 1831 3583 2781 3617 2781 3618 2781 3583 2782 3618 2782 3619 2782 3619 146 3620 146 3583 146 3583 1943 3620 1943 3621 1943 3583 2783 3621 2783 3622 2783 3622 2784 3621 2784 3623 2784 3622 2785 3623 2785 3624 2785 3624 2786 3625 2786 3622 2786 3622 2787 3625 2787 3626 2787 3622 2788 3626 2788 3627 2788 3627 146 3628 146 3622 146 3622 2789 3628 2789 3629 2789 3622 146 3629 146 3503 146 3503 2790 3629 2790 3630 2790 3503 2791 3630 2791 3501 2791 3556 146 3631 146 3555 146 3555 2792 3631 2792 3632 2792 3555 146 3632 146 3583 146 3583 1938 3632 1938 3633 1938 3583 1842 3633 1842 3616 1842 3248 146 3634 146 3246 146 3246 146 3634 146 3622 146 3246 146 3622 146 3244 146 3244 146 3622 146 3503 146 3244 2793 3503 2793 3635 2793 3635 146 3503 146 3535 146 3636 146 3637 146 3583 146 3583 1866 3637 1866 3638 1866 3583 2764 3638 2764 3639 2764 3640 146 3641 146 3622 146 3639 1852 3642 1852 3583 1852 3583 1874 3642 1874 3643 1874 3583 2794 3643 2794 3644 2794 3645 2795 3646 2795 3647 2795 3648 2796 3649 2796 3634 2796 3634 2797 3649 2797 3650 2797 3634 2798 3650 2798 3651 2798 3651 146 3652 146 3634 146 3634 2799 3652 2799 3653 2799 3634 2800 3653 2800 3654 2800 3640 146 3622 146 3655 146 3656 2801 3657 2801 3622 2801 3622 2802 3657 2802 3658 2802 3622 146 3658 146 3583 146 3583 2803 3658 2803 3659 2803 3583 1871 3659 1871 3636 1871 3644 146 3660 146 3645 146 3645 2804 3660 2804 3661 2804 3645 2805 3661 2805 3646 2805 3647 2806 3662 2806 3645 2806 3645 2807 3662 2807 3663 2807 3645 2808 3663 2808 3664 2808 3664 146 3665 146 3645 146 3645 2809 3665 2809 3666 2809 3645 2810 3666 2810 3634 2810 3634 2811 3666 2811 3667 2811 3634 2812 3667 2812 3648 2812 3641 146 3668 146 3622 146 3622 2813 3668 2813 3669 2813 3622 2814 3669 2814 3656 2814 3654 2815 3670 2815 3634 2815 3634 2816 3670 2816 3671 2816 3634 146 3671 146 3622 146 3622 2817 3671 2817 3672 2817 3622 2818 3672 2818 3655 2818 3645 2819 3673 2819 3674 2819 3644 146 3645 146 3583 146 3583 146 3645 146 3674 146 3583 2820 3674 2820 3675 2820 3676 146 3677 146 3578 146 3578 1850 3677 1850 3678 1850 3578 1851 3678 1851 3679 1851 3578 146 3680 146 3681 146 3681 2821 3680 2821 3682 2821 3681 2822 3682 2822 3683 2822 3684 2823 3685 2823 3645 2823 3645 2824 3685 2824 3686 2824 3645 2825 3686 2825 3673 2825 3679 1852 3687 1852 3578 1852 3578 1853 3687 1853 3688 1853 3578 2826 3688 2826 3680 2826 3683 146 3689 146 3681 146 3681 2795 3689 2795 3690 2795 3681 2827 3690 2827 3691 2827 3692 146 3693 146 3645 146 3645 2828 3693 2828 3694 2828 3645 2829 3694 2829 3684 2829 3675 146 3695 146 3583 146 3583 1848 3695 1848 3696 1848 3583 1849 3696 1849 3697 1849 3691 146 3698 146 3681 146 3681 2830 3698 2830 3699 2830 3681 2831 3699 2831 3700 2831 3700 146 3701 146 3681 146 3681 2832 3701 2832 3702 2832 3681 146 3702 146 3645 146 3645 2833 3702 2833 3703 2833 3645 2834 3703 2834 3692 2834 3697 146 3704 146 3583 146 3583 1856 3704 1856 3705 1856 3583 1857 3705 1857 3706 1857 3706 146 3707 146 3583 146 3583 1858 3707 1858 3708 1858 3583 146 3708 146 3578 146 3578 1859 3708 1859 3709 1859 3578 1860 3709 1860 3676 1860 3710 146 3711 146 3681 146 3681 2835 3711 2835 3712 2835 3681 2836 3712 2836 3713 2836 3714 146 3715 146 3250 146 3714 146 3250 146 3716 146 3717 146 3681 146 3718 146 3718 146 3681 146 3250 146 3717 146 3719 146 3681 146 3681 2837 3719 2837 3720 2837 3681 2838 3720 2838 3710 2838 3713 146 3721 146 3681 146 3681 2839 3721 2839 3722 2839 3681 146 3722 146 3578 146 3578 2840 3722 2840 3723 2840 3578 1886 3723 1886 3724 1886 3715 2841 3725 2841 3250 2841 3250 146 3725 146 3726 146 3250 2842 3726 2842 3727 2842 3727 146 3728 146 3250 146 3250 2843 3728 2843 3729 2843 3250 2844 3729 2844 3718 2844 3724 146 3730 146 3578 146 3578 2752 3730 2752 3731 2752 3578 1851 3731 1851 3732 1851 3732 146 3733 146 3578 146 3578 1857 3733 1857 3734 1857 3578 1876 3734 1876 3735 1876 3610 146 3611 146 3252 146 3252 146 3611 146 3578 146 3252 146 3578 146 3736 146 3736 146 3578 146 3735 146 3736 146 3737 146 3252 146 3252 2845 3737 2845 3738 2845 3252 2846 3738 2846 3739 2846 3739 146 3740 146 3252 146 3252 146 3740 146 3741 146 3252 2847 3741 2847 3742 2847 3742 146 3743 146 3252 146 3252 2848 3743 2848 3744 2848 3252 146 3744 146 3250 146 3250 2849 3744 2849 3745 2849 3250 2850 3745 2850 3716 2850 3248 146 3243 146 3634 146 3634 146 3243 146 3242 146 3634 146 3242 146 3645 146 3645 146 3242 146 3241 146 3645 146 3241 146 3681 146 3681 146 3241 146 3218 146 3681 146 3218 146 3250 146 3512 0 3266 0 3505 0 3505 0 3266 0 3280 0 3505 0 3280 0 3542 0 3542 0 3280 0 3292 0 3542 0 3292 0 3538 0 3538 0 3292 0 3289 0 3198 45 3201 45 3746 45 3746 2851 3201 2851 3747 2851 3746 45 3747 45 3748 45 3748 2852 3747 2852 3749 2852 3748 2853 3749 2853 3750 2853 3750 2854 3749 2854 3751 2854 3750 45 3751 45 3752 45 3752 990 3751 990 3753 990 3752 2855 3753 2855 3754 2855 3754 2856 3753 2856 3755 2856 3754 45 3755 45 3756 45 3756 2857 3755 2857 3757 2857 3756 45 3757 45 3758 45 3758 45 3757 45 3759 45 3758 45 3759 45 3760 45 3760 45 3759 45 3761 45 3760 45 3761 45 3040 45 3040 45 3761 45 2899 45 3038 92 2884 92 3762 92 3762 92 2884 92 3763 92 3762 2858 3763 2858 3764 2858 3764 92 3763 92 3765 92 3764 92 3765 92 3766 92 3766 2859 3765 2859 3767 2859 3766 92 3767 92 3768 92 3768 1002 3767 1002 3769 1002 3768 92 3769 92 3770 92 3770 2860 3769 2860 3771 2860 3770 92 3771 92 3772 92 3772 2861 3771 2861 3773 2861 3772 92 3773 92 3774 92 3774 1953 3773 1953 3775 1953 3774 92 3775 92 3776 92 3776 1952 3775 1952 3777 1952 3776 92 3777 92 3196 92 3196 1003 3777 1003 3194 1003 3201 2862 3194 2862 3777 2862 3201 2862 3777 2862 3747 2862 3747 1012 3777 1012 3775 1012 3747 1012 3775 1012 3749 1012 3749 1013 3775 1013 3773 1013 3749 1014 3773 1014 3751 1014 3751 1016 3773 1016 3771 1016 3751 2863 3771 2863 3753 2863 3753 1018 3771 1018 3769 1018 3753 1018 3769 1018 3755 1018 3755 2864 3769 2864 3767 2864 3755 2865 3767 2865 3757 2865 3757 2866 3767 2866 3765 2866 3757 2866 3765 2866 3759 2866 3759 2867 3765 2867 3763 2867 3759 2868 3763 2868 3761 2868 3761 2869 3763 2869 2884 2869 3761 2870 2884 2870 2899 2870 3040 2871 3038 2871 3760 2871 3760 2872 3038 2872 3762 2872 3760 2873 3762 2873 3758 2873 3758 2874 3762 2874 3764 2874 3758 2875 3764 2875 3756 2875 3756 2875 3764 2875 3766 2875 3756 2876 3766 2876 3754 2876 3754 2876 3766 2876 3768 2876 3754 2877 3768 2877 3752 2877 3752 2878 3768 2878 3770 2878 3752 2879 3770 2879 3750 2879 3750 2880 3770 2880 3772 2880 3750 1040 3772 1040 3748 1040 3748 2881 3772 2881 3774 2881 3748 1042 3774 1042 3746 1042 3746 1042 3774 1042 3776 1042 3746 1044 3776 1044 3198 1044 3198 1044 3776 1044 3196 1044 3041 45 2904 45 3778 45 3778 45 2904 45 3779 45 3778 45 3779 45 3780 45 3780 45 3779 45 3781 45 3780 45 3781 45 3782 45 3782 2882 3781 2882 3783 2882 3782 2883 3783 2883 3784 2883 3784 2884 3783 2884 3785 2884 3784 45 3785 45 3786 45 3786 45 3785 45 3787 45 3786 2885 3787 2885 3788 2885 3788 2886 3787 2886 3789 2886 3788 45 3789 45 3790 45 3790 2887 3789 2887 3791 2887 3790 45 3791 45 3792 45 3792 1997 3791 1997 3793 1997 3792 45 3793 45 3794 45 3794 2888 3793 2888 3795 2888 3794 45 3795 45 3796 45 3796 2889 3795 2889 3797 2889 3798 92 3799 92 3800 92 3800 2890 3799 2890 3801 2890 3800 92 3801 92 3802 92 3802 2891 3801 2891 3803 2891 3802 92 3803 92 3804 92 3804 1992 3803 1992 3805 1992 3804 92 3805 92 3806 92 3806 2892 3805 2892 3807 2892 3806 92 3807 92 3808 92 3808 2893 3807 2893 3809 2893 3808 92 3809 92 3810 92 3810 92 3809 92 3811 92 3810 92 3811 92 3812 92 3812 92 3811 92 3813 92 3812 2894 3813 2894 3814 2894 3814 1989 3813 1989 3815 1989 3814 92 3815 92 3816 92 3816 92 3815 92 3817 92 3816 92 3817 92 3039 92 3039 92 3817 92 2887 92 2904 2895 2887 2895 3817 2895 2904 2895 3817 2895 3779 2895 3779 2896 3817 2896 3815 2896 3779 2897 3815 2897 3781 2897 3781 2898 3815 2898 3813 2898 3781 2899 3813 2899 3783 2899 3783 2900 3813 2900 3811 2900 3783 2900 3811 2900 3785 2900 3785 2901 3811 2901 3809 2901 3785 2901 3809 2901 3787 2901 3787 2902 3809 2902 3807 2902 3787 2902 3807 2902 3789 2902 3789 2903 3807 2903 3805 2903 3789 2904 3805 2904 3791 2904 3791 2905 3805 2905 3803 2905 3791 2906 3803 2906 3793 2906 3793 2907 3803 2907 3801 2907 3793 2907 3801 2907 3795 2907 3795 2908 3801 2908 3799 2908 3795 2908 3799 2908 3797 2908 3796 2909 3798 2909 3794 2909 3794 2909 3798 2909 3800 2909 3794 2910 3800 2910 3792 2910 3792 2911 3800 2911 3802 2911 3792 2912 3802 2912 3790 2912 3790 2913 3802 2913 3804 2913 3790 2914 3804 2914 3788 2914 3788 2914 3804 2914 3806 2914 3788 2915 3806 2915 3786 2915 3786 2916 3806 2916 3808 2916 3786 2917 3808 2917 3784 2917 3784 2917 3808 2917 3810 2917 3784 2918 3810 2918 3782 2918 3782 2919 3810 2919 3812 2919 3782 2920 3812 2920 3780 2920 3780 2920 3812 2920 3814 2920 3780 2921 3814 2921 3778 2921 3778 2921 3814 2921 3816 2921 3778 2922 3816 2922 3041 2922 3041 2923 3816 2923 3039 2923 984 92 3799 92 3818 92 3818 92 3799 92 3798 92 3819 45 3796 45 992 45 992 45 3796 45 3797 45 3820 46 3821 46 3797 46 3821 46 3822 46 3797 46 3797 2924 3822 2924 3823 2924 3797 2925 3823 2925 3824 2925 3825 46 3826 46 3827 46 3799 2926 3828 2926 3829 2926 3824 46 3830 46 3797 46 3797 2927 3830 2927 3831 2927 3797 2928 3831 2928 992 2928 992 2929 3831 2929 3832 2929 992 2138 3832 2138 3833 2138 3833 2930 3834 2930 992 2930 992 46 3834 46 3835 46 992 46 3835 46 1075 46 1075 2931 3835 2931 3836 2931 1075 46 3836 46 3837 46 3837 2932 3836 2932 3838 2932 3837 46 3838 46 1071 46 1071 2933 3838 2933 3839 2933 1071 46 3839 46 3840 46 3840 2934 3839 2934 3841 2934 3840 46 3841 46 1067 46 1067 2935 3841 2935 3842 2935 1067 46 3842 46 1065 46 1065 2936 3842 2936 3843 2936 1065 46 3843 46 1063 46 1063 2937 3843 2937 3844 2937 1063 2938 3844 2938 1061 2938 1061 2939 3844 2939 3845 2939 1061 46 3845 46 1010 46 1010 2940 3845 2940 3846 2940 1010 2941 3846 2941 3847 2941 3825 46 3827 46 3848 46 3826 46 3849 46 3827 46 3827 2942 3849 2942 3850 2942 3827 2943 3850 2943 3851 2943 3852 46 3853 46 3854 46 3854 2944 3853 2944 3855 2944 3854 46 3855 46 3856 46 3856 2945 3855 2945 3857 2945 3856 2946 3857 2946 3858 2946 3852 46 3854 46 3827 46 3827 2947 3854 2947 3859 2947 3827 2948 3859 2948 3848 2948 3860 46 3861 46 1010 46 1010 2949 3861 2949 3862 2949 1010 46 3862 46 1020 46 1020 2123 3862 2123 3863 2123 1020 2950 3863 2950 3864 2950 3829 46 3865 46 3799 46 3799 2951 3865 2951 3866 2951 3799 2952 3866 2952 3856 2952 3867 46 3868 46 3799 46 3799 2117 3868 2117 3869 2117 3799 46 3869 46 3797 46 3797 2953 3869 2953 3870 2953 3797 2954 3870 2954 3820 2954 3858 46 3871 46 3856 46 3856 2955 3871 2955 3872 2955 3856 46 3872 46 3799 46 3799 2956 3872 2956 3873 2956 3799 2957 3873 2957 3867 2957 3847 2958 3874 2958 1010 2958 1010 2138 3874 2138 3875 2138 1010 2959 3875 2959 3827 2959 3876 46 3877 46 984 46 984 2960 3877 2960 3878 2960 984 46 3878 46 3799 46 3799 2961 3878 2961 3879 2961 3799 2962 3879 2962 3828 2962 3851 46 3880 46 3827 46 3827 46 3880 46 3881 46 3827 46 3881 46 1010 46 1010 2963 3881 2963 3882 2963 1010 2964 3882 2964 3860 2964 3864 2965 3883 2965 1020 2965 1020 2966 3883 2966 3884 2966 1020 2967 3884 2967 1044 2967 1044 2968 3884 2968 3885 2968 1044 46 3885 46 1042 46 1042 2969 3885 2969 3886 2969 1042 2970 3886 2970 1040 2970 1040 2971 3886 2971 3887 2971 1040 2129 3887 2129 1038 2129 1038 2972 3887 2972 3888 2972 1038 46 3888 46 3889 46 3889 2973 3888 2973 3890 2973 3889 46 3890 46 1034 46 1034 2974 3890 2974 3891 2974 1034 2975 3891 2975 1032 2975 1032 2976 3891 2976 3892 2976 1032 2134 3892 2134 1030 2134 1030 2977 3892 2977 3893 2977 1030 2978 3893 2978 984 2978 984 46 3893 46 3894 46 984 46 3894 46 3876 46 3895 0 3896 0 3798 0 3897 0 3898 0 3899 0 3899 2979 3898 2979 3900 2979 3899 0 3900 0 3901 0 3902 2980 3903 2980 3904 2980 3904 2981 3903 2981 3905 2981 3906 0 3907 0 3796 0 3796 2982 3907 2982 3908 2982 3909 0 3910 0 3911 0 3901 0 3912 0 3899 0 3899 2983 3912 2983 3913 2983 3899 0 3913 0 3914 0 3914 2984 3913 2984 3915 2984 3914 2985 3915 2985 3916 2985 3909 2986 3911 2986 3917 2986 3918 0 3919 0 3796 0 3796 2987 3919 2987 3920 2987 3796 2988 3920 2988 3921 2988 3922 0 3923 0 3819 0 3819 2076 3923 2076 3924 2076 3819 0 3924 0 3796 0 3796 2989 3924 2989 3925 2989 3796 2990 3925 2990 3906 2990 3897 0 3899 0 3911 0 3911 2991 3899 2991 3926 2991 3911 2992 3926 2992 3917 2992 3910 0 3927 0 3911 0 3911 2993 3927 2993 3928 2993 3911 2994 3928 2994 3929 2994 3929 2995 3930 2995 3911 2995 3911 2996 3930 2996 3918 2996 3911 0 3918 0 3931 0 3931 2997 3918 2997 3796 2997 3931 0 3796 0 3932 0 3932 0 3796 0 3908 0 3921 0 3933 0 3796 0 3796 2067 3933 2067 3934 2067 3796 0 3934 0 3798 0 3798 2998 3934 2998 3935 2998 3798 2999 3935 2999 3895 2999 3896 0 3936 0 3798 0 3798 3000 3936 3000 3937 3000 3798 3001 3937 3001 3938 3001 3905 0 3939 0 3904 0 3904 0 3939 0 3940 0 3904 0 3940 0 3941 0 3941 3002 3940 3002 3942 3002 3941 3003 3942 3003 3943 3003 3943 3004 3944 3004 3941 3004 3941 3005 3944 3005 3945 3005 3941 0 3945 0 3946 0 3946 3006 3945 3006 3947 3006 3946 2084 3947 2084 3948 2084 3948 3007 3947 3007 3949 3007 3948 3008 3949 3008 3950 3008 3950 3009 3949 3009 3951 3009 3950 2087 3951 2087 3952 2087 3952 3010 3951 3010 3953 3010 3952 0 3953 0 3954 0 3954 0 3953 0 3955 0 3954 0 3955 0 3956 0 3956 0 3955 0 3957 0 3956 3011 3957 3011 3958 3011 3958 3012 3957 3012 3959 3012 3958 3013 3959 3013 3960 3013 3960 0 3959 0 3961 0 3960 0 3961 0 3819 0 3819 0 3961 0 3962 0 3819 0 3962 0 3922 0 3938 0 3963 0 3798 0 3798 3014 3963 3014 3964 3014 3798 3015 3964 3015 3818 3015 3818 3016 3964 3016 3965 3016 3818 3017 3965 3017 3966 3017 3916 0 3902 0 3914 0 3914 0 3902 0 3904 0 3914 3018 3904 3018 3967 3018 3967 3019 3904 3019 3968 3019 3967 0 3968 0 3969 0 3969 3020 3968 3020 3970 3020 3969 0 3970 0 3971 0 3971 3021 3970 3021 3972 3021 3971 0 3972 0 3973 0 3973 3022 3972 3022 3974 3022 3973 0 3974 0 3975 0 3975 0 3974 0 3976 0 3975 0 3976 0 3977 0 3977 3023 3976 3023 3978 3023 3977 0 3978 0 3979 0 3979 3024 3978 3024 3980 3024 3979 0 3980 0 3981 0 3981 0 3980 0 3982 0 3981 0 3982 0 3983 0 3983 0 3982 0 3818 0 3983 0 3818 0 3984 0 3984 0 3818 0 3966 0 3904 93 3941 93 1020 93 1020 93 3941 93 1010 93 3098 2252 2892 2252 3097 2252 3097 2252 2892 2252 2932 2252 3097 2261 2932 2261 3096 2261 3096 2176 2932 2176 2982 2176 3096 2262 2982 2262 3114 2262 3114 2179 2982 2179 2981 2179 3114 2234 2981 2234 3115 2234 3115 2235 2981 2235 3035 2235 3115 2182 3035 2182 3116 2182 3116 2183 3035 2183 3023 2183 3116 2184 3023 2184 3070 2184 3070 2184 3023 2184 3022 2184 3070 2236 3022 2236 3071 2236 3071 2236 3022 2236 3021 2236 3071 2237 3021 2237 3173 2237 3173 2238 3021 2238 3010 2238 3173 2255 3010 2255 3171 2255 3171 2239 3010 2239 2911 2239 3171 2240 2911 2240 3123 2240 3123 2256 2911 2256 3007 2256 3123 2191 3007 2191 3133 2191 3133 2192 3007 2192 3006 2192 3133 3025 3006 3025 3125 3025 3125 3025 3006 3025 3005 3025 3125 2195 3005 2195 3126 2195 3126 2195 3005 2195 2989 2195 3126 2196 2989 2196 3134 2196 3134 2197 2989 2197 2988 2197 3134 2244 2988 2244 3135 2244 3135 2245 2988 2245 3001 2245 3135 2246 3001 2246 3136 2246 3136 2257 3001 2257 3000 2257 3136 2249 3000 2249 3109 2249 3109 2258 3000 2258 2999 2258 3109 2259 2999 2259 3110 2259 3110 2259 2999 2259 2908 2259 3127 2206 2907 2206 3128 2206 3128 2206 2907 2206 2906 2206 3128 2207 2906 2207 3094 2207 3094 2207 2906 2207 2901 2207 3094 2208 2901 2208 3095 2208 3095 2209 2901 2209 2900 2209 3095 2210 2900 2210 3137 2210 3137 2210 2900 2210 2987 2210 3137 2152 2987 2152 3138 2152 3138 2153 2987 2153 2986 2153 3138 3026 2986 3026 3139 3026 3139 2154 2986 2154 2976 2154 3139 3027 2976 3027 3176 3027 3176 3027 2976 3027 2975 3027 3176 2157 2975 2157 3177 2157 3177 2156 2975 2156 2998 2156 3177 2215 2998 2215 3062 2215 3062 2216 2998 2216 2997 2216 3062 2217 2997 2217 3063 2217 3063 2218 2997 2218 2996 2218 3063 2220 2996 2220 3064 2220 3064 2219 2996 2219 2974 2219 3064 2221 2974 2221 3065 2221 3065 2221 2974 2221 2973 2221 3065 2165 2973 2165 3066 2165 3066 3028 2973 3028 2972 3028 3066 2166 2972 2166 3067 2166 3067 2167 2972 2167 2883 2167 3067 2223 2883 2223 3068 2223 3068 2223 2883 2223 2882 2223 3068 2170 2882 2170 3069 2170 3069 2171 2882 2171 2905 2171 3069 2172 2905 2172 3049 2172 3049 2172 2905 2172 2895 2172 3049 2227 2895 2227 3047 2227 3047 2227 2895 2227 2893 2227 2907 92 3127 92 2908 92 2908 92 3127 92 3110 92 2893 45 2892 45 3047 45 3047 45 2892 45 3098 45 3166 2260 2965 2260 3082 2260 3082 2260 2965 2260 2964 2260 3082 2261 2964 2261 3083 2261 3083 2176 2964 2176 2951 2176 3083 2262 2951 2262 3161 2262 3161 2179 2951 2179 2950 2179 3161 2180 2950 2180 3162 2180 3162 2181 2950 2181 2949 2181 3162 2182 2949 2182 3086 2182 3086 2183 2949 2183 2948 2183 3086 2184 2948 2184 3073 2184 3073 2184 2948 2184 2886 2184 3073 2186 2886 2186 3074 2186 3074 2186 2886 2186 2885 2186 3074 2187 2885 2187 3075 2187 3075 2188 2885 2188 2985 2188 3075 2263 2985 2263 3076 2263 3076 2189 2985 2189 2984 2189 3076 2190 2984 2190 3048 2190 3048 2264 2984 2264 2983 2264 3048 2191 2983 2191 3050 2191 3050 2192 2983 2192 2929 2192 3050 2193 2929 2193 3051 2193 3051 2193 2929 2193 2928 2193 3051 2195 2928 2195 3099 2195 3099 2195 2928 2195 2927 2195 3099 2196 2927 2196 3100 2196 3100 2197 2927 2197 2926 2197 3100 2198 2926 2198 3101 2198 3101 2199 2926 2199 2925 2199 3101 2200 2925 2200 3111 2200 3111 2265 2925 2265 2923 2265 3111 2203 2923 2203 3112 2203 3112 2266 2923 2266 2921 2266 3112 2267 2921 2267 3113 2267 3113 2267 2921 2267 2992 2267 3129 2146 2991 2146 3130 2146 3130 2146 2991 2146 2990 2146 3130 2147 2990 2147 3102 2147 3102 2147 2990 2147 2935 2147 3102 2148 2935 2148 3103 2148 3103 2149 2935 2149 2934 2149 3103 2150 2934 2150 3155 2150 3155 2150 2934 2150 2933 2150 3155 2152 2933 2152 3156 2152 3156 2153 2933 2153 2931 2153 3156 3026 2931 3026 3140 3026 3140 2154 2931 2154 2930 2154 3140 2155 2930 2155 3141 2155 3141 2155 2930 2155 2955 2155 3141 2157 2955 2157 3142 2157 3142 2156 2955 2156 2894 2156 3142 2158 2894 2158 3057 2158 3057 2159 2894 2159 2896 2159 3057 2160 2896 2160 3056 2160 3056 2161 2896 2161 2995 2161 3056 2163 2995 2163 3055 2163 3055 2162 2995 2162 2971 2162 3055 2164 2971 2164 3088 2164 3088 2164 2971 2164 2970 2164 3088 2165 2970 2165 3089 2165 3089 3028 2970 3028 2994 3028 3089 2166 2994 2166 3090 2166 3090 2167 2994 2167 2993 2167 3090 2169 2993 2169 3091 2169 3091 2169 2993 2169 2969 2169 3091 2170 2969 2170 3092 2170 3092 2171 2969 2171 2968 2171 3092 2172 2968 2172 3093 2172 3093 2172 2968 2172 2967 2172 3093 2173 2967 2173 3165 2173 3165 2173 2967 2173 2966 2173 2991 92 3129 92 2992 92 2992 92 3129 92 3113 92 2966 45 2965 45 3165 45 3165 45 2965 45 3166 45 3193 2260 3026 2260 3146 2260 3146 2260 3026 2260 3025 2260 3146 2261 3025 2261 3147 2261 3147 2176 3025 2176 3024 2176 3147 2262 3024 2262 3148 2262 3148 2179 3024 2179 2963 2179 3148 2180 2963 2180 3149 2180 3149 2181 2963 2181 2962 2181 3149 2182 2962 2182 3150 2182 3150 2183 2962 2183 2961 2183 3150 2184 2961 2184 3151 2184 3151 2184 2961 2184 2898 2184 3151 2186 2898 2186 3167 2186 3167 2186 2898 2186 2897 2186 3167 2187 2897 2187 3168 2187 3168 2188 2897 2188 2947 2188 3168 2263 2947 2263 3046 2263 3046 2189 2947 2189 2944 2189 3046 2190 2944 2190 3044 2190 3044 2264 2944 2264 2945 2264 3044 2191 2945 2191 3077 2191 3077 2192 2945 2192 2946 2192 3077 2193 2946 2193 3052 2193 3052 2193 2946 2193 2960 2193 3052 2195 2960 2195 3053 2195 3053 2195 2960 2195 2959 2195 3053 2196 2959 2196 3078 2196 3078 2197 2959 2197 2942 2197 3078 2198 2942 2198 3079 2198 3079 2199 2942 2199 2940 2199 3079 2200 2940 2200 3080 2200 3080 2265 2940 2265 2939 2265 3080 2203 2939 2203 3188 2203 3188 2266 2939 2266 3018 2266 3188 2267 3018 2267 3189 2267 3189 2267 3018 2267 3017 2267 3190 2146 3015 2146 3144 2146 3144 2146 3015 2146 3013 2146 3144 2147 3013 2147 3143 2147 3143 2147 3013 2147 3012 2147 3143 2148 3012 2148 3157 2148 3157 2149 3012 2149 3011 2149 3157 2150 3011 2150 3158 2150 3158 2151 3011 2151 3037 2151 3158 2152 3037 2152 3159 2152 3159 2153 3037 2153 3036 2153 3159 2154 3036 2154 3160 2154 3160 2154 3036 2154 3034 2154 3160 2155 3034 2155 3164 2155 3164 2155 3034 2155 3033 2155 3164 2156 3033 2156 3163 2156 3163 2157 3033 2157 2980 2157 3163 2158 2980 2158 3081 2158 3081 2159 2980 2159 2958 2159 3081 2160 2958 2160 3178 2160 3178 2161 2958 2161 2957 2161 3178 2162 2957 2162 3179 2162 3179 2163 2957 2163 2956 2163 3179 2164 2956 2164 3180 2164 3180 2164 2956 2164 2938 2164 3180 2165 2938 2165 3058 2165 3058 2165 2938 2165 2937 2165 3058 2166 2937 2166 3059 2166 3059 2167 2937 2167 2936 2167 3059 2168 2936 2168 3060 2168 3060 2169 2936 2169 2920 2169 3060 2170 2920 2170 3061 2170 3061 2171 2920 2171 2922 2171 3061 2172 2922 2172 3191 2172 3191 2172 2922 2172 2924 2172 3191 2173 2924 2173 3192 2173 3192 2173 2924 2173 3029 2173 3015 92 3190 92 3017 92 3017 92 3190 92 3189 92 3029 45 3026 45 3192 45 3192 45 3026 45 3193 45 3043 2252 3016 2252 3045 2252 3045 2252 3016 2252 2941 2252 3045 2261 2941 2261 3181 2261 3181 2176 2941 2176 2943 2176 3181 2262 2943 2262 3182 2262 3182 2179 2943 2179 2891 2179 3182 2234 2891 2234 3183 2234 3183 2235 2891 2235 2890 2235 3183 2182 2890 2182 3184 2182 3184 2183 2890 2183 2889 2183 3184 2184 2889 2184 3185 2184 3185 2184 2889 2184 2888 2184 3185 2236 2888 2236 3186 2236 3186 2236 2888 2236 2919 2236 3186 2237 2919 2237 3187 2237 3187 2238 2919 2238 2918 2238 3187 2255 2918 2255 3117 2255 3117 2239 2918 2239 2917 2239 3117 2240 2917 2240 3118 2240 3118 2256 2917 2256 2916 2256 3118 2191 2916 2191 3131 2191 3131 2192 2916 2192 2915 2192 3131 3025 2915 3025 3132 3025 3132 3025 2915 3025 2914 3025 3132 2195 2914 2195 3104 2195 3104 2195 2914 2195 2903 2195 3104 2196 2903 2196 3105 2196 3105 2197 2903 2197 2902 2197 3105 2244 2902 2244 3106 2244 3106 2245 2902 2245 2954 2245 3106 2246 2954 2246 3107 2246 3107 2257 2954 2257 2953 2257 3107 2249 2953 2249 3108 2249 3108 2258 2953 2258 2952 2258 3108 2259 2952 2259 3119 2259 3119 2259 2952 2259 2979 2259 3120 2206 2978 2206 3121 2206 3121 2206 2978 2206 2977 2206 3121 2207 2977 2207 3124 2207 3124 2207 2977 2207 3008 2207 3124 2208 3008 2208 3122 2208 3122 2209 3008 2209 3009 2209 3122 2210 3009 2210 3152 2210 3152 2211 3009 2211 3028 2211 3152 2152 3028 2152 3153 2152 3153 2153 3028 2153 3027 2153 3153 2154 3027 2154 3154 2154 3154 2154 3027 2154 3020 2154 3154 3027 3020 3027 3169 3027 3169 3027 3020 3027 3019 3027 3169 2156 3019 2156 3170 2156 3170 2157 3019 2157 3032 2157 3170 2215 3032 2215 3172 2215 3172 2216 3032 2216 3031 2216 3172 2217 3031 2217 3174 2217 3174 2218 3031 2218 3030 2218 3174 2219 3030 2219 3175 2219 3175 2220 3030 2220 3004 2220 3175 2221 3004 2221 3072 2221 3072 2221 3004 2221 3003 2221 3072 2165 3003 2165 3084 2165 3084 2165 3003 2165 3002 2165 3084 2166 3002 2166 3085 2166 3085 2167 3002 2167 2913 2167 3085 2222 2913 2222 3087 2222 3087 2223 2913 2223 2912 2223 3087 2170 2912 2170 3145 2170 3145 2171 2912 2171 2910 2171 3145 2172 2910 2172 3054 2172 3054 2172 2910 2172 2909 2172 3054 2227 2909 2227 3042 2227 3042 2227 2909 2227 3014 2227 2978 92 3120 92 2979 92 2979 92 3120 92 3119 92 3014 45 3016 45 3042 45 3042 45 3016 45 3043 45 3914 2337 3884 2337 3899 2337 3899 2337 3884 2337 3883 2337 3899 2336 3883 2336 3926 2336 3926 2336 3883 2336 3864 2336 3926 2335 3864 2335 3917 2335 3917 2335 3864 2335 3863 2335 3917 2305 3863 2305 3909 2305 3909 2305 3863 2305 3862 2305 3909 2334 3862 2334 3910 2334 3910 2334 3862 2334 3861 2334 3910 2303 3861 2303 3927 2303 3927 2302 3861 2302 3860 2302 3927 2333 3860 2333 3928 2333 3928 2333 3860 2333 3882 2333 3928 2300 3882 2300 3929 2300 3929 2299 3882 2299 3881 2299 3929 2332 3881 2332 3930 2332 3930 2332 3881 2332 3880 2332 3930 2331 3880 2331 3918 2331 3918 2330 3880 2330 3851 2330 3918 2295 3851 2295 3919 2295 3919 2295 3851 2295 3850 2295 3919 2329 3850 2329 3920 2329 3920 2329 3850 2329 3849 2329 3920 2293 3849 2293 3921 2293 3921 2292 3849 2292 3826 2292 3921 2328 3826 2328 3933 2328 3933 2328 3826 2328 3825 2328 3933 2291 3825 2291 3934 2291 3934 2291 3825 2291 3848 2291 3934 2327 3848 2327 3935 2327 3935 2327 3848 2327 3859 2327 3935 2326 3859 2326 3895 2326 3895 2326 3859 2326 3854 2326 3895 2325 3854 2325 3896 2325 3896 2325 3854 2325 3856 2325 3896 2324 3856 2324 3936 2324 3936 2324 3856 2324 3866 2324 3936 2323 3866 2323 3937 2323 3937 2323 3866 2323 3865 2323 3937 2322 3865 2322 3938 2322 3938 2322 3865 2322 3829 2322 3938 2284 3829 2284 3963 2284 3963 2284 3829 2284 3828 2284 3963 2321 3828 2321 3964 2321 3964 2321 3828 2321 3879 2321 3964 2283 3879 2283 3965 2283 3965 2282 3879 2282 3878 2282 3965 3029 3878 3029 3966 3029 3966 3030 3878 3030 3877 3030 3966 2280 3877 2280 3984 2280 3984 2280 3877 2280 3876 2280 3984 2318 3876 2318 3983 2318 3983 2317 3876 2317 3894 2317 3983 2316 3894 2316 3981 2316 3981 2315 3894 2315 3893 2315 3981 2276 3893 2276 3979 2276 3979 2275 3893 2275 3892 2275 3979 3031 3892 3031 3977 3031 3977 3032 3892 3032 3891 3032 3977 2273 3891 2273 3975 2273 3975 2272 3891 2272 3890 2272 3975 2312 3890 2312 3973 2312 3973 2312 3890 2312 3888 2312 3973 2271 3888 2271 3971 2271 3971 2271 3888 2271 3887 2271 3971 2311 3887 2311 3969 2311 3969 2311 3887 2311 3886 2311 3969 2310 3886 2310 3967 2310 3967 2310 3886 2310 3885 2310 3967 2309 3885 2309 3914 2309 3914 2309 3885 2309 3884 2309 3945 2308 3846 2308 3947 2308 3947 2308 3846 2308 3845 2308 3947 2307 3845 2307 3949 2307 3949 2307 3845 2307 3844 2307 3949 2306 3844 2306 3951 2306 3951 2306 3844 2306 3843 2306 3951 2305 3843 2305 3953 2305 3953 2305 3843 2305 3842 2305 3953 2304 3842 2304 3955 2304 3955 2304 3842 2304 3841 2304 3955 2303 3841 2303 3957 2303 3957 2302 3841 2302 3839 2302 3957 2301 3839 2301 3959 2301 3959 2301 3839 2301 3838 2301 3959 2300 3838 2300 3961 2300 3961 2299 3838 2299 3836 2299 3961 2298 3836 2298 3962 2298 3962 2298 3836 2298 3835 2298 3962 2297 3835 2297 3922 2297 3922 2296 3835 2296 3834 2296 3922 2295 3834 2295 3923 2295 3923 2295 3834 2295 3833 2295 3923 2294 3833 2294 3924 2294 3924 2294 3833 2294 3832 2294 3924 2293 3832 2293 3925 2293 3925 2292 3832 2292 3831 2292 3925 611 3831 611 3906 611 3906 611 3831 611 3830 611 3906 2291 3830 2291 3907 2291 3907 2291 3830 2291 3824 2291 3907 2290 3824 2290 3908 2290 3908 2290 3824 2290 3823 2290 3908 2289 3823 2289 3932 2289 3932 2289 3823 2289 3822 2289 3932 2288 3822 2288 3931 2288 3931 2288 3822 2288 3821 2288 3931 3033 3821 3033 3911 3033 3911 3033 3821 3033 3820 3033 3911 2323 3820 2323 3897 2323 3897 2323 3820 2323 3870 2323 3897 2285 3870 2285 3898 2285 3898 2285 3870 2285 3869 2285 3898 2284 3869 2284 3900 2284 3900 2284 3869 2284 3868 2284 3900 602 3868 602 3901 602 3901 602 3868 602 3867 602 3901 2283 3867 2283 3912 2283 3912 2282 3867 2282 3873 2282 3912 2281 3873 2281 3913 2281 3913 2281 3873 2281 3872 2281 3913 2280 3872 2280 3915 2280 3915 2280 3872 2280 3871 2280 3915 2279 3871 2279 3916 2279 3916 2278 3871 2278 3858 2278 3916 2277 3858 2277 3902 2277 3902 2277 3858 2277 3857 2277 3902 2276 3857 2276 3903 2276 3903 2275 3857 2275 3855 2275 3903 2274 3855 2274 3905 2274 3905 2274 3855 2274 3853 2274 3905 2273 3853 2273 3939 2273 3939 2272 3853 2272 3852 2272 3939 623 3852 623 3940 623 3940 623 3852 623 3827 623 3940 2271 3827 2271 3942 2271 3942 2271 3827 2271 3875 2271 3942 2270 3875 2270 3943 2270 3943 2270 3875 2270 3874 2270 3943 2310 3874 2310 3944 2310 3944 2310 3874 2310 3847 2310 3944 3034 3847 3034 3945 3034 3945 3034 3847 3034 3846 3034 984 781 3818 781 3982 781 984 781 3982 781 1030 781 1030 782 3982 782 3980 782 1030 783 3980 783 1032 783 1032 784 3980 784 3978 784 1032 785 3978 785 1034 785 1034 2339 3978 2339 3976 2339 1034 3035 3976 3035 3889 3035 3889 789 3976 789 3974 789 3889 789 3974 789 1038 789 1038 790 3974 790 3972 790 1038 791 3972 791 1040 791 1040 792 3972 792 3970 792 1040 793 3970 793 1042 793 1042 794 3970 794 3968 794 1042 794 3968 794 1044 794 1044 795 3968 795 3904 795 1044 795 3904 795 1020 795 1010 770 3941 770 3946 770 1010 770 3946 770 1061 770 1061 771 3946 771 3948 771 1061 771 3948 771 1063 771 1063 772 3948 772 3950 772 1063 773 3950 773 1065 773 1065 774 3950 774 3952 774 1065 774 3952 774 1067 774 1067 776 3952 776 3954 776 1067 776 3954 776 3840 776 3840 2338 3954 2338 3956 2338 3840 2338 3956 2338 1071 2338 1071 3036 3956 3036 3958 3036 1071 3036 3958 3036 3837 3036 3837 3037 3958 3037 3960 3037 3837 3037 3960 3037 1075 3037 1075 780 3960 780 3819 780 1075 780 3819 780 992 780 3245 3038 3244 3038 3635 3038 3245 769 3635 769 3315 769 3315 768 3635 768 3535 768 3315 767 3535 767 3316 767 3316 766 3535 766 3534 766 3316 3039 3534 3039 3317 3039 3317 3040 3534 3040 3533 3040 3317 764 3533 764 3312 764 3312 3041 3533 3041 3530 3041 3312 3042 3530 3042 3313 3042 3313 761 3530 761 3531 761 3313 3043 3531 3043 3314 3043 3314 3044 3531 3044 3532 3044 3314 3045 3532 3045 3302 3045 3302 759 3532 759 3550 759 3302 759 3550 759 3304 759 3304 757 3550 757 3538 757 3304 757 3538 757 3289 757 3266 756 3512 756 3526 756 3266 756 3526 756 3277 756 3277 754 3526 754 3528 754 3277 754 3528 754 3275 754 3275 3046 3528 3046 3529 3046 3275 3047 3529 3047 3273 3047 3273 752 3529 752 3522 752 3273 3048 3522 3048 3272 3048 3272 750 3522 750 3520 750 3272 3049 3520 3049 3270 3049 3270 749 3520 749 3601 749 3270 3050 3601 3050 3263 3050 3263 3051 3601 3051 3600 3051 3263 3052 3600 3052 3362 3052 3362 3053 3600 3053 3598 3053 3362 3054 3598 3054 3363 3054 3363 744 3598 744 3254 744 3363 3055 3254 3055 3255 3055 3561 2372 3322 2372 3562 2372 3562 638 3322 638 3321 638 3562 2373 3321 2373 3563 2373 3563 2374 3321 2374 3332 2374 3563 641 3332 641 3566 641 3566 641 3332 641 3331 641 3566 2375 3331 2375 3567 2375 3567 644 3331 644 3327 644 3567 645 3327 645 3568 645 3568 646 3327 646 3326 646 3568 647 3326 647 3572 647 3572 2376 3326 2376 3325 2376 3572 649 3325 649 3573 649 3573 2377 3325 2377 3320 2377 3573 650 3320 650 3574 650 3574 2378 3320 2378 3319 2378 3574 652 3319 652 3575 652 3575 2379 3319 2379 3318 2379 3575 653 3318 653 3576 653 3576 2380 3318 2380 3351 2380 3576 656 3351 656 3577 656 3577 656 3351 656 3350 656 3577 657 3350 657 3579 657 3579 2381 3350 2381 3349 2381 3579 2382 3349 2382 3580 2382 3580 2382 3349 2382 3348 2382 3580 2383 3348 2383 3589 2383 3589 2384 3348 2384 3347 2384 3589 2385 3347 2385 3590 2385 3590 2385 3347 2385 3346 2385 3590 664 3346 664 3591 664 3591 664 3346 664 3345 664 3591 2386 3345 2386 3592 2386 3592 667 3345 667 3354 667 3592 2387 3354 2387 3593 2387 3593 668 3354 668 3353 668 3593 2354 3353 2354 3594 2354 3594 669 3353 669 3352 669 3594 2355 3352 2355 3581 2355 3581 2356 3352 2356 3344 2356 3581 673 3344 673 3582 673 3582 673 3344 673 3343 673 3582 2357 3343 2357 3584 2357 3584 2357 3343 2357 3342 2357 3584 2358 3342 2358 3585 2358 3585 2359 3342 2359 3337 2359 3585 2360 3337 2360 3586 2360 3586 2360 3337 2360 3336 2360 3586 2361 3336 2361 3587 2361 3587 680 3336 680 3341 680 3587 681 3341 681 3588 681 3588 681 3341 681 3340 681 3588 2362 3340 2362 3557 2362 3557 684 3340 684 3339 684 3557 2363 3339 2363 3558 2363 3558 685 3339 685 3333 685 3558 2364 3333 2364 3569 2364 3569 687 3333 687 3334 687 3569 2365 3334 2365 3564 2365 3564 688 3334 688 3335 688 3564 2366 3335 2366 3565 2366 3565 690 3335 690 3330 690 3565 691 3330 691 3570 691 3570 692 3330 692 3329 692 3570 693 3329 693 3571 693 3571 2367 3329 2367 3328 2367 3571 696 3328 696 3559 696 3559 696 3328 696 3324 696 3559 2368 3324 2368 3560 2368 3560 2369 3324 2369 3323 2369 3560 2370 3323 2370 3561 2370 3561 2371 3323 2371 3322 2371 3708 2372 3257 2372 3709 2372 3709 638 3257 638 3256 638 3709 2373 3256 2373 3676 2373 3676 2374 3256 2374 3463 2374 3676 641 3463 641 3677 641 3677 641 3463 641 3462 641 3677 2375 3462 2375 3678 2375 3678 644 3462 644 3446 644 3678 645 3446 645 3679 645 3679 646 3446 646 3445 646 3679 647 3445 647 3687 647 3687 2376 3445 2376 3444 2376 3687 649 3444 649 3688 649 3688 2377 3444 2377 3434 2377 3688 650 3434 650 3680 650 3680 2378 3434 2378 3433 2378 3680 652 3433 652 3682 652 3682 2379 3433 2379 3438 2379 3682 653 3438 653 3683 653 3683 2380 3438 2380 3439 2380 3683 656 3439 656 3689 656 3689 656 3439 656 3461 656 3689 657 3461 657 3690 657 3690 2381 3461 2381 3460 2381 3690 2382 3460 2382 3691 2382 3691 2382 3460 2382 3459 2382 3691 2383 3459 2383 3698 2383 3698 2384 3459 2384 3458 2384 3698 2385 3458 2385 3699 2385 3699 2385 3458 2385 3457 2385 3699 664 3457 664 3700 664 3700 664 3457 664 3456 664 3700 2386 3456 2386 3701 2386 3701 667 3456 667 3455 667 3701 2387 3455 2387 3702 2387 3702 668 3455 668 3454 668 3702 2354 3454 2354 3703 2354 3703 669 3454 669 3453 669 3703 2355 3453 2355 3692 2355 3692 2356 3453 2356 3452 2356 3692 673 3452 673 3693 673 3693 673 3452 673 3451 673 3693 2357 3451 2357 3694 2357 3694 2357 3451 2357 3450 2357 3694 2358 3450 2358 3684 2358 3684 2359 3450 2359 3449 2359 3684 2360 3449 2360 3685 2360 3685 2360 3449 2360 3448 2360 3685 2361 3448 2361 3686 2361 3686 680 3448 680 3447 680 3686 681 3447 681 3673 681 3673 681 3447 681 3432 681 3673 2362 3432 2362 3674 2362 3674 684 3432 684 3431 684 3674 2363 3431 2363 3675 2363 3675 685 3431 685 3429 685 3675 2364 3429 2364 3695 2364 3695 687 3429 687 3437 687 3695 2365 3437 2365 3696 2365 3696 688 3437 688 3436 688 3696 2366 3436 2366 3697 2366 3697 690 3436 690 3435 690 3697 691 3435 691 3704 691 3704 692 3435 692 3443 692 3704 693 3443 693 3705 693 3705 2367 3443 2367 3442 2367 3705 696 3442 696 3706 696 3706 696 3442 696 3441 696 3706 2368 3441 2368 3707 2368 3707 2369 3441 2369 3440 2369 3707 2370 3440 2370 3708 2370 3708 2371 3440 2371 3257 2371 3736 2372 3260 2372 3737 2372 3737 638 3260 638 3259 638 3737 2373 3259 2373 3738 2373 3738 2374 3259 2374 3425 2374 3738 641 3425 641 3739 641 3739 641 3425 641 3424 641 3739 3056 3424 3056 3740 3056 3740 3057 3424 3057 3423 3057 3740 705 3423 705 3741 705 3741 706 3423 706 3422 706 3741 647 3422 647 3742 647 3742 2376 3422 2376 3421 2376 3742 649 3421 649 3743 649 3743 2377 3421 2377 3420 2377 3743 650 3420 650 3744 650 3744 2378 3420 2378 3419 2378 3744 711 3419 711 3745 711 3745 2413 3419 2413 3418 2413 3745 712 3418 712 3716 712 3716 2414 3418 2414 3417 2414 3716 656 3417 656 3714 656 3714 656 3417 656 3416 656 3714 657 3416 657 3715 657 3715 2381 3416 2381 3415 2381 3715 2382 3415 2382 3725 2382 3725 2382 3415 2382 3414 2382 3725 2416 3414 2416 3726 2416 3726 2417 3414 2417 3409 2417 3726 3058 3409 3058 3727 3058 3727 3058 3409 3058 3408 3058 3727 664 3408 664 3728 664 3728 664 3408 664 3413 664 3728 2386 3413 2386 3729 2386 3729 667 3413 667 3428 667 3729 2387 3428 2387 3718 2387 3718 668 3428 668 3427 668 3718 2354 3427 2354 3717 2354 3717 669 3427 669 3426 669 3717 2355 3426 2355 3719 2355 3719 2356 3426 2356 3412 2356 3719 673 3412 673 3720 673 3720 673 3412 673 3411 673 3720 2357 3411 2357 3710 2357 3710 2357 3411 2357 3410 2357 3710 2358 3410 2358 3711 2358 3711 2359 3410 2359 3400 2359 3711 2360 3400 2360 3712 2360 3712 2360 3400 2360 3399 2360 3712 2361 3399 2361 3713 2361 3713 680 3399 680 3397 680 3713 681 3397 681 3721 681 3721 681 3397 681 3396 681 3721 2362 3396 2362 3722 2362 3722 684 3396 684 3407 684 3722 2363 3407 2363 3723 2363 3723 685 3407 685 3406 685 3723 2364 3406 2364 3724 2364 3724 687 3406 687 3405 687 3724 2365 3405 2365 3730 2365 3730 688 3405 688 3404 688 3730 2366 3404 2366 3731 2366 3731 690 3404 690 3403 690 3731 691 3403 691 3732 691 3732 692 3403 692 3402 692 3732 693 3402 693 3733 693 3733 2367 3402 2367 3395 2367 3733 696 3395 696 3734 696 3734 696 3395 696 3394 696 3734 2368 3394 2368 3735 2368 3735 2369 3394 2369 3401 2369 3735 2370 3401 2370 3736 2370 3736 2371 3401 2371 3260 2371 3510 2372 3284 2372 3511 2372 3511 638 3284 638 3265 638 3511 2373 3265 2373 3524 2373 3524 2374 3265 2374 3264 2374 3524 641 3264 641 3525 641 3525 641 3264 641 3283 641 3525 3056 3283 3056 3527 3056 3527 3057 3283 3057 3276 3057 3527 705 3276 705 3523 705 3523 706 3276 706 3274 706 3523 647 3274 647 3521 647 3521 2376 3274 2376 3271 2376 3521 649 3271 649 3519 649 3519 2377 3271 2377 3262 2377 3519 650 3262 650 3599 650 3599 2378 3262 2378 3261 2378 3599 711 3261 711 3597 711 3597 2413 3261 2413 3364 2413 3597 712 3364 712 3596 712 3596 2414 3364 2414 3365 2414 3596 656 3365 656 3595 656 3595 656 3365 656 3359 656 3595 657 3359 657 3605 657 3605 2381 3359 2381 3372 2381 3605 2382 3372 2382 3606 2382 3606 2382 3372 2382 3371 2382 3606 2416 3371 2416 3607 2416 3607 2417 3371 2417 3368 2417 3607 3058 3368 3058 3608 3058 3608 3058 3368 3058 3369 3058 3608 664 3369 664 3609 664 3609 664 3369 664 3370 664 3609 2386 3370 2386 3610 2386 3610 667 3370 667 3375 667 3610 2387 3375 2387 3611 2387 3611 668 3375 668 3374 668 3611 2354 3374 2354 3612 2354 3612 669 3374 669 3373 669 3612 2355 3373 2355 3613 2355 3613 2356 3373 2356 3361 2356 3613 673 3361 673 3602 673 3602 673 3361 673 3360 673 3602 2357 3360 2357 3603 2357 3603 2357 3360 2357 3367 2357 3603 2358 3367 2358 3614 2358 3614 2359 3367 2359 3366 2359 3614 2360 3366 2360 3615 2360 3615 2360 3366 2360 3358 2360 3615 2361 3358 2361 3604 2361 3604 680 3358 680 3357 680 3604 681 3357 681 3509 681 3509 681 3357 681 3356 681 3509 2362 3356 2362 3508 2362 3508 684 3356 684 3355 684 3508 2363 3355 2363 3506 2363 3506 685 3355 685 3268 685 3506 2364 3268 2364 3504 2364 3504 687 3268 687 3267 687 3504 2365 3267 2365 3513 2365 3513 688 3267 688 3282 688 3513 2366 3282 2366 3514 2366 3514 690 3282 690 3281 690 3514 691 3281 691 3515 691 3515 692 3281 692 3279 692 3515 693 3279 693 3516 693 3516 2367 3279 2367 3278 2367 3516 696 3278 696 3517 696 3517 696 3278 696 3286 696 3517 2368 3286 2368 3518 2368 3518 2369 3286 2369 3285 2369 3518 2370 3285 2370 3510 2370 3510 2371 3285 2371 3284 2371 3544 2407 3287 2407 3543 2407 3543 700 3287 700 3297 700 3543 2408 3297 2408 3541 2408 3541 2409 3297 2409 3296 2409 3541 641 3296 641 3545 641 3545 641 3296 641 3295 641 3545 2410 3295 2410 3546 2410 3546 704 3295 704 3294 704 3546 3059 3294 3059 3547 3059 3547 3060 3294 3060 3293 3060 3547 647 3293 647 3553 647 3553 2376 3293 2376 3291 2376 3553 649 3291 649 3554 649 3554 2377 3291 2377 3290 2377 3554 709 3290 709 3556 709 3556 2412 3290 2412 3298 2412 3556 711 3298 711 3631 711 3631 2413 3298 2413 3300 2413 3631 712 3300 712 3632 712 3632 2414 3300 2414 3393 2414 3632 715 3393 715 3633 715 3633 715 3393 715 3392 715 3633 657 3392 657 3616 657 3616 2381 3392 2381 3391 2381 3616 2382 3391 2382 3617 2382 3617 2382 3391 2382 3387 2382 3617 3061 3387 3061 3618 3061 3618 3062 3387 3062 3386 3062 3618 2418 3386 2418 3619 2418 3619 2418 3386 2418 3385 2418 3619 664 3385 664 3620 664 3620 664 3385 664 3384 664 3620 2419 3384 2419 3621 2419 3621 722 3384 722 3383 722 3621 2420 3383 2420 3623 2420 3623 723 3383 723 3382 723 3623 2388 3382 2388 3624 2388 3624 724 3382 724 3381 724 3624 2389 3381 2389 3625 2389 3625 2390 3381 2390 3380 2390 3625 673 3380 673 3626 673 3626 673 3380 673 3379 673 3626 2391 3379 2391 3627 2391 3627 2391 3379 2391 3377 2391 3627 3063 3377 3063 3628 3063 3628 3064 3377 3064 3376 3064 3628 2360 3376 2360 3629 2360 3629 2360 3376 2360 3390 2360 3629 2361 3390 2361 3630 2361 3630 680 3390 680 3389 680 3630 730 3389 730 3501 730 3501 730 3389 730 3388 730 3501 2395 3388 2395 3502 2395 3502 733 3388 733 3311 733 3502 2396 3311 2396 3539 2396 3539 734 3311 734 3310 734 3539 2397 3310 2397 3540 2397 3540 736 3310 736 3308 736 3540 2365 3308 2365 3548 2365 3548 688 3308 688 3307 688 3548 2366 3307 2366 3549 2366 3549 690 3307 690 3301 690 3549 737 3301 737 3551 737 3551 738 3301 738 3303 738 3551 739 3303 739 3552 739 3552 2402 3303 2402 3305 2402 3552 696 3305 696 3536 696 3536 696 3305 696 3306 696 3536 2403 3306 2403 3537 2403 3537 2404 3306 2404 3288 2404 3537 2405 3288 2405 3544 2405 3544 2406 3288 2406 3287 2406 3658 2407 3500 2407 3659 2407 3659 700 3500 700 3499 700 3659 2408 3499 2408 3636 2408 3636 2409 3499 2409 3498 2409 3636 641 3498 641 3637 641 3637 641 3498 641 3494 641 3637 2410 3494 2410 3638 2410 3638 704 3494 704 3493 704 3638 3059 3493 3059 3639 3059 3639 3060 3493 3060 3492 3060 3639 647 3492 647 3642 647 3642 2376 3492 2376 3475 2376 3642 649 3475 649 3643 649 3643 2377 3475 2377 3474 2377 3643 709 3474 709 3644 709 3644 2412 3474 2412 3491 2412 3644 711 3491 711 3660 711 3660 2413 3491 2413 3490 2413 3660 712 3490 712 3661 712 3661 2414 3490 2414 3489 2414 3661 715 3489 715 3646 715 3646 715 3489 715 3486 715 3646 657 3486 657 3647 657 3647 2381 3486 2381 3485 2381 3647 2382 3485 2382 3662 2382 3662 2382 3485 2382 3484 2382 3662 3061 3484 3061 3663 3061 3663 3062 3484 3062 3481 3062 3663 2418 3481 2418 3664 2418 3664 2418 3481 2418 3482 2418 3664 664 3482 664 3665 664 3665 664 3482 664 3483 664 3665 2419 3483 2419 3666 2419 3666 722 3483 722 3497 722 3666 2420 3497 2420 3667 2420 3667 723 3497 723 3496 723 3667 2388 3496 2388 3648 2388 3648 724 3496 724 3495 724 3648 2389 3495 2389 3649 2389 3649 2390 3495 2390 3480 2390 3649 673 3480 673 3650 673 3650 673 3480 673 3479 673 3650 2391 3479 2391 3651 2391 3651 2391 3479 2391 3488 2391 3651 3063 3488 3063 3652 3063 3652 3064 3488 3064 3487 3064 3652 2360 3487 2360 3653 2360 3653 2360 3487 2360 3478 2360 3653 2361 3478 2361 3654 2361 3654 680 3478 680 3477 680 3654 730 3477 730 3670 730 3670 730 3477 730 3476 730 3670 2395 3476 2395 3671 2395 3671 733 3476 733 3470 733 3671 2396 3470 2396 3672 2396 3672 734 3470 734 3472 734 3672 2397 3472 2397 3655 2397 3655 736 3472 736 3473 736 3655 2365 3473 2365 3640 2365 3640 688 3473 688 3469 688 3640 2366 3469 2366 3641 2366 3641 690 3469 690 3468 690 3641 737 3468 737 3668 737 3668 738 3468 738 3467 738 3668 739 3467 739 3669 739 3669 2402 3467 2402 3464 2402 3669 696 3464 696 3656 696 3656 696 3464 696 3465 696 3656 2403 3465 2403 3657 2403 3657 2404 3465 2404 3466 2404 3657 2405 3466 2405 3658 2405 3658 2406 3466 2406 3500 2406 3985 146 3986 146 3987 146 3988 146 3989 146 3990 146 3991 146 3992 146 3993 146 3994 3065 3995 3065 3996 3065 3996 146 3995 146 3997 146 3998 3066 3999 3066 3994 3066 3994 3067 3999 3067 4000 3067 3994 3068 4000 3068 4001 3068 4002 146 4003 146 4004 146 4005 146 4006 146 4007 146 4007 3069 4006 3069 4008 3069 4007 146 4008 146 4003 146 4003 3070 4008 3070 4009 3070 4003 3071 4009 3071 4004 3071 4010 146 4011 146 4012 146 4012 3072 4011 3072 4013 3072 4012 146 4013 146 3994 146 3994 3073 4013 3073 4014 3073 3994 146 4014 146 3998 146 4001 146 4015 146 3994 146 3994 3074 4015 3074 4016 3074 3994 3075 4016 3075 3995 3075 3992 146 4017 146 3993 146 3993 146 4017 146 4018 146 3993 146 4018 146 4019 146 4019 3076 4018 3076 4002 3076 4019 146 4002 146 4020 146 4020 3077 4002 3077 4004 3077 4010 3078 4012 3078 4007 3078 4007 3079 4012 3079 4021 3079 4007 3080 4021 3080 4005 3080 4022 146 4023 146 4024 146 4024 146 4023 146 4025 146 4024 146 4025 146 4026 146 3991 146 3993 146 4027 146 4027 146 3993 146 4028 146 4027 146 4028 146 4029 146 4029 146 4028 146 4030 146 4029 146 4030 146 4031 146 4026 146 4032 146 4024 146 4024 3081 4032 3081 4033 3081 4024 3082 4033 3082 4034 3082 4034 3083 4035 3083 4024 3083 4024 3084 4035 3084 4036 3084 4024 146 4036 146 4037 146 4038 146 4039 146 4030 146 4030 146 4039 146 4040 146 4040 146 4041 146 4030 146 4030 3085 4041 3085 4042 3085 4030 3086 4042 3086 4043 3086 4043 146 4044 146 4030 146 4030 146 4044 146 4045 146 4030 146 4045 146 4031 146 4046 146 4047 146 4048 146 4049 3087 4050 3087 4048 3087 4051 146 4052 146 4053 146 4054 146 4055 146 4056 146 4055 146 4057 146 4056 146 4056 3088 4057 3088 4058 3088 4056 3089 4058 3089 4059 3089 4059 146 4060 146 4056 146 4056 3090 4060 3090 4061 3090 4056 146 4061 146 4062 146 4047 146 4063 146 4048 146 4048 3091 4063 3091 4064 3091 4048 3092 4064 3092 4049 3092 4065 146 4066 146 4067 146 4067 146 4066 146 4048 146 4067 146 4048 146 4068 146 4068 3093 4048 3093 4050 3093 4069 146 4070 146 4071 146 4072 3094 4073 3094 4053 3094 4053 3095 4073 3095 4074 3095 4053 146 4074 146 4075 146 4062 146 4076 146 4056 146 4056 146 4076 146 4077 146 4056 146 4077 146 4048 146 4048 146 4077 146 4078 146 4048 146 4078 146 4046 146 4079 146 4080 146 4081 146 4081 3096 4080 3096 4082 3096 4081 3097 4082 3097 4083 3097 4052 146 4084 146 4053 146 4053 3098 4084 3098 4085 3098 4053 3099 4085 3099 4072 3099 4083 3100 4082 3100 4086 3100 4086 146 4082 146 4087 146 4086 3077 4087 3077 4088 3077 4069 146 4071 146 4053 146 4053 146 4071 146 4089 146 4053 146 4089 146 4051 146 4088 146 4087 146 4090 146 4090 3101 4087 3101 4091 3101 4090 146 4091 146 4069 146 4069 146 4091 146 4092 146 4069 146 4092 146 4070 146 4065 146 4093 146 4066 146 4066 146 4093 146 4094 146 4066 3102 4094 3102 4095 3102 4095 3103 4094 3103 4080 3103 4095 3104 4080 3104 4096 3104 4096 146 4080 146 4079 146 4097 3105 4098 3105 4099 3105 4100 146 4101 146 4102 146 4103 3106 4104 3106 4099 3106 4105 146 4106 146 4107 146 4098 146 4108 146 4099 146 4099 3107 4108 3107 4109 3107 4099 3108 4109 3108 4103 3108 4110 146 4111 146 4106 146 4106 3109 4111 3109 4112 3109 4113 146 4114 146 4115 146 4115 146 4114 146 4099 146 4115 146 4099 146 4116 146 4116 3110 4099 3110 4104 3110 4112 3111 4117 3111 4106 3111 4106 3112 4117 3112 4118 3112 4106 3113 4118 3113 4107 3113 4113 146 4119 146 4114 146 4114 146 4119 146 4120 146 4114 3114 4120 3114 4121 3114 4121 3115 4120 3115 4110 3115 4121 3116 4110 3116 4122 3116 4122 146 4110 146 4106 146 4123 146 4124 146 4125 146 4125 146 4126 146 4123 146 4123 3117 4126 3117 4106 3117 4123 146 4106 146 4127 146 4128 146 4129 146 4130 146 4130 146 4129 146 4131 146 4132 146 4133 146 3988 146 4134 146 4135 146 4136 146 4136 146 4135 146 4137 146 4137 146 4138 146 4136 146 4136 3118 4138 3118 4139 3118 4136 3119 4139 3119 4140 3119 4140 146 4141 146 4136 146 4136 146 4141 146 4142 146 4136 146 4142 146 4143 146 4131 3120 4144 3120 4145 3120 4145 146 4146 146 4131 146 4131 3121 4146 3121 4147 3121 4131 146 4147 146 4148 146 4148 3122 4147 3122 4149 3122 4148 146 4149 146 4150 146 4151 3094 4152 3094 3988 3094 3988 3123 4152 3123 4153 3123 3988 146 4153 146 4154 146 4143 146 4155 146 4136 146 4136 146 4155 146 4156 146 4136 3124 4156 3124 4131 3124 4131 146 4156 146 4157 146 4131 3125 4157 3125 4144 3125 4158 146 4159 146 4160 146 4160 3126 4159 3126 4161 3126 4161 146 4162 146 4160 146 4160 3127 4162 3127 4163 3127 4160 3128 4163 3128 4164 3128 4133 146 4165 146 3988 146 3988 3098 4165 3098 4166 3098 3988 3099 4166 3099 4151 3099 4150 3129 4149 3129 4167 3129 4167 3130 4149 3130 4168 3130 4167 3131 4168 3131 4158 3131 4158 146 4168 146 4169 146 4158 3132 4169 3132 4159 3132 4164 3133 4170 3133 4160 3133 4160 3134 4170 3134 4171 3134 4160 3135 4171 3135 4172 3135 4172 146 4173 146 4160 146 4160 146 4173 146 4174 146 4160 146 4174 146 3988 146 3988 146 4174 146 4175 146 3988 146 4175 146 4132 146 4176 146 4177 146 4178 146 4178 146 4177 146 4179 146 4178 146 4179 146 4180 146 4181 3136 4182 3136 4178 3136 4178 3137 4182 3137 4183 3137 4178 146 4183 146 4184 146 4185 146 4186 146 4024 146 4024 146 4186 146 3996 146 4024 146 3996 146 4022 146 4022 146 3996 146 3997 146 4180 146 4187 146 4178 146 4178 3138 4187 3138 4188 3138 4178 3139 4188 3139 4181 3139 4189 146 4190 146 4024 146 4024 146 4190 146 4191 146 4191 146 4192 146 4024 146 4024 3140 4192 3140 4193 3140 4024 3141 4193 3141 4194 3141 4194 146 4195 146 4024 146 4024 146 4195 146 4196 146 4024 146 4196 146 4185 146 4197 3142 4198 3142 3994 3142 4186 146 4199 146 3996 146 3996 146 4199 146 4200 146 3996 3143 4200 3143 3994 3143 3994 146 4200 146 4201 146 3994 3144 4201 3144 4202 3144 4203 3145 4204 3145 4205 3145 4205 146 4204 146 4206 146 4205 146 4206 146 4176 146 4202 146 4207 146 3994 146 3994 3146 4207 3146 4208 3146 3994 3147 4208 3147 4197 3147 4198 3148 4209 3148 3994 3148 3994 146 4209 146 4210 146 3994 3149 4210 3149 4211 3149 4212 3150 4213 3150 4214 3150 4214 3151 4213 3151 4215 3151 4214 3152 4215 3152 4203 3152 4211 146 4216 146 3994 146 3994 146 4216 146 4217 146 3994 146 4217 146 4214 146 4214 3153 4217 3153 4218 3153 4214 3154 4218 3154 4212 3154 4219 146 4220 146 4221 146 4222 146 4100 146 4099 146 4099 3155 4100 3155 4102 3155 4099 146 4102 146 4097 146 4220 3156 4223 3156 4221 3156 4221 3157 4223 3157 4224 3157 4221 3158 4224 3158 4225 3158 4226 146 4227 146 4099 146 4099 3073 4227 3073 4228 3073 4099 3159 4229 3159 4230 3159 4225 3160 4231 3160 4221 3160 4221 3161 4231 3161 4232 3161 4221 146 4232 146 4099 146 4099 3162 4232 3162 4233 3162 4099 146 4233 146 4226 146 4228 146 4234 146 4099 146 4099 3163 4234 3163 4235 3163 4099 3067 4235 3067 4229 3067 4230 146 4236 146 4099 146 4099 3164 4236 3164 4237 3164 4099 3165 4237 3165 4222 3165 4222 146 4238 146 4100 146 4100 146 4238 146 4239 146 4100 146 4239 146 3989 146 3989 146 4239 146 4240 146 3989 146 4240 146 4241 146 4242 146 4243 146 4244 146 4244 146 4243 146 4245 146 4241 146 4246 146 3989 146 3989 146 4246 146 4247 146 3989 3166 4247 3166 4248 3166 4248 3167 4249 3167 3989 3167 3989 3168 4249 3168 4250 3168 3989 3169 4250 3169 4251 3169 4252 146 4253 146 3990 146 3990 3170 4253 3170 4254 3170 4251 146 4255 146 3989 146 3989 146 4255 146 4256 146 3989 146 4256 146 3990 146 3990 146 4256 146 4257 146 3990 146 4257 146 4252 146 4254 146 4258 146 3990 146 3990 3171 4258 3171 4259 3171 3990 146 4259 146 4260 146 4261 146 4262 146 4263 146 4107 146 4264 146 4105 146 4105 146 4264 146 4265 146 4105 146 4265 146 4263 146 4263 146 4265 146 4266 146 4263 146 4266 146 4261 146 4101 146 4100 146 4267 146 4267 146 4100 146 3989 146 4267 146 3989 146 4268 146 4262 146 4269 146 4263 146 4263 3172 4269 3172 4270 3172 4263 3173 4270 3173 4271 3173 4271 3174 4272 3174 4263 3174 4263 3175 4272 3175 4273 3175 4263 146 4273 146 4274 146 4275 146 4276 146 3989 146 3989 146 4276 146 4277 146 4277 146 4278 146 3989 146 3989 3085 4278 3085 4279 3085 3989 3086 4279 3086 4280 3086 4280 146 4281 146 3989 146 3989 146 4281 146 4282 146 3989 146 4282 146 4268 146 4283 146 4284 146 4285 146 4286 146 4287 146 4288 146 4284 3176 4289 3176 4285 3176 4285 3177 4289 3177 4290 3177 4285 3178 4290 3178 4291 3178 4291 3179 4292 3179 4285 3179 4285 3180 4292 3180 4293 3180 4285 146 4293 146 4294 146 4293 146 4295 146 4294 146 4294 3181 4295 3181 4296 3181 4294 3182 4296 3182 4297 3182 4298 3183 4299 3183 4300 3183 4297 3184 4301 3184 4294 3184 4294 3185 4301 3185 4302 3185 4294 3186 4302 3186 4298 3186 4303 3187 4304 3187 4305 3187 4306 3188 4307 3188 3987 3188 3987 146 4307 146 4308 146 3987 146 4308 146 4286 146 4286 146 4308 146 4309 146 4286 146 4309 146 4287 146 4304 146 4310 146 4305 146 4305 3189 4310 3189 4311 3189 4305 3190 4311 3190 4306 3190 4312 3191 4313 3191 4314 3191 4314 3192 4315 3192 4312 3192 4312 3193 4315 3193 4316 3193 4312 3194 4316 3194 4317 3194 4317 146 4318 146 4312 146 4312 3195 4318 3195 4319 3195 4312 146 4319 146 4305 146 4305 3196 4319 3196 4320 3196 4305 3197 4320 3197 4303 3197 4299 146 4321 146 4300 146 4300 146 4321 146 4322 146 4300 146 4322 146 4323 146 4323 146 4322 146 4324 146 4323 146 4324 146 4325 146 4129 146 4326 146 4131 146 4131 3198 4326 3198 4327 3198 4131 146 4327 146 4136 146 4136 146 4327 146 4328 146 4136 146 4328 146 4263 146 4263 146 4328 146 4329 146 4263 146 4329 146 4105 146 4105 146 4329 146 4330 146 4105 146 4330 146 4106 146 4106 3199 4330 3199 4331 3199 4106 3200 4331 3200 4127 3200 4274 146 4275 146 4263 146 4263 146 4275 146 3989 146 4263 146 3989 146 4136 146 4136 146 3989 146 3988 146 4136 146 3988 146 4134 146 4134 146 3988 146 4154 146 4332 146 4333 146 4160 146 4334 3201 4335 3201 4336 3201 4335 146 4337 146 4336 146 4336 146 4337 146 4338 146 4336 146 4338 146 4339 146 4340 146 4341 146 3988 146 3988 3202 4341 3202 4342 3202 3988 3203 4342 3203 4343 3203 4344 3204 4345 3204 4160 3204 4346 146 4347 146 4336 146 4343 146 4348 146 3988 146 3988 3205 4348 3205 4349 3205 3988 146 4349 146 4350 146 4351 146 4352 146 4336 146 4347 146 4353 146 4336 146 4336 3206 4353 3206 4354 3206 4336 3207 4354 3207 4334 3207 4350 146 4355 146 3988 146 3988 146 4355 146 4356 146 3988 146 4356 146 4160 146 4160 146 4356 146 4357 146 4160 146 4357 146 4332 146 4333 146 4358 146 4160 146 4160 3208 4358 3208 4359 3208 4160 3209 4359 3209 4344 3209 4345 3210 4360 3210 4160 3210 4160 146 4360 146 4361 146 4160 3211 4361 3211 4362 3211 4352 3212 4363 3212 4336 3212 4336 146 4363 146 4364 146 4336 146 4364 146 4346 146 4362 146 4365 146 4160 146 4160 146 4365 146 4366 146 4160 146 4366 146 4367 146 4367 3213 4366 3213 4368 3213 4368 3214 4369 3214 4367 3214 4367 3215 4369 3215 4370 3215 4367 3216 4370 3216 4371 3216 4367 146 4286 146 4285 146 4285 3217 4286 3217 4288 3217 4285 3218 4288 3218 4283 3218 4372 146 4373 146 4336 146 4286 3219 4374 3219 4375 3219 3987 146 3986 146 3990 146 3986 146 4372 146 3990 146 3990 146 4372 146 4336 146 3990 146 4336 146 3988 146 3988 146 4336 146 4339 146 3988 146 4339 146 4340 146 4371 146 4351 146 4367 146 4367 3220 4351 3220 4336 3220 4367 146 4336 146 4286 146 4286 146 4336 146 4376 146 4286 3221 4376 3221 4374 3221 4375 146 4377 146 4286 146 4286 3222 4377 3222 4378 3222 4286 3223 4378 3223 4379 3223 4373 146 4380 146 4336 146 4336 146 4380 146 4381 146 4336 3224 4381 3224 4382 3224 4383 146 4384 146 3987 146 3987 3225 4384 3225 4385 3225 3987 3226 4385 3226 3985 3226 4382 146 4386 146 4336 146 4336 3227 4386 3227 4387 3227 4336 3228 4387 3228 4388 3228 4388 3229 4389 3229 4336 3229 4336 146 4389 146 4390 146 4336 3230 4390 3230 4391 3230 4391 146 4392 146 4336 146 4336 3231 4392 3231 4393 3231 4336 3232 4393 3232 4394 3232 4394 3233 4395 3233 4336 3233 4336 3234 4395 3234 4396 3234 4336 3235 4396 3235 4376 3235 4379 146 4397 146 4286 146 4286 3236 4397 3236 4398 3236 4286 3237 4398 3237 4399 3237 4400 146 4401 146 3987 146 3987 3238 4401 3238 4402 3238 3987 3239 4402 3239 4383 3239 4399 146 4403 146 4286 146 4286 146 4403 146 4404 146 4286 146 4404 146 3987 146 3987 3240 4404 3240 4405 3240 3987 3241 4405 3241 4400 3241 4306 146 3987 146 4305 146 4305 146 3987 146 3990 146 4305 146 3990 146 4243 146 4243 3242 3990 3242 4260 3242 4243 3243 4260 3243 4245 3243 4298 146 4300 146 4294 146 4294 146 4300 146 4406 146 4294 146 4406 146 4407 146 4408 146 4409 146 4300 146 4410 146 4411 146 4323 146 4323 3244 4411 3244 4412 3244 4178 146 4413 146 4323 146 4323 3245 4413 3245 4414 3245 4323 3246 4414 3246 4410 3246 4412 146 4415 146 4323 146 4323 3247 4415 3247 4416 3247 4323 3248 4416 3248 4417 3248 4300 146 4409 146 4406 146 4406 3249 4409 3249 4418 3249 4406 146 4418 146 4178 146 4178 3250 4418 3250 4419 3250 4178 3251 4419 3251 4420 3251 4421 146 4422 146 4178 146 4423 146 4424 146 4178 146 4424 146 4425 146 4178 146 4178 3252 4425 3252 4426 3252 4178 3253 4426 3253 4413 3253 4300 3254 4427 3254 4428 3254 4420 146 4429 146 4178 146 4178 3255 4429 3255 4430 3255 4178 3256 4430 3256 4431 3256 4422 146 4432 146 4178 146 4178 3257 4432 3257 4433 3257 4178 3258 4433 3258 4423 3258 4434 146 4435 146 4300 146 4300 3259 4435 3259 4436 3259 4300 3260 4436 3260 4427 3260 4428 3261 4437 3261 4300 3261 4300 3262 4437 3262 4438 3262 4300 3263 4438 3263 4408 3263 4431 146 4439 146 4178 146 4178 3264 4439 3264 4440 3264 4178 3265 4440 3265 4421 3265 4417 146 4441 146 4323 146 4323 3266 4441 3266 4442 3266 4323 146 4442 146 4300 146 4300 3267 4442 3267 4443 3267 4300 146 4443 146 4434 146 4176 146 4178 146 4205 146 4205 146 4178 146 4323 146 4205 146 4323 146 4312 146 4312 3268 4323 3268 4325 3268 4312 3269 4325 3269 4313 3269 4203 146 4205 146 4214 146 4214 146 4205 146 4312 146 4214 146 4312 146 4444 146 4444 146 4312 146 4305 146 4444 146 4305 146 4445 146 4445 146 4305 146 4243 146 4445 146 4243 146 4221 146 4221 146 4243 146 4242 146 4221 3270 4242 3270 4219 3270 4446 146 4447 146 4056 146 4448 146 4449 146 4407 146 4448 146 4407 146 4450 146 4451 146 4452 146 4406 146 4406 146 4452 146 4453 146 4453 146 4454 146 4406 146 4406 3271 4454 3271 4455 3271 4406 3272 4455 3272 4456 3272 4456 146 4457 146 4406 146 4406 146 4457 146 4458 146 4406 146 4458 146 4407 146 4407 3273 4458 3273 4459 3273 4407 3274 4459 3274 4450 3274 4449 146 4460 146 4407 146 4407 3275 4460 3275 4461 3275 4407 3276 4461 3276 4462 3276 4462 3277 4463 3277 4407 3277 4407 3278 4463 3278 4464 3278 4407 146 4464 146 4048 146 4048 3279 4464 3279 4465 3279 4465 146 4466 146 4048 146 4048 3280 4466 3280 4467 3280 4048 3126 4467 3126 4468 3126 4469 3281 4470 3281 4056 3281 4056 3282 4470 3282 4471 3282 4056 146 4471 146 4472 146 4468 146 4473 146 4048 146 4048 3127 4473 3127 4474 3127 4048 3283 4474 3283 4475 3283 4447 146 4476 146 4056 146 4056 3284 4476 3284 4477 3284 4056 3285 4477 3285 4469 3285 4475 3286 4478 3286 4048 3286 4048 3287 4478 3287 4479 3287 4048 3288 4479 3288 4480 3288 4480 146 4481 146 4048 146 4048 146 4481 146 4482 146 4048 146 4482 146 4056 146 4056 146 4482 146 4483 146 4056 146 4483 146 4446 146 4184 146 4189 146 4178 146 4178 146 4189 146 4024 146 4178 146 4024 146 4406 146 4406 146 4024 146 4056 146 4406 146 4056 146 4451 146 4451 146 4056 146 4472 146 4037 146 4038 146 4024 146 4024 146 4038 146 4030 146 4024 146 4030 146 4056 146 4056 146 4030 146 4053 146 4056 146 4053 146 4054 146 4054 146 4053 146 4075 146 4484 92 4012 92 4485 92 4485 92 4012 92 3994 92 4485 92 3994 92 4486 92 4486 92 3994 92 4214 92 4486 92 4214 92 4487 92 4487 92 4214 92 4444 92 4487 92 4444 92 4488 92 4488 92 4444 92 4445 92 4488 92 4445 92 4489 92 4489 92 4445 92 4221 92 4489 92 4221 92 4490 92 4490 92 4221 92 4099 92 4490 92 4099 92 4491 92 4491 92 4099 92 4114 92 4492 46 4069 46 4493 46 4493 46 4069 46 4053 46 4493 46 4053 46 4494 46 4494 46 4053 46 4030 46 4494 46 4030 46 4495 46 4495 46 4030 46 4028 46 4495 46 4028 46 4496 46 4496 46 4028 46 3993 46 4497 45 4158 45 4498 45 4498 45 4158 45 4160 45 4498 45 4160 45 4499 45 4499 45 4160 45 4367 45 4499 45 4367 45 4500 45 4500 45 4367 45 4285 45 4500 45 4285 45 4501 45 4501 45 4285 45 4294 45 4501 45 4294 45 4502 45 4502 45 4294 45 4407 45 4502 45 4407 45 4503 45 4503 45 4407 45 4048 45 4503 45 4048 45 4504 45 4504 45 4048 45 4066 45 4327 0 4505 0 4328 0 4328 0 4505 0 4506 0 4328 0 4506 0 4329 0 4329 0 4506 0 4507 0 4329 0 4507 0 4330 0 4330 0 4507 0 4508 0 4330 0 4508 0 4331 0 4331 0 4508 0 4509 0 4499 93 4500 93 4510 93 4511 3289 4512 3289 4513 3289 4511 3290 4514 3290 4512 3290 4512 3291 4514 3291 4515 3291 4512 93 4515 93 4516 93 4517 93 4518 93 4511 93 4519 93 4517 93 4520 93 4520 93 4517 93 4511 93 4520 3292 4511 3292 4509 3292 4509 93 4511 93 4513 93 4521 3293 4490 3293 4522 3293 4523 93 4524 93 4491 93 4518 93 4525 93 4511 93 4511 3294 4525 3294 4526 3294 4511 3295 4526 3295 4527 3295 4528 3296 4529 3296 4490 3296 4490 3297 4529 3297 4530 3297 4490 3298 4530 3298 4531 3298 4491 93 4524 93 4490 93 4490 3299 4524 3299 4532 3299 4490 93 4532 93 4528 93 4531 93 4533 93 4490 93 4490 3300 4533 3300 4534 3300 4490 3301 4534 3301 4522 3301 4535 93 4536 93 4491 93 4491 3302 4536 3302 4537 3302 4491 93 4537 93 4523 93 4527 93 4538 93 4511 93 4511 3303 4538 3303 4536 3303 4511 93 4536 93 4539 93 4539 3304 4536 3304 4535 3304 4540 3305 4541 3305 4485 3305 4542 93 4543 93 4544 93 4545 3306 4546 3306 4485 3306 4541 93 4547 93 4485 93 4485 3307 4547 3307 4548 3307 4485 3308 4548 3308 4545 3308 4549 93 4550 93 4551 93 4551 3309 4550 3309 4552 3309 4553 93 4484 93 4554 93 4554 93 4484 93 4485 93 4554 93 4485 93 4555 93 4555 3310 4485 3310 4546 3310 4556 93 4557 93 4552 93 4552 3311 4557 3311 4558 3311 4552 3312 4558 3312 4551 3312 4559 93 4496 93 4560 93 4560 3313 4496 3313 4561 3313 4560 93 4561 93 4556 93 4556 3314 4561 3314 4562 3314 4556 3315 4562 3315 4557 3315 4553 93 4563 93 4484 93 4484 93 4563 93 4564 93 4484 3316 4564 3316 4565 3316 4565 3317 4564 3317 4550 3317 4565 3318 4550 3318 4566 3318 4566 93 4550 93 4549 93 4567 93 4568 93 4569 93 4504 93 4570 93 4503 93 4503 3319 4570 3319 4571 3319 4571 93 4572 93 4503 93 4503 3320 4572 3320 4573 3320 4503 3321 4573 3321 4574 3321 4575 3322 4576 3322 4569 3322 4577 93 4578 93 4579 93 4579 3323 4578 3323 4580 3323 4579 93 4580 93 4581 93 4574 3324 4582 3324 4503 3324 4503 3325 4582 3325 4583 3325 4503 3326 4583 3326 4584 3326 4580 3327 4585 3327 4581 3327 4581 3328 4585 3328 4586 3328 4581 93 4586 93 4587 93 4577 3329 4579 3329 4588 3329 4588 3330 4579 3330 4589 3330 4588 3331 4589 3331 4504 3331 4504 93 4589 93 4590 93 4504 3332 4590 3332 4570 3332 4591 93 4592 93 4492 93 4492 93 4592 93 4593 93 4492 93 4593 93 4594 93 4594 3333 4593 3333 4587 3333 4594 93 4587 93 4595 93 4595 3334 4587 3334 4586 3334 4584 93 4596 93 4503 93 4503 93 4596 93 4597 93 4503 93 4597 93 4569 93 4569 93 4597 93 4598 93 4569 93 4598 93 4567 93 4568 93 4599 93 4569 93 4569 3335 4599 3335 4600 3335 4569 3336 4600 3336 4575 3336 4576 93 4601 93 4569 93 4569 93 4601 93 4602 93 4569 93 4602 93 4603 93 4604 93 4605 93 4493 93 4493 3337 4605 3337 4606 3337 4493 3338 4606 3338 4607 3338 4607 93 4608 93 4493 93 4493 3339 4608 3339 4609 3339 4493 93 4609 93 4610 93 4610 93 4611 93 4493 93 4493 93 4611 93 4612 93 4493 93 4612 93 4492 93 4492 93 4612 93 4613 93 4492 93 4613 93 4591 93 4614 93 4615 93 4498 93 4616 93 4617 93 4618 93 4619 3340 4620 3340 4498 3340 4621 93 4622 93 4623 93 4623 3341 4622 3341 4624 3341 4623 3342 4624 3342 4625 3342 4626 93 4627 93 4628 93 4628 3338 4627 3338 4629 3338 4625 93 4630 93 4623 93 4623 3343 4630 3343 4631 3343 4623 3344 4631 3344 4632 3344 4616 93 4618 93 4633 93 4617 93 4634 93 4618 93 4618 93 4634 93 4635 93 4618 3345 4635 3345 4636 3345 4637 93 4497 93 4638 93 4638 93 4497 93 4498 93 4638 93 4498 93 4639 93 4639 3346 4498 3346 4620 3346 4636 3347 4640 3347 4618 3347 4618 3348 4640 3348 4641 3348 4618 3349 4641 3349 4642 3349 4642 93 4643 93 4618 93 4618 93 4643 93 4644 93 4618 93 4644 93 4628 93 4628 93 4644 93 4645 93 4628 93 4645 93 4626 93 4629 93 4646 93 4628 93 4628 3339 4646 3339 4647 3339 4628 93 4647 93 4648 93 4615 93 4649 93 4498 93 4498 3350 4649 3350 4650 3350 4498 3351 4650 3351 4619 3351 4637 93 4651 93 4497 93 4497 93 4651 93 4652 93 4497 3352 4652 3352 4653 3352 4653 3353 4652 3353 4622 3353 4653 3354 4622 3354 4654 3354 4654 93 4622 93 4621 93 4648 93 4655 93 4628 93 4628 93 4655 93 4656 93 4628 93 4656 93 4498 93 4498 93 4656 93 4657 93 4498 93 4657 93 4614 93 4506 3355 4505 3355 4623 3355 4505 93 4658 93 4623 93 4623 3356 4658 3356 4659 3356 4623 93 4659 93 4660 93 4660 93 4659 93 4661 93 4662 93 4663 93 4664 93 4664 93 4663 93 4665 93 4666 93 4667 93 4668 93 4668 93 4667 93 4669 93 4669 93 4670 93 4668 93 4668 3357 4670 3357 4671 3357 4668 3358 4671 3358 4672 3358 4672 93 4673 93 4668 93 4668 93 4673 93 4674 93 4668 93 4674 93 4675 93 4675 93 4676 93 4677 93 4677 93 4676 93 4678 93 4677 3359 4678 3359 4679 3359 4679 3360 4680 3360 4677 3360 4677 3361 4680 3361 4681 3361 4677 3362 4681 3362 4682 3362 4683 93 4684 93 4486 93 4683 93 4486 93 4685 93 4686 93 4542 93 4485 93 4485 3363 4542 3363 4544 3363 4485 93 4544 93 4540 93 4686 93 4687 93 4542 93 4542 93 4687 93 4688 93 4542 93 4688 93 4668 93 4668 93 4688 93 4689 93 4668 93 4689 93 4666 93 4684 3364 4690 3364 4486 3364 4486 3365 4690 3365 4691 3365 4486 3366 4691 3366 4692 3366 4693 93 4694 93 4485 93 4485 3299 4694 3299 4695 3299 4485 3367 4696 3367 4697 3367 4692 3368 4698 3368 4486 3368 4486 3369 4698 3369 4699 3369 4486 93 4699 93 4485 93 4485 3370 4699 3370 4700 3370 4485 93 4700 93 4693 93 4695 93 4701 93 4485 93 4485 3371 4701 3371 4702 3371 4485 3372 4702 3372 4696 3372 4697 93 4703 93 4485 93 4485 3373 4703 3373 4704 3373 4485 3374 4704 3374 4686 3374 4705 93 4706 93 4494 93 4559 93 4707 93 4496 93 4496 93 4707 93 4708 93 4496 93 4708 93 4495 93 4495 93 4708 93 4709 93 4495 93 4709 93 4494 93 4494 93 4709 93 4710 93 4494 93 4710 93 4705 93 4711 3375 4712 3375 4494 3375 4713 93 4714 93 4668 93 4668 3376 4715 3376 4716 3376 4543 93 4542 93 4717 93 4717 93 4542 93 4668 93 4717 93 4668 93 4718 93 4714 93 4719 93 4668 93 4668 3377 4719 3377 4720 3377 4668 3378 4720 3378 4715 3378 4716 93 4721 93 4668 93 4668 93 4721 93 4722 93 4668 93 4722 93 4718 93 4712 93 4723 93 4494 93 4494 93 4723 93 4724 93 4494 93 4724 93 4713 93 4706 93 4725 93 4494 93 4494 3379 4725 3379 4726 3379 4494 3380 4726 3380 4711 3380 4727 93 4728 93 4729 93 4729 93 4728 93 4730 93 4729 93 4730 93 4731 93 4732 93 4733 93 4734 93 4735 93 4736 93 4732 93 4732 3381 4736 3381 4737 3381 4732 3382 4737 3382 4738 3382 4732 93 4734 93 4521 93 4739 93 4740 93 4729 93 4738 93 4741 93 4732 93 4732 93 4741 93 4742 93 4732 93 4742 93 4733 93 4739 3383 4729 3383 4743 3383 4740 93 4744 93 4729 93 4729 93 4744 93 4745 93 4729 93 4745 93 4732 93 4732 93 4745 93 4746 93 4732 93 4746 93 4735 93 4731 93 4747 93 4729 93 4729 3384 4747 3384 4748 3384 4729 3385 4748 3385 4743 3385 4749 3306 4750 3306 4490 3306 4734 93 4751 93 4521 93 4521 93 4751 93 4752 93 4521 3386 4752 3386 4490 3386 4490 93 4752 93 4753 93 4490 3387 4753 3387 4754 3387 4755 3388 4756 3388 4757 3388 4757 93 4756 93 4758 93 4754 93 4759 93 4490 93 4490 3389 4759 3389 4760 3389 4490 3390 4760 3390 4749 3390 4750 3391 4761 3391 4490 3391 4490 93 4761 93 4762 93 4490 3392 4762 3392 4763 3392 4764 3393 4765 3393 4489 3393 4489 3394 4765 3394 4766 3394 4763 93 4767 93 4490 93 4490 93 4767 93 4768 93 4490 93 4768 93 4489 93 4489 3395 4768 3395 4769 3395 4489 3396 4769 3396 4764 3396 4770 93 4771 93 4732 93 4522 93 4772 93 4521 93 4521 93 4772 93 4773 93 4521 93 4773 93 4732 93 4732 93 4773 93 4774 93 4732 93 4774 93 4770 93 4775 93 4776 93 4777 93 4777 3397 4776 3397 4778 3397 4777 3398 4778 3398 4779 3398 4519 93 4520 93 4780 93 4780 93 4520 93 4777 93 4780 93 4777 93 4781 93 4779 93 4782 93 4777 93 4777 93 4782 93 4783 93 4777 93 4783 93 4781 93 4784 3375 4785 3375 4732 3375 4732 3399 4785 3399 4786 3399 4786 93 4787 93 4732 93 4732 93 4787 93 4788 93 4732 93 4788 93 4777 93 4777 93 4788 93 4789 93 4777 93 4789 93 4775 93 4771 93 4790 93 4732 93 4732 3379 4790 3379 4791 3379 4732 3380 4791 3380 4784 3380 4792 3400 4793 3400 4500 3400 4500 3401 4793 3401 4794 3401 4500 3402 4794 3402 4795 3402 4796 93 4510 93 4797 93 4797 93 4510 93 4500 93 4797 93 4500 93 4798 93 4798 3403 4500 3403 4795 3403 4501 93 4799 93 4500 93 4500 3404 4799 3404 4800 3404 4500 3405 4800 3405 4792 3405 4801 93 4802 93 4501 93 4501 3406 4802 3406 4803 3406 4501 3407 4803 3407 4804 3407 4804 3408 4805 3408 4501 3408 4501 3409 4805 3409 4806 3409 4501 3410 4806 3410 4799 3410 4807 93 4808 93 4809 93 4809 3411 4808 3411 4810 3411 4810 3412 4811 3412 4809 3412 4809 3413 4811 3413 4812 3413 4809 3414 4812 3414 4813 3414 4813 93 4814 93 4809 93 4809 3415 4814 3415 4815 3415 4809 93 4815 93 4816 93 4816 3416 4815 3416 4817 3416 4816 3417 4817 3417 4818 3417 4819 3418 4820 3418 4821 3418 4821 93 4820 93 4822 93 4821 93 4822 93 4823 93 4823 93 4822 93 4824 93 4823 93 4824 93 4825 93 4818 3419 4826 3419 4816 3419 4816 3420 4826 3420 4827 3420 4816 3421 4827 3421 4828 3421 4829 93 4830 93 4831 93 4831 93 4830 93 4510 93 4831 93 4510 93 4832 93 4832 93 4510 93 4796 93 4713 93 4668 93 4494 93 4494 93 4668 93 4569 93 4494 93 4569 93 4493 93 4493 93 4569 93 4603 93 4493 93 4603 93 4604 93 4833 93 4834 93 4835 93 4836 93 4837 93 4503 93 4838 93 4839 93 4835 93 4840 3422 4841 3422 4503 3422 4842 3423 4843 3423 4835 3423 4844 93 4845 93 4503 93 4503 93 4845 93 4846 93 4503 93 4846 93 4502 93 4502 3424 4846 3424 4847 3424 4847 3425 4848 3425 4502 3425 4502 3426 4848 3426 4849 3426 4502 3427 4849 3427 4850 3427 4839 3428 4851 3428 4835 3428 4835 93 4851 93 4852 93 4835 93 4852 93 4833 93 4841 3346 4853 3346 4503 3346 4503 93 4853 93 4854 93 4503 3429 4854 3429 4844 3429 4834 93 4855 93 4835 93 4835 3430 4855 3430 4856 3430 4835 3431 4856 3431 4842 3431 4843 93 4857 93 4835 93 4835 93 4857 93 4858 93 4835 93 4858 93 4859 93 4860 93 4861 93 4569 93 4569 3432 4861 3432 4862 3432 4569 3433 4862 3433 4863 3433 4863 93 4864 93 4569 93 4569 3434 4864 3434 4865 3434 4569 93 4865 93 4866 93 4837 93 4867 93 4503 93 4503 3435 4867 3435 4868 3435 4503 3436 4868 3436 4840 3436 4866 93 4869 93 4569 93 4569 93 4869 93 4870 93 4569 93 4870 93 4503 93 4503 93 4870 93 4871 93 4503 93 4871 93 4836 93 4675 93 4677 93 4668 93 4668 93 4677 93 4835 93 4668 93 4835 93 4569 93 4569 93 4835 93 4859 93 4569 93 4859 93 4860 93 4850 93 4838 93 4502 93 4502 3437 4838 3437 4835 3437 4502 93 4835 93 4501 93 4501 93 4835 93 4823 93 4501 3438 4823 3438 4801 3438 4801 93 4823 93 4825 93 4872 93 4873 93 4821 93 4835 3439 4874 3439 4875 3439 4835 93 4875 93 4823 93 4823 3440 4875 3440 4876 3440 4823 3441 4876 3441 4877 3441 4878 93 4879 93 4821 93 4880 93 4881 93 4835 93 4835 3442 4881 3442 4882 3442 4835 3443 4882 3443 4874 3443 4879 93 4883 93 4821 93 4821 3444 4883 3444 4884 3444 4821 93 4884 93 4872 93 4873 3445 4885 3445 4821 3445 4821 3446 4885 3446 4886 3446 4821 93 4886 93 4677 93 4677 3447 4886 3447 4887 3447 4677 93 4887 93 4835 93 4835 3448 4887 3448 4888 3448 4835 3449 4888 3449 4889 3449 4890 93 4891 93 4835 93 4877 93 4892 93 4823 93 4823 3450 4892 3450 4893 3450 4823 3451 4893 3451 4894 3451 4894 93 4895 93 4823 93 4823 3452 4895 3452 4896 3452 4823 3453 4896 3453 4897 3453 4891 93 4898 93 4835 93 4835 3454 4898 3454 4899 3454 4835 3455 4899 3455 4880 3455 4889 93 4900 93 4835 93 4835 3456 4900 3456 4901 3456 4835 3457 4901 3457 4902 3457 4897 93 4903 93 4823 93 4823 93 4903 93 4904 93 4823 93 4904 93 4821 93 4821 3458 4904 3458 4905 3458 4821 3459 4905 3459 4878 3459 4902 93 4906 93 4835 93 4835 3460 4906 3460 4907 3460 4835 3461 4907 3461 4890 3461 4682 93 4662 93 4677 93 4677 93 4662 93 4664 93 4677 93 4664 93 4821 93 4821 93 4664 93 4816 93 4821 93 4816 93 4819 93 4819 93 4816 93 4828 93 4908 93 4909 93 4729 93 4729 3462 4909 3462 4910 3462 4729 93 4910 93 4830 93 4830 3463 4910 3463 4911 3463 4912 93 4913 93 4510 93 4914 93 4915 93 4729 93 4913 3464 4916 3464 4510 3464 4510 3465 4916 3465 4917 3465 4510 3466 4917 3466 4918 3466 4919 93 4920 93 4729 93 4911 93 4921 93 4830 93 4830 3467 4921 3467 4922 3467 4830 3468 4922 3468 4923 3468 4920 93 4924 93 4729 93 4729 3469 4924 3469 4925 3469 4729 93 4925 93 4908 93 4926 93 4927 93 4729 93 4729 3470 4927 3470 4928 3470 4729 3471 4928 3471 4929 3471 4929 3472 4930 3472 4729 3472 4729 3473 4930 3473 4931 3473 4729 3474 4931 3474 4919 3474 4923 93 4932 93 4830 93 4830 3475 4932 3475 4933 3475 4830 3476 4933 3476 4934 3476 4915 93 4935 93 4729 93 4729 93 4935 93 4936 93 4729 3477 4936 3477 4926 3477 4934 93 4937 93 4830 93 4830 3478 4937 3478 4938 3478 4830 93 4938 93 4510 93 4510 3479 4938 3479 4939 3479 4510 93 4939 93 4940 93 4940 93 4941 93 4510 93 4510 3480 4941 3480 4942 3480 4510 3481 4942 3481 4912 3481 4829 93 4807 93 4830 93 4830 93 4807 93 4809 93 4830 93 4809 93 4729 93 4729 93 4809 93 4757 93 4729 93 4757 93 4727 93 4727 93 4757 93 4758 93 4665 93 4685 93 4664 93 4664 93 4685 93 4486 93 4664 93 4486 93 4816 93 4816 93 4486 93 4487 93 4816 93 4487 93 4809 93 4809 93 4487 93 4488 93 4809 93 4488 93 4757 93 4757 93 4488 93 4489 93 4757 93 4489 93 4755 93 4755 93 4489 93 4766 93 4943 93 4944 93 4628 93 4498 3319 4945 3319 4946 3319 4947 93 4948 93 4499 93 4945 93 4498 93 4949 93 4946 93 4950 93 4498 93 4498 3482 4950 3482 4951 3482 4498 3483 4951 3483 4952 3483 4953 3484 4954 3484 4628 3484 4628 3485 4954 3485 4955 3485 4918 93 4956 93 4510 93 4510 93 4956 93 4957 93 4510 93 4957 93 4499 93 4499 3486 4957 3486 4958 3486 4499 3487 4958 3487 4959 3487 4952 3488 4960 3488 4498 3488 4498 3489 4960 3489 4961 3489 4498 3490 4961 3490 4962 3490 4944 93 4963 93 4628 93 4628 3491 4963 3491 4964 3491 4628 3492 4964 3492 4953 3492 4499 3493 4965 3493 4966 3493 4499 93 4966 93 4498 93 4498 3494 4966 3494 4967 3494 4498 93 4967 93 4949 93 4962 93 4968 93 4498 93 4498 93 4968 93 4969 93 4498 93 4969 93 4628 93 4628 93 4969 93 4970 93 4628 93 4970 93 4943 93 4959 93 4971 93 4499 93 4499 93 4971 93 4972 93 4499 93 4972 93 4947 93 4948 93 4973 93 4499 93 4499 3495 4973 3495 4974 3495 4499 3496 4974 3496 4965 3496 4975 93 4976 93 4957 93 4957 3497 4976 3497 4977 3497 4955 93 4978 93 4628 93 4628 93 4978 93 4979 93 4628 93 4979 93 4957 93 4957 93 4979 93 4980 93 4957 93 4980 93 4975 93 4977 93 4981 93 4957 93 4957 3498 4981 3498 4982 3498 4957 93 4982 93 4958 93 4956 93 4914 93 4957 93 4957 93 4914 93 4729 93 4957 93 4729 93 4628 93 4628 93 4729 93 4732 93 4628 93 4732 93 4618 93 4618 93 4732 93 4777 93 4509 93 4508 93 4520 93 4520 93 4508 93 4507 93 4520 93 4507 93 4777 93 4777 93 4507 93 4506 93 4777 93 4506 93 4618 93 4618 93 4506 93 4623 93 4618 3499 4623 3499 4633 3499 4633 93 4623 93 4632 93 4448 3500 4851 3500 4449 3500 4449 3500 4851 3500 4839 3500 4449 3501 4839 3501 4460 3501 4460 3502 4839 3502 4838 3502 4460 3503 4838 3503 4461 3503 4461 3504 4838 3504 4850 3504 4461 3505 4850 3505 4462 3505 4462 3505 4850 3505 4849 3505 4462 3506 4849 3506 4463 3506 4463 3506 4849 3506 4848 3506 4463 3507 4848 3507 4464 3507 4464 3507 4848 3507 4847 3507 4464 3508 4847 3508 4465 3508 4465 3508 4847 3508 4846 3508 4465 3509 4846 3509 4466 3509 4466 3509 4846 3509 4845 3509 4466 3510 4845 3510 4467 3510 4467 3511 4845 3511 4844 3511 4467 3512 4844 3512 4468 3512 4468 3512 4844 3512 4854 3512 4468 3513 4854 3513 4473 3513 4473 3514 4854 3514 4853 3514 4473 3515 4853 3515 4474 3515 4474 3515 4853 3515 4841 3515 4474 3516 4841 3516 4475 3516 4475 3516 4841 3516 4840 3516 4475 2416 4840 2416 4478 2416 4478 3517 4840 3517 4868 3517 4478 3518 4868 3518 4479 3518 4479 3519 4868 3519 4867 3519 4479 3520 4867 3520 4480 3520 4480 3521 4867 3521 4837 3521 4480 3522 4837 3522 4481 3522 4481 3523 4837 3523 4836 3523 4481 3524 4836 3524 4482 3524 4482 3525 4836 3525 4871 3525 4483 3526 4870 3526 4446 3526 4446 3527 4870 3527 4869 3527 4446 3528 4869 3528 4447 3528 4447 3529 4869 3529 4866 3529 4447 3530 4866 3530 4476 3530 4476 3531 4866 3531 4865 3531 4476 3532 4865 3532 4477 3532 4477 3533 4865 3533 4864 3533 4477 3534 4864 3534 4469 3534 4469 3535 4864 3535 4863 3535 4469 3536 4863 3536 4470 3536 4470 3536 4863 3536 4862 3536 4470 3537 4862 3537 4471 3537 4471 3537 4862 3537 4861 3537 4471 3538 4861 3538 4472 3538 4472 3539 4861 3539 4860 3539 4472 3540 4860 3540 4451 3540 4451 3540 4860 3540 4859 3540 4451 3541 4859 3541 4452 3541 4452 3542 4859 3542 4858 3542 4452 3543 4858 3543 4453 3543 4453 3543 4858 3543 4857 3543 4453 3544 4857 3544 4454 3544 4454 3544 4857 3544 4843 3544 4454 3545 4843 3545 4455 3545 4455 3545 4843 3545 4842 3545 4455 3546 4842 3546 4456 3546 4456 3546 4842 3546 4856 3546 4456 3547 4856 3547 4457 3547 4457 3547 4856 3547 4855 3547 4457 3548 4855 3548 4458 3548 4458 3549 4855 3549 4834 3549 4458 3550 4834 3550 4459 3550 4459 3551 4834 3551 4833 3551 4459 3552 4833 3552 4450 3552 4450 3552 4833 3552 4852 3552 4870 0 4483 0 4871 0 4871 0 4483 0 4482 0 4450 46 4852 46 4448 46 4448 46 4852 46 4851 46 4177 3500 4665 3500 4179 3500 4179 3500 4665 3500 4663 3500 4179 3501 4663 3501 4180 3501 4180 3502 4663 3502 4662 3502 4180 3503 4662 3503 4187 3503 4187 3504 4662 3504 4682 3504 4187 3505 4682 3505 4188 3505 4188 3505 4682 3505 4681 3505 4188 3506 4681 3506 4181 3506 4181 3506 4681 3506 4680 3506 4181 3507 4680 3507 4182 3507 4182 3507 4680 3507 4679 3507 4182 3508 4679 3508 4183 3508 4183 3508 4679 3508 4678 3508 4183 3553 4678 3553 4184 3553 4184 3553 4678 3553 4676 3553 4184 3554 4676 3554 4189 3554 4189 3555 4676 3555 4675 3555 4189 3556 4675 3556 4190 3556 4190 3556 4675 3556 4674 3556 4190 3557 4674 3557 4191 3557 4191 3558 4674 3558 4673 3558 4191 3515 4673 3515 4192 3515 4192 3515 4673 3515 4672 3515 4192 3516 4672 3516 4193 3516 4193 3516 4672 3516 4671 3516 4193 2416 4671 2416 4194 2416 4194 3517 4671 3517 4670 3517 4194 3518 4670 3518 4195 3518 4195 3519 4670 3519 4669 3519 4195 3520 4669 3520 4196 3520 4196 3521 4669 3521 4667 3521 4196 3522 4667 3522 4185 3522 4185 3523 4667 3523 4666 3523 4185 3524 4666 3524 4186 3524 4186 3525 4666 3525 4689 3525 4200 3526 4687 3526 4201 3526 4201 3527 4687 3527 4686 3527 4201 3559 4686 3559 4202 3559 4202 3560 4686 3560 4704 3560 4202 3561 4704 3561 4207 3561 4207 3562 4704 3562 4703 3562 4207 3563 4703 3563 4208 3563 4208 3564 4703 3564 4697 3564 4208 3565 4697 3565 4197 3565 4197 3566 4697 3566 4696 3566 4197 3567 4696 3567 4198 3567 4198 3567 4696 3567 4702 3567 4198 3568 4702 3568 4209 3568 4209 3568 4702 3568 4701 3568 4209 3538 4701 3538 4210 3538 4210 3539 4701 3539 4695 3539 4210 3540 4695 3540 4211 3540 4211 3540 4695 3540 4694 3540 4211 3541 4694 3541 4216 3541 4216 3542 4694 3542 4693 3542 4216 3543 4693 3543 4217 3543 4217 3543 4693 3543 4700 3543 4217 3569 4700 3569 4218 3569 4218 3569 4700 3569 4699 3569 4218 3570 4699 3570 4212 3570 4212 3570 4699 3570 4698 3570 4212 3571 4698 3571 4213 3571 4213 3571 4698 3571 4692 3571 4213 3572 4692 3572 4215 3572 4215 3572 4692 3572 4691 3572 4215 3573 4691 3573 4203 3573 4203 3574 4691 3574 4690 3574 4203 3575 4690 3575 4204 3575 4204 3576 4690 3576 4684 3576 4204 3552 4684 3552 4206 3552 4206 3552 4684 3552 4683 3552 4687 0 4200 0 4688 0 4688 0 4200 0 4199 0 4688 0 4199 0 4689 0 4689 0 4199 0 4186 0 4206 46 4683 46 4176 46 4176 46 4683 46 4685 46 4176 46 4685 46 4177 46 4177 46 4685 46 4665 46 4078 3500 4597 3500 4046 3500 4046 3577 4597 3577 4596 3577 4046 3502 4596 3502 4047 3502 4047 3501 4596 3501 4584 3501 4047 3504 4584 3504 4063 3504 4063 3504 4584 3504 4583 3504 4063 3505 4583 3505 4064 3505 4064 3505 4583 3505 4582 3505 4064 3506 4582 3506 4049 3506 4049 3506 4582 3506 4574 3506 4049 3507 4574 3507 4050 3507 4050 3578 4574 3578 4573 3578 4050 3579 4573 3579 4068 3579 4068 3508 4573 3508 4572 3508 4068 3580 4572 3580 4067 3580 4067 3509 4572 3509 4571 3509 4067 3511 4571 3511 4065 3511 4065 3510 4571 3510 4570 3510 4065 3581 4570 3581 4093 3581 4093 3512 4570 3512 4590 3512 4093 3513 4590 3513 4094 3513 4094 3513 4590 3513 4589 3513 4094 3582 4589 3582 4080 3582 4080 3515 4589 3515 4579 3515 4080 3516 4579 3516 4082 3516 4082 3583 4579 3583 4581 3583 4082 2416 4581 2416 4087 2416 4087 2416 4581 2416 4587 2416 4087 3518 4587 3518 4091 3518 4091 3519 4587 3519 4593 3519 4091 3520 4593 3520 4092 3520 4092 3521 4593 3521 4592 3521 4092 3522 4592 3522 4070 3522 4070 3523 4592 3523 4591 3523 4070 3524 4591 3524 4071 3524 4071 3525 4591 3525 4613 3525 4089 3526 4612 3526 4051 3526 4051 3527 4612 3527 4611 3527 4051 3528 4611 3528 4052 3528 4052 3529 4611 3529 4610 3529 4052 3530 4610 3530 4084 3530 4084 3531 4610 3531 4609 3531 4084 3532 4609 3532 4085 3532 4085 3533 4609 3533 4608 3533 4085 3535 4608 3535 4072 3535 4072 3535 4608 3535 4607 3535 4072 3584 4607 3584 4073 3584 4073 3536 4607 3536 4606 3536 4073 3537 4606 3537 4074 3537 4074 3585 4606 3585 4605 3585 4074 3539 4605 3539 4075 3539 4075 3539 4605 3539 4604 3539 4075 3540 4604 3540 4054 3540 4054 3586 4604 3586 4603 3586 4054 3542 4603 3542 4055 3542 4055 3541 4603 3541 4602 3541 4055 3543 4602 3543 4057 3543 4057 3587 4602 3587 4601 3587 4057 3544 4601 3544 4058 3544 4058 3588 4601 3588 4576 3588 4058 3589 4576 3589 4059 3589 4059 3545 4576 3545 4575 3545 4059 3546 4575 3546 4060 3546 4060 3546 4575 3546 4600 3546 4060 3547 4600 3547 4061 3547 4061 3547 4600 3547 4599 3547 4061 3548 4599 3548 4062 3548 4062 3548 4599 3548 4568 3548 4062 3551 4568 3551 4076 3551 4076 3550 4568 3550 4567 3550 4076 3590 4567 3590 4077 3590 4077 3552 4567 3552 4598 3552 4612 0 4089 0 4613 0 4613 0 4089 0 4071 0 4077 46 4598 46 4078 46 4078 46 4598 46 4597 46 4023 3500 4717 3500 4025 3500 4025 3577 4717 3577 4718 3577 4025 3502 4718 3502 4026 3502 4026 3501 4718 3501 4722 3501 4026 3504 4722 3504 4032 3504 4032 3504 4722 3504 4721 3504 4032 3505 4721 3505 4033 3505 4033 3505 4721 3505 4716 3505 4033 3506 4716 3506 4034 3506 4034 3506 4716 3506 4715 3506 4034 3507 4715 3507 4035 3507 4035 3578 4715 3578 4720 3578 4035 3579 4720 3579 4036 3579 4036 3508 4720 3508 4719 3508 4036 3591 4719 3591 4037 3591 4037 3553 4719 3553 4714 3553 4037 3555 4714 3555 4038 3555 4038 3554 4714 3554 4713 3554 4038 3592 4713 3592 4039 3592 4039 3556 4713 3556 4724 3556 4039 3557 4724 3557 4040 3557 4040 3557 4724 3557 4723 3557 4040 3582 4723 3582 4041 3582 4041 3515 4723 3515 4712 3515 4041 3516 4712 3516 4042 3516 4042 3583 4712 3583 4711 3583 4042 2416 4711 2416 4043 2416 4043 2416 4711 2416 4726 2416 4043 3518 4726 3518 4044 3518 4044 3519 4726 3519 4725 3519 4044 3520 4725 3520 4045 3520 4045 3521 4725 3521 4706 3521 4045 3522 4706 3522 4031 3522 4031 3523 4706 3523 4705 3523 4031 3524 4705 3524 4029 3524 4029 3525 4705 3525 4710 3525 3991 3526 4708 3526 3992 3526 3992 3527 4708 3527 4707 3527 3992 3559 4707 3559 4017 3559 4017 3560 4707 3560 4559 3560 4017 3561 4559 3561 4018 3561 4018 3562 4559 3562 4560 3562 4018 3563 4560 3563 4002 3563 4002 3564 4560 3564 4556 3564 4002 3566 4556 3566 4003 3566 4003 3566 4556 3566 4552 3566 4003 3593 4552 3593 4007 3593 4007 3567 4552 3567 4550 3567 4007 3568 4550 3568 4010 3568 4010 3594 4550 3594 4564 3594 4010 3539 4564 3539 4011 3539 4011 3539 4564 3539 4563 3539 4011 3540 4563 3540 4013 3540 4013 3586 4563 3586 4553 3586 4013 3542 4553 3542 4014 3542 4014 3541 4553 3541 4554 3541 4014 3543 4554 3543 3998 3543 3998 3587 4554 3587 4555 3587 3998 3569 4555 3569 3999 3569 3999 3595 4555 3595 4546 3595 3999 3596 4546 3596 4000 3596 4000 3570 4546 3570 4545 3570 4000 3571 4545 3571 4001 3571 4001 3571 4545 3571 4548 3571 4001 3572 4548 3572 4015 3572 4015 3572 4548 3572 4547 3572 4015 3573 4547 3573 4016 3573 4016 3573 4547 3573 4541 3573 4016 3576 4541 3576 3995 3576 3995 3575 4541 3575 4540 3575 3995 3590 4540 3590 3997 3590 3997 3552 4540 3552 4544 3552 4708 0 3991 0 4709 0 4709 0 3991 0 4027 0 4709 0 4027 0 4710 0 4710 0 4027 0 4029 0 3997 46 4544 46 4022 46 4022 46 4544 46 4543 46 4022 46 4543 46 4023 46 4023 46 4543 46 4717 46 4357 3500 4969 3500 4332 3500 4332 3577 4969 3577 4968 3577 4332 3502 4968 3502 4333 3502 4333 3501 4968 3501 4962 3501 4333 3504 4962 3504 4358 3504 4358 3504 4962 3504 4961 3504 4358 3505 4961 3505 4359 3505 4359 3505 4961 3505 4960 3505 4359 3506 4960 3506 4344 3506 4344 3506 4960 3506 4952 3506 4344 3507 4952 3507 4345 3507 4345 3578 4952 3578 4951 3578 4345 3579 4951 3579 4360 3579 4360 3508 4951 3508 4950 3508 4360 3580 4950 3580 4361 3580 4361 3509 4950 3509 4946 3509 4361 3511 4946 3511 4362 3511 4362 3510 4946 3510 4945 3510 4362 3581 4945 3581 4365 3581 4365 3512 4945 3512 4949 3512 4365 3513 4949 3513 4366 3513 4366 3513 4949 3513 4967 3513 4366 3582 4967 3582 4368 3582 4368 3515 4967 3515 4966 3515 4368 3516 4966 3516 4369 3516 4369 3583 4966 3583 4965 3583 4369 2416 4965 2416 4370 2416 4370 2416 4965 2416 4974 2416 4370 3518 4974 3518 4371 3518 4371 3519 4974 3519 4973 3519 4371 3520 4973 3520 4351 3520 4351 3521 4973 3521 4948 3521 4351 3522 4948 3522 4352 3522 4352 3523 4948 3523 4947 3523 4352 3524 4947 3524 4363 3524 4363 3525 4947 3525 4972 3525 4364 3526 4971 3526 4346 3526 4346 3527 4971 3527 4959 3527 4346 3528 4959 3528 4347 3528 4347 3529 4959 3529 4958 3529 4347 3530 4958 3530 4353 3530 4353 3531 4958 3531 4982 3531 4353 3532 4982 3532 4354 3532 4354 3533 4982 3533 4981 3533 4354 3535 4981 3535 4334 3535 4334 3535 4981 3535 4977 3535 4334 3584 4977 3584 4335 3584 4335 3536 4977 3536 4976 3536 4335 3537 4976 3537 4337 3537 4337 3585 4976 3585 4975 3585 4337 3539 4975 3539 4338 3539 4338 3539 4975 3539 4980 3539 4338 3540 4980 3540 4339 3540 4339 3586 4980 3586 4979 3586 4339 3542 4979 3542 4340 3542 4340 3541 4979 3541 4978 3541 4340 3543 4978 3543 4341 3543 4341 3587 4978 3587 4955 3587 4341 3544 4955 3544 4342 3544 4342 3588 4955 3588 4954 3588 4342 3589 4954 3589 4343 3589 4343 3545 4954 3545 4953 3545 4343 3546 4953 3546 4348 3546 4348 3546 4953 3546 4964 3546 4348 3547 4964 3547 4349 3547 4349 3547 4964 3547 4963 3547 4349 3548 4963 3548 4350 3548 4350 3548 4963 3548 4944 3548 4350 3551 4944 3551 4355 3551 4355 3550 4944 3550 4943 3550 4355 3590 4943 3590 4356 3590 4356 3552 4943 3552 4970 3552 4971 0 4364 0 4972 0 4972 0 4364 0 4363 0 4356 46 4970 46 4357 46 4357 46 4970 46 4969 46 4240 3500 4734 3500 4241 3500 4241 3577 4734 3577 4733 3577 4241 3502 4733 3502 4246 3502 4246 3501 4733 3501 4742 3501 4246 3504 4742 3504 4247 3504 4247 3504 4742 3504 4741 3504 4247 3505 4741 3505 4248 3505 4248 3505 4741 3505 4738 3505 4248 3506 4738 3506 4249 3506 4249 3506 4738 3506 4737 3506 4249 3507 4737 3507 4250 3507 4250 3578 4737 3578 4736 3578 4250 3579 4736 3579 4251 3579 4251 3508 4736 3508 4735 3508 4251 3591 4735 3591 4255 3591 4255 3553 4735 3553 4746 3553 4255 3555 4746 3555 4256 3555 4256 3554 4746 3554 4745 3554 4256 3592 4745 3592 4257 3592 4257 3556 4745 3556 4744 3556 4257 3557 4744 3557 4252 3557 4252 3557 4744 3557 4740 3557 4252 3582 4740 3582 4253 3582 4253 3515 4740 3515 4739 3515 4253 3516 4739 3516 4254 3516 4254 3583 4739 3583 4743 3583 4254 2416 4743 2416 4258 2416 4258 2416 4743 2416 4748 2416 4258 3518 4748 3518 4259 3518 4259 3519 4748 3519 4747 3519 4259 3520 4747 3520 4260 3520 4260 3521 4747 3521 4731 3521 4260 3522 4731 3522 4245 3522 4245 3523 4731 3523 4730 3523 4245 3524 4730 3524 4244 3524 4244 3525 4730 3525 4728 3525 4219 3526 4758 3526 4220 3526 4220 3527 4758 3527 4756 3527 4220 3559 4756 3559 4223 3559 4223 3560 4756 3560 4755 3560 4223 3561 4755 3561 4224 3561 4224 3562 4755 3562 4766 3562 4224 3563 4766 3563 4225 3563 4225 3564 4766 3564 4765 3564 4225 3566 4765 3566 4231 3566 4231 3566 4765 3566 4764 3566 4231 3593 4764 3593 4232 3593 4232 3567 4764 3567 4769 3567 4232 3568 4769 3568 4233 3568 4233 3594 4769 3594 4768 3594 4233 3539 4768 3539 4226 3539 4226 3539 4768 3539 4767 3539 4226 3540 4767 3540 4227 3540 4227 3586 4767 3586 4763 3586 4227 3542 4763 3542 4228 3542 4228 3541 4763 3541 4762 3541 4228 3543 4762 3543 4234 3543 4234 3587 4762 3587 4761 3587 4234 3569 4761 3569 4235 3569 4235 3595 4761 3595 4750 3595 4235 3596 4750 3596 4229 3596 4229 3570 4750 3570 4749 3570 4229 3571 4749 3571 4230 3571 4230 3571 4749 3571 4760 3571 4230 3572 4760 3572 4236 3572 4236 3572 4760 3572 4759 3572 4236 3573 4759 3573 4237 3573 4237 3573 4759 3573 4754 3573 4237 3576 4754 3576 4222 3576 4222 3575 4754 3575 4753 3575 4222 3590 4753 3590 4238 3590 4238 3552 4753 3552 4752 3552 4758 0 4219 0 4727 0 4727 0 4219 0 4242 0 4727 0 4242 0 4728 0 4728 0 4242 0 4244 0 4238 46 4752 46 4239 46 4239 46 4752 46 4751 46 4239 46 4751 46 4240 46 4240 46 4751 46 4734 46 4156 3500 4633 3500 4157 3500 4157 3577 4633 3577 4632 3577 4157 3501 4632 3501 4144 3501 4144 3501 4632 3501 4631 3501 4144 3503 4631 3503 4145 3503 4145 3504 4631 3504 4630 3504 4145 3505 4630 3505 4146 3505 4146 3505 4630 3505 4625 3505 4146 3506 4625 3506 4147 3506 4147 3506 4625 3506 4624 3506 4147 3507 4624 3507 4149 3507 4149 3507 4624 3507 4622 3507 4149 3508 4622 3508 4168 3508 4168 3508 4622 3508 4652 3508 4168 3509 4652 3509 4169 3509 4169 3509 4652 3509 4651 3509 4169 3510 4651 3510 4159 3510 4159 3511 4651 3511 4637 3511 4159 3512 4637 3512 4161 3512 4161 3512 4637 3512 4638 3512 4161 3513 4638 3513 4162 3513 4162 3514 4638 3514 4639 3514 4162 3515 4639 3515 4163 3515 4163 3515 4639 3515 4620 3515 4163 3516 4620 3516 4164 3516 4164 3583 4620 3583 4619 3583 4164 2416 4619 2416 4170 2416 4170 2416 4619 2416 4650 2416 4170 3518 4650 3518 4171 3518 4171 3519 4650 3519 4649 3519 4171 3520 4649 3520 4172 3520 4172 3521 4649 3521 4615 3521 4172 3522 4615 3522 4173 3522 4173 3523 4615 3523 4614 3523 4173 3524 4614 3524 4174 3524 4174 3525 4614 3525 4657 3525 4175 3526 4656 3526 4132 3526 4132 3527 4656 3527 4655 3527 4132 3528 4655 3528 4133 3528 4133 3529 4655 3529 4648 3529 4133 3530 4648 3530 4165 3530 4165 3531 4648 3531 4647 3531 4165 3532 4647 3532 4166 3532 4166 3533 4647 3533 4646 3533 4166 3535 4646 3535 4151 3535 4151 3535 4646 3535 4629 3535 4151 3584 4629 3584 4152 3584 4152 3536 4629 3536 4627 3536 4152 3537 4627 3537 4153 3537 4153 3537 4627 3537 4626 3537 4153 3538 4626 3538 4154 3538 4154 3539 4626 3539 4645 3539 4154 3540 4645 3540 4134 3540 4134 3540 4645 3540 4644 3540 4134 3541 4644 3541 4135 3541 4135 3542 4644 3542 4643 3542 4135 3543 4643 3543 4137 3543 4137 3543 4643 3543 4642 3543 4137 3544 4642 3544 4138 3544 4138 3544 4642 3544 4641 3544 4138 3545 4641 3545 4139 3545 4139 3545 4641 3545 4640 3545 4139 3546 4640 3546 4140 3546 4140 3546 4640 3546 4636 3546 4140 3547 4636 3547 4141 3547 4141 3547 4636 3547 4635 3547 4141 3548 4635 3548 4142 3548 4142 3549 4635 3549 4634 3549 4142 3551 4634 3551 4143 3551 4143 3551 4634 3551 4617 3551 4143 3590 4617 3590 4155 3590 4155 3552 4617 3552 4616 3552 4656 0 4175 0 4657 0 4657 0 4175 0 4174 0 4155 46 4616 46 4156 46 4156 46 4616 46 4633 46 4266 3500 4780 3500 4261 3500 4261 3577 4780 3577 4781 3577 4261 3501 4781 3501 4262 3501 4262 3501 4781 3501 4783 3501 4262 3503 4783 3503 4269 3503 4269 3504 4783 3504 4782 3504 4269 3505 4782 3505 4270 3505 4270 3505 4782 3505 4779 3505 4270 3506 4779 3506 4271 3506 4271 3506 4779 3506 4778 3506 4271 3507 4778 3507 4272 3507 4272 3507 4778 3507 4776 3507 4272 3508 4776 3508 4273 3508 4273 3508 4776 3508 4775 3508 4273 3553 4775 3553 4274 3553 4274 3553 4775 3553 4789 3553 4274 3554 4789 3554 4275 3554 4275 3555 4789 3555 4788 3555 4275 3556 4788 3556 4276 3556 4276 3556 4788 3556 4787 3556 4276 3557 4787 3557 4277 3557 4277 3558 4787 3558 4786 3558 4277 3515 4786 3515 4278 3515 4278 3515 4786 3515 4785 3515 4278 3516 4785 3516 4279 3516 4279 3583 4785 3583 4784 3583 4279 2416 4784 2416 4280 2416 4280 2416 4784 2416 4791 2416 4280 3518 4791 3518 4281 3518 4281 3519 4791 3519 4790 3519 4281 3520 4790 3520 4282 3520 4282 3521 4790 3521 4771 3521 4282 3522 4771 3522 4268 3522 4268 3523 4771 3523 4770 3523 4268 3524 4770 3524 4267 3524 4267 3525 4770 3525 4774 3525 4102 3526 4772 3526 4097 3526 4097 3527 4772 3527 4522 3527 4097 3559 4522 3559 4098 3559 4098 3560 4522 3560 4534 3560 4098 3561 4534 3561 4108 3561 4108 3562 4534 3562 4533 3562 4108 3563 4533 3563 4109 3563 4109 3564 4533 3564 4531 3564 4109 3566 4531 3566 4103 3566 4103 3566 4531 3566 4530 3566 4103 3593 4530 3593 4104 3593 4104 3567 4530 3567 4529 3567 4104 3568 4529 3568 4116 3568 4116 3568 4529 3568 4528 3568 4116 3538 4528 3538 4115 3538 4115 3539 4528 3539 4532 3539 4115 3540 4532 3540 4113 3540 4113 3540 4532 3540 4524 3540 4113 3541 4524 3541 4119 3541 4119 3542 4524 3542 4523 3542 4119 3543 4523 3543 4120 3543 4120 3543 4523 3543 4537 3543 4120 3569 4537 3569 4110 3569 4110 3569 4537 3569 4536 3569 4110 3570 4536 3570 4111 3570 4111 3570 4536 3570 4538 3570 4111 3571 4538 3571 4112 3571 4112 3571 4538 3571 4527 3571 4112 3572 4527 3572 4117 3572 4117 3572 4527 3572 4526 3572 4117 3573 4526 3573 4118 3573 4118 3574 4526 3574 4525 3574 4118 3576 4525 3576 4107 3576 4107 3576 4525 3576 4518 3576 4107 3590 4518 3590 4264 3590 4264 3552 4518 3552 4517 3552 4772 0 4102 0 4773 0 4773 0 4102 0 4101 0 4773 0 4101 0 4774 0 4774 0 4101 0 4267 0 4264 46 4517 46 4265 46 4265 46 4517 46 4519 46 4265 46 4519 46 4266 46 4266 46 4519 46 4780 46 4293 3597 4800 3597 4295 3597 4295 3598 4800 3598 4799 3598 4295 3599 4799 3599 4296 3599 4296 3600 4799 3600 4806 3600 4296 3601 4806 3601 4297 3601 4297 3602 4806 3602 4805 3602 4297 3603 4805 3603 4301 3603 4301 3604 4805 3604 4804 3604 4301 3605 4804 3605 4302 3605 4302 3605 4804 3605 4803 3605 4302 3606 4803 3606 4298 3606 4298 3606 4803 3606 4802 3606 4298 3607 4802 3607 4299 3607 4299 3607 4802 3607 4801 3607 4299 3608 4801 3608 4321 3608 4321 3608 4801 3608 4825 3608 4321 3609 4825 3609 4322 3609 4322 3609 4825 3609 4824 3609 4322 3610 4824 3610 4324 3610 4324 3610 4824 3610 4822 3610 4324 3611 4822 3611 4325 3611 4325 3611 4822 3611 4820 3611 4325 3612 4820 3612 4313 3612 4313 3612 4820 3612 4819 3612 4313 3613 4819 3613 4314 3613 4314 3613 4819 3613 4828 3613 4314 3614 4828 3614 4315 3614 4315 3614 4828 3614 4827 3614 4315 3615 4827 3615 4316 3615 4316 3616 4827 3616 4826 3616 4316 3617 4826 3617 4317 3617 4317 3618 4826 3618 4818 3618 4317 3619 4818 3619 4318 3619 4318 3620 4818 3620 4817 3620 4318 3621 4817 3621 4319 3621 4319 3622 4817 3622 4815 3622 4319 3623 4815 3623 4320 3623 4320 3624 4815 3624 4814 3624 4320 3625 4814 3625 4303 3625 4303 3626 4814 3626 4813 3626 4303 3627 4813 3627 4304 3627 4304 3628 4813 3628 4812 3628 4304 3629 4812 3629 4310 3629 4310 3630 4812 3630 4811 3630 4310 3631 4811 3631 4311 3631 4311 3631 4811 3631 4810 3631 4311 3632 4810 3632 4306 3632 4306 3633 4810 3633 4808 3633 4306 3634 4808 3634 4307 3634 4307 3634 4808 3634 4807 3634 4307 3635 4807 3635 4308 3635 4308 3635 4807 3635 4829 3635 4308 3636 4829 3636 4309 3636 4309 3636 4829 3636 4831 3636 4309 3637 4831 3637 4287 3637 4287 3637 4831 3637 4832 3637 4287 3638 4832 3638 4288 3638 4288 3638 4832 3638 4796 3638 4288 3639 4796 3639 4283 3639 4283 3639 4796 3639 4797 3639 4283 3640 4797 3640 4284 3640 4284 3641 4797 3641 4798 3641 4284 3642 4798 3642 4289 3642 4289 3642 4798 3642 4795 3642 4289 3643 4795 3643 4290 3643 4290 3644 4795 3644 4794 3644 4290 3645 4794 3645 4291 3645 4291 3646 4794 3646 4793 3646 4291 3647 4793 3647 4292 3647 4292 3648 4793 3648 4792 3648 4292 3649 4792 3649 4293 3649 4293 3650 4792 3650 4800 3650 4374 3651 4956 3651 4375 3651 4375 3652 4956 3652 4918 3652 4375 3653 4918 3653 4377 3653 4377 3653 4918 3653 4917 3653 4377 3654 4917 3654 4378 3654 4378 3654 4917 3654 4916 3654 4378 3655 4916 3655 4379 3655 4379 3656 4916 3656 4913 3656 4379 3657 4913 3657 4397 3657 4397 3657 4913 3657 4912 3657 4397 3658 4912 3658 4398 3658 4398 3658 4912 3658 4942 3658 4398 3659 4942 3659 4399 3659 4399 3660 4942 3660 4941 3660 4399 3661 4941 3661 4403 3661 4403 3662 4941 3662 4940 3662 4403 3663 4940 3663 4404 3663 4404 3663 4940 3663 4939 3663 4404 3664 4939 3664 4405 3664 4405 3664 4939 3664 4938 3664 4405 3665 4938 3665 4400 3665 4400 3666 4938 3666 4937 3666 4400 3667 4937 3667 4401 3667 4401 3668 4937 3668 4934 3668 4401 3669 4934 3669 4402 3669 4402 3669 4934 3669 4933 3669 4402 3670 4933 3670 4383 3670 4383 3670 4933 3670 4932 3670 4383 3671 4932 3671 4384 3671 4384 3672 4932 3672 4923 3672 4384 3673 4923 3673 4385 3673 4385 3673 4923 3673 4922 3673 4385 3674 4922 3674 3985 3674 3985 3674 4922 3674 4921 3674 3985 3675 4921 3675 3986 3675 3986 3676 4921 3676 4911 3676 3986 3677 4911 3677 4372 3677 4372 3678 4911 3678 4910 3678 4372 3679 4910 3679 4373 3679 4373 3680 4910 3680 4909 3680 4373 3681 4909 3681 4380 3681 4380 3681 4909 3681 4908 3681 4380 3682 4908 3682 4381 3682 4381 3682 4908 3682 4925 3682 4381 3683 4925 3683 4382 3683 4382 3683 4925 3683 4924 3683 4382 3684 4924 3684 4386 3684 4386 3684 4924 3684 4920 3684 4386 3685 4920 3685 4387 3685 4387 3685 4920 3685 4919 3685 4387 3686 4919 3686 4388 3686 4388 3686 4919 3686 4931 3686 4388 3687 4931 3687 4389 3687 4389 3688 4931 3688 4930 3688 4389 3689 4930 3689 4390 3689 4390 3690 4930 3690 4929 3690 4390 3691 4929 3691 4391 3691 4391 3691 4929 3691 4928 3691 4391 3692 4928 3692 4392 3692 4392 3692 4928 3692 4927 3692 4392 3693 4927 3693 4393 3693 4393 3693 4927 3693 4926 3693 4393 3694 4926 3694 4394 3694 4394 3694 4926 3694 4936 3694 4394 3695 4936 3695 4395 3695 4395 3695 4936 3695 4935 3695 4395 3696 4935 3696 4396 3696 4396 3696 4935 3696 4915 3696 4396 3697 4915 3697 4376 3697 4376 3698 4915 3698 4914 3698 4376 3699 4914 3699 4374 3699 4374 3700 4914 3700 4956 3700 4409 3651 4876 3651 4418 3651 4418 3651 4876 3651 4875 3651 4418 3701 4875 3701 4419 3701 4419 3653 4875 3653 4874 3653 4419 3702 4874 3702 4420 3702 4420 3703 4874 3703 4882 3703 4420 3655 4882 3655 4429 3655 4429 3704 4882 3704 4881 3704 4429 3705 4881 3705 4430 3705 4430 3706 4881 3706 4880 3706 4430 3707 4880 3707 4431 3707 4431 3707 4880 3707 4899 3707 4431 3708 4899 3708 4439 3708 4439 3708 4899 3708 4898 3708 4439 3661 4898 3661 4440 3661 4440 3661 4898 3661 4891 3661 4440 3709 4891 3709 4421 3709 4421 3710 4891 3710 4890 3710 4421 3711 4890 3711 4422 3711 4422 3712 4890 3712 4907 3712 4422 3666 4907 3666 4432 3666 4432 3666 4907 3666 4906 3666 4432 3713 4906 3713 4433 3713 4433 3713 4906 3713 4902 3713 4433 3714 4902 3714 4423 3714 4423 3714 4902 3714 4901 3714 4423 3715 4901 3715 4424 3715 4424 3716 4901 3716 4900 3716 4424 3717 4900 3717 4425 3717 4425 3672 4900 3672 4889 3672 4425 3718 4889 3718 4426 3718 4426 3719 4889 3719 4888 3719 4426 3674 4888 3674 4413 3674 4413 3720 4888 3720 4887 3720 4413 3676 4887 3676 4414 3676 4414 3676 4887 3676 4886 3676 4414 3677 4886 3677 4410 3677 4410 3677 4886 3677 4885 3677 4410 3721 4885 3721 4411 3721 4411 3722 4885 3722 4873 3722 4411 3723 4873 3723 4412 3723 4412 3723 4873 3723 4872 3723 4412 3682 4872 3682 4415 3682 4415 3682 4872 3682 4884 3682 4415 3724 4884 3724 4416 3724 4416 3725 4884 3725 4883 3725 4416 3684 4883 3684 4417 3684 4417 3684 4883 3684 4879 3684 4417 3726 4879 3726 4441 3726 4441 3727 4879 3727 4878 3727 4441 3728 4878 3728 4442 3728 4442 3686 4878 3686 4905 3686 4442 3688 4905 3688 4443 3688 4443 3687 4905 3687 4904 3687 4443 3690 4904 3690 4434 3690 4434 3689 4904 3689 4903 3689 4434 3691 4903 3691 4435 3691 4435 3729 4903 3729 4897 3729 4435 3730 4897 3730 4436 3730 4436 3731 4897 3731 4896 3731 4436 3693 4896 3693 4427 3693 4427 3693 4896 3693 4895 3693 4427 3732 4895 3732 4428 3732 4428 3733 4895 3733 4894 3733 4428 3695 4894 3695 4437 3695 4437 3695 4894 3695 4893 3695 4437 3734 4893 3734 4438 3734 4438 3734 4893 3734 4892 3734 4438 3735 4892 3735 4408 3735 4408 3736 4892 3736 4877 3736 4408 3700 4877 3700 4409 3700 4409 3700 4877 3700 4876 3700 4158 3737 4497 3737 4653 3737 4158 3737 4653 3737 4167 3737 4167 3738 4653 3738 4654 3738 4167 3738 4654 3738 4150 3738 4150 842 4654 842 4621 842 4150 3739 4621 3739 4148 3739 4148 3740 4621 3740 4623 3740 4148 3741 4623 3741 4131 3741 4131 892 4623 892 4660 892 4131 892 4660 892 4130 892 4130 3742 4660 3742 4661 3742 4130 3743 4661 3743 4128 3743 4128 3744 4661 3744 4659 3744 4128 3744 4659 3744 4129 3744 4129 3745 4659 3745 4658 3745 4129 3746 4658 3746 4326 3746 4326 3747 4658 3747 4505 3747 4326 851 4505 851 4327 851 4069 3748 4492 3748 4594 3748 4069 824 4594 824 4090 824 4090 3749 4594 3749 4595 3749 4090 3749 4595 3749 4088 3749 4088 3750 4595 3750 4586 3750 4088 3751 4586 3751 4086 3751 4086 3752 4586 3752 4585 3752 4086 3753 4585 3753 4083 3753 4083 879 4585 879 4580 879 4083 3754 4580 3754 4081 3754 4081 3755 4580 3755 4578 3755 4081 3755 4578 3755 4079 3755 4079 833 4578 833 4577 833 4079 833 4577 833 4096 833 4096 3756 4577 3756 4588 3756 4096 3757 4588 3757 4095 3757 4095 837 4588 837 4504 837 4095 3758 4504 3758 4066 3758 4012 3759 4484 3759 4565 3759 4012 3760 4565 3760 4021 3760 4021 3761 4565 3761 4566 3761 4021 3762 4566 3762 4005 3762 4005 3763 4566 3763 4549 3763 4005 3763 4549 3763 4006 3763 4006 3764 4549 3764 4551 3764 4006 3764 4551 3764 4008 3764 4008 3765 4551 3765 4558 3765 4008 3766 4558 3766 4009 3766 4009 3767 4558 3767 4557 3767 4009 3768 4557 3768 4004 3768 4004 3769 4557 3769 4562 3769 4004 3770 4562 3770 4020 3770 4020 3771 4562 3771 4561 3771 4020 3771 4561 3771 4019 3771 4019 3772 4561 3772 4496 3772 4019 3773 4496 3773 3993 3773 4331 3774 4509 3774 4513 3774 4331 3775 4513 3775 4127 3775 4127 3776 4513 3776 4512 3776 4127 3777 4512 3777 4123 3777 4123 3778 4512 3778 4516 3778 4123 3778 4516 3778 4124 3778 4124 3779 4516 3779 4515 3779 4124 3780 4515 3780 4125 3780 4125 3781 4515 3781 4514 3781 4125 3781 4514 3781 4126 3781 4126 3782 4514 3782 4511 3782 4126 3783 4511 3783 4106 3783 4106 3784 4511 3784 4539 3784 4106 3785 4539 3785 4122 3785 4122 3786 4539 3786 4535 3786 4122 3786 4535 3786 4121 3786 4121 3787 4535 3787 4491 3787 4121 3787 4491 3787 4114 3787</p>
        </triangles>
      </mesh>
    </geometry>
  </library_geometries>
  <library_visual_scenes>
    <visual_scene id="Scene" name="Scene">
      <node id="tmp_export_BOX_PAD1_0_simple_006" name="tmp_export_BOX PAD1.0_simple.006" type="NODE">
        <matrix sid="transform">1 0 0 0 0 1 0 0 0 0 1 0 0 0 0 1</matrix>
        <instance_geometry url="#BOX_PAD1_0_simple_006-mesh" name="tmp_export_BOX PAD1.0_simple.006"/>
      </node>
    </visual_scene>
  </library_visual_scenes>
  <scene>
    <instance_visual_scene url="#Scene"/>
  </scene>
</COLLADA>