<?xml version="1.0" encoding="utf-8"?>
<COLLADA xmlns="http://www.collada.org/2005/11/COLLADASchema" version="1.4.1" xmlns:xsi="http://www.w3.org/2001/XMLSchema-instance">
  <asset>
    <contributor>
      <author>Blender User</author>
      <authoring_tool>Blender 3.3.21 commit date:2024-07-15, commit time:08:57, hash:e016c21db151</authoring_tool>
    </contributor>
    <created>2025-02-14T11:37:20</created>
    <modified>2025-02-14T11:37:20</modified>
    <unit name="meter" meter="1"/>
    <up_axis>Z_UP</up_axis>
  </asset>
  <library_effects/>
  <library_images/>
  <library_geometries>
    <geometry id="BOX_PAD1_0_simple_007-mesh" name="BOX PAD1.0_simple.007">
      <mesh>
        <source id="BOX_PAD1_0_simple_007-mesh-positions">
          <float_array id="BOX_PAD1_0_simple_007-mesh-positions-array" count="4857">-0.09718322 -13.8916 -0.4891358 -0.0105133 -13.8916 -0.4985352 1.06812e-4 -14.3916 0.001342773 -0.1808624 -13.8916 -0.4648438 -0.2590485 -13.8916 -0.4262695 -0.329361 -13.8916 -0.3747559 -0.3896637 -13.8916 -0.3118897 -0.4381256 -13.8916 -0.2393798 -0.4732819 -13.8916 -0.1596679 -0.4940338 -13.8916 -0.07507324 -0.4997711 -13.8916 0.01196289 -0.4903412 -13.8916 0.09863281 -0.4659882 -13.8916 0.1822509 -0.4275055 -13.8916 0.2604981 -0.3759918 -13.8916 0.3308106 -0.3130646 -13.8916 0.3911133 -0.2406158 -13.8916 0.4395752 -0.1608734 -13.8916 0.4747315 -0.07621765 -13.8916 0.4954834 0.01072692 -13.8916 0.5012207 0.01072692 -11.8916 0.5012207 -0.07621765 -11.8916 0.4954834 -0.1608734 -11.8916 0.4747315 -0.2406158 -11.8916 0.4395752 -0.3130646 -11.8916 0.3911133 -0.3759918 -11.8916 0.3308106 -0.4275055 -11.8916 0.2604981 -0.4659882 -11.8916 0.1822509 -0.4903412 -11.8916 0.09863281 -0.4997711 -11.8916 0.01196289 -0.4940338 -11.8916 -0.07507324 -0.4732819 -11.8916 -0.1596679 -0.4381256 -11.8916 -0.2393798 -0.3896637 -11.8916 -0.3118897 -0.329361 -11.8916 -0.3747559 -0.2590485 -11.8916 -0.4262695 -0.1808624 -11.8916 -0.4648438 -0.09718322 -11.8916 -0.4891358 -0.0105133 -11.8916 -0.4985352 0.07643127 -11.8916 -0.4927979 0.427536 -11.8916 -2.765869 0.161087 -11.8916 -0.4720459 0.9015961 -11.8916 -2.649658 0.2408294 -11.8916 -0.4368897 1.34819 -11.8916 -2.452759 0.3132782 -11.8916 -0.3884277 1.753891 -11.8916 -2.181396 0.3762055 -11.8916 -0.328125 2.106247 -11.8916 -1.84375 0.4277191 -11.8916 -0.2578125 2.394638 -11.8916 -1.449951 0.4662018 -11.8916 -0.1796875 2.610275 -11.8916 -1.012085 0.4905548 -11.8916 -0.09594726 2.746597 -11.8916 -0.543457 0.4999848 -11.8916 -0.009277343 2.799484 -11.8916 -0.05822753 0.4942474 -11.8916 0.07763671 2.767288 -11.8916 0.4287109 0.4734955 -11.8916 0.1622314 2.651016 -11.8916 0.902832 0.4383392 -11.8916 0.2420654 2.454208 -11.8916 1.349365 0.3898773 -11.8916 0.3144531 2.182846 -11.8916 1.755127 0.3295746 -11.8916 0.3774414 1.845139 -11.8916 2.107422 0.2592621 -11.8916 0.4289551 1.45137 -11.8916 2.395874 0.181076 -11.8916 0.4674072 1.013535 -11.8916 2.61145 0.09739685 -11.8916 0.4916992 0.5448456 -11.8916 2.747803 0.05967712 -11.8916 2.800659 -0.4273224 -11.8916 2.768433 -0.9013825 -11.8916 2.652222 -1.347977 -11.8916 2.455444 -1.753677 -11.8916 2.184082 -2.106033 -11.8916 1.846313 -2.394424 -11.8916 1.452515 -2.610062 -11.8916 1.01477 -2.746384 -11.8916 0.5460205 -2.799271 -11.8916 0.06091308 -2.767075 -11.8916 -0.4261475 -2.650803 -11.8916 -0.9001465 -2.453995 -11.8916 -1.346802 -2.182632 -11.8916 -1.752441 -1.844925 -11.8916 -2.104858 -1.451157 -11.8916 -2.393188 -1.013321 -11.8916 -2.608887 -0.544632 -11.8916 -2.745239 -0.0594635 -11.8916 -2.798096 -0.0594635 -14.8916 -2.798096 0.427536 -14.8916 -2.765869 0.9015961 -14.8916 -2.649658 1.34819 -14.8916 -2.452759 1.753891 -14.8916 -2.181396 2.106247 -14.8916 -1.84375 2.394638 -14.8916 -1.449951 2.610275 -14.8916 -1.012085 2.746597 -14.8916 -0.543457 2.799484 -14.8916 -0.05822753 2.767288 -14.8916 0.4287109 2.651016 -14.8916 0.902832 2.454208 -14.8916 1.349365 2.182846 -14.8916 1.755127 1.845139 -14.8916 2.107422 1.45137 -14.8916 2.395874 1.013535 -14.8916 2.61145 0.5448456 -14.8916 2.747803 0.05967712 -14.8916 2.800659 -2.161514 -0.0415039 -13.57776 -2.888718 -0.0415039 -13.44177 -2.8871 0.04516601 -13.43433 -5.744949 -0.0415039 -12.49097 -6.559036 -0.0415039 -12.08337 -6.555435 0.04516601 -12.07666 -7.392471 -0.0415039 -11.59228 -7.678085 -0.0415039 -11.40515 -7.673843 0.04516601 -11.39893 -8.902298 -0.0415039 -10.47778 -9.698014 -0.0415039 -9.745972 -9.692643 0.04516601 -9.740601 -10.24623 -0.0415039 -9.167969 -10.58064 -0.0415039 -8.779908 -10.57478 0.04516601 -8.775147 -11.39937 -0.0415039 -7.687256 -12.05128 -0.0415039 -6.618896 -12.04463 0.04516601 -6.615234 -12.3401 -0.0415039 -6.063477 -12.62599 -0.0415039 -5.443359 -12.61903 0.04516601 -5.440308 -13.51875 -0.0415039 -2.509155 -13.64848 -0.0415039 -1.665527 -13.64095 0.04516601 -1.664673 -13.7347 -0.0415039 -0.6450195 -13.74513 -0.0415039 -0.3605957 -13.73753 0.04516601 -0.3604736 -13.69478 -0.0415039 1.231201 -13.56523 -0.0415039 2.247192 -13.55775 0.04516601 2.245972 -13.39973 -0.0415039 3.084595 -13.29033 -0.0415039 3.526489 -13.28297 0.04516601 3.524536 -12.85512 -0.0415039 4.880493 -12.38301 -0.0415039 5.978027 -12.37617 0.04516601 5.974731 -12.071 -0.0415039 6.585449 -11.7588 -0.0415039 7.128052 -11.7523 0.04516601 7.124145 -9.84697 -0.0415039 9.598023 -9.274643 -0.0415039 10.15222 -9.269547 0.04516601 10.14661 -6.892654 -0.0415039 11.89893 -6.039108 -0.0415039 12.354 -6.035782 0.04516601 12.34717 -5.208389 -0.0415039 12.72668 -4.83754 -0.0415039 12.87219 -4.834885 0.04516601 12.86511 -3.427139 -0.0415039 13.31738 -2.314285 -0.0415039 13.55518 -2.313034 0.04516601 13.54761 -1.581985 -0.0415039 13.66003 -1.015457 -0.0415039 13.71374 -1.014908 0.04516601 13.70618 -7.967117 0.4584961 10.58838 -8.937394 0.4584961 9.783082 -8.019303 0.4509277 10.65771 -8.995957 0.4509277 9.847168 -8.069931 0.4282227 10.72498 -9.05275 0.4282227 9.909302 -8.117417 0.3913574 10.78809 -9.106034 0.3913574 9.967652 -8.160355 0.3415527 10.84521 -9.154191 0.3415527 10.02039 -8.197403 0.2797852 10.89441 -9.195755 0.2797852 10.06592 -8.227463 0.208496 10.93433 -9.229447 0.208496 10.10278 -8.249619 0.1293945 10.96374 -9.254288 0.1293945 10.13 -8.263199 0.04516601 10.98181 -10.62709 0.4584961 7.914917 -11.33119 0.4584961 6.868896 -10.69673 0.4509277 7.966797 -11.40547 0.4509277 6.91394 -10.76424 0.4282227 8.01709 -11.47743 0.4282227 6.95752 -10.82759 0.3913574 8.064209 -11.545 0.3913574 6.998413 -10.88487 0.3415527 8.106812 -11.60606 0.3415527 7.035522 -10.93428 0.2797852 8.143677 -11.65877 0.2797852 7.067383 -10.97438 0.208496 8.173584 -11.70152 0.208496 7.093384 -11.00392 0.1293945 8.195557 -11.73302 0.1293945 7.112427 -11.02202 0.04516601 8.208985 -12.61049 0.4584961 -4.065063 -12.16689 0.4584961 -5.245361 -12.69313 0.4509277 -4.091675 -12.2466 0.4509277 -5.279663 -12.77327 0.4282227 -4.117554 -12.32393 0.4282227 -5.312988 -12.84843 0.3913574 -4.141724 -12.39644 0.3913574 -5.34436 -12.9164 0.3415527 -4.163696 -12.46199 0.3415527 -5.372559 -12.97505 0.2797852 -4.182617 -12.51857 0.2797852 -5.396973 -13.02263 0.208496 -4.197876 -12.5645 0.208496 -5.416748 -13.05769 0.1293945 -4.209228 -12.59831 0.1293945 -5.431396 -13.07915 0.04516601 -4.216187 -4.002457 0.4584961 -12.62964 -2.783646 0.4584961 -12.953 -4.028671 0.4509277 -12.71252 -2.801895 0.4509277 -13.03784 -4.054092 0.4282227 -12.79272 -2.819595 0.4282227 -13.12012 -4.077957 0.3913574 -12.86804 -2.836197 0.3913574 -13.19739 -4.099533 0.3415527 -12.93603 -2.851181 0.3415527 -13.26721 -4.118149 0.2797852 -12.99487 -2.864151 0.2797852 -13.32739 -4.133255 0.208496 -13.04248 -2.874649 0.208496 -13.37634 -4.144363 0.1293945 -13.07764 -2.88237 0.1293945 -13.41235 -4.151199 0.04516601 -13.09912 0.2819672 0.4584961 13.24829 -0.9785309 0.4584961 13.21509 0.2837982 0.4509277 13.33508 -0.9849396 0.4509277 13.30176 0.2855988 0.4282227 13.41931 -0.9911652 0.4282227 13.38562 0.2872772 0.3913574 13.49829 -0.996994 0.3913574 13.46448 0.2888031 0.3415527 13.56958 -1.002274 0.3415527 13.53564 0.2900848 0.2797852 13.63123 -1.006821 0.2797852 13.59705 0.2911835 0.208496 13.68127 -1.010513 0.208496 13.64697 0.2919464 0.1293945 13.71802 -1.013229 0.1293945 13.68372 0.2924347 0.04516601 13.7406 0.2925873 -0.0415039 13.74817 -2.230148 0.4584961 13.06226 -2.244766 0.4509277 13.14783 -2.258926 0.4282227 13.23083 -2.272232 0.3913574 13.30872 -2.284256 0.3415527 13.37903 -2.294632 0.2797852 13.43982 -2.303024 0.208496 13.48914 -2.309219 0.1293945 13.52539 -3.592178 -0.0415039 13.2738 -3.590225 0.04516601 13.26636 -3.584305 0.1293945 13.24463 -3.574692 0.208496 13.20911 -3.56163 0.2797852 13.16089 -3.545547 0.3415527 13.10132 -3.526871 0.3913574 13.03247 -3.506241 0.4282227 12.95618 -3.484268 0.4509277 12.87488 -3.461563 0.4584961 12.79114 -4.661636 0.4584961 12.40417 -4.692184 0.4509277 12.48547 -4.721817 0.4282227 12.56421 -4.749588 0.3913574 12.63818 -4.774734 0.3415527 12.70496 -4.796402 0.2797852 12.7627 -4.81398 0.208496 12.80945 -4.82695 0.1293945 12.84399 -5.819504 0.4584961 11.90491 -5.85762 0.4509277 11.98291 -5.894608 0.4282227 12.05847 -5.929306 0.3913574 12.12939 -5.960648 0.3415527 12.1936 -5.987747 0.2797852 12.2489 -6.009689 0.208496 12.29382 -6.025864 0.1293945 12.3269 -7.185959 -0.0415039 11.724 -7.181992 0.04516601 11.71753 -7.170212 0.1293945 11.69836 -7.150955 0.208496 11.66699 -7.124832 0.2797852 11.62427 -7.092606 0.3415527 11.57178 -7.055313 0.3913574 11.51086 -7.014023 0.4282227 11.4436 -6.970047 0.4509277 11.37183 -6.924637 0.4584961 11.29773 -8.267746 -0.0415039 10.98791 -8.448502 -0.0415039 10.84949 -10.19756 -0.0415039 9.22461 -10.19191 0.04516601 9.219605 -10.17519 0.1293945 9.204468 -10.14787 0.208496 9.179688 -10.11079 0.2797852 9.146241 -10.06508 0.3415527 9.104859 -10.01216 0.3913574 9.057007 -9.953568 0.4282227 9.003907 -9.891129 0.4509277 8.94751 -9.826737 0.4584961 8.889283 -11.02812 -0.0415039 8.213501 -11.06203 -0.0415039 8.167847 -11.93269 0.4584961 5.760742 -12.01088 0.4509277 5.798462 -12.08672 0.4282227 5.834961 -12.15785 0.3913574 5.869385 -12.22215 0.3415527 5.900391 -12.27766 0.2797852 5.927124 -12.32268 0.208496 5.948853 -12.35585 0.1293945 5.964966 -12.89503 -0.0415039 4.773926 -12.88792 0.04516601 4.77124 -12.86678 0.1293945 4.763428 -12.83223 0.208496 4.75061 -12.78535 0.2797852 4.733276 -12.72755 0.3415527 4.711914 -12.6606 0.3913574 4.687134 -12.5865 0.4282227 4.659668 -12.50758 0.4509277 4.630493 -12.42613 0.4584961 4.600342 -12.80702 0.4584961 3.398315 -12.89095 0.4509277 3.420532 -12.97231 0.4282227 3.442139 -13.04866 0.3913574 3.462402 -13.11769 0.3415527 3.480713 -13.17726 0.2797852 3.49646 -13.22557 0.208496 3.509277 -13.26118 0.1293945 3.518799 -13.07194 0.4584961 2.165527 -13.15761 0.4509277 2.179687 -13.24068 0.4282227 2.193481 -13.31859 0.3913574 2.206421 -13.38902 0.3415527 2.218018 -13.44984 0.2797852 2.228149 -13.49916 0.208496 2.236206 -13.53548 0.1293945 2.24231 -13.7173 -0.0415039 0.9475098 -13.70973 0.04516601 0.9470215 -13.68721 0.1293945 0.9454346 -13.65047 0.208496 0.9429932 -13.6006 0.2797852 0.9394531 -13.53911 0.3415527 0.9353027 -13.46788 0.3913574 0.9302979 -13.38908 0.4282227 0.9249268 -13.3051 0.4509277 0.9191895 -13.21846 0.4584961 0.913208 -13.24532 0.4584961 -0.3475342 -13.33211 0.4509277 -0.3497315 -13.41627 0.4282227 -0.3519287 -13.49519 0.3913574 -0.3540039 -13.5666 0.3415527 -0.355957 -13.62819 0.2797852 -0.357544 -13.67818 0.208496 -0.3588867 -13.71498 0.1293945 -0.3598633 -13.15218 0.4584961 -1.60498 -13.23836 0.4509277 -1.615478 -13.32191 0.4282227 -1.625732 -13.40034 0.3913574 -1.635254 -13.47121 0.3415527 -1.643921 -13.53236 0.2797852 -1.651367 -13.58199 0.208496 -1.657471 -13.61855 0.1293945 -1.661865 -13.42824 -0.0415039 -2.955444 -13.42082 0.04516601 -2.953735 -13.39879 0.1293945 -2.948975 -13.36281 0.208496 -2.94104 -13.31398 0.2797852 -2.930298 -13.2538 0.3415527 -2.916992 -13.1841 0.3913574 -2.901611 -13.10695 0.4282227 -2.884644 -13.02473 0.4509277 -2.866577 -12.93993 0.4584961 -2.8479 -13.08638 -0.0415039 -4.218506 -13.05098 -0.0415039 -4.32666 -12.02486 0.1293945 -6.60437 -11.99257 0.208496 -6.586548 -11.94875 0.2797852 -6.5625 -11.89473 0.3415527 -6.532837 -11.83217 0.3913574 -6.498413 -11.76295 0.4282227 -6.460449 -11.68916 0.4509277 -6.419922 -11.61305 0.4584961 -6.378052 -11.36745 -0.0415039 -7.734375 -11.36116 0.04516601 -7.730103 -11.34251 0.1293945 -7.717407 -11.31206 0.208496 -7.696777 -11.27074 0.2797852 -7.668579 -11.21977 0.3415527 -7.633911 -11.16075 0.3913574 -7.59375 -11.09547 0.4282227 -7.549316 -11.02583 0.4509277 -7.501953 -10.95406 0.4584961 -7.453125 -10.19588 0.4584961 -8.460572 -10.26271 0.4509277 -8.516114 -10.32747 0.4282227 -8.569825 -10.38826 0.3913574 -8.62024 -10.44319 0.3415527 -8.665894 -10.49062 0.2797852 -8.705201 -10.52907 0.208496 -8.737183 -10.55745 0.1293945 -8.760743 -9.345353 0.4584961 -9.39148 -9.406601 0.4509277 -9.453003 -9.465958 0.4282227 -9.512696 -9.521683 0.3913574 -9.568726 -9.572037 0.3415527 -9.619385 -9.615494 0.2797852 -9.662964 -9.650773 0.208496 -9.698487 -9.676743 0.1293945 -9.72461 -8.727555 -0.0415039 -10.62366 -8.722733 0.04516601 -10.6178 -8.708451 0.1293945 -10.60034 -8.685044 0.208496 -10.5719 -8.653336 0.2797852 -10.53332 -8.614212 0.3415527 -10.48572 -8.568863 0.3913574 -10.43054 -8.518754 0.4282227 -10.36951 -8.465287 0.4509277 -10.30444 -8.410202 0.4584961 -10.2373 -7.39888 0.4584961 -10.99036 -7.447342 0.4509277 -11.06238 -7.494369 0.4282227 -11.13232 -7.538467 0.3913574 -11.19775 -7.578323 0.3415527 -11.25708 -7.612747 0.2797852 -11.30811 -7.640671 0.208496 -11.34961 -7.66124 0.1293945 -11.38013 -6.320541 0.4584961 -11.64392 -6.361954 0.4509277 -11.72021 -6.402115 0.4282227 -11.79419 -6.439804 0.3913574 -11.86365 -6.473862 0.3415527 -11.92639 -6.50325 0.2797852 -11.98059 -6.527115 0.208496 -12.02454 -6.544693 0.1293945 -12.05688 -5.38063 -0.0415039 -12.65222 -5.37764 0.04516601 -12.64514 -5.368851 0.1293945 -12.62439 -5.354416 0.208496 -12.59058 -5.334854 0.2797852 -12.54456 -5.310745 0.3415527 -12.48779 -5.282791 0.3913574 -12.42212 -5.251907 0.4282227 -12.34937 -5.218948 0.4509277 -12.27197 -5.184952 0.4584961 -12.19202 -4.153458 -0.0415039 -13.10632 -3.990402 -0.0415039 -13.15686 -1.597794 -0.0415039 -13.65552 -1.596878 0.04516601 -13.64795 -1.594284 0.1293945 -13.62561 -1.589981 0.208496 -13.58899 -1.584183 0.2797852 -13.53931 -1.577042 0.3415527 -13.47815 -1.568741 0.3913574 -13.40723 -1.559555 0.4282227 -13.32874 -1.549759 0.4509277 -13.24512 -1.539688 0.4584961 -13.15894 -0.2817535 0.4584961 -13.24573 -0.2835846 0.4509277 -13.33252 -0.2853851 0.4282227 -13.41663 -0.2870636 0.3913574 -13.49561 -0.2885895 0.3415527 -13.56702 -0.2898712 0.2797852 -13.62866 -0.2909699 0.208496 -13.67859 -0.2917328 0.1293945 -13.71545 -0.2922211 0.04516601 -13.73804 -0.2923737 -0.0415039 -13.74561 0.9494782 0.871582 -12.31982 -0.2627716 0.871582 -12.35352 -0.2625885 0.9584961 -12.34595 0.9488983 0.9584961 -12.31226 1.497269 0.9584961 -12.25757 2.152573 0.871582 -12.16736 2.15126 0.9584961 -12.15991 3.334946 0.871582 -11.89783 3.226669 0.9584961 -11.9198 3.332931 0.9584961 -11.8905 4.485214 0.871582 -11.51367 4.482468 0.9584961 -11.50659 4.890366 0.9584961 -11.33923 5.59227 0.871582 -11.01855 5.588852 0.9584961 -11.01184 6.645493 0.871582 -10.41736 6.454514 0.9584961 -10.52783 6.641403 0.9584961 -10.41101 7.634689 0.871582 -9.715821 7.63002 0.9584961 -9.709839 7.887253 0.9584961 -9.502076 8.5504 0.871582 -8.920777 8.545151 0.9584961 -8.915284 9.15947 0.9584961 -8.282959 9.383713 0.871582 -8.039673 9.377976 0.9584961 -8.03479 10.12669 0.871582 -7.081177 10.12047 0.9584961 -7.076904 10.24522 0.9584961 -6.895142 10.77214 0.871582 -6.054565 10.76555 0.9584961 -6.050781 11.12239 0.9584961 -5.366821 11.31386 0.871582 -4.969482 11.3069 0.9584961 -4.966431 11.74663 0.871582 -3.83667 11.73936 0.9584961 -3.834351 11.77315 0.9584961 -3.72937 12.06621 0.871582 -2.66687 12.05882 0.9584961 -2.665161 12.18425 0.9584961 -2.015869 12.26964 0.871582 -1.471313 12.2621 0.9584961 -1.470337 12.3549 0.871582 -0.2615967 12.34731 0.9584961 -0.2613525 12.32118 0.871582 0.9506836 12.31361 0.9584961 0.9500733 12.25902 0.9584961 1.498413 12.16881 0.871582 2.153809 12.1613 0.9584961 2.152466 11.89922 0.871582 3.336182 11.92119 0.9584961 3.227905 11.89189 0.9584961 3.334106 11.51506 0.871582 4.48645 11.50798 0.9584961 4.483643 11.34065 0.9584961 4.891602 11.02 0.871582 5.593506 11.01323 0.9584961 5.590088 10.41881 0.871582 6.646728 10.52928 0.9584961 6.455688 10.4124 0.9584961 6.642578 9.71727 0.871582 7.635864 9.711289 0.9584961 7.631226 9.503525 0.9584961 7.888428 8.922165 0.871582 8.551636 8.916672 0.9584961 8.546387 8.284348 0.9584961 9.160645 8.041123 0.871582 9.384888 8.036179 0.9584961 9.379151 7.082626 0.871582 10.12793 7.078293 0.9584961 10.1217 6.89653 0.9584961 10.24646 6.055954 0.871582 10.77332 6.052231 0.9584961 10.76672 5.368271 0.9584961 11.12353 4.970932 0.871582 11.31506 4.96788 0.9584961 11.30811 3.838058 0.871582 11.7478 3.835709 0.9584961 11.7406 3.730789 0.9584961 11.77429 2.668228 0.871582 12.06738 0.2628021 0.9584961 12.34851 0.2629852 0.871582 12.35608 1.471786 0.9584961 12.26331 1.472702 0.871582 12.27087 2.017319 0.9584961 12.18542 2.66658 0.9584961 12.06006 0.2634735 0.7873535 12.37866 1.475388 0.7873535 12.29321 2.67308 0.7873535 12.08948 3.845077 0.7873535 11.76929 4.980026 0.7873535 11.33569 6.067001 0.7873535 10.79297 7.095566 0.7873535 10.14636 8.055771 0.7873535 9.4021 8.938431 0.7873535 8.567139 9.735001 0.7873535 7.64978 10.43779 0.7873535 6.658813 11.04008 0.7873535 5.603638 11.53606 0.7873535 4.494629 11.92094 0.7873535 3.342285 12.19102 0.7873535 2.157715 12.34367 0.7873535 0.9523926 12.37746 0.7873535 -0.262085 12.29204 0.7873535 -1.473999 12.08824 0.7873535 -2.671631 11.76805 0.7873535 -3.843628 11.33452 0.7873535 -4.978638 10.79179 0.7873535 -6.065552 10.14519 0.7873535 -7.094116 9.400864 0.7873535 -8.054322 8.565995 0.7873535 -8.937012 7.648666 0.7873535 -9.733643 6.657639 0.7873535 -10.4364 5.602493 0.7873535 -11.0387 4.493393 0.7873535 -11.53467 3.341049 0.7873535 -11.91956 2.15654 0.7873535 -12.18957 0.9512177 0.7873535 -12.34228 -0.2632599 0.7873535 -12.3761 0.2642365 0.7084961 12.41553 1.479782 0.7084961 12.32983 2.681046 0.7084961 12.12537 3.856491 0.7084961 11.8042 4.994827 0.7084961 11.36938 6.085068 0.7084961 10.82507 7.116684 0.7084961 10.17651 8.079758 0.7084961 9.430054 8.965012 0.7084961 8.592652 9.763962 0.7084961 7.672607 10.46886 0.7084961 6.678589 11.07295 0.7084961 5.620361 11.57039 0.7084961 4.507935 11.95641 0.7084961 3.352173 12.22728 0.7084961 2.164185 12.38042 0.7084961 0.9552002 12.41429 0.7084961 -0.2628174 12.3286 0.7084961 -1.478394 12.12422 0.7084961 -2.679687 11.80305 0.7084961 -3.855103 11.36821 0.7084961 -4.993408 10.82393 0.7084961 -6.083618 10.17537 0.7084961 -7.115234 9.428818 0.7084961 -8.07837 8.591477 0.7084961 -8.963624 7.671402 0.7084961 -9.762574 6.677414 0.7084961 -10.46741 5.619186 0.7084961 -11.07153 4.50676 0.7084961 -11.56897 3.350998 0.7084961 -11.95496 2.162949 0.7084961 -12.22583 0.9540253 0.7084961 -12.37903 -0.2640228 0.7084961 -12.41284 0.2653046 0.6369629 12.46545 1.485733 0.6369629 12.37939 2.691849 0.6369629 12.17419 3.872055 0.6369629 11.85181 5.014938 0.6369629 11.41516 6.109543 0.6369629 10.86865 7.145309 0.6369629 10.21753 8.11229 0.6369629 9.468018 9.001114 0.6369629 8.62732 9.803269 0.6369629 7.703491 10.51103 0.6369629 6.705566 11.11754 0.6369629 5.642944 11.61699 0.6369629 4.526123 12.00456 0.6369629 3.365723 12.2765 0.6369629 2.172852 12.43022 0.6369629 0.9591065 12.46428 0.6369629 -0.263916 12.37825 0.6369629 -1.484375 12.17302 0.6369629 -2.69043 11.85057 0.6369629 -3.870605 11.41399 0.6369629 -5.01355 10.86748 0.6369629 -6.108154 10.21635 0.6369629 -7.143921 9.466782 0.6369629 -8.11084 8.626084 0.6369629 -8.999756 7.702286 0.6369629 -9.80188 6.70433 0.6369629 -10.50964 5.641769 0.6369629 -11.11609 4.524918 0.6369629 -11.6156 3.364487 0.6369629 -12.00317 2.171646 0.6369629 -12.27515 0.9578705 0.6369629 -12.42883 -0.265091 0.6369629 -12.46289 0.2666168 0.5754395 12.5271 1.493088 0.5754395 12.44067 2.705154 0.5754395 12.23437 3.891159 0.5754395 11.9104 5.039719 0.5754395 11.47168 6.139755 0.5754395 10.92236 7.180649 0.5754395 10.26807 8.15239 0.5754395 9.514771 9.045609 0.5754395 8.669922 9.851731 0.5754395 7.741577 10.56297 0.5754395 6.738647 11.17247 0.5754395 5.670898 11.67439 0.5754395 4.548462 12.06389 0.5754395 3.382324 12.3372 0.5754395 2.183594 12.49168 0.5754395 0.9638672 12.52586 0.5754395 -0.2652588 12.43944 0.5754395 -1.491699 12.2332 0.5754395 -2.703735 11.90916 0.5754395 -3.88977 11.47044 0.5754395 -5.03833 10.92122 0.5754395 -6.138306 10.26683 0.5754395 -7.179199 9.513596 0.5754395 -8.151001 8.668717 0.5754395 -9.04419 7.740341 0.5754395 -9.850342 6.737473 0.5754395 -10.56152 5.669662 0.5754395 -11.17102 4.547287 0.5754395 -11.67297 3.381119 0.5754395 -12.0625 2.182358 0.5754395 -12.33582 0.9626312 0.5754395 -12.49023 -0.2664032 0.5754395 -12.52441 0.2681122 0.5253906 12.59851 1.501572 0.5253906 12.51147 2.720566 0.5253906 12.30408 3.913345 0.5253906 11.97827 5.068466 0.5253906 11.53699 6.174728 0.5253906 10.98462 7.221542 0.5253906 10.32654 8.198838 0.5253906 9.56897 9.097153 0.5253906 8.719361 9.907883 0.5253906 7.785645 10.62315 0.5253906 6.7771 11.23613 0.5253906 5.703125 11.74092 0.5253906 4.574341 12.13261 0.5253906 3.401611 12.40752 0.5253906 2.196045 12.56285 0.5253906 0.9693604 12.59727 0.5253906 -0.2667236 12.51033 0.5253906 -1.500122 12.3029 0.5253906 -2.719116 11.97704 0.5253906 -3.911987 11.53578 0.5253906 -5.067017 10.98344 0.5253906 -6.17334 10.32536 0.5253906 -7.220093 9.567795 0.5253906 -8.197388 8.718125 0.5253906 -9.095704 7.78447 0.5253906 -9.906495 6.775864 0.5253906 -10.6217 5.701981 0.5253906 -11.23474 4.573196 0.5253906 -11.7395 3.400375 0.5253906 -12.13123 2.194809 0.5253906 -12.40613 0.9681244 0.5253906 -12.5614 -0.2678986 0.5253906 -12.59582 0.2698212 0.4885254 12.67737 1.510971 0.4885254 12.58997 2.737625 0.4885254 12.38123 3.937881 0.4885254 12.05334 5.100204 0.4885254 11.60925 6.213455 0.4885254 11.05347 7.26683 0.4885254 10.39124 8.250229 0.4885254 9.629029 9.154191 0.4885254 8.773926 9.969986 0.4885254 7.834473 10.68974 0.4885254 6.81958 11.30656 0.4885254 5.738892 11.81453 0.4885254 4.603027 12.20869 0.4885254 3.422852 12.48528 0.4885254 2.209717 12.64165 0.4885254 0.9753418 12.67622 0.4885254 -0.2684326 12.58876 0.4885254 -1.509521 12.38005 0.4885254 -2.736206 12.05211 0.4885254 -3.936523 11.60811 0.4885254 -5.098755 11.05229 0.4885254 -6.212036 10.39006 0.4885254 -7.265381 9.627793 0.4885254 -8.24878 8.772751 0.4885254 -9.152832 7.833267 0.4885254 -9.968628 6.818344 0.4885254 -10.68835 5.737717 0.4885254 -11.30518 4.601852 0.4885254 -11.81311 3.421677 0.4885254 -12.20728 2.208572 0.4885254 -12.48389 0.9741669 0.4885254 -12.64026 -0.2696076 0.4885254 -12.6748 0.2715912 0.4660645 12.7616 1.521042 0.4660645 12.67358 2.755783 0.4660645 12.46338 3.964035 0.4660645 12.1333 5.134079 0.4660645 11.6864 6.254684 0.4660645 11.12683 7.315079 0.4660645 10.4602 8.305039 0.4660645 9.692872 9.214951 0.4660645 8.832154 10.03618 0.4660645 7.886475 10.76073 0.4660645 6.864746 11.38164 0.4660645 5.776978 11.89299 0.4660645 4.633667 12.28975 0.4660645 3.445557 12.56816 0.4660645 2.224487 12.72557 0.4660645 0.9818115 12.76039 0.4660645 -0.2701416 12.67235 0.4660645 -1.519653 12.46226 0.4660645 -2.754395 12.13213 0.4660645 -3.962646 11.68517 0.4660645 -5.13269 11.12569 0.4660645 -6.253296 10.45906 0.4660645 -7.313721 9.691697 0.4660645 -8.303589 8.831009 0.4660645 -9.213501 7.8853 0.4660645 -10.03479 6.863602 0.4660645 -10.75928 5.775833 0.4660645 -11.38025 4.632431 0.4660645 -11.8916 3.444412 0.4660645 -12.28833 2.223251 0.4660645 -12.56677 0.9806366 0.4660645 -12.72412 -0.2713776 0.4660645 -12.75903 0.2734528 0.4584961 12.84839 1.531357 0.4584961 12.75977 2.774521 0.4584961 12.54822 3.991013 0.4584961 12.21582 5.168991 0.4584961 11.76587 6.297256 0.4584961 11.20251 7.364853 0.4584961 10.53137 8.361496 0.4584961 9.75879 9.277634 0.4584961 8.892334 10.10445 0.4584961 7.940063 10.83394 0.4584961 6.911499 11.45909 0.4584961 5.816284 11.97386 0.4584961 4.665161 12.37334 0.4584961 3.468994 12.65367 0.4584961 2.239502 12.81212 0.4584961 0.9885254 12.84721 0.4584961 -0.2720947 12.75853 0.4584961 -1.529907 12.54701 0.4584961 -2.773071 12.21465 0.4584961 -3.989624 11.76466 0.4584961 -5.167603 11.20137 0.4584961 -6.295898 10.5302 0.4584961 -7.363403 9.757615 0.4584961 -8.360108 8.891098 0.4584961 -9.276246 7.938919 0.4584961 -10.10303 6.910294 0.4584961 -10.83252 5.815109 0.4584961 -11.45764 4.663925 0.4584961 -11.97241 3.46785 0.4584961 -12.37195 2.238358 0.4584961 -12.65222 0.98732 0.4584961 -12.81067 -0.2732391 0.4584961 -12.84582 -11.34044 44.80835 -4.888916 -11.92097 44.80835 -3.22522 -12.2588 44.80835 -1.49585 -11.77293 44.80835 3.731934 -11.12218 44.80835 5.369507 -2.017105 44.80835 -12.18286 -10.24501 44.80835 6.897705 3.730789 44.80835 11.77429 5.368271 44.80835 11.12353 6.89653 44.80835 10.24646 -12.18404 44.80835 2.018555 -3.730576 44.80835 -11.77173 -5.368057 44.80835 -11.12097 -6.896317 44.80835 -10.24377 -8.284134 44.80835 -9.158082 -9.503312 44.80835 -7.885864 -10.52907 44.80835 -6.453125 -12.34709 44.80835 0.2640381 -9.159256 44.80835 8.285523 -7.887039 44.80835 9.504761 -6.4543 44.80835 10.53052 8.284348 44.80835 9.160645 9.503525 44.80835 7.888428 10.52928 44.80835 6.455688 11.34065 44.80835 4.891602 11.92119 44.80835 3.227905 12.25902 44.80835 1.498413 12.34731 44.80835 -0.2613525 12.18425 44.80835 -2.015869 11.77315 44.80835 -3.72937 11.12239 44.80835 -5.366821 10.24522 44.80835 -6.895142 9.15947 44.80835 -8.282959 -4.890152 44.80835 11.3418 -3.226456 44.80835 11.92236 -1.497055 44.80835 12.26025 0.2628021 44.80835 12.34851 2.017319 44.80835 12.18542 7.887253 44.80835 -9.502076 1.497269 44.80835 -12.25757 -0.2625885 44.80835 -12.34595 6.454514 44.80835 -10.52783 4.890366 44.80835 -11.33923 3.226669 44.80835 -11.9198 -1.471573 0.9584961 -12.26074 -2.017105 0.9584961 -12.18286 -2.666367 0.9584961 -12.05737 -3.730576 0.9584961 -11.77173 -3.835495 0.9584961 -11.73804 -4.967667 0.9584961 -11.30554 -6.896317 0.9584961 -10.24377 -6.052017 0.9584961 -10.76416 -5.368057 0.9584961 -11.12097 -7.078079 0.9584961 -10.11902 -8.035965 0.9584961 -9.376587 -8.284134 0.9584961 -9.158082 -8.916459 0.9584961 -8.543702 -10.41219 0.9584961 -6.640015 -9.711075 0.9584961 -7.628662 -9.503312 0.9584961 -7.885864 -10.52907 0.9584961 -6.453125 -11.01302 0.9584961 -5.587402 -11.89168 0.9584961 -3.331543 -11.50777 0.9584961 -4.481079 -11.34044 0.9584961 -4.888916 -11.92097 0.9584961 -3.22522 -12.16109 0.9584961 -2.149902 -12.2588 0.9584961 -1.49585 -12.3134 0.9584961 -0.9475098 -12.34709 0.9584961 0.2640381 -12.26189 0.9584961 1.473022 -12.18404 0.9584961 2.018555 -12.05861 0.9584961 2.667725 -11.77293 0.9584961 3.731934 -11.73915 0.9584961 3.836914 -11.30669 0.9584961 4.969116 -10.24501 0.9584961 6.897705 -10.76533 0.9584961 6.053467 -11.12218 0.9584961 5.369507 -10.12025 0.9584961 7.079468 -9.377762 0.9584961 8.037354 -9.159256 0.9584961 8.285523 -8.544938 0.9584961 8.917847 -6.64119 0.9584961 10.41357 -7.629806 0.9584961 9.712525 -7.887039 0.9584961 9.504761 -6.4543 0.9584961 10.53052 -5.588638 0.9584961 11.0144 -3.332718 0.9584961 11.89307 -4.482254 0.9584961 11.50916 -4.890152 0.9584961 11.3418 -3.226456 0.9584961 11.92236 -2.151047 0.9584961 12.16248 -0.9486847 0.9584961 12.31482 -1.497055 0.9584961 12.26025 -2.453995 -14.8916 -1.346802 -11.39937 -14.8916 -7.687256 -2.182632 -14.8916 -1.752441 -10.24623 -14.8916 -9.167969 -1.844925 -14.8916 -2.104858 -8.902298 -14.8916 -10.47778 -1.451157 -14.8916 -2.393188 -7.392471 -14.8916 -11.59228 -1.013321 -14.8916 -2.608887 11.39958 -14.8916 7.689941 10.24644 -14.8916 9.170533 8.902512 -14.8916 10.48035 7.392685 -14.8916 11.59497 -5.744949 -14.8916 -12.49097 -3.990402 -14.8916 -13.15686 -0.544632 -14.8916 -2.745239 -2.161514 -14.8916 -13.57776 -0.2923737 -14.8916 -13.74561 -2.106033 -14.8916 1.846313 -11.06203 -14.8916 8.167847 -2.394424 -14.8916 1.452515 -12.071 -14.8916 6.585449 -2.610062 -14.8916 1.01477 -12.85512 -14.8916 4.880493 -2.746384 -14.8916 0.5460205 -13.39973 -14.8916 3.084595 -13.69478 -14.8916 1.231201 -2.799271 -14.8916 0.06091308 -13.7347 -14.8916 -0.6450195 -2.767075 -14.8916 -0.4261475 -13.51875 -14.8916 -2.509155 -2.650803 -14.8916 -0.9001465 -13.05098 -14.8916 -4.32666 -12.3401 -14.8916 -6.063477 13.69499 -14.8916 -1.228638 13.73491 -14.8916 0.647583 13.51897 -14.8916 2.511841 13.05119 -14.8916 4.329224 12.34032 -14.8916 6.06604 5.745163 -14.8916 12.49353 3.990616 -14.8916 13.15955 2.161728 -14.8916 13.58032 0.2925873 -14.8916 13.74817 -0.4273224 -14.8916 2.768433 11.06224 -14.8916 -8.165162 12.07121 -14.8916 -6.582886 12.85533 -14.8916 -4.877808 13.39995 -14.8916 -3.081909 1.582199 -14.8916 -13.65735 3.427353 -14.8916 -13.3147 5.208603 -14.8916 -12.724 6.892868 -14.8916 -11.89624 8.448716 -14.8916 -10.84692 9.847184 -14.8916 -9.595459 -1.581985 -14.8916 13.66003 -3.427139 -14.8916 13.31738 -0.9013825 -14.8916 2.652222 -5.208389 -14.8916 12.72668 -1.347977 -14.8916 2.455444 -6.892654 -14.8916 11.89893 -1.753677 -14.8916 2.184082 -8.448502 -14.8916 10.84949 -9.84697 -14.8916 9.598023 13.21867 0.4584961 -0.9105225 13.07216 0.4584961 -2.162964 12.80724 0.4584961 -3.395752 12.42635 0.4584961 -4.597778 11.93291 0.4584961 -5.758057 11.33141 0.4584961 -6.866333 10.6273 0.4584961 -7.912353 9.826951 0.4584961 -8.886597 8.937607 0.4584961 -9.780518 7.967331 0.4584961 -10.58582 6.92485 0.4584961 -11.29517 5.819717 0.4584961 -11.90222 4.66185 0.4584961 -12.40149 3.461777 0.4584961 -12.78845 2.230362 0.4584961 -13.05969 0.9787445 0.4584961 -13.21252 -1.531143 0.4584961 -12.75708 -2.774307 0.4584961 -12.54565 -3.990799 0.4584961 -12.21326 -5.168777 0.4584961 -11.76331 -6.297043 0.4584961 -11.19995 -7.364639 0.4584961 -10.52881 -8.361283 0.4584961 -9.756226 -9.27742 0.4584961 -8.889649 -10.10423 0.4584961 -7.9375 -10.83372 0.4584961 -6.908936 -11.45888 0.4584961 -5.813721 -11.97365 0.4584961 -4.662476 -12.37312 0.4584961 -3.466431 -12.65346 0.4584961 -2.236938 -12.8119 0.4584961 -0.9859619 -12.847 0.4584961 0.2746582 -12.75832 0.4584961 1.532593 -12.5468 0.4584961 2.775757 -12.21443 0.4584961 3.992187 -11.76445 0.4584961 5.170166 -11.20116 0.4584961 6.298462 -10.52998 0.4584961 7.366089 -9.757401 0.4584961 8.362671 -8.890885 0.4584961 9.278809 -7.938705 0.4584961 10.10559 -6.91008 0.4584961 10.83508 -5.814896 0.4584961 11.46033 -4.663712 0.4584961 11.9751 -3.467636 0.4584961 12.37451 -2.238144 0.4584961 12.65491 -0.9871063 0.4584961 12.81335 1.539902 0.4584961 13.1615 2.783859 0.4584961 12.95557 4.00267 0.4584961 12.63232 5.185165 0.4584961 12.19458 6.320755 0.4584961 11.64661 7.399094 0.4584961 10.99304 8.410416 0.4584961 10.23987 9.345566 0.4584961 9.394165 10.19609 0.4584961 8.463257 10.95427 0.4584961 7.455688 11.61327 0.4584961 6.380737 12.1671 0.4584961 5.247925 12.6107 0.4584961 4.067627 12.94014 0.4584961 2.850464 13.15239 0.4584961 1.607544 13.24553 0.4584961 0.3500977 1.598007 -0.0415039 13.65808 2.888931 -0.0415039 13.44446 2.161728 -0.0415039 13.58032 5.745163 -0.0415039 12.49353 5.380844 -0.0415039 12.65478 4.153671 -0.0415039 13.10889 3.990616 -0.0415039 13.15955 6.55925 -0.0415039 12.08606 7.392685 -0.0415039 11.59497 7.678299 -0.0415039 11.40784 8.727768 -0.0415039 10.62634 9.698227 -0.0415039 9.748536 8.902512 -0.0415039 10.48035 11.36766 -0.0415039 7.737061 10.58086 -0.0415039 8.782593 10.24644 -0.0415039 9.170533 11.39958 -0.0415039 7.689941 12.0515 -0.0415039 6.62146 12.34032 -0.0415039 6.06604 12.62621 -0.0415039 5.445923 13.05119 -0.0415039 4.329224 13.08659 -0.0415039 4.221069 13.42845 -0.0415039 2.958008 13.6487 -0.0415039 1.668213 13.51897 -0.0415039 2.511841 13.69499 -0.0415039 -1.228638 13.71751 -0.0415039 -0.9449463 13.74535 -0.0415039 0.3632813 13.73491 -0.0415039 0.647583 13.56544 -0.0415039 -2.244629 13.39995 -0.0415039 -3.081909 13.29054 -0.0415039 -3.523926 12.89525 -0.0415039 -4.77124 12.38322 -0.0415039 -5.975464 12.85533 -0.0415039 -4.877808 11.75902 -0.0415039 -7.125488 12.07121 -0.0415039 -6.582886 9.847184 -0.0415039 -9.595459 10.19777 -0.0415039 -9.222046 11.02834 -0.0415039 -8.210938 11.06224 -0.0415039 -8.165162 9.274857 -0.0415039 -10.14966 8.448716 -0.0415039 -10.84692 8.26796 -0.0415039 -10.98523 7.186172 -0.0415039 -11.72144 6.039322 -0.0415039 -12.35144 6.892868 -0.0415039 -11.89624 3.427353 -0.0415039 -13.3147 3.592392 -0.0415039 -13.27112 4.837753 -0.0415039 -12.86963 5.208603 -0.0415039 -12.724 2.314499 -0.0415039 -13.55249 1.582199 -0.0415039 -13.65735 1.015671 -0.0415039 -13.71118 -0.9492645 0.871582 12.32239 -2.152359 0.871582 12.17004 -3.334732 0.871582 11.90039 -4.485001 0.871582 11.51624 -5.592056 0.871582 11.02124 -6.645279 0.871582 10.42004 -7.634476 0.871582 9.718506 -8.550187 0.871582 8.92334 -9.3835 0.871582 8.042359 -10.12648 0.871582 7.083862 -10.77193 0.871582 6.057129 -11.31364 0.871582 4.972168 -11.74641 0.871582 3.839233 -12.06599 0.871582 2.669434 -12.26942 0.871582 1.473877 -12.35469 0.871582 0.2641602 -12.32097 0.871582 -0.9481201 -12.16859 0.871582 -2.151123 -11.899 0.871582 -3.333496 -11.51485 0.871582 -4.483765 -11.01979 0.871582 -5.59082 -10.41859 0.871582 -6.644043 -9.717057 0.871582 -7.633301 -8.921952 0.871582 -8.548951 -8.040909 0.871582 -9.382325 -7.082413 0.871582 -10.12524 -6.05574 0.871582 -10.77075 -4.970718 0.871582 -11.3125 -3.837845 0.871582 -11.74524 -2.668015 0.871582 -12.06482 -1.472488 0.871582 -12.26819 -1.475174 0.7873535 -12.29065 -2.672867 0.7873535 -12.08679 -3.844864 0.7873535 -11.7666 -4.979813 0.7873535 -11.33313 -6.066788 0.7873535 -10.79041 -7.095352 0.7873535 -10.1438 -8.055558 0.7873535 -9.399415 -8.938218 0.7873535 -8.564576 -9.734787 0.7873535 -7.647217 -10.43758 0.7873535 -6.65625 -11.03987 0.7873535 -5.601074 -11.53584 0.7873535 -4.491943 -11.92073 0.7873535 -3.3396 -12.19081 0.7873535 -2.155151 -12.34346 0.7873535 -0.9498291 -12.37724 0.7873535 0.2646484 -12.29182 0.7873535 1.476562 -12.08803 0.7873535 2.674316 -11.76784 0.7873535 3.846313 -11.3343 0.7873535 4.981201 -10.79158 0.7873535 6.068237 -10.14497 0.7873535 7.096802 -9.40065 0.7873535 8.057007 -8.565781 0.7873535 8.939576 -7.648453 0.7873535 9.736207 -6.657425 0.7873535 10.43896 -5.60228 0.7873535 11.04126 -4.493179 0.7873535 11.53723 -3.340836 0.7873535 11.92212 -2.156326 0.7873535 12.19226 -0.951004 0.7873535 12.34485 -1.479568 0.7084961 -12.32715 -2.680832 0.7084961 -12.1228 -3.856277 0.7084961 -11.80164 -4.994614 0.7084961 -11.36682 -6.084854 0.7084961 -10.82251 -7.11647 0.7084961 -10.17395 -8.079545 0.7084961 -9.427369 -8.964798 0.7084961 -8.590088 -9.763749 0.7084961 -7.670044 -10.46864 0.7084961 -6.676025 -11.07274 0.7084961 -5.617798 -11.57017 0.7084961 -4.505371 -11.95619 0.7084961 -3.349609 -12.22707 0.7084961 -2.161499 -12.3802 0.7084961 -0.9526367 -12.41408 0.7084961 0.2653809 -12.32838 0.7084961 1.480957 -12.12401 0.7084961 2.682251 -11.80284 0.7084961 3.857666 -11.368 0.7084961 4.995972 -10.82371 0.7084961 6.086304 -10.17516 0.7084961 7.11792 -9.428605 0.7084961 8.080933 -8.591263 0.7084961 8.966187 -7.671188 0.7084961 9.765137 -6.6772 0.7084961 10.47009 -5.618973 0.7084961 11.0741 -4.506546 0.7084961 11.57153 -3.350784 0.7084961 11.95764 -2.162735 0.7084961 12.22852 -0.9538117 0.7084961 12.38159 -1.485519 0.6369629 -12.37683 -2.691635 0.6369629 -12.17163 -3.871841 0.6369629 -11.84912 -5.014725 0.6369629 -11.4126 -6.109329 0.6369629 -10.86609 -7.145096 0.6369629 -10.21497 -8.112076 0.6369629 -9.465332 -9.000901 0.6369629 -8.624634 -9.803055 0.6369629 -7.700928 -10.51082 0.6369629 -6.702881 -11.11732 0.6369629 -5.640381 -11.61678 0.6369629 -4.52356 -12.00435 0.6369629 -3.363037 -12.27629 0.6369629 -2.170288 -12.43001 0.6369629 -0.9564209 -12.46407 0.6369629 0.2664795 -12.37804 0.6369629 1.486938 -12.17281 0.6369629 2.692993 -11.85036 0.6369629 3.873291 -11.41377 0.6369629 5.016113 -10.86726 0.6369629 6.110718 -10.21614 0.6369629 7.146484 -9.466568 0.6369629 8.113526 -8.62587 0.6369629 9.00232 -7.702072 0.6369629 9.804444 -6.704117 0.6369629 10.51221 -5.641556 0.6369629 11.11877 -4.524704 0.6369629 11.61816 -3.364273 0.6369629 12.00574 -2.171432 0.6369629 12.27771 -0.9576569 0.6369629 12.4314 -1.492874 0.5754395 -12.43799 -2.704941 0.5754395 -12.23181 -3.890945 0.5754395 -11.90771 -5.039505 0.5754395 -11.46899 -6.139542 0.5754395 -10.9198 -7.180435 0.5754395 -10.26538 -8.152176 0.5754395 -9.512207 -9.045395 0.5754395 -8.667359 -9.851517 0.5754395 -7.738892 -10.56276 0.5754395 -6.736084 -11.17226 0.5754395 -5.668213 -11.67418 0.5754395 -4.545898 -12.06367 0.5754395 -3.379761 -12.33699 0.5754395 -2.180908 -12.49147 0.5754395 -0.9611817 -12.52565 0.5754395 0.2678223 -12.43922 0.5754395 1.494263 -12.23299 0.5754395 2.706299 -11.90895 0.5754395 3.892334 -11.47023 0.5754395 5.040894 -10.92101 0.5754395 6.140991 -10.26662 0.5754395 7.181885 -9.513382 0.5754395 8.153565 -8.668503 0.5754395 9.046753 -7.740128 0.5754395 9.852906 -6.737259 0.5754395 10.56421 -5.669449 0.5754395 11.17371 -4.547073 0.5754395 11.67554 -3.380905 0.5754395 12.06506 -2.182144 0.5754395 12.33838 -0.9624176 0.5754395 12.49292 -1.501358 0.5253906 -12.50891 -2.720352 0.5253906 -12.30151 -3.913132 0.5253906 -11.97559 -5.068253 0.5253906 -11.53442 -6.174515 0.5253906 -10.98206 -7.221329 0.5253906 -10.32397 -8.198624 0.5253906 -9.566407 -9.09694 0.5253906 -8.716675 -9.90767 0.5253906 -7.783081 -10.62294 0.5253906 -6.774414 -11.23592 0.5253906 -5.700562 -11.74071 0.5253906 -4.571777 -12.1324 0.5253906 -3.398926 -12.4073 0.5253906 -2.193359 -12.56264 0.5253906 -0.9666748 -12.59706 0.5253906 0.2692871 -12.51012 0.5253906 1.502808 -12.30269 0.5253906 2.721802 -11.97682 0.5253906 3.914551 -11.53557 0.5253906 5.069702 -10.98323 0.5253906 6.175903 -10.32515 0.5253906 7.222778 -9.567582 0.5253906 8.200074 -8.717911 0.5253906 9.098389 -7.784256 0.5253906 9.909058 -6.77565 0.5253906 10.62439 -5.701767 0.5253906 11.2373 -4.572983 0.5253906 11.74207 -3.400162 0.5253906 12.13379 -2.194595 0.5253906 12.40869 -0.9679108 0.5253906 12.56409 -1.510757 0.4885254 -12.5874 -2.737411 0.4885254 -12.37866 -3.937668 0.4885254 -12.05066 -5.099991 0.4885254 -11.60669 -6.213242 0.4885254 -11.0509 -7.266617 0.4885254 -10.38867 -8.250016 0.4885254 -9.626343 -9.153977 0.4885254 -8.771363 -9.969773 0.4885254 -7.831909 -10.68953 0.4885254 -6.816895 -11.30635 0.4885254 -5.736328 -11.81432 0.4885254 -4.600464 -12.20848 0.4885254 -3.420288 -12.48506 0.4885254 -2.207153 -12.64143 0.4885254 -0.9727783 -12.67601 0.4885254 0.2709961 -12.58855 0.4885254 1.512207 -12.37984 0.4885254 2.73877 -12.05189 0.4885254 3.939087 -11.60789 0.4885254 5.10144 -11.05208 0.4885254 6.2146 -10.38985 0.4885254 7.268066 -9.627579 0.4885254 8.251465 -8.772538 0.4885254 9.155396 -7.833054 0.4885254 9.971192 -6.81813 0.4885254 10.69092 -5.737503 0.4885254 11.30774 -4.601639 0.4885254 11.81567 -3.421463 0.4885254 12.20984 -2.208359 0.4885254 12.48645 -0.9739533 0.4885254 12.64282 -1.520828 0.4660645 -12.6709 -2.755569 0.4660645 -12.46082 -3.963821 0.4660645 -12.13074 -5.133865 0.4660645 -11.68372 -6.254471 0.4660645 -11.12427 -7.314865 0.4660645 -10.45764 -8.304825 0.4660645 -9.690308 -9.214737 0.4660645 -8.82959 -10.03596 0.4660645 -7.883911 -10.76051 0.4660645 -6.862183 -11.38142 0.4660645 -5.774414 -11.89278 0.4660645 -4.630981 -12.28954 0.4660645 -3.442993 -12.56795 0.4660645 -2.221802 -12.72536 0.4660645 -0.9792481 -12.76018 0.4660645 0.2728272 -12.67213 0.4660645 1.522217 -12.46205 0.4660645 2.756958 -12.13191 0.4660645 3.96521 -11.68495 0.4660645 5.135254 -11.12547 0.4660645 6.255859 -10.45885 0.4660645 7.316284 -9.691483 0.4660645 8.306275 -8.830796 0.4660645 9.216187 -7.885086 0.4660645 10.03735 -6.863388 0.4660645 10.76196 -5.775619 0.4660645 11.38281 -4.632217 0.4660645 11.89416 -3.444199 0.4660645 12.29089 -2.223038 0.4660645 12.56934 -0.980423 0.4660645 12.72681 2.887314 0.04516601 13.43701 6.555649 0.04516601 12.07935 7.674057 0.04516601 11.40149 9.692856 0.04516601 9.743165 10.575 0.04516601 8.77771 12.04485 0.04516601 6.617798 12.61925 0.04516601 5.442871 13.64116 0.04516601 1.667236 13.73775 0.04516601 0.3630371 13.55797 0.04516601 -2.243408 13.28319 0.04516601 -3.521973 12.37639 0.04516601 -5.972168 11.75252 0.04516601 -7.12146 9.269761 0.04516601 -10.14404 6.035995 0.04516601 -12.3446 4.835098 0.04516601 -12.86243 2.313248 0.04516601 -13.54504 1.015121 0.04516601 -13.70361 8.019516 0.4509277 -10.65515 8.99617 0.4509277 -9.844605 8.070145 0.4282227 -10.72241 9.052964 0.4282227 -9.906739 8.11763 0.3913574 -10.78552 9.106247 0.3913574 -9.965088 8.160569 0.3415527 -10.84253 9.154404 0.3415527 -10.01782 8.197617 0.2797852 -10.89185 9.195969 0.2797852 -10.06323 8.227677 0.208496 -10.93176 9.22966 0.208496 -10.10022 8.249833 0.1293945 -10.96118 9.254502 0.1293945 -10.12732 8.263413 0.04516601 -10.97925 10.69694 0.4509277 -7.964111 11.40569 0.4509277 -6.911255 10.76445 0.4282227 -8.014405 11.47765 0.4282227 -6.954956 10.8278 0.3913574 -8.061646 11.54521 0.3913574 -6.99585 10.88509 0.3415527 -8.104249 11.60628 0.3415527 -7.032837 10.93449 0.2797852 -8.141114 11.65898 0.2797852 -7.064819 10.97459 0.208496 -8.170899 11.70174 0.208496 -7.090698 11.00413 0.1293945 -8.192872 11.73323 0.1293945 -7.109863 11.02223 0.04516601 -8.206421 12.69334 0.4509277 4.094238 12.24681 0.4509277 5.282349 12.77348 0.4282227 4.120117 12.32414 0.4282227 5.315674 12.84865 0.3913574 4.144287 12.39665 0.3913574 5.346924 12.91661 0.3415527 4.16626 12.4622 0.3415527 5.375244 12.97527 0.2797852 4.185181 12.51878 0.2797852 5.399536 13.02284 0.208496 4.200562 12.56471 0.208496 5.419434 13.05791 0.1293945 4.211792 12.59853 0.1293945 5.43396 13.07936 0.04516601 4.21875 4.028885 0.4509277 12.71509 2.802109 0.4509277 13.04041 4.054306 0.4282227 12.79529 2.819809 0.4282227 13.1228 4.078171 0.3913574 12.87061 2.83641 0.3913574 13.19995 4.099747 0.3415527 12.93872 2.851395 0.3415527 13.26978 4.118362 0.2797852 12.99744 2.864365 0.2797852 13.33008 4.133469 0.208496 13.04504 2.874863 0.208496 13.37891 4.144577 0.1293945 13.0802 2.882584 0.1293945 13.41492 4.151413 0.04516601 13.10168 0.9851532 0.4509277 -13.29907 0.9913788 0.4282227 -13.38306 0.9972077 0.3913574 -13.46179 1.002487 0.3415527 -13.53308 1.007034 0.2797852 -13.59448 1.010727 0.208496 -13.64429 1.013443 0.1293945 -13.68103 2.24498 0.4509277 -13.14526 2.25914 0.4282227 -13.22827 2.272446 0.3913574 -13.30603 2.28447 0.3415527 -13.37646 2.294846 0.2797852 -13.43726 2.303238 0.208496 -13.48645 2.309433 0.1293945 -13.52283 3.590439 0.04516601 -13.26379 3.584518 0.1293945 -13.24207 3.574905 0.208496 -13.20654 3.561844 0.2797852 -13.1582 3.545761 0.3415527 -13.09875 3.527084 0.3913574 -13.02978 3.506454 0.4282227 -12.95361 3.484482 0.4509277 -12.87231 4.692398 0.4509277 -12.48279 4.722031 0.4282227 -12.56165 4.749802 0.3913574 -12.6355 4.774948 0.3415527 -12.70239 4.796616 0.2797852 -12.76013 4.814194 0.208496 -12.80688 4.827164 0.1293945 -12.84131 5.857834 0.4509277 -11.98022 5.894821 0.4282227 -12.05591 5.92952 0.3913574 -12.12683 5.960861 0.3415527 -12.19104 5.987961 0.2797852 -12.24634 6.009903 0.208496 -12.29126 6.026077 0.1293945 -12.32434 7.182205 0.04516601 -11.71497 7.170425 0.1293945 -11.69568 7.151169 0.208496 -11.66431 7.125046 0.2797852 -11.6217 7.092819 0.3415527 -11.56921 7.055527 0.3913574 -11.5083 7.014236 0.4282227 -11.44092 6.970261 0.4509277 -11.36914 10.19212 0.04516601 -9.216919 10.1754 0.1293945 -9.201783 10.14809 0.208496 -9.177124 10.11101 0.2797852 -9.143555 10.06529 0.3415527 -9.102295 10.01237 0.3913574 -9.054322 9.953782 0.4282227 -9.001343 9.891343 0.4509277 -8.944947 12.01109 0.4509277 -5.795776 12.08693 0.4282227 -5.832397 12.15807 0.3913574 -5.866699 12.22237 0.3415527 -5.897827 12.27788 0.2797852 -5.924561 12.32289 0.208496 -5.946289 12.35606 0.1293945 -5.96228 12.88814 0.04516601 -4.768677 12.86699 0.1293945 -4.760742 12.83244 0.208496 -4.748047 12.78557 0.2797852 -4.730713 12.72777 0.3415527 -4.709228 12.66081 0.3913574 -4.684448 12.58672 0.4282227 -4.657104 12.5078 0.4509277 -4.627808 12.89116 0.4509277 -3.417969 12.97252 0.4282227 -3.439575 13.04887 0.3913574 -3.459839 13.1179 0.3415527 -3.478149 13.17747 0.2797852 -3.493896 13.22578 0.208496 -3.506714 13.2614 0.1293945 -3.516113 13.15782 0.4509277 -2.177124 13.24089 0.4282227 -2.190918 13.3188 0.3913574 -2.203735 13.38924 0.3415527 -2.215454 13.45006 0.2797852 -2.225464 13.49937 0.208496 -2.233643 13.53569 0.1293945 -2.239624 13.70995 0.04516601 -0.944458 13.68742 0.1293945 -0.9428711 13.65068 0.208496 -0.9403076 13.60081 0.2797852 -0.9368897 13.53932 0.3415527 -0.9326172 13.46809 0.3913574 -0.9277344 13.3893 0.4282227 -0.9223633 13.30531 0.4509277 -0.9165039 13.33232 0.4509277 0.352417 13.41649 0.4282227 0.3546143 13.49541 0.3913574 0.3566895 13.56682 0.3415527 0.3585205 13.6284 0.2797852 0.3602295 13.67839 0.208496 0.3614502 13.71519 0.1293945 0.3624268 13.23857 0.4509277 1.618042 13.32213 0.4282227 1.628296 13.40056 0.3913574 1.637817 13.47142 0.3415527 1.646484 13.53258 0.2797852 1.654053 13.5822 0.208496 1.660034 13.61876 0.1293945 1.664551 13.42104 0.04516601 2.956421 13.399 0.1293945 2.951538 13.36302 0.208496 2.943603 13.31419 0.2797852 2.932861 13.25401 0.3415527 2.919556 13.18431 0.3913574 2.904297 13.10716 0.4282227 2.887207 13.02495 0.4509277 2.869141 12.02507 0.1293945 6.606934 11.99278 0.208496 6.589233 11.94896 0.2797852 6.565063 11.89494 0.3415527 6.5354 11.83238 0.3913574 6.501099 11.76317 0.4282227 6.463013 11.68938 0.4509277 6.422485 11.36137 0.04516601 7.732788 11.34273 0.1293945 7.720093 11.31227 0.208496 7.699341 11.27095 0.2797852 7.671265 11.21999 0.3415527 7.636597 11.16096 0.3913574 7.596436 11.09569 0.4282227 7.55188 11.02605 0.4509277 7.504517 10.26292 0.4509277 8.518677 10.32768 0.4282227 8.572388 10.38847 0.3913574 8.622925 10.4434 0.3415527 8.668457 10.49083 0.2797852 8.707886 10.52928 0.208496 8.739747 10.55766 0.1293945 8.763306 9.406815 0.4509277 9.455689 9.466172 0.4282227 9.515381 9.521897 0.3913574 9.57129 9.572251 0.3415527 9.621949 9.615708 0.2797852 9.66565 9.650986 0.208496 9.70105 9.676957 0.1293945 9.727173 8.722947 0.04516601 10.62036 8.708664 0.1293945 10.60303 8.685257 0.208496 10.57446 8.65355 0.2797852 10.53589 8.614426 0.3415527 10.48828 8.569077 0.3913574 10.43311 8.518967 0.4282227 10.37207 8.4655 0.4509277 10.30701 7.447556 0.4509277 11.06506 7.494583 0.4282227 11.13489 7.538681 0.3913574 11.20044 7.578537 0.3415527 11.25964 7.612961 0.2797852 11.31079 7.640884 0.208496 11.35217 7.661453 0.1293945 11.38281 6.362167 0.4509277 11.7229 6.402328 0.4282227 11.79687 6.440018 0.3913574 11.86633 6.474075 0.3415527 11.92908 6.503464 0.2797852 11.98315 6.527328 0.208496 12.0271 6.544907 0.1293945 12.05945 5.377853 0.04516601 12.64783 5.369064 0.1293945 12.62707 5.354629 0.208496 12.59314 5.335068 0.2797852 12.54712 5.310959 0.3415527 12.49036 5.283005 0.3913574 12.42468 5.252121 0.4282227 12.35205 5.219162 0.4509277 12.27454 1.597092 0.04516601 13.65063 1.594498 0.1293945 13.62817 1.590195 0.208496 13.59155 1.584396 0.2797852 13.54199 1.577255 0.3415527 13.48071 1.568954 0.3913574 13.40979 1.559769 0.4282227 13.33142 1.549973 0.4509277 13.2478 0.07643127 -13.8916 -0.4927979 0.161087 -13.8916 -0.4720459 0.2408294 -13.8916 -0.4368897 0.3132782 -13.8916 -0.3884277 0.3762055 -13.8916 -0.328125 0.4277191 -13.8916 -0.2578125 0.4662018 -13.8916 -0.1796875 0.4905548 -13.8916 -0.09594726 0.4999848 -13.8916 -0.009277343 0.4942474 -13.8916 0.07763671 0.4734955 -13.8916 0.1622314 0.4383392 -13.8916 0.2420654 0.3898773 -13.8916 0.3144531 0.3295746 -13.8916 0.3774414 0.2592621 -13.8916 0.4289551 0.181076 -13.8916 0.4674072 0.09739685 -13.8916 0.4916992</float_array>
          <technique_common>
            <accessor source="#BOX_PAD1_0_simple_007-mesh-positions-array" count="1619" stride="3">
              <param name="X" type="float"/>
              <param name="Y" type="float"/>
              <param name="Z" type="float"/>
            </accessor>
          </technique_common>
        </source>
        <source id="BOX_PAD1_0_simple_007-mesh-normals">
          <float_array id="BOX_PAD1_0_simple_007-mesh-normals-array" count="8889">-0.07638347 -0.7057659 -0.7043154 -0.1974988 -0.7058027 -0.6803211 -0.3134371 -0.7057865 -0.635313 -0.418693 -0.7057619 -0.5714862 -0.5112617 -0.7057767 -0.4903987 -0.5889997 -0.7057625 -0.3936735 -0.6482027 -0.7057645 -0.2858842 -0.6880395 -0.7057719 -0.1687831 -0.7069197 -0.7057572 -0.04659914 -0.7042986 -0.7057543 0.07664513 -0.6802013 -0.7057535 0.1980869 -0.6357347 -0.7057512 0.3126605 -0.5714861 -0.705762 0.418693 -0.4901728 -0.7057563 0.5115063 -0.3938999 -0.7057611 0.5888499 -0.2857943 -0.7057601 0.6482471 -0.1686717 -0.7057654 0.6880735 -0.04664814 -0.7057551 0.7069185 -0.06584483 0 0.99783 -0.2380844 0 0.9712445 -0.4034074 0 0.9150205 -0.5559923 0 0.8311875 -0.555992 0 0.8311878 -0.6918902 0 0.7220028 -0.8066721 0 0.5909994 -0.8973478 0 0.4413243 -0.8973479 0 0.4413241 -0.9601099 0 0.2796232 -0.9941331 0 0.1081644 -0.9978345 0 -0.06577587 -0.9712048 0 -0.2382465 -0.9149635 0 -0.4035367 -0.8314037 0 -0.5556688 -0.7216674 0 -0.6922401 -0.5909994 0 -0.8066721 -0.442447 0 -0.8967947 -0.4424468 0 -0.8967948 -0.2787892 0 -0.9603524 -0.2787894 0 -0.9603523 -0.1078185 0 -0.9941707 0 -1 0 0 -1 -8.52733e-7 0 -1 4.77597e-6 0 -1 8.52761e-7 0 -1 4.26367e-7 0 -1 -4.2639e-7 0 -1 -1.49245e-6 0 -1 1.06592e-6 0 -1 -7.99609e-7 0 -1 1.91143e-5 0 -1 1.7058e-6 0 -1 -8.52731e-7 0 -1 8.52777e-7 0 -1 -4.7762e-6 0 -1 -8.52762e-7 0 -1 -4.2638e-7 0 -1 4.26479e-7 0 -1 1.4921e-6 0 -1 -1.06618e-6 0 -1 7.9941e-7 0 -1 -1.91143e-5 0 -1 -1.70546e-6 0 -1 8.52842e-7 -0.06602925 0 0.9978177 -0.2380902 0 0.9712431 -0.4034216 0 0.9150142 -0.5559693 0 0.8312029 -0.6918755 0 0.7220169 -0.8067905 0 0.5908377 -0.8067903 0 0.590838 -0.897112 0 0.4418032 -0.9601987 0 0.279318 -0.9601987 0 0.2793179 -0.9941126 0 0.108352 -0.9978213 0 -0.06597524 -0.9712213 0 -0.2381792 -0.9150632 0 -0.4033107 -0.8312416 0 -0.5559116 -0.7218945 0 -0.6920032 -0.5909489 0 -0.806709 -0.4417274 0 -0.8971494 -0.2793421 0 -0.9601917 -0.1083037 0 -0.9941179 -0.1831079 0.08754462 -0.9791872 -0.4459775 0.08753371 -0.8907537 -0.5459841 0.08658087 -0.8333098 -0.6743524 0.08723247 -0.7332391 -0.7546739 0.08674865 -0.65034 -0.8503747 0.08720141 -0.5189015 -0.9046678 0.08732771 -0.4170732 -0.9846245 0.08711522 -0.1514121 -0.9955086 0.08733969 -0.03653043 -0.9882059 0.08701825 0.1260042 -0.9669734 0.08744972 0.239406 -0.9151238 0.08714383 0.3936426 -0.863471 0.08715826 0.4968112 -0.6929942 0.08710736 0.7156615 -0.4686734 0.08731704 0.8790456 -0.3638722 0.08690547 0.9273859 -0.2081505 0.08806926 0.9741238 -0.09402441 0.08719891 0.9917438 -0.05555075 0.99621 0.06693136 -0.05552732 0.996213 0.06690651 -0.1664731 0.9654278 0.2005889 -0.1664906 0.965421 0.2006075 -0.2703717 0.9059633 0.3257758 -0.2702509 0.9060444 0.3256502 -0.365417 0.8201129 0.4403242 -0.3656023 0.8199283 0.440514 -0.4525108 0.7056619 0.5452296 -0.4522417 0.706041 0.544962 -0.5231236 0.5735565 0.6303767 -0.5232406 0.5733265 0.6304888 -0.5790643 0.421691 0.6977546 -0.5789821 0.4219239 0.6976819 -0.6168363 0.2588863 0.7432973 -0.6169695 0.2582946 0.7433927 -0.07210689 0.9962152 0.04853689 -0.07208049 0.9962179 0.04852181 -0.2162576 0.9654222 0.1455764 -0.2163913 0.9653808 0.1456525 -0.3512835 0.9059205 0.2364487 -0.3512203 0.9059545 0.2364129 -0.4750229 0.8198265 0.3197468 -0.4746765 0.8201028 0.3195522 -0.5874966 0.7059926 0.3955025 -0.5878067 0.7056399 0.3956713 -0.6793217 0.5739544 0.4572728 -0.6792241 0.5741094 0.4572232 -0.7522327 0.4215876 0.5063694 -0.7522944 0.4214437 0.5063976 -0.8014379 0.2581873 0.5394781 -0.801344 0.2585499 0.539444 -0.08138442 0.9962134 -0.03058749 -0.08141744 0.9962102 -0.03060263 -0.243925 0.9654504 -0.09168493 -0.2439495 0.9654433 -0.09169578 -0.3963967 0.9059081 -0.1489979 -0.3962063 0.9060059 -0.1489093 -0.5357928 0.8199853 -0.201371 -0.5361236 0.8197308 -0.2015268 -0.663 0.7059185 -0.2492192 -0.663043 0.7058703 -0.2492409 -0.7668424 0.5734624 -0.2882597 -0.7666087 0.5738346 -0.2881404 -0.8486406 0.4219778 -0.3189733 -0.8486884 0.4218616 -0.3189998 -0.9042714 0.2583923 -0.339892 -0.9042644 0.2584223 -0.3398882 -0.02226591 0.9962235 -0.08392387 -0.02229499 0.99621 -0.08407539 -0.06685543 0.9653853 -0.2521141 -0.06684124 0.9654063 -0.2520375 -0.1084914 0.9060221 -0.4090889 -0.1084716 0.9060745 -0.4089778 -0.1468713 0.8196198 -0.5537619 -0.1467953 0.8199208 -0.5533362 -0.1814991 0.7063995 -0.6841476 -0.181639 0.7055394 -0.6849973 -0.2099956 0.5733579 -0.791936 -0.2099052 0.5742574 -0.7913081 -0.2324385 0.422086 -0.8762511 -0.2324547 0.4216858 -0.8764394 -0.2476665 0.2582833 -0.9337832 -0.2476668 0.2575563 -0.9339839 -0.002289533 0.9962127 0.08691966 -0.002280533 0.996221 0.08682531 -0.006839573 0.9654753 0.2604049 -0.006883323 0.9653544 0.2608515 -0.01116561 0.9059998 0.4231309 -0.01113206 0.9061557 0.4227978 -0.01508277 0.8195145 0.5728601 -0.01504933 0.8197294 0.5725532 -0.01860576 0.7060914 0.7078763 -0.0186696 0.7055691 0.7083952 -0.02156895 0.5742343 0.8184069 -0.02156567 0.5742664 0.8183844 -0.02389562 0.420966 0.9067617 -0.02382141 0.4218289 0.9063625 -0.02537935 0.2587487 0.9656112 -0.02542996 0.2580524 0.9657962 -0.02622288 0.08691716 0.9958704 -0.02620834 0.08712786 0.9958524 -0.01052755 0.996221 0.08621579 -0.01054549 0.9962127 0.08630788 -0.0316475 0.965355 0.2590136 -0.0315842 0.9654444 0.2586885 -0.0512585 0.9061536 0.4198313 -0.0513128 0.906024 0.4201042 -0.06944096 0.8197331 0.5685206 -0.06947433 0.8196179 0.5686827 -0.08593416 0.7055683 0.7034122 -0.08580917 0.7061482 0.7028453 -0.0992133 0.5742632 0.8126368 -0.09925973 0.5739843 0.8128281 -0.1099027 0.4218252 0.8999917 -0.1099796 0.4212324 0.9002599 -0.117156 0.2580673 0.9589973 -0.1171375 0.2582462 0.9589514 -0.117209 0.2560456 0.9595326 -0.1411926 0.08814394 0.9860504 -0.2543035 0.08847528 0.9630691 -0.2120054 0.1678687 0.9627429 -0.2077758 0.2580093 0.9435361 -0.2077447 0.2582671 0.9434725 -0.1950116 0.4214208 0.8856495 -0.1950455 0.4212353 0.8857302 -0.1761835 0.5734333 0.8000835 -0.1760612 0.5739637 0.7997302 -0.1521922 0.7063474 0.691311 -0.1522547 0.7061462 0.6915028 -0.1231904 0.8196235 0.559501 -0.1231902 0.8196244 0.5595 -0.0909816 0.9060772 0.4132149 -0.09101313 0.9060254 0.4133214 -0.05603766 0.9654515 0.2544863 -0.05604666 0.9654433 0.2545155 -0.01870965 0.9962084 0.08496397 -0.01869583 0.9962128 0.08491605 -0.02669799 0.9962087 0.08279728 -0.02666717 0.996216 0.08272057 -0.07995605 0.9654498 0.2480199 -0.08005249 0.9653798 0.248261 -0.1298527 0.9060734 0.4027025 -0.1298796 0.9060409 0.4027671 -0.1758203 0.8196389 0.5452335 -0.1757986 0.8196776 0.5451821 -0.2172492 0.7063262 0.6737256 -0.217314 0.7061606 0.6738784 -0.2514427 0.57344 0.7797071 -0.2514606 0.5733789 0.7797463 -0.2783376 0.4214192 0.8630956 -0.2781391 0.4223693 0.8626952 -0.2964583 0.2580479 0.9195237 -0.2964002 0.2584462 0.9194306 -0.3056234 0.08833867 0.9480457 -0.3057626 0.08681982 0.9481412 -0.03441363 0.9962159 0.07981014 -0.03442722 0.9962133 0.07983678 -0.1032858 0.9653827 0.2395167 -0.1032881 0.9653811 0.239522 -0.1675793 0.9060344 0.3886116 -0.1677001 0.9059129 0.3888425 -0.2268405 0.8196942 0.5259704 -0.2265881 0.8200681 0.5254961 -0.2803605 0.7061417 0.6502014 -0.2806102 0.7056221 0.6506577 -0.3244497 0.5733796 0.7523087 -0.3243222 0.573742 0.7520873 -0.3589271 0.4223583 0.832337 -0.3591091 0.4216399 0.8326227 -0.3825783 0.2584435 0.8870404 -0.3825786 0.2584536 0.8870374 -0.3850871 0.2334824 0.8928572 -0.4077568 0.0873357 0.9089042 -0.510272 0.08722525 0.8555784 -0.469507 0.2214633 0.854703 -0.4651959 0.2577453 0.8468532 -0.4650586 0.2584654 0.846709 -0.4365616 0.4215084 0.7948236 -0.4365227 0.421644 0.7947731 -0.3940712 0.5743933 0.717482 -0.3943438 0.5737279 0.7178645 -0.3411259 0.7056969 0.6209872 -0.3411512 0.7056518 0.6210244 -0.2756012 0.8199654 0.501698 -0.2755321 0.8200523 0.5015939 -0.2039532 0.9058415 0.3712875 -0.203863 0.9059186 0.3711488 -0.1255056 0.9654217 0.2284935 -0.1255823 0.9653838 0.2286115 -0.04181873 0.9962209 0.07612663 -0.04186594 0.9962131 0.07620131 -0.04886281 0.9962208 0.07181006 -0.04893922 0.99621 0.07190746 -0.1466813 0.9654198 0.2155209 -0.1466645 0.965427 0.2155001 -0.2383285 0.9058529 0.3501858 -0.2381789 0.9059652 0.3499971 -0.3220545 0.8199484 0.4732501 -0.321893 0.8201268 0.4730507 -0.3985764 0.7057203 0.5857437 -0.3986229 0.7056471 0.5858003 -0.4605284 0.5743609 0.6767742 -0.4609071 0.5735408 0.6772117 -0.5102162 0.4215291 0.7496618 -0.5101667 0.4216821 0.7496094 -0.5436217 0.2577781 0.7987653 -0.5433893 0.2588957 0.7985619 -0.5604302 0.08712977 0.8236058 -0.5604014 0.08740907 0.8235957 -0.6362155 0.08707118 0.7665823 -0.6309285 0.2076261 0.7475431 -0.6056793 0.08747988 0.7908855 -0.7262955 0.08668875 0.6818944 -0.6863449 0.2501269 0.6829109 -0.6848027 0.2584042 0.6813755 -0.6848108 0.2583734 0.6813791 -0.6426108 0.4221751 0.6393901 -0.642711 0.4219165 0.6394601 -0.5808556 0.5732523 0.5779176 -0.5808145 0.5733265 0.577885 -0.5019627 0.7061182 0.4994304 -0.50203 0.7060307 0.4994863 -0.4060904 0.8196635 0.4040328 -0.4058066 0.8199216 0.4037941 -0.2997897 0.9061685 0.2983031 -0.3000015 0.9060388 0.2984841 -0.1848918 0.9653884 0.1839572 -0.184796 0.9654225 0.1838747 -0.06163471 0.996213 0.06132715 -0.0616334 0.9962131 0.06132638 -0.06718713 0.9962129 0.05518835 -0.06716352 0.9962155 0.05517119 -0.2015301 0.9653913 0.1655458 -0.2014304 0.9654242 0.1654749 -0.3268188 0.9061496 0.2684817 -0.3272374 0.9059117 0.2687748 -0.4426683 0.8196657 0.3635834 -0.4424932 0.8198137 0.3634629 -0.5471879 0.7060964 0.4494591 -0.5472431 0.7060306 0.4494951 -0.6331446 0.5733001 0.5200528 -0.6327422 0.5739791 0.5197936 -0.7004751 0.4221473 0.5754358 -0.7007107 0.4215667 0.5755746 -0.7464857 0.2584095 0.6131752 -0.7465494 0.2581554 0.6132046 -0.7698348 0.08666861 0.6323313 -0.7697811 0.08715242 0.6323304 -0.8264008 0.08705735 0.5563119 -0.824882 0.1184208 0.5527623 -0.799766 0.08726996 0.5939348 -0.07636761 0.9962178 0.04145216 -0.07642155 0.9962126 0.04147678 -0.229254 0.9653815 0.1244235 -0.2291715 0.9654059 0.1243861 -0.3720846 0.9059624 0.2019534 -0.3718736 0.9060701 0.2018588 -0.5029388 0.8200745 0.2730029 -0.5032832 0.8198125 0.273155 -0.6227247 0.7056788 0.3379815 -0.6226082 0.7058052 0.3379321 -0.7196342 0.5740754 0.3905947 -0.719911 0.5736518 0.3907068 -0.7970294 0.4214688 0.4325602 -0.7967045 0.4222003 0.4324452 -0.848999 0.2585271 0.4608303 -0.8490542 0.2583215 0.4608436 -0.8491935 0.2577283 0.4609192 -0.8861231 0.08720773 0.455171 -0.9328823 0.08734196 0.3494312 -0.9107394 0.1434556 0.387265 -0.8890333 0.2582814 0.3780351 -0.8890157 0.2583451 0.378033 -0.8343519 0.4218794 0.3547881 -0.8342403 0.4221236 0.3547603 -0.7538075 0.573601 0.3205563 -0.753778 0.5736442 0.3205483 -0.6518533 0.7058649 0.2772044 -0.6518778 0.7058391 0.2772121 -0.5269174 0.8198474 0.2240725 -0.5269505 0.8198232 0.224083 -0.3894059 0.9060586 0.1655931 -0.3894124 0.9060555 0.1655951 -0.2400165 0.9653884 0.1020658 -0.239932 0.9654125 0.1020362 -0.07997649 0.9962164 0.03401172 -0.08001804 0.9962125 0.03402608 -0.08284962 0.9962163 0.02625286 -0.08288758 0.9962129 0.02626192 -0.2486257 0.9653912 0.07877397 -0.2485058 0.9654243 0.078745 -0.4034041 0.9060492 0.1278281 -0.4034973 0.9060047 0.12785 -0.5458238 0.8198573 0.1729466 -0.5457147 0.8199349 0.1729233 -0.6752447 0.705877 0.2139679 -0.675301 0.7058192 0.2139809 -0.7808629 0.5736128 0.2474299 -0.7808398 0.5736467 0.2474246 -0.864327 0.4218165 0.2738792 -0.8642061 0.4220784 0.2738574 -0.9209386 0.2582718 0.2918353 -0.9209771 0.2581343 0.2918352 -0.9496479 0.08727002 0.3009203 -0.9496397 0.0873363 0.3009267 -0.08500516 0.9962131 0.01826733 -0.08499705 0.9962137 0.01826626 -0.2548665 0.9654238 0.05477184 -0.25479 0.9654446 0.05476152 -0.4138217 0.9060027 0.08894193 -0.4138978 0.9059669 0.08895242 -0.5596684 0.8199413 0.1202806 -0.5598766 0.8197952 0.1203079 -0.6925548 0.7058478 0.1488181 -0.692299 0.7061051 0.1487877 -0.8008404 0.5736123 0.1721152 -0.8009103 0.5735133 0.17212 -0.8863642 0.4219886 0.1904845 -0.8864973 0.4217062 0.1904905 -0.9445372 0.2581779 0.2029621 -0.9444171 0.2586127 0.2029676 -0.9483583 0.2430559 0.2038146 -0.9773024 0.0870344 0.1931454 -0.9930692 0.08716648 0.07883876 -0.9720844 0.205223 0.1137341 -0.9594267 0.2586497 0.1122531 -0.9594281 0.2586451 0.1122524 -0.9006447 0.4215869 0.1053747 -0.9006302 0.4216179 0.1053739 -0.8134883 0.5737404 0.09517824 -0.813596 0.5735878 0.09517771 -0.703503 0.7059112 0.08229857 -0.7033482 0.7060657 0.08229601 -0.5686206 0.819905 0.06653207 -0.5687491 0.8198155 0.0665372 -0.4205 0.905958 0.04919373 -0.4204928 0.9059613 0.04919302 -0.258937 0.9654191 0.03029274 -0.2588456 0.9654439 0.03028762 -0.0863288 0.9962156 0.01010137 -0.08634632 0.996214 0.01010203 -0.08689659 0.9962157 0.001850962 -0.08691638 0.996214 0.001849949 -0.2606241 0.9654244 0.005547165 -0.2605811 0.9654361 0.005549132 -0.4232606 0.9059631 0.009013473 -0.4234029 0.9058969 0.009004473 -0.5724261 0.819866 0.01217377 -0.5722309 0.8200021 0.01218515 -0.7080937 0.7059575 0.01507824 -0.7082567 0.7057943 0.01506501 -0.818898 0.5736747 0.01741844 -0.8187992 0.5738154 0.01742774 -0.9065418 0.421675 0.01929533 -0.9065883 0.4215755 0.01928818 -0.9657602 0.2586219 0.02054709 -0.9658054 0.2584536 0.02053606 -0.9959771 0.08707082 0.02117764 -0.9959554 0.08731502 0.02119052 -0.08670848 0.9962131 -0.006422519 -0.0867024 0.9962136 -0.006421744 -0.2599375 0.9654335 -0.01925277 -0.2599729 0.965424 -0.01925814 -0.4223452 0.905895 -0.03128629 -0.422073 0.9060233 -0.03124529 -0.5707545 0.8200331 -0.04225188 -0.5710417 0.8198309 -0.04229635 -0.7065057 0.7057701 -0.05233001 -0.7064847 0.7057915 -0.05232477 -0.8167194 0.573856 -0.06048917 -0.816821 0.5737095 -0.06050521 -0.904304 0.4216009 -0.06698548 -0.9042668 0.4216822 -0.06697642 -0.9633888 0.2584389 -0.0713554 -0.963356 0.2585639 -0.0713455 -0.9760113 0.2053709 -0.07228273 -0.9926591 0.08715301 -0.0838595 -0.9762936 0.08742618 -0.1980092 -0.9562118 0.2428933 -0.1632849 -0.9522827 0.2582915 -0.1626139 -0.9521983 0.2586265 -0.1625754 -0.8937287 0.4218586 -0.1525924 -0.8938446 0.4215996 -0.1526293 -0.8073436 0.573752 -0.1378588 -0.8073505 0.5737422 -0.1378591 -0.6981668 0.7059397 -0.1192154 -0.6983176 0.705784 -0.1192543 -0.5644976 0.8197861 -0.09640139 -0.5644274 0.8198365 -0.09638357 -0.4172643 0.9059876 -0.07125347 -0.4172125 0.9060124 -0.07124125 -0.2569781 0.9654206 -0.0438801 -0.2569549 0.9654269 -0.04387474 -0.08567911 0.9962154 -0.01462954 -0.08570456 0.9962131 -0.01463544 -0.08390164 0.9962154 -0.02270871 -0.08391886 0.9962137 -0.02271491 -0.2516529 0.9654175 -0.06811612 -0.2515486 0.9654474 -0.06808 -0.4086039 0.9059877 -0.1105859 -0.4087353 0.9059227 -0.1106331 -0.5527642 0.8197967 -0.1496171 -0.5525439 0.8199595 -0.149538 -0.6836766 0.7059401 -0.1850271 -0.6836836 0.7059319 -0.1850324 -0.7905945 0.5737409 -0.2139668 -0.7907284 0.573536 -0.2140212 -0.875178 0.4218438 -0.2368786 -0.8751447 0.4219214 -0.2368629 -0.9325351 0.2582145 -0.2523959 -0.9324975 0.2583705 -0.252375 -0.9615789 0.08739829 -0.2602455 -0.961592 0.08720171 -0.2602627 -0.9324942 0.08720749 -0.350499 -0.9243149 0.1479842 -0.3517711 -0.9467572 0.08729255 -0.3098886 -0.8838317 0.08726865 -0.4595931 -0.8680535 0.2576584 -0.4243766 -0.867857 0.2584766 -0.4242808 -0.8678732 0.2583994 -0.4242947 -0.814417 0.4221291 -0.3981608 -0.8144941 0.4219276 -0.3982165 -0.7358349 0.5736904 -0.359759 -0.7357681 0.573803 -0.3597157 -0.6363397 0.7058932 -0.3111053 -0.6363564 0.7058739 -0.3111152 -0.5143449 0.8198875 -0.2514635 -0.5145641 0.8197099 -0.2515943 -0.3804636 0.9058927 -0.1860264 -0.3802174 0.9060259 -0.1858816 -0.2341801 0.9654287 -0.1144868 -0.2341347 0.9654428 -0.1144608 -0.078067 0.9962174 -0.0381639 -0.07814496 0.9962096 -0.03820925 -0.8247408 0.08736598 -0.5587217 -0.846725 0.116647 -0.519086 -0.8235895 0.2584059 -0.504903 -0.8235729 0.2584877 -0.5048881 -0.7731864 0.4213173 -0.4739986 -0.772868 0.4222061 -0.4737269 -0.6981715 0.5739532 -0.4279419 -0.6983287 0.5736705 -0.4280645 -0.6038226 0.7059741 -0.3701337 -0.6038983 0.7058803 -0.370189 -0.4881795 0.8198342 -0.2992537 -0.4880946 0.8199076 -0.2991911 -0.3609998 0.9059317 -0.2212848 -0.3610875 0.9058812 -0.2213481 -0.2221494 0.965456 -0.1361786 -0.2222333 0.9654282 -0.1362383 -0.07412761 0.9962129 -0.04544329 -0.07408112 0.9962179 -0.04541009 -0.06947427 0.9962127 -0.0522843 -0.06940996 0.9962201 -0.05222928 -0.2082121 0.9654541 -0.1566724 -0.2084004 0.9653869 -0.1568362 -0.3383132 0.9059363 -0.2546048 -0.3382757 0.9059596 -0.2545716 -0.4575246 0.8198293 -0.3443129 -0.4573789 0.8199646 -0.3441841 -0.5659232 0.7059535 -0.4258646 -0.5660869 0.7057313 -0.4260153 -0.6542779 0.5740019 -0.4923842 -0.6543505 0.5738612 -0.4924519 -0.7246525 0.4212615 -0.5453599 -0.7243417 0.4222143 -0.545036 -0.7719098 0.2584443 -0.5808287 -0.7719543 0.2581931 -0.5808812 -0.7959984 0.08726572 -0.5989752 -0.7960146 0.08672493 -0.5990322 -0.06412506 0.9962207 -0.05858778 -0.06418544 0.996213 -0.05865138 -0.1925476 0.9653852 -0.1759458 -0.1924544 0.9654217 -0.1758477 -0.3125523 0.9059547 -0.2855821 -0.3124114 0.9060503 -0.2854329 -0.4225731 0.819984 -0.3860806 -0.4225833 0.8199735 -0.3860918 -0.5230619 0.7057078 -0.4778943 -0.5232418 0.7054394 -0.4780935 -0.6045555 0.5739139 -0.5523908 -0.6044021 0.574247 -0.5522125 -0.6692221 0.4222423 -0.6114354 -0.6693714 0.4217387 -0.6116195 -0.7131958 0.2582388 -0.6516628 -0.7131835 0.2583299 -0.6516402 -0.7147111 0.2504651 -0.6530355 -0.722786 0.08727574 -0.6855388 -0.6384039 0.08722168 -0.7647437 -0.6587922 0.1881351 -0.7284216 -0.6479948 0.2583728 -0.7164819 -0.647997 0.2583526 -0.7164871 -0.6081898 0.4217663 -0.6724719 -0.6081924 0.4217569 -0.6724755 -0.5496019 0.5732784 -0.6076922 -0.5491885 0.5742892 -0.6071113 -0.4751917 0.7058632 -0.5253096 -0.4754647 0.7054048 -0.5256782 -0.3839871 0.8199517 -0.4245387 -0.3839583 0.8199843 -0.424502 -0.2840182 0.9059425 -0.3140094 -0.2838709 0.9060547 -0.3138188 -0.1748123 0.9654498 -0.193255 -0.174871 0.9654242 -0.1933296 -0.05830723 0.9962154 -0.0644617 -0.05832523 0.9962128 -0.06448465 -0.05190902 0.9962157 -0.06971162 -0.05192965 0.9962124 -0.06974416 -0.1556304 0.9654481 -0.2090197 -0.1555208 0.9655031 -0.2088472 -0.2528733 0.9059464 -0.3395825 -0.2530298 0.9058104 -0.3398288 -0.3418699 0.8199459 -0.4591446 -0.3417309 0.8201286 -0.4589218 -0.4230589 0.70586 -0.5681399 -0.4232546 0.7054829 -0.5684624 -0.4893324 0.5732612 -0.6572104 -0.4890897 0.5739501 -0.6567897 -0.5415444 0.4217416 -0.7272301 -0.5416091 0.4214473 -0.7273527 -0.5769554 0.2584086 -0.7748209 -0.5768723 0.2592052 -0.7746167 -0.5950148 0.08712047 -0.7989791 -0.5950136 0.08652329 -0.7990449 -0.04506891 0.9962126 -0.07436019 -0.0450688 0.9962126 -0.0743609 -0.1349582 0.9655069 -0.2226723 -0.1351094 0.9654178 -0.2229663 -0.2195788 0.9058021 -0.3623642 -0.2193344 0.9060544 -0.361881 -0.2965562 0.8201518 -0.4892908 -0.2967556 0.8198412 -0.4896903 -0.3673298 0.7054448 -0.6061489 -0.3670673 0.7060498 -0.6056032 -0.4244568 0.5739625 -0.7002882 -0.4244942 0.573836 -0.7003692 -0.4700513 0.4214255 -0.7755336 -0.4700239 0.4215778 -0.7754674 -0.5006144 0.2592554 -0.8259371 -0.5007262 0.2578584 -0.8263064 -0.5055566 0.2199849 -0.8342776 -0.5057136 0.08749514 -0.8582531 -0.403167 0.08831912 -0.9108547 -0.4226621 0.2335242 -0.8756844 -0.4199438 0.2581812 -0.8700516 -0.4199618 0.257851 -0.8701408 -0.3942384 0.4211224 -0.8168427 -0.3941791 0.4215627 -0.8166443 -0.3560066 0.5738157 -0.7375601 -0.3560032 0.5738297 -0.7375509 -0.3077941 0.7061416 -0.6376731 -0.3078199 0.7060643 -0.6377462 -0.2489315 0.8197848 -0.5157384 -0.2489033 0.8198392 -0.5156655 -0.1839236 0.9060783 -0.3810436 -0.18394 0.9060575 -0.3810852 -0.1133933 0.9653763 -0.234927 -0.1133368 0.9654174 -0.2347851 -0.03776836 0.9962189 -0.07823973 -0.0377959 0.9962125 -0.07830893 -0.03015351 0.996219 -0.08147728 -0.03014045 0.9962231 -0.08143281 -0.09055268 0.9653727 -0.2446546 -0.09053897 0.9653858 -0.2446076 -0.1468647 0.9060884 -0.3967804 -0.1469046 0.906021 -0.3969194 -0.1987788 0.8197769 -0.5370782 -0.1988353 0.8196308 -0.5372803 -0.2457473 0.706155 -0.6640433 -0.2456881 0.7063835 -0.6638221 -0.2842687 0.5738239 -0.7680609 -0.284343 0.5733761 -0.7683677 -0.3147937 0.4210694 -0.85065 -0.3147009 0.4220563 -0.8501952 -0.3353623 0.2582149 -0.9060118 -0.3353599 0.258311 -0.9059852 -0.3457857 0.08824104 -0.9341552 -0.3457355 0.08665204 -0.9343224 -0.2553302 0.08749318 -0.9628871 -0.2463995 0.1775888 -0.9527589 -0.294925 0.08676093 -0.9515734 -0.1361198 0.08761024 -0.9868111 -0.1578889 0.2563291 -0.9536072 -0.1578312 0.2576801 -0.9532525 -0.1578267 0.2575473 -0.9532892 -0.1480714 0.4221145 -0.8943682 -0.1480758 0.4217002 -0.8945628 -0.133731 0.5739264 -0.8079137 -0.1337193 0.5742727 -0.8076696 -0.115746 0.7055835 -0.69911 -0.1157505 0.705518 -0.6991754 -0.09350758 0.8198992 -0.5648202 -0.09350413 0.8199285 -0.5647781 -0.06911528 0.9060612 -0.417464 -0.06911194 0.9060754 -0.4174336 -0.04257601 0.9654308 -0.2571589 -0.04258543 0.9654048 -0.2572551 -0.0142073 0.9962089 -0.08582592 -0.01420629 0.9962099 -0.08581513 -0.005987823 0.996209 -0.08678632 -0.005987823 0.9962127 -0.08674383 -0.01795041 0.9654301 -0.2600434 -0.01795005 0.9653809 -0.2602263 -0.02911895 0.9060605 -0.4221453 -0.02911818 0.9060001 -0.4222748 -0.03938424 0.8198981 -0.5711532 -0.03938573 0.819977 -0.57104 -0.04875904 0.7055913 -0.7069395 -0.04877173 0.7060732 -0.7064574 -0.05640012 0.5739375 -0.8169546 -0.05637955 0.5733209 -0.8173888 -0.06238126 0.4220979 -0.9044015 -0.06238126 0.4220975 -0.9044017 -0.06648755 0.2576999 -0.9639348 -0.06654036 0.2587552 -0.9636484 -0.06862324 0.08750724 -0.9937976 -0.06858694 0.0869078 -0.9938526 0.02767717 0.08665925 -0.9958536 0.02769398 0.08690035 -0.995832 0.09885877 0.08697962 -0.9912929 0.1253054 -0.08150649 -0.9887646 0.1471304 0.08663749 -0.9853155 0.221422 0.08656001 -0.9713288 0.2178419 0.02472823 -0.9756708 0.2647777 0.08706611 -0.960371 0.3155704 0.08694124 -0.944911 0.315573 0.08694535 -0.9449096 0.3781467 0.08702522 -0.9216463 0.4072415 -0.0708248 -0.9105703 0.4228258 0.08630889 -0.9020915 0.49389 0.08626073 -0.8652351 0.4876835 -0.03706771 -0.8722333 0.5280597 0.08654987 -0.8447852 0.5763217 0.08646351 -0.8126361 0.5763251 0.08688127 -0.8125891 0.6259547 0.08696037 -0.7749959 0.6548458 -0.04805344 -0.7542334 0.6631007 0.08703696 -0.7434528 0.7145223 0.08704084 -0.6941771 0.7256688 -0.04882657 -0.6863095 0.7477341 0.08635407 -0.6583591 0.7874088 0.08628249 -0.6103628 0.7874066 0.08640289 -0.6103485 0.8213841 0.08655083 -0.5637707 0.8464832 -0.01525384 -0.5321968 0.8481006 0.08708465 -0.5226296 0.8832234 0.08704227 -0.4608041 0.8924498 -0.07086163 -0.4455469 0.9047565 0.08707875 -0.4169328 0.9306111 0.08698564 -0.3555228 0.9305962 0.08725637 -0.3554957 0.9482827 0.08739459 -0.3051596 0.9641863 0.0310027 -0.2634081 0.9621586 0.08684384 -0.2582811 0.9781411 0.08681529 -0.1889528 0.9824959 -0.08218252 -0.1671767 0.9862082 0.08710068 -0.1407371 0.9937446 0.08698177 -0.07004344 0.9937359 0.08708781 -0.07003509 0.9958234 0.08699744 0.02770072 0.9958325 0.08689481 0.02769541 0.9913066 0.08700352 0.09870028 0.988737 -0.08196789 0.1252223 0.9852407 0.08737087 0.1471977 0.9712547 0.08730375 0.2214553 0.9756722 0.0247125 0.2178373 0.9603154 0.08726304 0.2649146 0.9448922 0.08716046 0.3155657 0.9448919 0.08716338 0.315566 0.9216694 0.08728396 0.3780306 0.9105834 -0.07091152 0.4071972 0.902027 0.08693331 0.4228355 0.8651889 0.08687353 0.4938636 0.8722538 -0.03679198 0.4876675 0.8445901 0.08750921 0.5282136 0.8125506 0.08743315 0.5762962 0.8126354 0.0866872 0.5762892 0.7749748 0.08673691 0.6260119 0.7542302 -0.04806804 0.6548485 0.7434499 0.08703678 0.6631041 0.6941425 0.08702045 0.7145584 0.6863247 -0.04833191 0.7256877 0.6583332 0.08680522 0.7477047 0.610372 0.08669137 0.7873568 0.6103567 0.08683204 0.7873531 0.5637515 0.08693838 0.8213562 0.5321397 -0.01506817 0.8465225 0.5226293 0.08671098 0.8481391 0.4607851 0.08673447 0.8832634 0.4455999 -0.07045763 0.8924554 0.4170469 0.0870676 0.904705 0.3554835 0.08698219 0.9306265 0.3555086 0.08673071 0.9306403 0.3045854 0.08683174 0.9485188 0.263402 0.03123009 0.9641806 0.07003754 0.08668363 0.993771 0.06999176 0.08726942 0.9937229 0.140788 0.08735835 0.9861781 0.1672316 -0.08195996 0.982505 0.1888878 0.08601582 0.9782243 0.2583758 0.08598345 0.9622104 0.06786668 0.258739 0.9635603 0.06795477 0.2577857 0.9638096 0.1621271 0.2577887 0.9525019 0.1619694 0.2591038 0.9521719 0.2545329 0.2590689 0.9317169 0.2545571 0.2588812 0.9317625 0.3446717 0.2588791 0.9023209 0.3447738 0.2582629 0.9024586 0.4315524 0.2582924 0.8643191 0.431554 0.2582795 0.8643223 0.5141437 0.2582783 0.8178929 0.5142014 0.257991 0.8179472 0.5919306 0.2580392 0.7635666 0.5917339 0.2589169 0.7634221 0.6637108 0.2588362 0.7017776 0.6640433 0.2574365 0.701978 0.7296388 0.2574998 0.6334992 0.7294611 0.2582159 0.6334123 0.788013 0.2582135 0.5588932 0.788119 0.2578073 0.5589311 0.8391098 0.2578292 0.4789769 0.8391519 0.257671 0.4789884 0.8820408 0.2577331 0.3944334 0.8819277 0.2581467 0.3944159 0.916352 0.2581509 0.3060345 0.9162404 0.2585549 0.3060279 0.9418336 0.2585219 0.2147468 0.941869 0.2583942 0.2147451 0.9583779 0.2584175 0.1213772 0.9583877 0.2583812 0.1213758 0.9656651 0.2583979 0.02686184 0.9656604 0.2584154 0.0268616 0.9636462 0.2584041 -0.06792181 0.9636374 0.2584375 -0.06791961 0.9523411 0.2584334 -0.1620456 0.9523788 0.2582839 -0.1620624 0.9319413 0.2581953 -0.254599 0.9319735 0.2580623 -0.2546162 0.9025152 0.2580445 -0.3447887 0.9023485 0.2587934 -0.3446639 0.8641983 0.2588776 -0.4314437 0.8643814 0.2579919 -0.4316076 0.8179397 0.2579115 -0.5142533 0.8178198 0.2585539 -0.5141213 0.7634859 0.2585346 -0.5918186 0.7635099 0.2583889 -0.5918512 0.7018685 0.2583648 -0.6637983 0.7019302 0.2579321 -0.6639015 0.6334237 0.2579042 -0.7295615 0.6332476 0.2593801 -0.729191 0.5586866 0.2593985 -0.7877702 0.5587506 0.2587167 -0.7879489 0.4788601 0.2587172 -0.8389031 0.4788577 0.2587308 -0.8389003 0.3943657 0.2587259 -0.8817804 0.3943898 0.2581427 -0.8819406 0.3060353 0.2581403 -0.9163548 0.306029 0.2585422 -0.9162436 0.2147004 0.2585266 -0.9418429 0.2147017 0.2585388 -0.9418391 0.1214488 0.2585012 -0.9583461 0.1214323 0.2580965 -0.9584574 0.02683937 0.258087 -0.9657488 0.02688431 0.2587301 -0.9655755 0.0637272 0.4231446 0.9038183 0.06371301 0.4232563 0.903767 0.1519358 0.4232563 0.8931795 0.1521165 0.4220944 0.8936985 0.2389117 0.4221199 0.8744919 0.2389737 0.4218071 0.8746259 0.323578 0.4218121 0.8469782 0.3234236 0.4224571 0.8467156 0.4048914 0.4224556 0.8109219 0.4047904 0.4228217 0.8107815 0.4822993 0.4228391 0.7671992 0.4823846 0.4225678 0.767295 0.5552362 0.4225872 0.716333 0.5551666 0.422784 0.7162707 0.6227587 0.4228079 0.6583351 0.6227288 0.422886 0.6583132 0.6842385 0.4228587 0.5941449 0.6840971 0.4232094 0.5940581 0.7390695 0.4231417 0.5241445 0.7392562 0.4227051 0.5242334 0.7870631 0.42273 0.4492561 0.7868489 0.4232125 0.4491771 0.827102 0.4231762 0.3698976 0.8273514 0.4226328 0.3699611 0.859603 0.4226701 0.2871113 0.8596478 0.4225754 0.2871165 0.8836278 0.4226267 0.2014661 0.8835694 0.4227502 0.2014632 0.8990852 0.4227065 0.1138653 0.898982 0.4229245 0.1138705 0.9058054 0.4229443 0.02519667 0.9058355 0.4228802 0.02519232 0.9039649 0.4228334 -0.06371372 0.9040386 0.4226732 -0.06373113 0.8934308 0.4226912 -0.1520318 0.8932492 0.4230975 -0.1519686 0.8740144 0.4231811 -0.2387817 0.8741837 0.4227874 -0.2388593 0.8465565 0.4228286 -0.3233544 0.8467457 0.4223644 -0.3234658 0.8109665 0.4223263 -0.4049367 0.8106798 0.4230768 -0.4047275 0.7671028 0.4230839 -0.4822379 0.7672013 0.422804 -0.4823269 0.7162309 0.422806 -0.5552013 0.7161259 0.4231313 -0.5550889 0.6582475 0.4231972 -0.6225869 0.6583399 0.4228755 -0.6227079 0.594172 0.4228909 -0.6841951 0.5942885 0.42242 -0.6843849 0.5243023 0.4224219 -0.7393693 0.5243411 0.4222339 -0.7394492 0.4493822 0.4222301 -0.7872595 0.4492843 0.4228207 -0.7869983 0.3699436 0.4227966 -0.8272756 0.3699678 0.4226033 -0.8273634 0.2871223 0.4225959 -0.8596357 0.2871494 0.4222124 -0.8598151 0.2014781 0.4221861 -0.8838356 0.2014663 0.4226245 -0.8836289 0.1139143 0.4226281 -0.8991157 0.1139214 0.4229277 -0.898974 0.02521961 0.4229513 -0.9058014 0.02515673 0.4220144 -0.9062402 0.0576843 0.571961 0.8182502 0.05770862 0.571792 0.8183665 0.1376597 0.5717925 0.8087666 0.1375164 0.5725013 0.8082893 0.2161006 0.5725044 0.7909104 0.2159407 0.5730997 0.7905229 0.2924148 0.5731046 0.7655355 0.292637 0.5724322 0.7659536 0.366259 0.5724291 0.733607 0.3663091 0.5723018 0.7336815 0.4364665 0.5722834 0.6942542 0.4363304 0.5725883 0.6940882 0.5022644 0.572544 0.6480153 0.5023354 0.5724025 0.6480854 0.5634849 0.5724032 0.595684 0.5632382 0.5728567 0.5954813 0.6188939 0.5728282 0.5374367 0.6191742 0.5723482 0.5376253 0.6689009 0.5723385 0.4743418 0.6685122 0.5729652 0.4741332 0.7118002 0.5729155 0.4063352 0.7122319 0.5722504 0.406516 0.7486135 0.5722922 0.334753 0.7483834 0.5726345 0.3346822 0.7776015 0.5726121 0.259714 0.7775697 0.572658 0.2597081 0.7993111 0.5726137 0.1822512 0.7995459 0.5722782 0.1822747 0.8135302 0.5723199 0.1030464 0.8136614 0.5721332 0.1030477 0.8198728 0.5720916 0.02280163 0.8196458 0.572416 0.0228247 0.8179135 0.5724447 -0.05765968 0.817865 0.572515 -0.05765056 0.8082705 0.572529 -0.137511 0.8084943 0.5721965 -0.1375792 0.7911493 0.5721474 -0.2161713 0.7910554 0.572292 -0.2161328 0.7660633 0.5722816 -0.2926445 0.7659189 0.5725142 -0.2925679 0.7335426 0.572539 -0.3662163 0.7336764 0.5723103 -0.3663059 0.694222 0.5723381 -0.436446 0.6940635 0.5726299 -0.4363151 0.6479355 0.5726621 -0.5022329 0.6482117 0.5721106 -0.502505 0.5958685 0.572079 -0.563619 0.5956005 0.5726801 -0.5632917 0.5374903 0.5726881 -0.618977 0.5376263 0.5723439 -0.6191773 0.4743222 0.5723456 -0.6689088 0.4740799 0.5730712 -0.6684592 0.4062907 0.5730887 -0.7116862 0.4065697 0.5720572 -0.7123566 0.3348148 0.5720749 -0.7487519 0.3346759 0.5727496 -0.7482981 0.2596631 0.5727553 -0.777513 0.2596359 0.5729565 -0.7773739 0.1821867 0.5729743 -0.7990673 0.1821833 0.5730212 -0.7990344 0.103029 0.573042 -0.813024 0.1030291 0.5720763 -0.8137037 0.02276128 0.5720683 -0.8198902 0.02281677 0.5728967 -0.8193099 0.04971379 0.7074605 0.7050023 0.04965549 0.7078031 0.7046625 0.118481 0.7078031 0.6964029 0.118611 0.7073167 0.6968749 0.186273 0.7073167 0.6819131 0.1862792 0.7072979 0.681931 0.2523018 0.7072794 0.6603785 0.2520771 0.7077757 0.6599324 0.3155721 0.7077517 0.6320617 0.3158355 0.7072622 0.6324777 0.3762469 0.7072648 0.5985105 0.3760969 0.7075094 0.5983157 0.432946 0.7075054 0.5585643 0.4332384 0.7070834 0.5588718 0.4859078 0.7070934 0.5137242 0.4858874 0.7071205 0.5137063 0.5339 0.7071366 0.4635825 0.5337386 0.7073335 0.463468 0.5765882 0.7073308 0.4089367 0.5768743 0.7070033 0.4090996 0.6141946 0.7070168 0.3505601 0.6138952 0.7073429 0.3504263 0.645314 0.7073088 0.2885897 0.6455098 0.707104 0.2886539 0.6706901 0.7071028 0.2240102 0.6706482 0.7071459 0.2239996 0.6893701 0.7071565 0.1571578 0.6891582 0.7073691 0.1571308 0.7012482 0.7073639 0.08881086 0.7012181 0.7073938 0.0888102 0.7065562 0.7073835 0.01967549 0.7068337 0.7071067 0.0196557 0.705337 0.7071264 -0.04971855 0.705199 0.7072657 -0.04969447 0.6969425 0.7072526 -0.1185966 0.6968796 0.7073173 -0.1185797 0.6818986 0.7073213 -0.1863089 0.6818313 0.7073932 -0.1862825 0.6602792 0.7074033 -0.2522144 0.6602387 0.7074481 -0.2521945 0.6323393 0.7074415 -0.3157113 0.6325014 0.7072516 -0.3158117 0.5985371 0.7072334 -0.3762636 0.5987008 0.7070273 -0.3763906 0.5589277 0.7070075 -0.4332901 0.5585165 0.7075702 -0.4329017 0.5133888 0.707589 -0.4855409 0.5137697 0.7070094 -0.4859821 0.4636785 0.7069879 -0.5340133 0.4635447 0.7072185 -0.5338243 0.4089893 0.7072246 -0.5766813 0.4091428 0.7069167 -0.5769498 0.3506124 0.7068887 -0.6143122 0.3504973 0.7071698 -0.6140542 0.2886722 0.7071615 -0.6454387 0.2887204 0.7070091 -0.6455841 0.2240383 0.7069969 -0.6707924 0.2239933 0.7071992 -0.670594 0.1571694 0.7071963 -0.6893266 0.1571742 0.7071577 -0.6893652 0.08881598 0.7071664 -0.7014467 0.08881914 0.7070474 -0.7015663 0.01968634 0.7070298 -0.7069097 0.01966679 0.7067607 -0.7071793 0.04037034 0.8186328 0.5728967 0.04046911 0.8181877 0.5735251 0.09647268 0.8181813 0.5668089 0.09636563 0.8184812 0.5663942 0.1513957 0.8184818 0.5542265 0.1513597 0.8185526 0.5541318 0.2049711 0.8185582 0.5366093 0.2050976 0.8183556 0.5368699 0.2567459 0.818372 0.5141488 0.2566012 0.8185663 0.5139116 0.3056993 0.8185576 0.4863246 0.3058721 0.8183572 0.486553 0.3521089 0.8183574 0.4542143 0.3520137 0.8184545 0.4541131 0.3948218 0.8184565 0.4174263 0.3946448 0.8186219 0.4172691 0.4336717 0.8186083 0.3765759 0.4338521 0.8184524 0.376707 0.4686671 0.8184661 0.3323621 0.4684966 0.8186044 0.332262 0.4988346 0.8185862 0.2847468 0.4991512 0.8183423 0.284893 0.5246393 0.8183609 0.2346041 0.5244914 0.8184707 0.2345521 0.5449348 0.8184853 0.182011 0.544965 0.8184634 0.182019 0.5601936 0.8184554 0.1277264 0.5600391 0.8185647 0.1277043 0.5698763 0.8185547 0.07217556 0.5700193 0.8184546 0.07218122 0.5743482 0.8184554 0.01597154 0.5740831 0.818641 0.01598769 0.5729112 0.8186225 -0.04037231 0.5730593 0.8185177 -0.04039603 0.5663924 0.818481 -0.09637641 0.5664156 0.8184643 -0.09638303 0.5542676 0.8184475 -0.1514308 0.5540832 0.8185847 -0.1513637 0.5365594 0.8185957 -0.2049521 0.5368365 0.8183802 -0.2050865 0.5141514 0.8183786 -0.2567191 0.5139248 0.8185647 -0.2565798 0.4862756 0.818582 -0.3057114 0.486316 0.8185471 -0.3057407 0.4540268 0.818546 -0.3519122 0.4542706 0.8183144 -0.3521363 0.4175799 0.818295 -0.3949941 0.4174243 0.8184582 -0.3948203 0.3767259 0.8184489 -0.4338423 0.3765994 0.8185999 -0.433667 0.3322463 0.8185992 -0.4685167 0.3323391 0.8184726 -0.4686718 0.2848164 0.8184716 -0.498983 0.2846695 0.8187136 -0.4986696 0.2344187 0.8187192 -0.524163 0.2345134 0.8185169 -0.5244364 0.1820033 0.8185195 -0.5448858 0.1820346 0.8184306 -0.545009 0.1277297 0.8184318 -0.5602273 0.1277062 0.8185625 -0.5600417 0.07214689 0.8185566 -0.5698771 0.07215273 0.8184573 -0.5700191 0.01597279 0.8184528 -0.5743517 0.01598793 0.818641 -0.5740833 0.02983278 0.9057415 0.4227797 0.02971833 0.9061025 0.4220132 0.07095968 0.9060986 0.4170733 0.07100176 0.906019 0.4172391 0.1115204 0.9060193 0.4082795 0.1115687 0.9059537 0.4084119 0.1510885 0.9059556 0.3954955 0.1511883 0.9058473 0.3957056 0.1892348 0.9058449 0.3789926 0.1890907 0.9059754 0.3787524 0.2252994 0.9059802 0.3583856 0.2253588 0.9059339 0.3584653 0.2593997 0.9059418 0.334636 0.2591837 0.9060913 0.3343985 0.2907301 0.9060812 0.3073973 0.2910938 0.9058524 0.3077269 0.3198234 0.9058684 0.277697 0.3196069 0.9059935 0.2775377 0.3452724 0.9059939 0.2448713 0.3453276 0.905964 0.2449048 0.3676815 0.9059641 0.2098558 0.3676327 0.9059893 0.2098323 0.3864316 0.9059839 0.1728119 0.3864057 0.9059966 0.1728032 0.4014883 0.905994 0.1340975 0.4015448 0.9059669 0.1341113 0.4127243 0.9059811 0.09411251 0.4129232 0.9058874 0.09414166 0.4201313 0.9059026 0.05320101 0.4198595 0.9060294 0.05318826 0.4230058 0.9060504 0.01178032 0.4232784 0.9059233 0.01176697 0.4223777 0.9059308 -0.02977424 0.4222756 0.905979 -0.02975904 0.4173344 0.9059741 -0.07101476 0.4172194 0.9060293 -0.07098627 0.408243 0.9060356 -0.111523 0.4084078 0.905954 -0.1115823 0.3954966 0.9059548 -0.151091 0.3954769 0.9059649 -0.151082 0.3787896 0.9059553 -0.1891123 0.3788054 0.9059466 -0.1891226 0.3584394 0.9059472 -0.2253463 0.3584566 0.9059371 -0.2253596 0.3346387 0.9059402 -0.2594018 0.3345513 0.905995 -0.2593231 0.3075285 0.90599 -0.2908753 0.3074108 0.9060716 -0.2907453 0.2774065 0.9060913 -0.3194436 0.2775219 0.9060015 -0.3195984 0.2448316 0.9060066 -0.3452673 0.2447652 0.9060671 -0.345156 0.2097697 0.9060729 -0.3674623 0.2098774 0.9059552 -0.3676911 0.1728262 0.9059574 -0.3864873 0.1728166 0.9059706 -0.3864606 0.1341113 0.9059743 -0.401528 0.1341265 0.9059448 -0.4015896 0.09412842 0.9059475 -0.4127942 0.09413403 0.9059279 -0.4128358 0.05317425 0.9059255 -0.4200853 0.05314874 0.9061719 -0.4195565 0.01177322 0.9061797 -0.4227291 0.01175302 0.9059869 -0.4231429 0.01811671 0.9661713 0.2572644 0.01812714 0.9661514 0.2573383 0.04327595 0.9661543 0.2543092 0.04333561 0.9660878 0.2545518 0.06804555 0.9660869 0.2490903 0.06805747 0.9660772 0.2491247 0.09217005 0.9660793 0.2412378 0.0920096 0.9661804 0.2408938 0.1151847 0.966179 0.230718 0.1153316 0.9661024 0.2309651 0.137403 0.9661014 0.2185602 0.137377 0.9661134 0.2185237 0.1581239 0.966114 0.2040113 0.1581869 0.966089 0.2040812 0.1774261 0.9660952 0.1875636 0.1774067 0.9661021 0.1875464 0.1949225 0.9661027 0.1692655 0.1948775 0.9661178 0.1692317 0.2105287 0.9661189 0.1493057 0.2106481 0.9660816 0.1493784 0.2242522 0.9660891 0.1279957 0.2241427 0.9661215 0.1279432 0.2356022 0.9661213 0.1053624 0.2354568 0.9661625 0.1053095 0.2446727 0.9661561 0.08171784 0.2448217 0.9661151 0.08175635 0.2516469 0.9661171 0.05737274 0.2515861 0.9661335 0.05736297 0.2560271 0.9661254 0.0324338 0.2560655 0.9661151 0.03243577 0.258016 0.9661141 0.007172703 0.2579621 0.9661285 0.00717467 0.2574513 0.966121 -0.01814335 0.2574131 0.9661313 -0.01813787 0.254366 0.9661393 -0.04327815 0.2543719 0.9661376 -0.04327964 0.2489028 0.9661382 -0.06800335 0.2489814 0.9661161 -0.06803089 0.2411179 0.9661146 -0.09211307 0.2410594 0.9661318 -0.09208518 0.2308545 0.9661378 -0.1152561 0.230866 0.9661341 -0.1152635 0.2184567 0.9661334 -0.1373424 0.2183454 0.9661703 -0.1372607 0.2038253 0.9661749 -0.1579924 0.2039631 0.9661256 -0.1581158 0.1874869 0.9661291 -0.1773222 0.1876307 0.9660723 -0.1774799 0.1693546 0.9660651 -0.1950318 0.1692408 0.9661157 -0.1948795 0.1493123 0.9661127 -0.210552 0.1493668 0.9660845 -0.2106427 0.1280114 0.9660838 -0.2242664 0.1279312 0.966133 -0.2240997 0.1053416 0.9661319 -0.2355682 0.1052997 0.9661645 -0.2354535 0.08170831 0.9661641 -0.2446441 0.08174586 0.9661236 -0.2447914 0.05737584 0.9661222 -0.2516267 0.05737829 0.9661176 -0.2516441 0.0324372 0.9661167 -0.2560594 0.03244686 0.9660684 -0.2562406 0.007171213 0.9660677 -0.2581897 0.007188558 0.9661722 -0.2577975 0.006110012 0.9962124 0.08673959 0.006112098 0.9962111 0.08675462 0.01459634 0.9962108 0.08573967 0.0145753 0.9962186 0.08565211 0.02289688 0.9962183 0.08381468 0.02291846 0.9962127 0.08387637 0.03102433 0.9962129 0.08122515 0.03103274 0.9962111 0.08124464 0.03885316 0.9962109 0.07780921 0.03883469 0.9962142 0.07777637 0.04626691 0.9962144 0.07359653 0.04626125 0.9962152 0.07358896 0.05325049 0.9962152 0.06869995 0.05328667 0.9962105 0.06874066 0.05977064 0.9962103 0.06318682 0.05969095 0.9962198 0.06311333 0.06559509 0.9962192 0.0569632 0.06567835 0.9962101 0.05702525 0.07094794 0.9962103 0.05031239 0.07088273 0.9962171 0.05027234 0.07547318 0.9962168 0.04308056 0.07547974 0.9962162 0.0430839 0.07933658 0.9962162 0.03548347 0.07940292 0.99621 0.03550845 0.08249992 0.9962102 0.02754992 0.08247709 0.9962123 0.02754414 0.08478122 0.9962121 0.01933085 0.08477789 0.9962124 0.0193302 0.08625423 0.9962133 0.01092576 0.0862683 0.9962121 0.0109266 0.08692705 0.9962118 0.002417683 0.08689415 0.9962146 0.002419054 0.086703 0.9962156 -0.006109178 0.08675771 0.9962106 -0.006116986 0.08574986 0.9962099 -0.01458972 0.08575177 0.9962098 -0.01459008 0.08391314 0.9962093 -0.02292829 0.0838769 0.9962127 -0.02291542 0.0812242 0.9962128 -0.03102803 0.0812174 0.9962135 -0.03102439 0.07778543 0.9962135 -0.03883528 0.07776767 0.9962152 -0.03882509 0.07358366 0.9962157 -0.04625737 0.07364779 0.9962089 -0.0463047 0.06876081 0.9962081 -0.05330419 0.06871199 0.9962139 -0.05326151 0.06315821 0.9962139 -0.05974167 0.06312835 0.9962177 -0.05970919 0.05697298 0.996218 -0.06560385 0.05703032 0.9962098 -0.06567955 0.05031436 0.9962098 -0.0709545 0.05027538 0.9962164 -0.07089132 0.04308611 0.9962164 -0.07547563 0.04311728 0.9962102 -0.07553935 0.03550958 0.9962101 -0.07940143 0.03552877 0.9962053 -0.07945281 0.02756875 0.9962051 -0.08255589 0.02754116 0.9962148 -0.08244842 0.0193246 0.9962148 -0.08475172 0.01933485 0.9962089 -0.0848174 0.01092833 0.996209 -0.08630353 0.01092654 0.9962118 -0.0862711 0.002423942 0.9962116 -0.08692878 0.00242418 0.9962121 -0.0869224 0 1 8.63215e-6 0 1 0 0 1 -7.80881e-7 0 1 -7.24956e-7 0 1 2.62426e-6 0 1 -1.51424e-6 0 1 1.78672e-6 0 1 -2.16412e-6 0 1 8.80508e-7 0 1 1.7805e-6 0 1 -5.79455e-6 0 1 1.8993e-6 0 1 -8.78249e-7 0 1 1.49573e-6 0 1 -9.74948e-7 0 1 -4.11351e-7 0 1 1.42448e-6 0 1 -9.10976e-7 0 1 2.66519e-6 0 1 -2.27129e-6 0 1 1.62298e-6 0 1 2.70625e-6 0 1 -7.79964e-7 0 1 3.73936e-7 0 1 3.55099e-7 0 1 -7.02959e-7 0 1 -1.76093e-6 0 1 1.15882e-5 0 1 -3.45153e-5 -0.07030171 0 -0.9975258 -0.09255397 6.17012e-4 -0.9957076 -0.1413273 0 -0.9899629 -0.1897639 0 -0.9818298 -0.2333202 6.71849e-4 -0.9723998 -0.2592329 0 -0.965815 -0.369318 0 -0.9293031 -0.3057376 0.002712666 -0.952112 -0.3568537 6.73598e-4 -0.9341601 -0.5246939 0 -0.851291 -0.4978096 7.075e-4 -0.8672862 -0.4625278 0 -0.8866048 -0.4186369 0 -0.9081538 -0.5658938 0 -0.8244783 -0.6126081 2.90629e-4 -0.7903867 -0.6161587 4.37605e-4 -0.787622 -0.6608288 0 -0.7505367 -0.6968564 0 -0.7172107 -0.7219969 7.1719e-4 -0.6918959 -0.8157058 2.91162e-4 -0.5784671 -0.8130963 4.38014e-4 -0.5821292 -0.7779077 0 -0.6283786 -0.7462197 0 -0.6656998 -0.8478423 0 -0.5302485 -0.8728744 0 -0.4879451 -0.8876848 7.06251e-4 -0.4604512 -0.9485019 1.34338e-4 -0.3167716 -0.9441689 5.38632e-4 -0.3294615 -0.9251605 0 -0.3795763 -0.9054552 0 -0.4244418 -0.964071 0 -0.2656451 -0.975965 0 -0.2179274 -0.9814487 6.72581e-4 -0.1917244 -0.9890229 0 -0.1477627 -0.9950799 0 -0.09907597 -0.9987439 6.16974e-4 -0.05010342 -0.9996137 0 -0.02779781 -0.9975258 0 0.07030218 -0.9957093 6.16538e-4 0.09253591 -0.9899706 0 0.141274 -0.9818416 0 0.1897033 -0.9724011 6.72649e-4 0.2333145 -0.9658076 0 0.2592603 -0.9293104 0 0.3692996 -0.9519212 0.002687156 0.3063313 -0.9341717 6.72637e-4 0.3568233 -0.851301 0 0.5246778 -0.8672853 7.06947e-4 0.497811 -0.8865885 0 0.4625593 -0.9082064 0 0.4185226 -0.8244782 0 0.5658937 -0.7903628 2.90817e-4 0.6126391 -0.7876051 4.37386e-4 0.6161803 -0.7505369 0 0.6608287 -0.7172452 0 0.6968209 -0.691914 7.17667e-4 0.7219797 -0.578446 2.89903e-4 0.8157207 -0.5821292 4.37607e-4 0.8130963 -0.6283327 0 0.7779449 -0.6657041 0 0.7462158 -0.5304454 0 0.8477192 -0.4879241 0 0.8728861 -0.4604247 7.06366e-4 0.8876986 -0.3167721 1.33925e-4 0.9485018 -0.3294764 5.38672e-4 0.9441637 -0.3795887 0 0.9251555 -0.4244086 0 0.9054707 -0.2657879 0 0.9640316 -0.2179106 0 0.9759688 -0.1917539 6.71427e-4 0.9814429 -0.0278002 0 0.9996135 -0.05008631 6.16437e-4 0.9987447 -0.0990163 0 0.9950859 -0.1478676 0 0.9890072 0 -1 1.86165e-7 0 -1 3.72229e-7 0 -1 3.71972e-7 0 -1 -1.86175e-7 0 -1 -3.72229e-7 0 -1 -3.71959e-7 0 -1 -5.70429e-6 0 -1 1.11698e-6 0 -1 -9.30479e-7 0 -1 5.72632e-6 0 -1 -5.70701e-6 0 -1 8.49455e-7 0 -1 0 0 -1 0 0 -1 0 0 -1 5.70558e-6 0 -1 -8.49454e-7 0 -1 0 0 -1 0 0 -1 0 0 -1 5.70433e-6 0 -1 -1.11704e-6 0 -1 9.30423e-7 0 -1 -5.72766e-6 0 -1 0 0 -1 -1.42681e-6 0 -1 3.72257e-7 0 -1 -3.72034e-7 0 -1 -3.71657e-7 0 -1 -3.72336e-7 0 -1 1.42693e-6 0 -1 -3.72257e-7 0 -1 3.72023e-7 0 -1 3.71658e-7 0 -1 3.72353e-7 0 1 1.22333e-7 0 1 0 0 1 -1.21316e-7 0 1 -2.38611e-7 0 1 -2.34436e-7 0 1 2.39069e-7 0 1 -2.31913e-7 0 1 2.41896e-7 0 1 1.21704e-7 0 1 0 0 1 0 0 1 -1.2428e-7 0 1 0 0 1 0 0 1 -1.22337e-7 0 1 0 0 1 1.21316e-7 0 1 2.38682e-7 0 1 2.34506e-7 0 1 -2.39069e-7 0 1 2.31912e-7 0 1 -2.41896e-7 0 1 -1.21672e-7 0 1 0 0 1 0 0 1 1.24278e-7 0 1 0 0 1 0 -0.06884616 0 -0.9976274 -0.08943927 -0.001820087 -0.9959906 -0.2242753 -0.002058684 -0.9745237 -0.1838127 0 -0.9829613 -0.1366445 0 -0.9906202 -0.4047454 0 -0.9144294 -0.3470398 -0.001669943 -0.937849 -0.354829 -7.14349e-4 -0.934931 -0.2960475 0 -0.9551732 -0.2503784 0 -0.9681481 -0.4476964 0 -0.8941857 -0.478865 -0.002156019 -0.877886 -0.50766 0 -0.8615575 -0.548038 0 -0.8364534 -0.5938887 -0.001283824 -0.8045463 -0.5972533 -8.50666e-4 -0.8020524 -0.6979564 -0.002107501 -0.7161373 -0.6769326 0 -0.736045 -0.6408464 0 -0.7676693 -0.7990231 -0.002280294 -0.6012961 -0.7575301 0 -0.6528003 -0.7255541 0 -0.6881651 -0.8278734 -0.008363187 -0.5608528 -0.788972 0 -0.6144292 -0.8536266 0 -0.5208855 -0.865274 -0.001920759 -0.5012956 -0.8872166 0 -0.4613531 -0.9081373 0 -0.4186727 -0.9254779 -0.00199896 -0.3787967 -0.9346051 0 -0.3556874 -0.9503856 0 -0.3110743 -0.9684395 -4.93301e-4 -0.2492484 -0.9652672 -0.001967906 -0.2612575 -0.993355 -0.00214082 -0.1150707 -0.9883821 0 -0.15199 -0.9800462 0 -0.1987701 -0.9968636 0 0.07913994 -0.9997732 -0.001110017 0.02127176 -0.9997732 -0.001110076 0.02127033 -0.9993275 0 -0.03667056 -0.9964506 0 -0.08417981 -0.9919687 0 0.126484 -0.9875628 -0.0021407 0.1572113 -0.9810251 0 0.1938811 -0.9706921 0 0.2403269 -0.9569634 -0.001585304 0.2902047 -0.9532822 -3.94624e-4 0.3020811 -0.9085212 -0.001997888 0.4178341 -0.9186185 0 0.3951458 -0.9364613 0 0.350771 -0.8431788 -0.001918077 0.5376299 -0.8667696 0 0.4987089 -0.8895123 0 0.4569116 -0.7290394 0 0.6844717 -0.772719 -0.002281665 0.6347442 -0.762095 -2.50552e-4 0.6474652 -0.8028278 0 0.5962109 -0.8307276 0 0.5566792 -0.6956387 0 0.7183919 -0.6668539 -0.002109229 0.7451856 -0.6449837 0 0.7641963 -0.608012 0 0.7939279 -0.5591949 -9.2147e-4 0.8290358 -0.5625541 -0.001372158 0.8267595 -0.4410747 -0.002150774 0.8974679 -0.4704709 0 0.8824156 -0.5122216 0 0.8588534 -0.2553035 0 0.966861 -0.3069206 -6.18058e-4 0.951735 -0.314764 -0.001439809 0.9491689 -0.365253 0 0.9309084 -0.4093198 0 0.912391 -0.2089614 0 0.977924 -0.1825816 -0.002061128 0.9831886 -0.1417449 0 0.9899033 -0.09438329 0 0.995536 -0.04696387 -0.00182116 0.9988949 -0.026308 0 0.9996539 0.06884771 0 0.9976272 0.08943819 -0.001820087 0.9959907 0.2242139 -0.002063572 0.9745378 0.1836543 0 0.982991 0.1366445 0 0.9906202 0.4047411 0 0.9144314 0.3470412 -0.001669943 0.9378485 0.3548855 -7.07355e-4 0.9349095 0.2967063 0 0.9549689 0.2503767 0 0.9681485 0.4475899 0 0.894239 0.4788143 -0.002159774 0.8779135 0.50766 0 0.8615575 0.5480422 0 0.8364507 0.5939305 -0.001285016 0.8045154 0.5972532 -8.57242e-4 0.8020523 0.6979564 -0.00210756 0.7161373 0.6769326 0 0.736045 0.6411601 0 0.7674072 0.7990227 -0.002285242 0.6012965 0.7574293 0 0.6529173 0.7255541 0 0.6881651 0.8278733 -0.008367717 0.5608527 0.7889476 0 0.6144605 0.8536528 0 0.5208424 0.8652904 -0.001919269 0.5012673 0.8872171 0 0.4613524 0.9081373 0 0.4186727 0.9254777 -0.00199896 0.3787968 0.9346051 0 0.3556872 0.9503852 0 0.3110756 0.9684354 -4.93333e-4 0.2492641 0.9652672 -0.00196588 0.2612574 0.9933559 -0.002141177 0.1150632 0.9883821 0 0.15199 0.9800356 0 0.1988227 0.9968636 0 -0.07913994 0.9997732 -0.001109898 -0.02126973 0.9997732 -0.001109719 -0.02127033 0.9993269 0 0.0366863 0.9964515 0 0.0841698 0.9919687 0 -0.126484 0.9875611 -0.002141416 -0.1572214 0.9810197 0 -0.1939083 0.9707077 0 -0.240264 0.9569633 -0.00158751 -0.2902048 0.9532737 -3.94451e-4 -0.3021079 0.9085327 -0.00199902 -0.4178091 0.9186343 0 -0.395109 0.9364613 0 -0.350771 0.8431601 -0.001919507 -0.5376592 0.8667696 0 -0.4987089 0.8895118 0 -0.4569121 0.7290394 0 -0.6844717 0.772719 -0.002281665 -0.6347442 0.7621224 -2.55741e-4 -0.6474331 0.8035838 0 -0.5951916 0.8306973 0 -0.5567244 0.6956387 0 -0.7183919 0.6668539 -0.002109229 -0.7451856 0.6449837 0 -0.7641963 0.6076704 0 -0.7941893 0.5591505 -9.1548e-4 -0.8290657 0.5626184 -0.001380741 -0.8267155 0.4410747 -0.002158164 -0.8974679 0.4705685 0 -0.8823634 0.5119552 0 -0.8590122 0.2553035 0 -0.966861 0.3068352 -6.17033e-4 -0.9517626 0.314764 -0.001447618 -0.9491689 0.3655212 0 -0.9308031 0.409209 0 -0.9124407 0.2089614 0 -0.977924 0.1825816 -0.002061128 -0.9831886 0.1417449 0 -0.9899033 0.09459805 0 -0.9955156 0.0470283 -0.001826882 -0.9988919 0.026308 0 -0.9996539 0.07030403 0 0.9975256 0.09255242 6.17012e-4 0.9957077 0.1413273 0 0.9899629 0.1895893 0 0.9818636 0.2333187 6.74555e-4 0.9724002 0.2593389 0 0.9657864 0.3693174 0 0.9293033 0.3057376 0.002712666 0.952112 0.3568537 6.73602e-4 0.9341601 0.5246065 0 0.851345 0.4977567 7.06451e-4 0.8673165 0.4625278 0 0.8866048 0.4186369 0 0.9081538 0.5658938 0 0.8244783 0.6126705 2.91024e-4 0.7903384 0.6162018 4.37192e-4 0.7875883 0.6608265 0 0.7505388 0.6967858 0 0.7172793 0.7219969 7.19128e-4 0.6918959 0.8157058 2.91198e-4 0.5784671 0.8130965 4.38014e-4 0.5821288 0.777906 0 0.6283807 0.7462812 0 0.6656308 0.8478423 0 0.5302485 0.8728449 0 0.4879977 0.8876701 7.0685e-4 0.4604794 0.9485019 1.33476e-4 0.3167716 0.9441689 5.37743e-4 0.3294615 0.9252005 0 0.3794788 0.9054551 0 0.4244421 0.9639928 0 0.2659282 0.9759703 0 0.2179039 0.9814512 6.72424e-4 0.1917113 0.9890229 0 0.1477627 0.9950799 0 0.09907603 0.9987437 6.16943e-4 0.05010688 0.9996135 0 0.02780061 0.9975258 0 -0.07030218 0.9957093 6.1655e-4 -0.09253585 0.9899706 0 -0.141274 0.9818481 0 -0.1896688 0.9724048 6.73023e-4 -0.2332988 0.9658076 0 -0.2592603 0.929301 0 -0.3693233 0.9519212 0.002687752 -0.3063313 0.9341588 6.72269e-4 -0.356857 0.8513349 0 -0.5246226 0.8673026 7.06312e-4 -0.497781 0.8865885 0 -0.4625593 0.9082064 0 -0.4185226 0.8244782 0 -0.5658937 0.7903623 2.90818e-4 -0.6126397 0.7876051 4.37374e-4 -0.6161803 0.7505387 0 -0.6608266 0.7172444 0 -0.6968217 0.6918781 7.18664e-4 -0.722014 0.5785124 2.92578e-4 -0.8156735 0.5821287 4.37619e-4 -0.8130966 0.6283352 0 -0.7779427 0.6656268 0 -0.7462849 0.5300505 0 -0.8479661 0.4880182 0 -0.8728336 0.4604789 7.07446e-4 -0.8876704 0.31677 1.33929e-4 -0.9485024 0.3294779 5.38672e-4 -0.9441633 0.3795859 0 -0.9251565 0.4244101 0 -0.9054701 0.2657879 0 -0.9640316 0.2179106 0 -0.9759688 0.1916869 6.73135e-4 -0.981456 0.0278002 0 -0.9996135 0.05015563 6.18349e-4 -0.9987413 0.09923636 0 -0.9950639 0.1476864 0 -0.9890343 -0.02767717 0.08665925 0.9958536 -0.02769398 0.08690035 0.995832 -0.0986427 0.08698028 0.9913144 -0.1251978 -0.08225911 0.9887158 -0.1472905 0.08801054 0.98517 -0.2214899 0.08791434 0.9711918 -0.2178443 0.02472794 0.9756702 -0.2647777 0.08706611 0.960371 -0.3155725 0.08694118 0.9449102 -0.315571 0.08694612 0.9449102 -0.3781465 0.08702832 0.921646 -0.407171 -0.07036739 0.9106372 -0.4227792 0.08757108 0.9019919 -0.4938378 0.08746838 0.8651437 -0.4875848 -0.03734046 0.8722768 -0.5284019 0.08772403 0.8444502 -0.5762643 0.08759957 0.8125551 -0.576258 0.08688914 0.8126358 -0.6259547 0.08696037 0.7749959 -0.6548941 -0.04833877 0.7541733 -0.6631776 0.08703553 0.7433844 -0.714523 0.0870285 0.6941778 -0.7256461 -0.04812234 0.6863832 -0.7476751 0.08725637 0.6583071 -0.7873523 0.08710551 0.6103189 -0.7873476 0.08725929 0.6103028 -0.8213274 0.08733814 0.5637317 -0.8465194 -0.01465559 0.5321562 -0.8481217 0.08634477 0.5227181 -0.8832732 0.08639538 0.46083 -0.8924162 -0.07107448 0.4455803 -0.9047565 0.08707875 0.4169328 -0.9306246 0.08697748 0.3554897 -0.9306089 0.08725684 0.3554622 -0.9482827 0.08739459 0.3051596 -0.9641863 0.0310027 0.2634081 -0.9621592 0.08683627 0.2582812 -0.9781332 0.08683091 0.1889868 -0.9824761 -0.08242434 0.1671734 -0.9862235 0.08692348 0.1407393 -0.9937539 0.08687442 0.0700441 -0.9937452 0.0869804 0.07003575 -0.9958218 0.08701533 -0.02770066 -0.9958299 0.08692437 -0.02769255 -0.9913066 0.08700352 -0.09870028 -0.9887289 -0.0820477 -0.125234 -0.9852578 0.08717405 -0.1472002 -0.9712806 0.08699965 -0.2214612 -0.9756658 0.02475994 -0.2178606 -0.9604238 0.08690011 -0.2646403 -0.9449278 0.08673107 -0.3155776 -0.9449273 0.08673506 -0.3155778 -0.9216697 0.08678942 -0.3781439 -0.9105828 -0.07092052 -0.4071969 -0.902027 0.08693331 -0.4228355 -0.8651889 0.08687353 -0.4938636 -0.8722563 -0.03761607 -0.4876002 -0.8446449 0.08677107 -0.5282479 -0.8126406 0.08663886 -0.5762889 -0.8126353 0.08668792 -0.5762892 -0.7749736 0.0867533 -0.626011 -0.7541782 -0.0483061 -0.6548907 -0.7433887 0.08703762 -0.6631726 -0.6942124 0.08703672 -0.7144885 -0.6863684 -0.04861259 -0.7256276 -0.6583332 0.08680522 -0.7477047 -0.6103096 0.08668774 -0.7874056 -0.6102943 0.08682656 -0.7874021 -0.5637512 0.08694452 -0.8213558 -0.5322136 -0.01484572 -0.8464799 -0.522718 0.08671587 -0.848084 -0.4607854 0.08672744 -0.883264 -0.4455999 -0.07045537 -0.8924555 -0.4170468 0.0870707 -0.9047048 -0.3554835 0.08698445 -0.9306263 -0.3555105 0.08673042 -0.9306396 -0.3045854 0.08683484 -0.9485186 -0.2633978 0.03122901 -0.9641817 -0.07003754 0.08668392 -0.993771 -0.07010114 0.08588451 -0.9938359 -0.1408 0.08598339 -0.9862973 -0.167127 -0.08270686 -0.9824603 -0.1890406 0.08738005 -0.9780739 -0.2582438 0.08732497 -0.962125 -0.06796318 0.2587379 -0.9635537 -0.06793254 0.259089 -0.9634615 -0.1619728 0.2590774 -0.9521785 -0.1621234 0.2578168 -0.952495 -0.2546196 0.2578085 -0.9320427 -0.2546469 0.2576207 -0.9320872 -0.3447883 0.2576564 -0.9026263 -0.3446893 0.2582632 -0.9024907 -0.4315521 0.2582884 -0.8643206 -0.4315554 0.2582751 -0.8643229 -0.5142138 0.2582738 -0.8178501 -0.5140435 0.2590999 -0.817696 -0.5917013 0.2590641 -0.7633974 -0.5919641 0.2578853 -0.7635928 -0.6639368 0.2578852 -0.701914 -0.663818 0.258386 -0.7018421 -0.729427 0.2583432 -0.6333996 -0.7294611 0.2582159 -0.6334123 -0.788046 0.2582105 -0.5588479 -0.7879542 0.2585636 -0.5588142 -0.8389574 0.2584859 -0.47889 -0.8389999 0.2583266 -0.4789016 -0.8819134 0.2582553 -0.3943767 -0.8819452 0.2581413 -0.3943802 -0.9163563 0.2581341 -0.3060359 -0.9162446 0.2585381 -0.3060293 -0.9418292 0.2585387 -0.2147458 -0.9417878 0.2586866 -0.2147487 -0.9583296 0.258593 -0.1213834 -0.9583923 0.2583644 -0.1213764 -0.9656606 0.2584148 -0.02686166 -0.9656604 0.2584154 -0.0268616 -0.9636462 0.2584041 0.06792181 -0.9636374 0.2584375 0.06791961 -0.9523411 0.2584334 0.1620456 -0.9523213 0.258512 0.1620361 -0.9318588 0.2585151 0.2545764 -0.9318781 0.258432 0.2545901 -0.9024114 0.2585101 0.344712 -0.9024523 0.2583289 0.3447407 -0.8643189 0.2582933 0.4315523 -0.8642652 0.2585583 0.431501 -0.8178046 0.2586315 0.5141066 -0.8178232 0.2585374 0.5141242 -0.7634823 0.2585514 0.5918159 -0.7635068 0.2584055 0.591848 -0.701822 0.2583658 0.6638472 -0.7018837 0.257933 0.6639502 -0.6334809 0.2578966 0.7295145 -0.6334218 0.2583891 0.7293915 -0.5588522 0.2583299 0.7880038 -0.5589156 0.2576495 0.7881816 -0.4790098 0.2575808 0.8391673 -0.4790089 0.2575962 0.8391631 -0.3944147 0.2575361 0.8821067 -0.3943898 0.2581427 0.8819406 -0.3060342 0.2581404 0.9163551 -0.3060293 0.2585381 0.9162446 -0.2147925 0.2585265 0.9418218 -0.2147938 0.2585387 0.9418182 -0.1213535 0.2584998 0.9583586 -0.1213369 0.2580977 0.958469 -0.02684164 0.258087 0.9657488 -0.02688211 0.2587301 0.9655755 -0.06376379 0.4219951 -0.904353 -0.06375068 0.4221069 -0.9043018 -0.1521136 0.4221182 -0.8936878 -0.1519393 0.4232288 -0.893192 -0.2387762 0.4232312 -0.8739916 -0.2388373 0.4229177 -0.8741267 -0.3233187 0.422892 -0.8465385 -0.3234233 0.422459 -0.8467147 -0.4048907 0.4224593 -0.8109204 -0.4047887 0.4228256 -0.8107804 -0.4822993 0.4228391 -0.7671992 -0.4823855 0.4225676 -0.7672947 -0.5552922 0.4225883 -0.7162889 -0.5552254 0.4227775 -0.716229 -0.6227106 0.4228095 -0.6583796 -0.6226825 0.4228805 -0.6583606 -0.6842385 0.4228587 -0.5941449 -0.6841023 0.4231947 -0.5940626 -0.7390633 0.4231569 -0.524141 -0.7392562 0.4227051 -0.5242334 -0.7870634 0.4227299 -0.4492559 -0.7868547 0.4231979 -0.4491807 -0.8271121 0.4231885 -0.369861 -0.8271564 0.4230907 -0.3698739 -0.859426 0.4230701 -0.2870522 -0.8594908 0.42293 -0.2870641 -0.8835135 0.4228683 -0.2014608 -0.8836833 0.4225094 -0.2014685 -0.8991537 0.4225583 -0.113874 -0.8989851 0.4229146 -0.1138823 -0.9058054 0.4229443 -0.02519667 -0.9058355 0.4228802 -0.02519232 -0.9039649 0.4228334 0.06371372 -0.9040318 0.422688 0.06373065 -0.8934355 0.4226865 0.1520171 -0.8933376 0.4229056 0.1519836 -0.8741545 0.4228699 0.2388199 -0.8743231 0.4224774 0.2388976 -0.8467245 0.4224165 0.3234533 -0.8467524 0.4223495 0.3234682 -0.8109791 0.4223397 0.4048977 -0.8106985 0.4230753 0.4046917 -0.7671028 0.4230839 0.4822379 -0.7672013 0.422804 0.4823269 -0.7162309 0.422806 0.5552013 -0.716349 0.4224346 0.5553316 -0.6584745 0.4224003 0.622888 -0.6583367 0.4228832 0.622706 -0.5941727 0.4228907 0.6841947 -0.5942877 0.4224203 0.6843853 -0.5243031 0.4224217 0.7393688 -0.5241472 0.4231743 0.739049 -0.44915 0.423234 0.7868528 -0.449216 0.422823 0.7870361 -0.3699443 0.4227928 0.8272771 -0.3699669 0.4226034 0.8273638 -0.2871223 0.4225959 0.8596357 -0.28707 0.4233038 0.8593049 -0.2014482 0.4233129 0.8833035 -0.2014664 0.4226236 0.8836293 -0.1138256 0.4226264 0.8991277 -0.1138305 0.4229295 0.8989847 -0.02521961 0.4229512 0.9058014 -0.02523392 0.4231647 0.9057015 -0.05763936 0.5728994 -0.8175966 -0.05766147 0.5727309 -0.8177131 -0.1374725 0.5727217 -0.8081406 -0.1375163 0.5725017 -0.8082891 -0.2161003 0.572506 -0.7909095 -0.2161831 0.5721951 -0.7911117 -0.2926334 0.5722276 -0.7661079 -0.2925662 0.5724309 -0.7659817 -0.366259 0.5724263 -0.7336092 -0.3663091 0.5723046 -0.7336793 -0.4364655 0.5722836 -0.6942545 -0.4363335 0.572582 -0.6940915 -0.5023119 0.572551 -0.6479724 -0.5023869 0.5724028 -0.6480452 -0.5634399 0.5724058 -0.5957241 -0.5635696 0.572166 -0.5958316 -0.6192246 0.572201 -0.5377238 -0.6191366 0.5723531 -0.5376634 -0.6689009 0.5723385 -0.4743418 -0.6688452 0.5724293 -0.4743108 -0.7120851 0.5724456 -0.4064983 -0.712206 0.5722599 -0.406548 -0.7486138 0.5722919 -0.3347528 -0.7483836 0.5726342 -0.3346821 -0.7776015 0.5726121 -0.259714 -0.7777768 0.5723575 -0.2597502 -0.7994557 0.5724073 -0.1822654 -0.7994019 0.5724838 -0.1822606 -0.813444 0.5724427 -0.103046 -0.8137473 0.5720109 -0.1030482 -0.8198896 0.5720674 -0.02280205 -0.819644 0.5724183 -0.02282696 -0.8179135 0.5724447 0.05765968 -0.8178566 0.572527 0.05764997 -0.8082789 0.572517 0.1375125 -0.8084943 0.5721965 0.1375792 -0.7911412 0.5721595 0.2161691 -0.7908838 0.5725551 0.2160635 -0.7658507 0.5726075 0.2925634 -0.765901 0.5725257 0.2925921 -0.7335578 0.5725408 0.366183 -0.7339538 0.5718656 0.3664447 -0.6945143 0.5718431 0.4366298 -0.694355 0.5721371 0.4364979 -0.6482341 0.5720651 0.5025279 -0.6479202 0.5726935 0.5022167 -0.595545 0.572718 0.5633119 -0.5955601 0.5726839 0.5633307 -0.5374903 0.5726881 0.618977 -0.5376227 0.5723502 0.6191745 -0.4743783 0.5723415 0.6688725 -0.4743889 0.5723085 0.6688932 -0.4065126 0.5722699 0.7122182 -0.4063476 0.572876 0.7118248 -0.3345699 0.5729342 0.7482042 -0.334606 0.5727534 0.7483265 -0.2597375 0.5727566 0.7774873 -0.2598332 0.5720646 0.7779647 -0.1823289 0.5720577 0.7996913 -0.1823256 0.5721047 0.7996584 -0.1030294 0.5721073 0.813682 -0.1030303 0.5720761 0.8137038 -0.02284193 0.5720703 0.8198865 -0.02283507 0.5719564 0.8199663 -0.04976296 0.7067608 -0.7057002 -0.04970467 0.7071043 -0.7053602 -0.118597 0.7071127 -0.6970843 -0.118543 0.7073148 -0.6968883 -0.1863391 0.7073152 -0.6818966 -0.1863437 0.7073009 -0.6819102 -0.2522405 0.7072786 -0.6604028 -0.2523103 0.7071225 -0.6605432 -0.3158531 0.7071232 -0.6326245 -0.3157804 0.7072601 -0.6325078 -0.3762421 0.7072737 -0.5985029 -0.3764631 0.706916 -0.5987866 -0.4333298 0.706951 -0.5589684 -0.4328565 0.7076348 -0.5584696 -0.485554 0.7076081 -0.5133501 -0.4855352 0.7076325 -0.513334 -0.5335249 0.7075928 -0.4633181 -0.5341119 0.7068791 -0.4637311 -0.5769495 0.7069168 -0.409143 -0.5765221 0.7074062 -0.4088996 -0.6138706 0.7073698 -0.3504154 -0.61421 0.7070005 -0.3505659 -0.645584 0.7070133 -0.2887104 -0.6455014 0.7071004 -0.2886815 -0.6706949 0.7071052 -0.2239882 -0.6704453 0.7073597 -0.2239318 -0.6892108 0.7073163 -0.1571376 -0.6893079 0.707219 -0.157149 -0.7013374 0.7072752 -0.08881324 -0.7012181 0.7073938 -0.0888102 -0.7065567 0.7073829 -0.01967746 -0.7068342 0.7071061 -0.01965767 -0.705337 0.7071264 0.04971855 -0.705199 0.7072657 0.04969447 -0.6969425 0.7072526 0.1185966 -0.6968884 0.7073084 0.1185812 -0.6819104 0.7073141 0.1862929 -0.6820118 0.7072061 0.1863318 -0.6605072 0.7071498 0.2523284 -0.6602304 0.7074571 0.2521913 -0.6323393 0.7074415 0.3157113 -0.6322247 0.7075764 0.3156385 -0.5982263 0.7076003 0.3760682 -0.5983838 0.7074015 0.3761913 -0.558608 0.7074453 0.4329876 -0.5588274 0.7071438 0.4331971 -0.5137077 0.7071045 0.4859092 -0.5137761 0.7070004 0.4859881 -0.4636815 0.7069835 0.5340167 -0.4635447 0.7072185 0.5338243 -0.4089868 0.707229 0.5766776 -0.4088583 0.707489 0.5764497 -0.3503612 0.7075026 0.6137486 -0.3504984 0.7071676 0.6140561 -0.2886139 0.7071602 0.6454661 -0.2886614 0.70701 0.6456093 -0.224038 0.706998 0.6707912 -0.2239933 0.7071992 0.670594 -0.1571693 0.7071969 0.6893261 -0.1571744 0.7071571 0.6893657 -0.08881598 0.7071664 0.7014467 -0.08880108 0.7077407 0.7008692 -0.01966679 0.7077303 0.706209 -0.0196473 0.7074619 0.7064784 -0.04037034 0.8186329 -0.5728967 -0.04036682 0.818648 -0.5728752 -0.09630817 0.8186391 -0.5661757 -0.09636563 0.8184812 -0.5663942 -0.151449 0.8184806 -0.5542137 -0.1514118 0.8185536 -0.554116 -0.2049722 0.8185579 -0.5366091 -0.2048282 0.8187865 -0.5363153 -0.2564368 0.8187862 -0.5136432 -0.2566012 0.8185663 -0.5139116 -0.3057419 0.8185551 -0.486302 -0.3055775 0.8187457 -0.4860844 -0.3517535 0.8187234 -0.4538297 -0.3520112 0.8184574 -0.4541097 -0.3948243 0.8184538 -0.4174295 -0.3950048 0.8182849 -0.4175895 -0.4340218 0.8183057 -0.3768301 -0.4334983 0.8187585 -0.3764488 -0.4683428 0.8187286 -0.3321724 -0.4688187 0.8183432 -0.3324508 -0.4991322 0.8183571 -0.2848839 -0.4988556 0.81857 -0.2847566 -0.5243757 0.8185563 -0.2345121 -0.5244917 0.8184705 -0.234552 -0.5449348 0.8184853 -0.182011 -0.5451629 0.8183211 -0.1820662 -0.5603389 0.8183527 -0.1277465 -0.5600391 0.8185647 -0.1277043 -0.5698763 0.8185547 -0.07217556 -0.5700193 0.8184546 -0.07218122 -0.5743601 0.8184469 -0.01597344 -0.57407 0.8186501 -0.01598888 -0.5729112 0.8186225 0.04037231 -0.5730144 0.8185495 0.04038882 -0.5662769 0.8185634 0.09635674 -0.5663089 0.8185403 0.09636485 -0.5540979 0.8185709 0.1513844 -0.554076 0.8185871 0.1513772 -0.5365594 0.8185957 0.2049521 -0.5366277 0.8185425 0.2049853 -0.5139014 0.8185838 0.2565657 -0.5141738 0.8183604 0.2567324 -0.4865735 0.8183352 0.3058987 -0.4863239 0.8185538 0.3057101 -0.4540214 0.8185318 0.351952 -0.4539477 0.818601 0.3518864 -0.4172483 0.8186154 0.3946805 -0.4170978 0.8187735 0.3945115 -0.3764022 0.8187953 0.4334694 -0.3765646 0.8186027 0.4336919 -0.3322852 0.8185983 0.4684907 -0.3323772 0.8184719 0.4686461 -0.2848154 0.8184719 0.4989832 -0.2849117 0.8183116 0.4991908 -0.2346172 0.8182967 0.5247337 -0.2345115 0.8185186 0.5244346 -0.1820043 0.8185195 0.5448858 -0.1820338 0.8184301 0.5450102 -0.1277308 0.8184316 0.5602272 -0.1277052 0.8185625 0.5600418 -0.0722025 0.818558 0.5698682 -0.07220959 0.8184561 0.5700137 -0.01597279 0.818453 0.5743517 -0.01598793 0.818641 0.5740833 -0.02975302 0.9059932 -0.4222454 -0.02971833 0.9061025 -0.4220132 -0.07096022 0.9060986 -0.4170732 -0.07100176 0.906019 -0.4172389 -0.1115602 0.9060183 -0.408271 -0.1116065 0.9059547 -0.4083994 -0.1510511 0.9059566 -0.3955076 -0.1511527 0.9058466 -0.3957207 -0.1892361 0.9058439 -0.3789941 -0.1890894 0.9059764 -0.3787509 -0.2252999 0.90598 -0.3583855 -0.2253565 0.9059356 -0.3584625 -0.2593997 0.9059418 -0.334636 -0.2594688 0.9058938 -0.3347123 -0.2910225 0.9058973 -0.3076625 -0.2908055 0.9060338 -0.3074657 -0.3195445 0.9060298 -0.2774913 -0.3195967 0.9059999 -0.2775289 -0.3452928 0.9059903 -0.2448559 -0.3453419 0.9059636 -0.2448856 -0.3676689 0.9059654 -0.2098725 -0.3676261 0.9059875 -0.2098523 -0.3864378 0.9059807 -0.1728147 -0.3864057 0.9059966 -0.1728032 -0.4014976 0.9059914 -0.1340866 -0.4013911 0.9060426 -0.13406 -0.4126117 0.906035 -0.09408682 -0.4128046 0.9059442 -0.0941146 -0.4200638 0.9059343 -0.05319243 -0.4197859 0.9060639 -0.05317896 -0.4229919 0.906057 -0.01178109 -0.4232784 0.9059233 -0.01176697 -0.4223782 0.9059307 0.02977132 -0.422276 0.9059788 0.02975612 -0.4173344 0.9059741 0.07101476 -0.4173114 0.905985 0.07100903 -0.4083719 0.9059717 0.1115697 -0.4084078 0.905954 0.1115823 -0.3955064 0.9059525 0.1510788 -0.3954804 0.9059658 0.1510674 -0.3787781 0.905957 0.1891275 -0.378794 0.9059482 0.1891377 -0.3584528 0.9059464 0.2253284 -0.3584757 0.905933 0.2253454 -0.3346333 0.9059434 0.2593977 -0.3345566 0.9059919 0.2593272 -0.3075285 0.90599 0.2908753 -0.3076574 0.9059004 0.2910181 -0.277651 0.9059002 0.3197729 -0.2775191 0.9060031 0.3195958 -0.2448593 0.9060068 0.3452471 -0.2450171 0.9058636 0.3455112 -0.2099701 0.9058547 0.367886 -0.2098779 0.9059551 0.367691 -0.172827 0.9059559 0.3864904 -0.1728165 0.9059713 0.386459 -0.1341108 0.9059745 0.4015281 -0.1341257 0.9059453 0.4015888 -0.09412842 0.9059475 0.4127942 -0.09413516 0.9059279 0.4128358 -0.0532149 0.9059262 0.4200784 -0.0532152 0.905923 0.4200853 -0.01178872 0.9059289 0.4232659 -0.01176738 0.9057352 0.4236806 -0.01811671 0.9661712 -0.2572644 -0.01817661 0.9660584 -0.2576836 -0.04333382 0.966062 -0.2546495 -0.04331129 0.9660875 -0.2545567 -0.06806933 0.9660868 -0.2490846 -0.06796866 0.9661673 -0.2487996 -0.09203171 0.9661663 -0.240942 -0.0921474 0.9660937 -0.2411887 -0.1153243 0.9660954 -0.2309978 -0.1153116 0.9661023 -0.2309755 -0.1374042 0.9661009 -0.2185621 -0.137377 0.9661134 -0.2185237 -0.1581405 0.9661137 -0.2040001 -0.1580185 0.9661624 -0.2038639 -0.1772372 0.9661635 -0.1873906 -0.1774067 0.9661021 -0.1875464 -0.1949225 0.9661027 -0.1692655 -0.1948807 0.9661165 -0.1692345 -0.2105386 0.9661184 -0.1492947 -0.2104808 0.9661364 -0.1492597 -0.2240946 0.9661356 -0.1279203 -0.2241427 0.9661215 -0.1279432 -0.2355982 0.9661226 -0.1053606 -0.235592 0.9661242 -0.1053587 -0.2447726 0.9661279 -0.08175122 -0.2448146 0.9661163 -0.08176237 -0.2516469 0.9661171 -0.05737274 -0.2516608 0.9661134 -0.05737429 -0.2560707 0.9661137 -0.03243929 -0.2560679 0.9661144 -0.03243929 -0.258016 0.9661141 -0.007172703 -0.2579768 0.9661245 -0.007174372 -0.2574267 0.9661275 0.01813983 -0.2574331 0.9661259 0.01814103 -0.2544203 0.9661244 0.04329168 -0.2543719 0.9661376 0.04327964 -0.2489028 0.9661382 0.06800335 -0.2489814 0.9661161 0.06803089 -0.2411212 0.9661145 0.09210467 -0.2411777 0.966098 0.09213036 -0.2309917 0.9660954 0.1153373 -0.230866 0.9661341 0.1152635 -0.2184622 0.966134 0.1373299 -0.2185041 0.9661201 0.1373605 -0.2039918 0.9661185 0.1581215 -0.2039734 0.9661253 0.1581043 -0.1874768 0.9661285 0.1773366 -0.1874563 0.9661365 0.1773149 -0.1691818 0.9661355 0.1948327 -0.1692278 0.9661152 0.1948935 -0.1493123 0.9661127 0.210552 -0.1492173 0.9661613 0.2103964 -0.1278606 0.966165 0.2240023 -0.1279125 0.9661329 0.2241109 -0.1053416 0.9661319 0.2355682 -0.1052997 0.9661645 0.2354535 -0.08170831 0.9661641 0.2446441 -0.08174604 0.9661235 0.2447919 -0.05737584 0.9661222 0.2516267 -0.05737829 0.9661176 0.2516441 -0.0324372 0.9661167 0.2560594 -0.0324282 0.9661608 0.2558943 -0.007161498 0.9661611 0.2578402 -0.007163405 0.9661726 0.2577971 -0.006118476 0.9962123 -0.08673948 -0.006120443 0.9962111 -0.0867536 -0.01458805 0.9962107 -0.0857408 -0.01456719 0.9962185 -0.0856539 -0.02289688 0.9962183 -0.08381468 -0.0229184 0.9962127 -0.08387619 -0.03103196 0.9962128 -0.08122301 -0.03099209 0.996221 -0.08113825 -0.03879791 0.9962204 -0.07771539 -0.03883469 0.9962142 -0.07777637 -0.04626655 0.9962144 -0.07359588 -0.04626166 0.9962151 -0.07358956 -0.05325049 0.9962152 -0.06869995 -0.05328667 0.9962105 -0.06874066 -0.05977064 0.9962103 -0.06318682 -0.05975514 0.9962121 -0.06317234 -0.06565457 0.9962123 -0.05701488 -0.06567561 0.99621 -0.05703026 -0.07094794 0.9962103 -0.05031239 -0.07088148 0.9962172 -0.05027151 -0.07547318 0.9962168 -0.04308056 -0.07547974 0.9962162 -0.0430839 -0.0793395 0.9962161 -0.03548097 -0.07940304 0.9962102 -0.03550469 -0.0825001 0.9962101 -0.02755278 -0.0824759 0.9962124 -0.02754652 -0.08478224 0.996212 -0.01932919 -0.08475291 0.9962147 -0.01932448 -0.08623981 0.9962146 -0.01092505 -0.0862683 0.9962121 -0.0109266 -0.08692938 0.9962115 -0.002417504 -0.08689111 0.9962149 -0.002418994 -0.08671122 0.9962148 0.00611037 -0.0867511 0.9962113 0.006115913 -0.08573043 0.9962117 0.01458644 -0.08573096 0.9962115 0.01458656 -0.08388245 0.9962121 0.02291989 -0.08387726 0.9962126 0.0229178 -0.0812242 0.9962128 0.03102803 -0.0812174 0.9962135 0.03102439 -0.0777868 0.9962133 0.03883594 -0.07776635 0.9962154 0.03882437 -0.07358241 0.9962158 0.0462566 -0.07359629 0.9962144 0.04626703 -0.06870454 0.9962148 0.053254 -0.06876909 0.9962071 0.0533123 -0.06321883 0.9962066 0.05979895 -0.06318956 0.9962104 0.05976712 -0.05702859 0.9962099 0.06567764 -0.05702984 0.9962098 0.06567895 -0.0503202 0.9962098 0.07095074 -0.0503329 0.9962077 0.07097238 -0.04313212 0.9962071 0.07557111 -0.04307156 0.9962194 0.07544463 -0.03546428 0.9962198 0.07930016 -0.03548359 0.996215 0.07935172 -0.02753221 0.9962151 0.08244639 -0.02753347 0.9962148 0.08245056 -0.0193246 0.9962148 0.08475172 -0.01931661 0.9962193 0.08470058 -0.01092147 0.9962195 0.08618253 -0.01092654 0.9962118 0.0862711 -0.002415478 0.9962115 0.08692944 -0.002415776 0.9962123 0.08692222 0.1829469 0.08754396 0.9792174 0.4458718 0.08752709 0.8908072 0.5459281 0.08774816 0.8332244 0.6743521 0.08723652 0.7332388 0.7545133 0.08765774 0.6504045 0.8504006 0.08720844 0.5188579 0.9046699 0.08730185 0.4170742 0.9846052 0.08733808 0.1514092 0.9955035 0.08739179 0.03654593 0.9882045 0.08703368 -0.126004 0.9669885 0.0874539 -0.2393434 0.9151399 0.08714061 -0.3936058 0.8634178 0.08784949 -0.4967818 0.6929929 0.08711403 -0.715662 0.4687702 0.08732253 -0.8789933 0.3640929 0.08820164 -0.9271768 0.2081755 0.08670675 -0.9742408 0.0942344 0.08719849 -0.9917239 0.05555129 0.99621 -0.06693196 0.05552703 0.996213 -0.06690615 0.1664745 0.9654272 -0.2005906 0.1664894 0.9654215 -0.2006061 0.2703728 0.905963 -0.3257756 0.2702502 0.9060447 -0.3256499 0.3657418 0.8197578 -0.4407156 0.3655691 0.8199296 -0.4405393 0.4521252 0.7062057 -0.5448453 0.4526242 0.7055017 -0.5453428 0.523172 0.5735504 -0.6303421 0.5229174 0.5740491 -0.6300993 0.5790622 0.4216979 -0.6977521 0.5792955 0.4210372 -0.6979573 0.6168901 0.2588875 -0.7432523 0.6167973 0.2592976 -0.7431864 0.07216435 0.9962092 -0.04857558 0.0721364 0.9962121 -0.04855942 0.2162576 0.9654222 -0.1455764 0.2162197 0.9654342 -0.1455538 0.3510241 0.9060595 -0.2363015 0.3512189 0.905955 -0.2364124 0.4750161 0.819832 -0.3197423 0.4749985 0.8198461 -0.3197325 0.5875192 0.7059904 -0.3954728 0.5874841 0.7060301 -0.3954542 0.6796246 0.5734332 -0.4574767 0.6795275 0.5735874 -0.4574275 0.7522327 0.4215876 -0.5063694 0.7520232 0.4220778 -0.5062721 0.8012425 0.2589408 -0.5394072 0.801537 0.2578058 -0.5395134 0.08138442 0.9962134 0.03058749 0.0813784 0.9962139 0.03058481 0.2439283 0.9654504 0.09167671 0.2439506 0.9654438 0.09168678 0.3964 0.905909 0.1489839 0.3963771 0.9059207 0.1489735 0.5358003 0.8199797 0.2013738 0.5359108 0.8198946 0.2014265 0.6630057 0.7059213 0.2491962 0.6632771 0.7056193 0.249329 0.7666196 0.5738024 0.2881759 0.7663925 0.5741643 0.2880592 0.8488209 0.4215637 0.319041 0.8488671 0.4214509 0.319067 0.9042676 0.258408 0.3398906 0.9042644 0.2584223 0.3398882 0.0222882 0.9962131 0.08403974 0.02229493 0.99621 0.08407527 0.06685602 0.9653852 0.2521144 0.06677722 0.965498 0.2517031 0.1085295 0.9060229 0.4090772 0.1086041 0.905832 0.4094796 0.1467082 0.8200641 0.5531471 0.1467443 0.8199221 0.5533479 0.1816098 0.7057188 0.6848204 0.181528 0.7062169 0.6843284 0.2100673 0.5733599 0.7919155 0.2100685 0.5733477 0.791924 0.2324363 0.4220879 0.8762506 0.2324585 0.4216861 0.8764382 0.2476667 0.2582814 0.9337838 0.2476643 0.25882 0.9336352 0.002289533 0.9962127 -0.08691966 0.002292096 0.9962104 -0.08694595 0.006873667 0.9653798 -0.2607578 0.006849467 0.9654494 -0.2605006 0.01112538 0.9060005 -0.4231303 0.01114565 0.9059048 -0.4233348 0.01506543 0.8199747 -0.5722014 0.01503205 0.8201889 -0.5718951 0.01860684 0.7060914 -0.7078763 0.0186696 0.7055691 -0.7083951 0.02158629 0.5732938 -0.8190655 0.02158302 0.5733261 -0.819043 0.02387946 0.4221163 -0.9062272 0.02390718 0.4218304 -0.9063595 0.02546727 0.2587476 -0.9656092 0.02542078 0.2593582 -0.9654467 0.02622288 0.08691716 -0.9958704 0.02620834 0.08712786 -0.9958524 0.01054215 0.9962103 -0.08633542 0.01053732 0.9962127 -0.08630925 0.03157991 0.96545 -0.2586677 0.03158426 0.9654443 -0.2586886 0.05132317 0.9059044 -0.4203607 0.05137753 0.9057744 -0.4206342 0.06936174 0.8201893 -0.567872 0.069395 0.8200748 -0.5680333 0.08593416 0.705568 -0.7034125 0.08580917 0.7061482 -0.7028453 0.09929257 0.5733293 -0.8132863 0.09933906 0.5730498 -0.8134775 0.1099027 0.4218257 -0.8999915 0.1098328 0.4223726 -0.8997434 0.1170252 0.259365 -0.9586632 0.1171375 0.2582463 -0.9589514 0.1172495 0.2547819 -0.9598639 0.1412097 0.08676606 -0.9861702 0.2543339 0.08712524 -0.9631841 0.2120534 0.1665514 -0.9629611 0.2077758 0.2580093 -0.9435361 0.2077447 0.2582674 -0.9434724 0.1950115 0.4214217 -0.8856492 0.194849 0.4223595 -0.885238 0.1759721 0.5743502 -0.7994722 0.1762734 0.573043 -0.8003434 0.1524032 0.7056633 -0.6919629 0.1522536 0.7061463 -0.6915029 0.123052 0.8200731 -0.5588725 0.1230521 0.820073 -0.5588726 0.09109395 0.905832 -0.4137275 0.09112673 0.9057797 -0.4138347 0.05603754 0.9654516 -0.2544857 0.05604672 0.9654431 -0.2545158 0.01868414 0.9962188 -0.0848481 0.01870393 0.9962127 -0.08491462 0.02666252 0.9962188 -0.08268719 0.02667468 0.996216 -0.08271795 0.0799787 0.9654496 -0.2480132 0.07994985 0.9654706 -0.2479411 0.1300099 0.9058341 -0.4031901 0.130037 0.9058019 -0.4032535 0.1756282 0.8200759 -0.5446377 0.1756059 0.8201162 -0.5445844 0.2174538 0.7056574 -0.6743602 0.2172544 0.7061585 -0.6738997 0.2511799 0.5743374 -0.7791312 0.2514606 0.5733786 -0.7797465 0.2783415 0.4214187 -0.8630947 0.2783691 0.4212766 -0.8631551 0.2965399 0.2580469 -0.9194976 0.2964816 0.2584468 -0.9194041 0.3057446 0.08701372 -0.9481291 0.3056415 0.08814448 -0.948058 0.03441363 0.9962159 -0.07981014 0.03442722 0.9962133 -0.07983684 0.1031568 0.9654705 -0.2392187 0.1031603 0.9654686 -0.2392245 0.1677742 0.9058037 -0.3890648 0.1676663 0.9059126 -0.3888579 0.2265542 0.8201182 -0.5254326 0.2265886 0.8200675 -0.5254971 0.2803595 0.706142 -0.6502016 0.2806106 0.705621 -0.6506587 0.3244497 0.5733796 -0.7523087 0.324322 0.5737428 -0.7520869 0.3591226 0.4213023 -0.8327878 0.3590379 0.4216379 -0.8326544 0.3825041 0.2584444 -0.8870722 0.3825013 0.2584515 -0.8870714 0.3850461 0.2331153 -0.8929708 0.4076464 0.08734118 -0.9089533 0.5100058 0.08721745 -0.8557379 0.4696317 0.2203198 -0.85493 0.4650473 0.2588928 -0.8465846 0.46513 0.2584615 -0.846671 0.4366256 0.4215136 -0.7947858 0.4365897 0.4216364 -0.7947404 0.3944063 0.5735748 -0.7179524 0.394344 0.5737271 -0.7178649 0.3411259 0.7056969 -0.6209872 0.3411516 0.7056527 -0.6210233 0.2756031 0.8199626 -0.5017015 0.2755316 0.8200529 -0.501593 0.203726 0.9060617 -0.3708748 0.2038959 0.9059175 -0.3711334 0.1255252 0.9654216 -0.2284833 0.1254325 0.9654676 -0.2283398 0.04186981 0.9962117 -0.07621961 0.0418595 0.9962131 -0.07620495 0.04891949 0.996212 -0.07189339 0.04893374 0.99621 -0.07191175 0.1466627 0.9654205 -0.2155306 0.1466487 0.9654265 -0.2155132 0.23805 0.9060615 -0.3498356 0.2381798 0.9059641 -0.3499992 0.3220522 0.8199511 -0.4732468 0.3222353 0.8197481 -0.4734742 0.3986206 0.7057228 -0.5857107 0.3982985 0.7062258 -0.5853234 0.4608343 0.5735852 -0.6772237 0.4608558 0.5735378 -0.6772491 0.5101588 0.4215266 -0.7497022 0.5101091 0.4216809 -0.7496492 0.5433976 0.2588543 -0.7985698 0.5433892 0.2588964 -0.7985618 0.5604305 0.08713805 -0.8236048 0.5605221 0.08624655 -0.8236361 0.636215 0.08707946 -0.7665818 0.6309298 0.2076166 -0.7475447 0.6054047 0.08636081 -0.7912188 0.726234 0.08763408 -0.6818391 0.6862897 0.2506762 -0.682765 0.684844 0.2584197 -0.6813281 0.6846399 0.2592756 -0.681208 0.6428741 0.4213767 -0.6396521 0.64298 0.4211 -0.6397277 0.5805249 0.5739186 -0.5775885 0.5804854 0.5739896 -0.5775576 0.5023085 0.7056279 -0.4997755 0.5023829 0.705531 -0.4998374 0.4057626 0.8199864 -0.4037067 0.4058282 0.8199269 -0.4037615 0.3000813 0.9059897 -0.2985529 0.2999966 0.9060419 -0.2984799 0.1848949 0.9653872 -0.1839602 0.1847958 0.9654226 -0.1838745 0.06157326 0.9962205 -0.06126606 0.06163787 0.996213 -0.06132239 0.06712299 0.9962198 -0.05514258 0.06722742 0.9962086 -0.05521684 0.2015407 0.9653911 -0.1655339 0.2014402 0.9654244 -0.1654624 0.3270989 0.9059902 -0.2686783 0.326957 0.9060714 -0.2685773 0.4423273 0.8199542 -0.3633481 0.44249 0.8198167 -0.3634603 0.5475281 0.7056545 -0.4497386 0.5472283 0.7060157 -0.4495366 0.6327856 0.5739063 -0.5198212 0.6330968 0.573381 -0.5200218 0.7007715 0.4214181 -0.5756094 0.700711 0.4215658 -0.5755749 0.7464894 0.2583937 -0.6131774 0.746339 0.2589953 -0.6131065 0.7697388 0.08753991 -0.6323282 0.7697799 0.08716917 -0.6323294 0.8263733 0.08783245 -0.5562307 0.8249329 0.1176037 -0.5528609 0.800518 0.08726537 -0.5929214 0.07642096 0.9962126 -0.04147654 0.07642358 0.9962124 -0.04147791 0.2291013 0.9654285 -0.1243405 0.2290257 0.9654507 -0.124307 0.3720793 0.9059653 -0.2019503 0.3721091 0.9059498 -0.2019648 0.5032328 0.8198507 -0.273133 0.5029886 0.8200367 -0.2730246 0.6224156 0.7060143 -0.3378502 0.6226085 0.705805 -0.3379321 0.7199202 0.5736109 -0.3907499 0.7198888 0.5736595 -0.3907365 0.7967897 0.4220081 -0.4324762 0.7969484 0.4216509 -0.4325317 0.8491637 0.2579131 -0.4608709 0.8488894 0.2589354 -0.460803 0.8490974 0.2580515 -0.4609156 0.8861239 0.08719927 -0.4551714 0.9329221 0.08686351 -0.3494439 0.9108132 0.142901 -0.3872966 0.8889065 0.2587965 -0.3779813 0.8888891 0.2588598 -0.3779787 0.8345463 0.4214251 -0.3548709 0.8344362 0.421666 -0.3548436 0.7538147 0.5735896 -0.3205594 0.7537698 0.5736569 -0.3205448 0.651605 0.7061353 -0.2770988 0.6518928 0.7058339 -0.2771901 0.5269272 0.8198463 -0.2240536 0.5267093 0.8200062 -0.2239805 0.3896044 0.9059577 -0.1656775 0.3896062 0.9059571 -0.1656776 0.2398853 0.9654269 -0.10201 0.2398059 0.9654495 -0.1019826 0.08002054 0.9962122 -0.03403043 0.08001589 0.9962126 -0.03402876 0.08288407 0.9962131 -0.02626377 0.08288645 0.9962128 -0.02626425 0.2485235 0.9654194 -0.07874953 0.2485064 0.9654241 -0.07874518 0.4035608 0.9059725 -0.1278777 0.4034978 0.9060027 -0.1278629 0.5458314 0.8198481 -0.1729663 0.5457062 0.8199374 -0.1729377 0.6750464 0.7060792 -0.2139265 0.675289 0.705832 -0.2139769 0.7808629 0.5736128 -0.2474299 0.7808483 0.573634 -0.2474273 0.8644738 0.4214851 -0.2739257 0.8643711 0.4217062 -0.2739097 0.9208349 0.2586784 -0.2918024 0.9208731 0.2585424 -0.2918022 0.9496839 0.08683747 -0.3009317 0.94963 0.08735132 -0.3009532 0.08500224 0.9962133 -0.01826667 0.0849983 0.9962137 -0.01826649 0.254875 0.9654216 -0.05477368 0.2547854 0.9654459 -0.05476051 0.4138346 0.9059967 -0.08894467 0.4140139 0.9059123 -0.08896869 0.5596745 0.8199388 -0.1202701 0.559737 0.8198949 -0.120278 0.6925548 0.7058478 -0.1488181 0.6924444 0.7059589 -0.1488046 0.800837 0.5736223 -0.1720979 0.8007667 0.573723 -0.1720892 0.8864646 0.4217677 -0.1905062 0.8866154 0.4214462 -0.1905159 0.9444637 0.2584594 -0.2029463 0.9443402 0.2589064 -0.2029511 0.9484336 0.2427487 -0.2038308 0.9772975 0.08702796 -0.1931726 0.9930692 0.08716648 -0.07883876 0.972091 0.2051914 -0.1137349 0.9594267 0.2586497 -0.1122531 0.9593827 0.2588111 -0.1122576 0.9005777 0.4217292 -0.1053768 0.9007044 0.4214597 -0.1053726 0.8135613 0.5736368 -0.09517782 0.8135113 0.5737079 -0.09517681 0.7034358 0.7059781 -0.08229851 0.7034203 0.7059937 -0.0822966 0.5687047 0.8198464 -0.06653559 0.5686637 0.819875 -0.06653356 0.4205058 0.905955 -0.0491991 0.4205651 0.9059274 -0.04920148 0.2588942 0.9654308 -0.03028774 0.2588478 0.9654433 -0.03028494 0.0863282 0.9962157 -0.0101003 0.08634442 0.9962142 -0.01010084 0.08689725 0.9962157 -0.001851201 0.08691859 0.9962137 -0.001849949 0.2606154 0.9654268 -0.005546987 0.2605805 0.9654362 -0.005548596 0.4232544 0.9059661 -0.00901246 0.4233996 0.9058983 -0.009003579 0.5724306 0.8198628 -0.01217269 0.572214 0.8200138 -0.01218599 0.7080773 0.7059739 -0.01507931 0.708297 0.7057539 -0.01506447 0.8189076 0.5736612 -0.01741701 0.8187793 0.5738439 -0.01742899 0.9065266 0.4217075 -0.01929682 0.9065896 0.4215725 -0.01928824 0.9657518 0.2586532 -0.02054691 0.9658061 0.2584515 -0.02053606 0.9959771 0.08707082 -0.02117764 0.9959605 0.08725798 -0.02118867 0.08670246 0.9962136 0.006422042 0.08670353 0.9962134 0.00642246 0.2599315 0.9654352 0.01925414 0.2599768 0.9654228 0.01926028 0.4223382 0.9058982 0.0312888 0.4220799 0.9060199 0.03124874 0.5708137 0.8199915 0.04226028 0.5710253 0.8198423 0.04229515 0.7064719 0.7058041 0.05232751 0.7064335 0.7058429 0.05232095 0.8167827 0.5737653 0.06049382 0.8168528 0.5736642 0.06050759 0.9043168 0.4215733 0.06698638 0.9042301 0.4217621 0.06696742 0.9633869 0.2584477 0.0713486 0.9633725 0.2585015 0.0713467 0.976018 0.2053394 0.0722832 0.9926491 0.08727562 0.08384859 0.9763077 0.08713841 0.1980664 0.9562005 0.242949 0.1632675 0.9522252 0.2585191 0.1625887 0.9522476 0.2584298 0.1625992 0.8937368 0.4218354 0.1526083 0.893757 0.4217908 0.1526144 0.8073436 0.573752 0.1378588 0.8074487 0.5735968 0.137889 0.6981825 0.7059218 0.1192295 0.6981847 0.7059193 0.1192317 0.5646077 0.8197081 0.09642016 0.5644334 0.8198335 0.09637528 0.4171687 0.9060335 0.07123029 0.4172116 0.9060128 0.07124108 0.2569781 0.9654206 0.0438801 0.2569537 0.9654273 0.04387456 0.08567911 0.9962154 0.01462954 0.08570408 0.9962132 0.01463532 0.08390307 0.9962152 0.02270913 0.0839188 0.9962137 0.02271491 0.2516529 0.9654175 0.06811612 0.2515476 0.9654476 0.06807971 0.4084643 0.9060553 0.1105481 0.4087296 0.905924 0.1106425 0.5529276 0.8196757 0.1496761 0.5525355 0.8199656 0.1495358 0.6836602 0.7059571 0.1850227 0.6837021 0.7059127 0.1850373 0.7905945 0.5737409 0.2139668 0.7905687 0.57378 0.2139572 0.8751854 0.42184 0.2368576 0.8752769 0.4216272 0.2368987 0.9324462 0.2585585 0.2523719 0.9324921 0.2583678 0.2523977 0.9616028 0.08704006 0.2602771 0.9615899 0.08722639 0.2602622 0.9324942 0.08720749 0.350499 0.9243149 0.1479842 0.3517711 0.9467585 0.08729153 0.3098851 0.8838331 0.0872513 0.4595938 0.8680498 0.2576736 0.4243748 0.867857 0.2584766 0.4242808 0.8678729 0.2583997 0.424295 0.8146242 0.4216337 0.3982622 0.8147085 0.4214144 0.3983213 0.7355791 0.5740966 0.3596339 0.7355059 0.5742194 0.3595875 0.6363397 0.7058932 0.3111053 0.6366161 0.7055693 0.3112748 0.5145916 0.8196876 0.2516106 0.5143138 0.8199125 0.2514454 0.3802629 0.9060012 0.1859086 0.3804256 0.9059135 0.1860032 0.2341721 0.9654296 0.114495 0.2341326 0.965442 0.114472 0.07811236 0.9962128 0.03819018 0.07809764 0.9962143 0.03818202 0.8247417 0.087354 0.5587223 0.8467461 0.1166874 0.5190425 0.8236081 0.2584334 0.5048586 0.8236007 0.2584748 0.5048493 0.7729694 0.4219232 0.4738135 0.773081 0.4216105 0.4739096 0.6984491 0.5734533 0.4281591 0.6980525 0.574168 0.4278479 0.6038432 0.7059711 0.3701057 0.6039143 0.705883 0.370158 0.4881935 0.8198348 0.2992292 0.4883873 0.8196677 0.2993706 0.3607596 0.9060631 0.2211378 0.3608489 0.9060121 0.2212017 0.2221494 0.965456 0.1361786 0.2222329 0.9654284 0.1362382 0.07412892 0.9962127 0.04544407 0.07413303 0.9962123 0.04544705 0.06947785 0.9962127 0.05228066 0.06946849 0.9962137 0.05227333 0.2082121 0.9654541 0.1566724 0.2083971 0.9653879 0.1568338 0.338061 0.9060838 0.254415 0.3380153 0.9061119 0.2543756 0.4575246 0.8198293 0.3443129 0.4576798 0.8196844 0.3444513 0.5658981 0.7059547 0.425896 0.5657474 0.7061576 0.4257598 0.654595 0.5734354 0.4926229 0.6546657 0.5732979 0.4926891 0.7244012 0.4219381 0.5451708 0.724308 0.4222226 0.5450744 0.7718763 0.2584468 0.5808721 0.7719216 0.2581923 0.5809251 0.7959646 0.08727216 0.5990191 0.7959562 0.0875557 0.598989 0.06418502 0.9962136 0.05864256 0.06418907 0.996213 0.05864703 0.1925589 0.9653852 0.1759332 0.1924666 0.9654213 0.1758361 0.3123027 0.9061244 0.285317 0.3126617 0.9058805 0.2856981 0.4228715 0.8196783 0.386403 0.4225912 0.8199661 0.3860991 0.5227118 0.7061835 0.4775745 0.5228919 0.705915 0.4777739 0.6048895 0.5732678 0.552696 0.6047225 0.5736278 0.5525052 0.6692269 0.4222286 0.6114397 0.6693708 0.4217404 0.611619 0.7131989 0.2582232 0.6516657 0.7131792 0.2583521 0.6516362 0.714714 0.2504498 0.6530382 0.7227846 0.0872839 0.6855391 0.6386555 0.08829081 0.7644109 0.6587918 0.188143 0.72842 0.6481696 0.2573967 0.7166751 0.6480483 0.2583464 0.716443 0.6079703 0.4226182 0.6721355 0.6081886 0.4217689 0.6724713 0.5496045 0.5732727 0.6076951 0.5494761 0.5735872 0.6075145 0.4751517 0.7058685 0.5253386 0.4751162 0.7059262 0.525293 0.3839871 0.8199517 0.4245387 0.3839591 0.8199834 0.4245029 0.2840204 0.905941 0.3140119 0.2841145 0.9058694 0.3141332 0.1747997 0.9654493 0.1932686 0.1748574 0.9654241 0.1933423 0.05830293 0.9962154 0.06446617 0.05832064 0.9962128 0.06448882 0.05191427 0.9962158 0.06970739 0.05193549 0.9962123 0.06974077 0.1556457 0.9654484 0.2090067 0.1556888 0.9654271 0.2090732 0.2528738 0.9059463 0.3395825 0.2527963 0.906013 0.3394622 0.3419036 0.8199475 0.4591168 0.3420487 0.8197572 0.4593485 0.423058 0.7058603 0.5681402 0.4229626 0.7060454 0.5679811 0.4893816 0.5732622 0.6571729 0.4894065 0.5731927 0.6572151 0.5412873 0.4226658 0.7268849 0.5413516 0.4223737 0.7270069 0.5771217 0.2573607 0.7750458 0.5770401 0.2581559 0.7748422 0.5949562 0.0882349 0.7989004 0.5949554 0.08763825 0.7989667 0.04506874 0.9962126 0.07435989 0.04506921 0.9962124 0.07436168 0.1351138 0.965426 0.2229282 0.1351271 0.965418 0.2229548 0.219372 0.9060155 0.3619557 0.219333 0.9060558 0.3618785 0.2968488 0.8197577 0.4897737 0.2967969 0.8198388 0.4896692 0.367068 0.7060479 0.6056051 0.3673282 0.7054489 0.606145 0.424694 0.5731537 0.7008067 0.4244934 0.5738381 0.700368 0.4698116 0.4224191 0.7751381 0.469962 0.4215774 0.7755052 0.5007042 0.2581337 0.8262339 0.5006364 0.2589805 0.8260099 0.5055275 0.2208101 0.8340774 0.5057115 0.08749508 0.8582544 0.4032124 0.08704626 0.9109572 0.4227833 0.2323596 0.8759357 0.4199455 0.2581809 0.8700509 0.4198976 0.2590315 0.8698212 0.3940992 0.4221512 0.8163786 0.3941791 0.4215627 0.8166443 0.3560057 0.5738186 0.7375583 0.3560031 0.5738303 0.7375504 0.3077941 0.7061416 0.6376731 0.3080419 0.7054287 0.6383421 0.2488868 0.819786 0.5157579 0.2488591 0.8198394 0.5156865 0.1841005 0.9058529 0.381494 0.1839405 0.9060569 0.3810863 0.113255 0.9654622 0.2346404 0.1133168 0.9654171 0.2347961 0.0377615 0.996219 0.07824283 0.03778922 0.9962125 0.07831257 0.03016078 0.996219 0.0814743 0.03017985 0.9962131 0.08153939 0.09043794 0.965462 0.2443445 0.09051632 0.9653863 0.2446146 0.1470049 0.9058521 0.3972677 0.1469038 0.9060215 0.3969187 0.1987791 0.8197763 0.5370791 0.1986686 0.8200618 0.5366837 0.2458055 0.7061561 0.6640204 0.2459163 0.7057244 0.6644383 0.2842687 0.5738239 0.7680609 0.2843435 0.5733742 0.7683691 0.3146182 0.4221517 0.8501785 0.3146266 0.4220606 0.8502207 0.3352831 0.2582149 0.9060411 0.3352791 0.2583102 0.9060153 0.3457444 0.08693796 0.9342926 0.3457356 0.08665013 0.9343226 0.2554183 0.08749109 0.9628639 0.2463405 0.1788878 0.9525311 0.2955693 0.08675873 0.9513737 0.1361315 0.08623021 0.9869309 0.1579451 0.2550737 0.9539344 0.1577749 0.2589691 0.9529125 0.1577724 0.2588366 0.9529488 0.1480735 0.4221139 0.8943681 0.1480717 0.4217005 0.8945633 0.1338372 0.5729976 0.8085551 0.1338255 0.5733451 0.8083106 0.1156333 0.7062759 0.6984292 0.1156378 0.7062109 0.6984943 0.09350758 0.8198992 0.5648202 0.09350413 0.8199287 0.564778 0.0692014 0.9058133 0.4179876 0.06919914 0.9058275 0.4179571 0.04257601 0.9654308 0.2571589 0.04255312 0.9654989 0.2569069 0.01419591 0.9962193 0.08570677 0.01420629 0.9962099 0.08581513 0.005979478 0.9962196 0.08666545 0.005979478 0.9962127 0.08674401 0.01792579 0.9654298 0.2600463 0.01792585 0.9654758 0.2598753 0.02915591 0.9058097 0.4226805 0.02915859 0.9059994 0.4222736 0.0394383 0.8198994 0.5711477 0.03943097 0.8195176 0.571696 0.048711 0.7062919 0.7062429 0.04870557 0.7060747 0.7064604 0.0563687 0.5729966 0.8176169 0.05641078 0.5742577 0.8167288 0.06246685 0.4220994 0.9043949 0.06241798 0.4209495 0.9049341 0.06646358 0.2590034 0.963587 0.06645089 0.2587563 0.9636543 0.06853979 0.08611744 0.9939247 0.06858694 0.08690792 0.9938526 0.06602925 0 -0.9978177 0.2380902 0 -0.9712431 0.4032121 0 -0.9151065 0.5559693 0 -0.8312029 0.6920059 0 -0.7218919 0.8067905 0 -0.5908377 0.8067903 0 -0.590838 0.8970632 0 -0.4419024 0.9602182 0 -0.2792509 0.9602183 0 -0.2792508 0.9941098 0 -0.108379 0.9978224 0 0.06595879 0.971207 0 0.2382371 0.9151038 0 0.4032184 0.8311643 0 0.5560271 0.7220143 0 0.6918782 0.5907862 0 0.8068283 0.4419287 0 0.8970502 0.2793421 0 0.9601917 0.1083037 0 0.9941179 0.06584483 0 -0.99783 0.2380844 0 -0.9712445 0.4034074 0 -0.9150205 0.5559923 0 -0.8311875 0.555992 0 -0.8311878 0.6918902 0 -0.7220028 0.8066721 0 -0.5909994 0.8970746 0 -0.4418793 0.8970746 0 -0.441879 0.9602193 0 -0.2792474 0.9941331 0 -0.1081644 0.9978284 0 0.06586784 0.9712048 0 0.2382465 0.9151912 0 0.40302 0.8309708 0 0.556316 0.7223378 0 0.6915405 0.5909994 0 0.8066721 0.44132 0 0.8973498 0.4413197 0 0.89735 0.2787892 0 0.9603524 0.2787894 0 0.9603523 0.1092021 0 0.9940196 0.07736843 -0.7057226 0.7042512 0.1975219 -0.7057194 0.6804009 0.3126558 -0.7057476 0.6357411 0.4186928 -0.7057621 0.571486 0.5117583 -0.7057467 0.4899237 0.588713 -0.7057383 0.3941454 0.64838 -0.705747 0.2855252 0.6880594 -0.7057513 0.168788 0.7069181 -0.7057544 0.04666453 0.7042986 -0.7057543 -0.07664513 0.6802671 -0.7057656 -0.1978173 0.635524 -0.7057705 -0.3130452 0.5714861 -0.705762 -0.418693 0.4901728 -0.7057563 -0.5115063 0.3938999 -0.7057611 -0.5888499 0.2857943 -0.7057601 -0.6482471 0.1686717 -0.7057654 -0.6880735 0.04664814 -0.7057551 -0.7069185</float_array>
          <technique_common>
            <accessor source="#BOX_PAD1_0_simple_007-mesh-normals-array" count="2963" stride="3">
              <param name="X" type="float"/>
              <param name="Y" type="float"/>
              <param name="Z" type="float"/>
            </accessor>
          </technique_common>
        </source>
        <vertices id="BOX_PAD1_0_simple_007-mesh-vertices">
          <input semantic="POSITION" source="#BOX_PAD1_0_simple_007-mesh-positions"/>
        </vertices>
        <triangles count="3234">
          <input semantic="VERTEX" source="#BOX_PAD1_0_simple_007-mesh-vertices" offset="0"/>
          <input semantic="NORMAL" source="#BOX_PAD1_0_simple_007-mesh-normals" offset="1"/>
          <p>0 0 1 0 2 0 0 1 2 1 3 1 4 2 3 2 2 2 5 3 4 3 2 3 6 4 5 4 2 4 7 5 6 5 2 5 8 6 7 6 2 6 9 7 8 7 2 7 10 8 9 8 2 8 11 9 10 9 2 9 12 10 11 10 2 10 13 11 12 11 2 11 14 12 13 12 2 12 15 13 14 13 2 13 16 14 15 14 2 14 17 15 16 15 2 15 18 16 17 16 2 16 19 17 18 17 2 17 19 18 20 18 21 18 19 18 21 18 18 18 18 19 21 19 22 19 18 19 22 19 17 19 17 20 22 20 23 20 17 20 23 20 16 20 16 21 23 21 24 21 16 22 24 22 15 22 15 23 24 23 25 23 15 23 25 23 14 23 14 24 25 24 26 24 14 24 26 24 13 24 13 25 26 25 27 25 13 26 27 26 12 26 12 27 27 27 28 27 12 27 28 27 11 27 11 28 28 28 29 28 11 28 29 28 10 28 10 29 29 29 30 29 10 29 30 29 9 29 9 30 30 30 31 30 9 30 31 30 8 30 8 31 31 31 32 31 8 31 32 31 7 31 7 32 32 32 33 32 7 32 33 32 6 32 6 33 33 33 34 33 6 33 34 33 5 33 5 34 34 34 35 34 5 34 35 34 4 34 4 35 35 35 36 35 4 36 36 36 3 36 3 37 36 37 37 37 3 38 37 38 0 38 0 39 37 39 38 39 0 39 38 39 1 39 39 40 40 40 41 40 41 41 40 41 42 41 41 42 42 42 43 42 43 40 42 40 44 40 43 40 44 40 45 40 45 43 44 43 46 43 45 40 46 40 47 40 47 40 46 40 48 40 47 40 48 40 49 40 49 44 48 44 50 44 49 40 50 40 51 40 51 45 50 45 52 45 51 40 52 40 53 40 53 46 52 46 54 46 53 40 54 40 55 40 55 47 54 47 56 47 55 40 56 40 57 40 57 48 56 48 58 48 57 49 58 49 59 49 59 40 58 40 60 40 59 40 60 40 61 40 61 40 60 40 62 40 61 40 62 40 63 40 63 40 62 40 64 40 63 40 64 40 65 40 65 50 64 50 66 50 65 40 66 40 67 40 67 51 66 51 68 51 67 40 68 40 69 40 69 40 68 40 70 40 69 40 70 40 71 40 71 40 70 40 72 40 71 40 72 40 20 40 20 40 72 40 73 40 20 40 73 40 21 40 21 40 73 40 74 40 21 40 74 40 22 40 22 52 74 52 75 52 22 53 75 53 23 53 23 40 75 40 76 40 23 40 76 40 24 40 24 54 76 54 77 54 24 40 77 40 25 40 25 40 77 40 78 40 25 40 78 40 26 40 26 55 78 55 79 55 26 40 79 40 27 40 27 56 79 56 80 56 27 40 80 40 28 40 28 57 80 57 81 57 28 40 81 40 29 40 29 58 81 58 82 58 29 40 82 40 30 40 30 59 82 59 83 59 30 60 83 60 31 60 31 40 83 40 84 40 31 40 84 40 32 40 32 40 84 40 85 40 32 40 85 40 33 40 33 40 85 40 86 40 33 40 86 40 34 40 34 61 86 61 87 61 34 40 87 40 35 40 35 62 87 62 88 62 35 40 88 40 36 40 36 40 88 40 89 40 36 40 89 40 37 40 37 40 89 40 90 40 37 40 90 40 38 40 38 40 90 40 91 40 38 40 91 40 39 40 39 40 91 40 40 40 91 63 92 63 40 63 40 63 92 63 93 63 40 64 93 64 42 64 42 64 93 64 94 64 42 65 94 65 44 65 44 65 94 65 95 65 44 66 95 66 46 66 46 66 95 66 96 66 46 67 96 67 48 67 48 67 96 67 97 67 48 68 97 68 50 68 50 69 97 69 98 69 50 70 98 70 52 70 52 70 98 70 99 70 52 71 99 71 54 71 54 72 99 72 100 72 54 73 100 73 56 73 56 73 100 73 101 73 56 74 101 74 58 74 58 74 101 74 102 74 58 75 102 75 60 75 60 75 102 75 103 75 60 76 103 76 62 76 62 76 103 76 104 76 62 77 104 77 64 77 64 77 104 77 105 77 64 78 105 78 66 78 66 78 105 78 106 78 66 79 106 79 68 79 68 79 106 79 107 79 68 80 107 80 70 80 70 80 107 80 108 80 70 81 108 81 72 81 72 81 108 81 109 81 72 82 109 82 73 82 73 82 109 82 110 82 111 83 112 83 113 83 114 84 115 84 116 84 117 85 118 85 119 85 120 86 121 86 122 86 123 87 124 87 125 87 126 88 127 88 128 88 129 89 130 89 131 89 132 90 133 90 134 90 135 91 136 91 137 91 138 92 139 92 140 92 141 93 142 93 143 93 144 94 145 94 146 94 147 95 148 95 149 95 150 96 151 96 152 96 153 97 154 97 155 97 156 98 157 98 158 98 159 99 160 99 161 99 162 100 163 100 164 100 165 101 166 101 167 101 167 102 166 102 168 102 167 103 168 103 169 103 169 104 168 104 170 104 169 105 170 105 171 105 171 106 170 106 172 106 171 107 172 107 173 107 173 108 172 108 174 108 173 109 174 109 175 109 175 110 174 110 176 110 175 111 176 111 177 111 177 112 176 112 178 112 177 113 178 113 179 113 179 114 178 114 180 114 179 115 180 115 181 115 181 116 180 116 152 116 182 117 183 117 184 117 184 118 183 118 185 118 184 119 185 119 186 119 186 120 185 120 187 120 186 121 187 121 188 121 188 122 187 122 189 122 188 123 189 123 190 123 190 124 189 124 191 124 190 125 191 125 192 125 192 126 191 126 193 126 192 127 193 127 194 127 194 128 193 128 195 128 194 129 195 129 196 129 196 130 195 130 197 130 196 131 197 131 198 131 198 132 197 132 149 132 199 133 200 133 201 133 201 134 200 134 202 134 201 135 202 135 203 135 203 136 202 136 204 136 203 137 204 137 205 137 205 138 204 138 206 138 205 139 206 139 207 139 207 140 206 140 208 140 207 141 208 141 209 141 209 142 208 142 210 142 209 143 210 143 211 143 211 144 210 144 212 144 211 145 212 145 213 145 213 146 212 146 214 146 213 147 214 147 215 147 215 148 214 148 131 148 216 149 217 149 218 149 218 150 217 150 219 150 218 151 219 151 220 151 220 152 219 152 221 152 220 153 221 153 222 153 222 154 221 154 223 154 222 155 223 155 224 155 224 156 223 156 225 156 224 157 225 157 226 157 226 158 225 158 227 158 226 159 227 159 228 159 228 160 227 160 229 160 228 161 229 161 230 161 230 162 229 162 231 162 230 163 231 163 232 163 232 164 231 164 113 164 233 165 234 165 235 165 235 166 234 166 236 166 235 167 236 167 237 167 237 168 236 168 238 168 237 169 238 169 239 169 239 170 238 170 240 170 239 171 240 171 241 171 241 172 240 172 242 172 241 173 242 173 243 173 243 174 242 174 244 174 243 175 244 175 245 175 245 176 244 176 246 176 245 177 246 177 247 177 247 178 246 178 248 178 247 179 248 179 249 179 249 180 248 180 164 180 249 181 164 181 250 181 250 182 164 182 163 182 234 183 251 183 236 183 236 184 251 184 252 184 236 185 252 185 238 185 238 186 252 186 253 186 238 187 253 187 240 187 240 188 253 188 254 188 240 189 254 189 242 189 242 190 254 190 255 190 242 191 255 191 244 191 244 192 255 192 256 192 244 193 256 193 246 193 246 194 256 194 257 194 246 195 257 195 248 195 248 196 257 196 258 196 248 197 258 197 164 197 164 198 258 198 161 198 164 199 161 199 162 199 162 200 161 200 160 200 259 201 159 201 260 201 260 202 159 202 161 202 260 203 161 203 261 203 261 204 161 204 258 204 261 205 258 205 262 205 262 206 258 206 257 206 262 207 257 207 263 207 263 208 257 208 256 208 263 209 256 209 264 209 264 210 256 210 255 210 264 211 255 211 265 211 265 212 255 212 254 212 265 213 254 213 266 213 266 214 254 214 253 214 266 215 253 215 267 215 267 216 253 216 252 216 267 217 252 217 268 217 268 218 252 218 251 218 268 219 269 219 267 219 267 220 269 220 270 220 267 221 270 221 266 221 266 222 270 222 271 222 266 223 271 223 265 223 265 224 271 224 272 224 265 225 272 225 264 225 264 226 272 226 273 226 264 227 273 227 263 227 263 228 273 228 274 228 263 229 274 229 262 229 262 230 274 230 275 230 262 231 275 231 261 231 261 232 275 232 276 232 261 233 276 233 260 233 260 234 276 234 158 234 260 235 158 235 259 235 259 236 158 236 157 236 269 237 277 237 270 237 270 238 277 238 278 238 270 239 278 239 271 239 271 240 278 240 279 240 271 241 279 241 272 241 272 242 279 242 280 242 272 243 280 243 273 243 273 244 280 244 281 244 273 245 281 245 274 245 274 246 281 246 282 246 274 247 282 247 275 247 275 248 282 248 283 248 275 249 283 249 276 249 276 250 283 250 284 250 276 251 284 251 158 251 158 252 284 252 155 252 158 253 155 253 156 253 156 254 155 254 154 254 285 255 153 255 286 255 286 256 153 256 155 256 286 257 155 257 287 257 287 258 155 258 284 258 287 259 284 259 288 259 288 260 284 260 283 260 288 261 283 261 289 261 289 262 283 262 282 262 289 263 282 263 290 263 290 264 282 264 281 264 290 265 281 265 291 265 291 266 281 266 280 266 291 267 280 267 292 267 292 268 280 268 279 268 292 269 279 269 293 269 293 270 279 270 278 270 293 271 278 271 294 271 294 272 278 272 277 272 294 273 165 273 293 273 293 274 165 274 167 274 293 275 167 275 292 275 292 276 167 276 169 276 292 277 169 277 291 277 291 278 169 278 171 278 291 279 171 279 290 279 290 280 171 280 173 280 290 281 173 281 289 281 289 282 173 282 175 282 289 283 175 283 288 283 288 284 175 284 177 284 288 285 177 285 287 285 287 286 177 286 179 286 287 287 179 287 286 287 286 288 179 288 181 288 286 289 181 289 285 289 285 290 181 290 295 290 152 291 151 291 181 291 181 292 151 292 296 292 181 293 296 293 295 293 297 294 150 294 298 294 298 295 150 295 152 295 298 296 152 296 299 296 299 297 152 297 180 297 299 298 180 298 300 298 300 299 180 299 178 299 300 300 178 300 301 300 301 301 178 301 176 301 301 302 176 302 302 302 302 303 176 303 174 303 302 304 174 304 303 304 303 305 174 305 172 305 303 306 172 306 304 306 304 307 172 307 170 307 304 308 170 308 305 308 305 309 170 309 168 309 305 310 168 310 306 310 306 311 168 311 166 311 306 312 182 312 305 312 305 313 182 313 184 313 305 314 184 314 304 314 304 315 184 315 186 315 304 316 186 316 303 316 303 317 186 317 188 317 303 318 188 318 302 318 302 319 188 319 190 319 302 320 190 320 301 320 301 321 190 321 192 321 301 322 192 322 300 322 300 323 192 323 194 323 300 324 194 324 299 324 299 325 194 325 196 325 299 326 196 326 298 326 298 327 196 327 198 327 298 328 198 328 297 328 297 329 198 329 307 329 149 330 148 330 198 330 198 331 148 331 308 331 198 332 308 332 307 332 183 333 309 333 185 333 185 334 309 334 310 334 185 335 310 335 187 335 187 336 310 336 311 336 187 337 311 337 189 337 189 338 311 338 312 338 189 339 312 339 191 339 191 340 312 340 313 340 191 341 313 341 193 341 193 342 313 342 314 342 193 343 314 343 195 343 195 344 314 344 315 344 195 345 315 345 197 345 197 346 315 346 316 346 197 347 316 347 149 347 149 348 316 348 146 348 149 349 146 349 147 349 147 350 146 350 145 350 317 351 144 351 318 351 318 352 144 352 146 352 318 353 146 353 319 353 319 354 146 354 316 354 319 355 316 355 320 355 320 356 316 356 315 356 320 357 315 357 321 357 321 358 315 358 314 358 321 359 314 359 322 359 322 360 314 360 313 360 322 361 313 361 323 361 323 362 313 362 312 362 323 363 312 363 324 363 324 364 312 364 311 364 324 365 311 365 325 365 325 366 311 366 310 366 325 367 310 367 326 367 326 368 310 368 309 368 326 369 327 369 325 369 325 370 327 370 328 370 325 371 328 371 324 371 324 372 328 372 329 372 324 373 329 373 323 373 323 374 329 374 330 374 323 375 330 375 322 375 322 376 330 376 331 376 322 377 331 377 321 377 321 378 331 378 332 378 321 379 332 379 320 379 320 380 332 380 333 380 320 381 333 381 319 381 319 382 333 382 334 382 319 383 334 383 318 383 318 384 334 384 143 384 318 385 143 385 317 385 317 386 143 386 142 386 327 387 335 387 328 387 328 388 335 388 336 388 328 389 336 389 329 389 329 390 336 390 337 390 329 391 337 391 330 391 330 392 337 392 338 392 330 393 338 393 331 393 331 394 338 394 339 394 331 395 339 395 332 395 332 396 339 396 340 396 332 397 340 397 333 397 333 398 340 398 341 398 333 399 341 399 334 399 334 400 341 400 342 400 334 401 342 401 143 401 143 402 342 402 140 402 143 403 140 403 141 403 141 404 140 404 139 404 343 405 138 405 344 405 344 406 138 406 140 406 344 407 140 407 345 407 345 408 140 408 342 408 345 409 342 409 346 409 346 410 342 410 341 410 346 411 341 411 347 411 347 412 341 412 340 412 347 413 340 413 348 413 348 414 340 414 339 414 348 415 339 415 349 415 349 416 339 416 338 416 349 417 338 417 350 417 350 418 338 418 337 418 350 419 337 419 351 419 351 420 337 420 336 420 351 421 336 421 352 421 352 422 336 422 335 422 352 423 353 423 351 423 351 424 353 424 354 424 351 425 354 425 350 425 350 426 354 426 355 426 350 427 355 427 349 427 349 428 355 428 356 428 349 429 356 429 348 429 348 430 356 430 357 430 348 431 357 431 347 431 347 432 357 432 358 432 347 433 358 433 346 433 346 434 358 434 359 434 346 435 359 435 345 435 345 436 359 436 360 436 345 437 360 437 344 437 344 438 360 438 137 438 344 439 137 439 343 439 343 440 137 440 136 440 353 441 361 441 354 441 354 442 361 442 362 442 354 443 362 443 355 443 355 444 362 444 363 444 355 445 363 445 356 445 356 446 363 446 364 446 356 447 364 447 357 447 357 448 364 448 365 448 357 449 365 449 358 449 358 450 365 450 366 450 358 451 366 451 359 451 359 452 366 452 367 452 359 453 367 453 360 453 360 454 367 454 368 454 360 455 368 455 137 455 137 456 368 456 134 456 137 457 134 457 135 457 135 458 134 458 133 458 369 459 132 459 370 459 370 460 132 460 134 460 370 461 134 461 371 461 371 462 134 462 368 462 371 463 368 463 372 463 372 464 368 464 367 464 372 465 367 465 373 465 373 466 367 466 366 466 373 467 366 467 374 467 374 468 366 468 365 468 374 469 365 469 375 469 375 470 365 470 364 470 375 471 364 471 376 471 376 472 364 472 363 472 376 473 363 473 377 473 377 474 363 474 362 474 377 475 362 475 378 475 378 476 362 476 361 476 378 477 199 477 377 477 377 478 199 478 201 478 377 479 201 479 376 479 376 480 201 480 203 480 376 481 203 481 375 481 375 482 203 482 205 482 375 483 205 483 374 483 374 484 205 484 207 484 374 485 207 485 373 485 373 486 207 486 209 486 373 487 209 487 372 487 372 488 209 488 211 488 372 489 211 489 371 489 371 490 211 490 213 490 371 491 213 491 370 491 370 492 213 492 215 492 370 493 215 493 369 493 369 494 215 494 379 494 131 495 130 495 215 495 215 496 130 496 380 496 215 497 380 497 379 497 127 498 129 498 128 498 128 499 129 499 131 499 128 500 131 500 381 500 381 501 131 501 214 501 381 502 214 502 382 502 382 503 214 503 212 503 382 504 212 504 383 504 383 505 212 505 210 505 383 506 210 506 384 506 384 507 210 507 208 507 384 508 208 508 385 508 385 509 208 509 206 509 385 510 206 510 386 510 386 511 206 511 204 511 386 512 204 512 387 512 387 513 204 513 202 513 387 514 202 514 388 514 388 515 202 515 200 515 389 516 126 516 390 516 390 517 126 517 128 517 390 518 128 518 391 518 391 519 128 519 381 519 391 520 381 520 392 520 392 521 381 521 382 521 392 522 382 522 393 522 393 523 382 523 383 523 393 524 383 524 394 524 394 525 383 525 384 525 394 526 384 526 395 526 395 527 384 527 385 527 395 528 385 528 396 528 396 529 385 529 386 529 396 530 386 530 397 530 397 531 386 531 387 531 397 532 387 532 398 532 398 533 387 533 388 533 398 534 399 534 397 534 397 535 399 535 400 535 397 536 400 536 396 536 396 537 400 537 401 537 396 538 401 538 395 538 395 539 401 539 402 539 395 540 402 540 394 540 394 541 402 541 403 541 394 542 403 542 393 542 393 543 403 543 404 543 393 544 404 544 392 544 392 545 404 545 405 545 392 546 405 546 391 546 391 547 405 547 406 547 391 548 406 548 390 548 390 549 406 549 125 549 390 550 125 550 389 550 389 551 125 551 124 551 399 552 407 552 400 552 400 553 407 553 408 553 400 554 408 554 401 554 401 555 408 555 409 555 401 556 409 556 402 556 402 557 409 557 410 557 402 558 410 558 403 558 403 559 410 559 411 559 403 560 411 560 404 560 404 561 411 561 412 561 404 562 412 562 405 562 405 563 412 563 413 563 405 564 413 564 406 564 406 565 413 565 414 565 406 566 414 566 125 566 125 567 414 567 122 567 125 568 122 568 123 568 123 569 122 569 121 569 415 570 120 570 416 570 416 571 120 571 122 571 416 572 122 572 417 572 417 573 122 573 414 573 417 574 414 574 418 574 418 575 414 575 413 575 418 576 413 576 419 576 419 577 413 577 412 577 419 578 412 578 420 578 420 579 412 579 411 579 420 580 411 580 421 580 421 581 411 581 410 581 421 582 410 582 422 582 422 583 410 583 409 583 422 584 409 584 423 584 423 585 409 585 408 585 423 586 408 586 424 586 424 587 408 587 407 587 424 588 425 588 423 588 423 589 425 589 426 589 423 590 426 590 422 590 422 591 426 591 427 591 422 592 427 592 421 592 421 593 427 593 428 593 421 594 428 594 420 594 420 595 428 595 429 595 420 596 429 596 419 596 419 597 429 597 430 597 419 598 430 598 418 598 418 599 430 599 431 599 418 600 431 600 417 600 417 601 431 601 432 601 417 602 432 602 416 602 416 603 432 603 119 603 416 604 119 604 415 604 415 605 119 605 118 605 425 606 433 606 426 606 426 607 433 607 434 607 426 608 434 608 427 608 427 609 434 609 435 609 427 610 435 610 428 610 428 611 435 611 436 611 428 612 436 612 429 612 429 613 436 613 437 613 429 614 437 614 430 614 430 615 437 615 438 615 430 616 438 616 431 616 431 617 438 617 439 617 431 618 439 618 432 618 432 619 439 619 440 619 432 620 440 620 119 620 119 621 440 621 116 621 119 622 116 622 117 622 117 623 116 623 115 623 441 624 114 624 442 624 442 625 114 625 116 625 442 626 116 626 443 626 443 627 116 627 440 627 443 628 440 628 444 628 444 629 440 629 439 629 444 630 439 630 445 630 445 631 439 631 438 631 445 632 438 632 446 632 446 633 438 633 437 633 446 634 437 634 447 634 447 635 437 635 436 635 447 636 436 636 448 636 448 637 436 637 435 637 448 638 435 638 449 638 449 639 435 639 434 639 449 640 434 640 450 640 450 641 434 641 433 641 450 642 216 642 449 642 449 643 216 643 218 643 449 644 218 644 448 644 448 645 218 645 220 645 448 646 220 646 447 646 447 647 220 647 222 647 447 648 222 648 446 648 446 649 222 649 224 649 446 650 224 650 445 650 445 651 224 651 226 651 445 652 226 652 444 652 444 653 226 653 228 653 444 654 228 654 443 654 443 655 228 655 230 655 443 656 230 656 442 656 442 657 230 657 232 657 442 658 232 658 441 658 441 659 232 659 451 659 113 660 112 660 232 660 232 661 112 661 452 661 232 662 452 662 451 662 453 663 111 663 454 663 454 664 111 664 113 664 454 665 113 665 455 665 455 666 113 666 231 666 455 667 231 667 456 667 456 668 231 668 229 668 456 669 229 669 457 669 457 670 229 670 227 670 457 671 227 671 458 671 458 672 227 672 225 672 458 673 225 673 459 673 459 674 225 674 223 674 459 675 223 675 460 675 460 676 223 676 221 676 460 677 221 677 461 677 461 678 221 678 219 678 461 679 219 679 462 679 462 680 219 680 217 680 462 681 463 681 461 681 461 682 463 682 464 682 461 683 464 683 460 683 460 684 464 684 465 684 460 685 465 685 459 685 459 686 465 686 466 686 459 687 466 687 458 687 458 688 466 688 467 688 458 689 467 689 457 689 457 690 467 690 468 690 457 691 468 691 456 691 456 692 468 692 469 692 456 693 469 693 455 693 455 694 469 694 470 694 455 695 470 695 454 695 454 696 470 696 471 696 454 697 471 697 453 697 453 698 471 698 472 698 473 699 474 699 475 699 475 700 476 700 473 700 473 701 476 701 477 701 473 702 477 702 478 702 478 703 477 703 479 703 478 704 479 704 480 704 479 705 481 705 480 705 480 706 481 706 482 706 480 707 482 707 483 707 482 708 484 708 483 708 483 709 484 709 485 709 483 710 485 710 486 710 486 711 485 711 487 711 486 712 487 712 488 712 487 713 489 713 488 713 488 714 489 714 490 714 488 715 490 715 491 715 490 716 492 716 491 716 491 717 492 717 493 717 491 718 493 718 494 718 493 719 495 719 494 719 494 720 495 720 496 720 494 721 496 721 497 721 497 722 496 722 498 722 497 723 498 723 499 723 498 724 500 724 499 724 499 725 500 725 501 725 499 726 501 726 502 726 501 727 503 727 502 727 502 728 503 728 504 728 502 729 504 729 505 729 505 730 504 730 506 730 505 731 506 731 507 731 506 732 508 732 507 732 507 733 508 733 509 733 507 734 509 734 510 734 509 735 511 735 510 735 510 736 511 736 512 736 510 737 512 737 513 737 513 738 512 738 514 738 513 739 514 739 515 739 515 740 514 740 516 740 515 741 516 741 517 741 516 742 518 742 517 742 517 743 518 743 519 743 517 744 519 744 520 744 520 745 519 745 521 745 520 746 521 746 522 746 521 747 523 747 522 747 522 748 523 748 524 748 522 749 524 749 525 749 524 750 526 750 525 750 525 751 526 751 527 751 525 752 527 752 528 752 528 753 527 753 529 753 528 754 529 754 530 754 529 755 531 755 530 755 530 756 531 756 532 756 530 757 532 757 533 757 532 758 534 758 533 758 533 759 534 759 535 759 533 760 535 760 536 760 535 761 537 761 536 761 536 762 537 762 538 762 536 763 538 763 539 763 539 764 538 764 540 764 539 765 540 765 541 765 540 766 542 766 541 766 541 767 542 767 543 767 541 768 543 768 544 768 543 769 545 769 544 769 544 770 545 770 546 770 544 771 546 771 547 771 547 772 546 772 548 772 547 773 548 773 549 773 548 774 550 774 549 774 549 775 550 775 551 775 549 776 551 776 552 776 553 777 554 777 555 777 555 778 554 778 556 778 555 779 556 779 557 779 557 780 556 780 552 780 557 781 552 781 558 781 558 782 552 782 551 782 554 783 559 783 556 783 556 784 559 784 560 784 556 785 560 785 552 785 552 786 560 786 561 786 552 787 561 787 549 787 549 788 561 788 562 788 549 789 562 789 547 789 547 790 562 790 563 790 547 791 563 791 544 791 544 792 563 792 564 792 544 793 564 793 541 793 541 794 564 794 565 794 541 795 565 795 539 795 539 796 565 796 566 796 539 797 566 797 536 797 536 798 566 798 567 798 536 799 567 799 533 799 533 800 567 800 568 800 533 801 568 801 530 801 530 802 568 802 569 802 530 803 569 803 528 803 528 804 569 804 570 804 528 805 570 805 525 805 525 806 570 806 571 806 525 807 571 807 522 807 522 808 571 808 572 808 522 809 572 809 520 809 520 810 572 810 573 810 520 811 573 811 517 811 517 812 573 812 574 812 517 813 574 813 515 813 515 814 574 814 575 814 515 815 575 815 513 815 513 816 575 816 576 816 513 817 576 817 510 817 510 818 576 818 577 818 510 819 577 819 507 819 507 820 577 820 578 820 507 821 578 821 505 821 505 822 578 822 579 822 505 823 579 823 502 823 502 824 579 824 580 824 502 825 580 825 499 825 499 826 580 826 581 826 499 827 581 827 497 827 497 828 581 828 582 828 497 829 582 829 494 829 494 830 582 830 583 830 494 831 583 831 491 831 491 832 583 832 584 832 491 833 584 833 488 833 488 834 584 834 585 834 488 835 585 835 486 835 486 836 585 836 586 836 486 837 586 837 483 837 483 838 586 838 587 838 483 839 587 839 480 839 480 840 587 840 588 840 480 841 588 841 478 841 478 842 588 842 589 842 478 843 589 843 473 843 473 844 589 844 590 844 473 845 590 845 474 845 474 846 590 846 591 846 559 847 592 847 560 847 560 848 592 848 593 848 560 849 593 849 561 849 561 850 593 850 594 850 561 851 594 851 562 851 562 852 594 852 595 852 562 853 595 853 563 853 563 854 595 854 596 854 563 855 596 855 564 855 564 856 596 856 597 856 564 857 597 857 565 857 565 858 597 858 598 858 565 859 598 859 566 859 566 860 598 860 599 860 566 861 599 861 567 861 567 862 599 862 600 862 567 863 600 863 568 863 568 864 600 864 601 864 568 865 601 865 569 865 569 866 601 866 602 866 569 867 602 867 570 867 570 868 602 868 603 868 570 869 603 869 571 869 571 870 603 870 604 870 571 871 604 871 572 871 572 872 604 872 605 872 572 873 605 873 573 873 573 874 605 874 606 874 573 875 606 875 574 875 574 876 606 876 607 876 574 877 607 877 575 877 575 878 607 878 608 878 575 879 608 879 576 879 576 880 608 880 609 880 576 881 609 881 577 881 577 882 609 882 610 882 577 883 610 883 578 883 578 884 610 884 611 884 578 885 611 885 579 885 579 886 611 886 612 886 579 887 612 887 580 887 580 888 612 888 613 888 580 889 613 889 581 889 581 890 613 890 614 890 581 891 614 891 582 891 582 892 614 892 615 892 582 893 615 893 583 893 583 894 615 894 616 894 583 895 616 895 584 895 584 896 616 896 617 896 584 897 617 897 585 897 585 898 617 898 618 898 585 899 618 899 586 899 586 900 618 900 619 900 586 901 619 901 587 901 587 902 619 902 620 902 587 903 620 903 588 903 588 904 620 904 621 904 588 905 621 905 589 905 589 906 621 906 622 906 589 907 622 907 590 907 590 908 622 908 623 908 590 909 623 909 591 909 591 910 623 910 624 910 592 911 625 911 593 911 593 912 625 912 626 912 593 913 626 913 594 913 594 914 626 914 627 914 594 915 627 915 595 915 595 916 627 916 628 916 595 917 628 917 596 917 596 918 628 918 629 918 596 919 629 919 597 919 597 920 629 920 630 920 597 921 630 921 598 921 598 922 630 922 631 922 598 923 631 923 599 923 599 924 631 924 632 924 599 925 632 925 600 925 600 926 632 926 633 926 600 927 633 927 601 927 601 928 633 928 634 928 601 929 634 929 602 929 602 930 634 930 635 930 602 931 635 931 603 931 603 932 635 932 636 932 603 933 636 933 604 933 604 934 636 934 637 934 604 935 637 935 605 935 605 936 637 936 638 936 605 937 638 937 606 937 606 938 638 938 639 938 606 939 639 939 607 939 607 940 639 940 640 940 607 941 640 941 608 941 608 942 640 942 641 942 608 943 641 943 609 943 609 944 641 944 642 944 609 945 642 945 610 945 610 946 642 946 643 946 610 947 643 947 611 947 611 948 643 948 644 948 611 949 644 949 612 949 612 950 644 950 645 950 612 951 645 951 613 951 613 952 645 952 646 952 613 953 646 953 614 953 614 954 646 954 647 954 614 955 647 955 615 955 615 956 647 956 648 956 615 957 648 957 616 957 616 958 648 958 649 958 616 959 649 959 617 959 617 960 649 960 650 960 617 961 650 961 618 961 618 962 650 962 651 962 618 963 651 963 619 963 619 964 651 964 652 964 619 965 652 965 620 965 620 966 652 966 653 966 620 967 653 967 621 967 621 968 653 968 654 968 621 969 654 969 622 969 622 970 654 970 655 970 622 971 655 971 623 971 623 972 655 972 656 972 623 973 656 973 624 973 624 974 656 974 657 974 625 975 658 975 626 975 626 976 658 976 659 976 626 977 659 977 627 977 627 978 659 978 660 978 627 979 660 979 628 979 628 980 660 980 661 980 628 981 661 981 629 981 629 982 661 982 662 982 629 983 662 983 630 983 630 984 662 984 663 984 630 985 663 985 631 985 631 986 663 986 664 986 631 987 664 987 632 987 632 988 664 988 665 988 632 989 665 989 633 989 633 990 665 990 666 990 633 991 666 991 634 991 634 992 666 992 667 992 634 993 667 993 635 993 635 994 667 994 668 994 635 995 668 995 636 995 636 996 668 996 669 996 636 997 669 997 637 997 637 998 669 998 670 998 637 999 670 999 638 999 638 1000 670 1000 671 1000 638 1001 671 1001 639 1001 639 1002 671 1002 672 1002 639 1003 672 1003 640 1003 640 1004 672 1004 673 1004 640 1005 673 1005 641 1005 641 1006 673 1006 674 1006 641 1007 674 1007 642 1007 642 1008 674 1008 675 1008 642 1009 675 1009 643 1009 643 1010 675 1010 676 1010 643 1011 676 1011 644 1011 644 1012 676 1012 677 1012 644 1013 677 1013 645 1013 645 1014 677 1014 678 1014 645 1015 678 1015 646 1015 646 1016 678 1016 679 1016 646 1017 679 1017 647 1017 647 1018 679 1018 680 1018 647 1019 680 1019 648 1019 648 1020 680 1020 681 1020 648 1021 681 1021 649 1021 649 1022 681 1022 682 1022 649 1023 682 1023 650 1023 650 1024 682 1024 683 1024 650 1025 683 1025 651 1025 651 1026 683 1026 684 1026 651 1027 684 1027 652 1027 652 1028 684 1028 685 1028 652 1029 685 1029 653 1029 653 1030 685 1030 686 1030 653 1031 686 1031 654 1031 654 1032 686 1032 687 1032 654 1033 687 1033 655 1033 655 1034 687 1034 688 1034 655 1035 688 1035 656 1035 656 1036 688 1036 689 1036 656 1037 689 1037 657 1037 657 1038 689 1038 690 1038 658 1039 691 1039 659 1039 659 1040 691 1040 692 1040 659 1041 692 1041 660 1041 660 1042 692 1042 693 1042 660 1043 693 1043 661 1043 661 1044 693 1044 694 1044 661 1045 694 1045 662 1045 662 1046 694 1046 695 1046 662 1047 695 1047 663 1047 663 1048 695 1048 696 1048 663 1049 696 1049 664 1049 664 1050 696 1050 697 1050 664 1051 697 1051 665 1051 665 1052 697 1052 698 1052 665 1053 698 1053 666 1053 666 1054 698 1054 699 1054 666 1055 699 1055 667 1055 667 1056 699 1056 700 1056 667 1057 700 1057 668 1057 668 1058 700 1058 701 1058 668 1059 701 1059 669 1059 669 1060 701 1060 702 1060 669 1061 702 1061 670 1061 670 1062 702 1062 703 1062 670 1063 703 1063 671 1063 671 1064 703 1064 704 1064 671 1065 704 1065 672 1065 672 1066 704 1066 705 1066 672 1067 705 1067 673 1067 673 1068 705 1068 706 1068 673 1069 706 1069 674 1069 674 1070 706 1070 707 1070 674 1071 707 1071 675 1071 675 1072 707 1072 708 1072 675 1073 708 1073 676 1073 676 1074 708 1074 709 1074 676 1075 709 1075 677 1075 677 1076 709 1076 710 1076 677 1077 710 1077 678 1077 678 1078 710 1078 711 1078 678 1079 711 1079 679 1079 679 1080 711 1080 712 1080 679 1081 712 1081 680 1081 680 1082 712 1082 713 1082 680 1083 713 1083 681 1083 681 1084 713 1084 714 1084 681 1085 714 1085 682 1085 682 1086 714 1086 715 1086 682 1087 715 1087 683 1087 683 1088 715 1088 716 1088 683 1089 716 1089 684 1089 684 1090 716 1090 717 1090 684 1091 717 1091 685 1091 685 1092 717 1092 718 1092 685 1093 718 1093 686 1093 686 1094 718 1094 719 1094 686 1095 719 1095 687 1095 687 1096 719 1096 720 1096 687 1097 720 1097 688 1097 688 1098 720 1098 721 1098 688 1099 721 1099 689 1099 689 1100 721 1100 722 1100 689 1101 722 1101 690 1101 690 1102 722 1102 723 1102 691 1103 724 1103 692 1103 692 1104 724 1104 725 1104 692 1105 725 1105 693 1105 693 1106 725 1106 726 1106 693 1107 726 1107 694 1107 694 1108 726 1108 727 1108 694 1109 727 1109 695 1109 695 1110 727 1110 728 1110 695 1111 728 1111 696 1111 696 1112 728 1112 729 1112 696 1113 729 1113 697 1113 697 1114 729 1114 730 1114 697 1115 730 1115 698 1115 698 1116 730 1116 731 1116 698 1117 731 1117 699 1117 699 1118 731 1118 732 1118 699 1119 732 1119 700 1119 700 1120 732 1120 733 1120 700 1121 733 1121 701 1121 701 1122 733 1122 734 1122 701 1123 734 1123 702 1123 702 1124 734 1124 735 1124 702 1125 735 1125 703 1125 703 1126 735 1126 736 1126 703 1127 736 1127 704 1127 704 1128 736 1128 737 1128 704 1129 737 1129 705 1129 705 1130 737 1130 738 1130 705 1131 738 1131 706 1131 706 1132 738 1132 739 1132 706 1133 739 1133 707 1133 707 1134 739 1134 740 1134 707 1135 740 1135 708 1135 708 1136 740 1136 741 1136 708 1137 741 1137 709 1137 709 1138 741 1138 742 1138 709 1139 742 1139 710 1139 710 1140 742 1140 743 1140 710 1141 743 1141 711 1141 711 1142 743 1142 744 1142 711 1143 744 1143 712 1143 712 1144 744 1144 745 1144 712 1145 745 1145 713 1145 713 1146 745 1146 746 1146 713 1147 746 1147 714 1147 714 1148 746 1148 747 1148 714 1149 747 1149 715 1149 715 1150 747 1150 748 1150 715 1151 748 1151 716 1151 716 1152 748 1152 749 1152 716 1153 749 1153 717 1153 717 1154 749 1154 750 1154 717 1155 750 1155 718 1155 718 1156 750 1156 751 1156 718 1157 751 1157 719 1157 719 1158 751 1158 752 1158 719 1159 752 1159 720 1159 720 1160 752 1160 753 1160 720 1161 753 1161 721 1161 721 1162 753 1162 754 1162 721 1163 754 1163 722 1163 722 1164 754 1164 755 1164 722 1165 755 1165 723 1165 723 1166 755 1166 756 1166 724 1167 757 1167 725 1167 725 1168 757 1168 758 1168 725 1169 758 1169 726 1169 726 1170 758 1170 759 1170 726 1171 759 1171 727 1171 727 1172 759 1172 760 1172 727 1173 760 1173 728 1173 728 1174 760 1174 761 1174 728 1175 761 1175 729 1175 729 1176 761 1176 762 1176 729 1177 762 1177 730 1177 730 1178 762 1178 763 1178 730 1179 763 1179 731 1179 731 1180 763 1180 764 1180 731 1181 764 1181 732 1181 732 1182 764 1182 765 1182 732 1183 765 1183 733 1183 733 1184 765 1184 766 1184 733 1185 766 1185 734 1185 734 1186 766 1186 767 1186 734 1187 767 1187 735 1187 735 1188 767 1188 768 1188 735 1189 768 1189 736 1189 736 1190 768 1190 769 1190 736 1191 769 1191 737 1191 737 1192 769 1192 770 1192 737 1193 770 1193 738 1193 738 1194 770 1194 771 1194 738 1195 771 1195 739 1195 739 1196 771 1196 772 1196 739 1197 772 1197 740 1197 740 1198 772 1198 773 1198 740 1199 773 1199 741 1199 741 1200 773 1200 774 1200 741 1201 774 1201 742 1201 742 1202 774 1202 775 1202 742 1203 775 1203 743 1203 743 1204 775 1204 776 1204 743 1205 776 1205 744 1205 744 1206 776 1206 777 1206 744 1207 777 1207 745 1207 745 1208 777 1208 778 1208 745 1209 778 1209 746 1209 746 1210 778 1210 779 1210 746 1211 779 1211 747 1211 747 1212 779 1212 780 1212 747 1213 780 1213 748 1213 748 1214 780 1214 781 1214 748 1215 781 1215 749 1215 749 1216 781 1216 782 1216 749 1217 782 1217 750 1217 750 1218 782 1218 783 1218 750 1219 783 1219 751 1219 751 1220 783 1220 784 1220 751 1221 784 1221 752 1221 752 1222 784 1222 785 1222 752 1223 785 1223 753 1223 753 1224 785 1224 786 1224 753 1225 786 1225 754 1225 754 1226 786 1226 787 1226 754 1227 787 1227 755 1227 755 1228 787 1228 788 1228 755 1229 788 1229 756 1229 756 1230 788 1230 789 1230 757 1231 790 1231 758 1231 758 1232 790 1232 791 1232 758 1233 791 1233 759 1233 759 1234 791 1234 792 1234 759 1235 792 1235 760 1235 760 1236 792 1236 793 1236 760 1237 793 1237 761 1237 761 1238 793 1238 794 1238 761 1239 794 1239 762 1239 762 1240 794 1240 795 1240 762 1241 795 1241 763 1241 763 1242 795 1242 796 1242 763 1243 796 1243 764 1243 764 1244 796 1244 797 1244 764 1245 797 1245 765 1245 765 1246 797 1246 798 1246 765 1247 798 1247 766 1247 766 1248 798 1248 799 1248 766 1249 799 1249 767 1249 767 1250 799 1250 800 1250 767 1251 800 1251 768 1251 768 1252 800 1252 801 1252 768 1253 801 1253 769 1253 769 1254 801 1254 802 1254 769 1255 802 1255 770 1255 770 1256 802 1256 803 1256 770 1257 803 1257 771 1257 771 1258 803 1258 804 1258 771 1259 804 1259 772 1259 772 1260 804 1260 805 1260 772 1261 805 1261 773 1261 773 1262 805 1262 806 1262 773 1263 806 1263 774 1263 774 1264 806 1264 807 1264 774 1265 807 1265 775 1265 775 1266 807 1266 808 1266 775 1267 808 1267 776 1267 776 1268 808 1268 809 1268 776 1269 809 1269 777 1269 777 1270 809 1270 810 1270 777 1271 810 1271 778 1271 778 1272 810 1272 811 1272 778 1273 811 1273 779 1273 779 1274 811 1274 812 1274 779 1275 812 1275 780 1275 780 1276 812 1276 813 1276 780 1277 813 1277 781 1277 781 1278 813 1278 814 1278 781 1279 814 1279 782 1279 782 1280 814 1280 815 1280 782 1281 815 1281 783 1281 783 1282 815 1282 816 1282 783 1283 816 1283 784 1283 784 1284 816 1284 817 1284 784 1285 817 1285 785 1285 785 1286 817 1286 818 1286 785 1287 818 1287 786 1287 786 1288 818 1288 819 1288 786 1289 819 1289 787 1289 787 1290 819 1290 820 1290 787 1291 820 1291 788 1291 788 1292 820 1292 821 1292 788 1293 821 1293 789 1293 789 1294 821 1294 822 1294 823 1295 824 1295 825 1295 826 1296 827 1296 828 1296 828 1297 827 1297 829 1297 830 1296 831 1296 828 1296 828 1298 831 1298 832 1298 826 1299 828 1299 833 1299 833 1300 828 1300 834 1300 833 1301 834 1301 835 1301 835 1302 836 1302 833 1302 833 1296 836 1296 837 1296 833 1303 837 1303 838 1303 838 1296 839 1296 833 1296 833 1304 839 1304 823 1304 833 1296 823 1296 840 1296 840 1305 823 1305 825 1305 829 1306 841 1306 828 1306 828 1307 841 1307 842 1307 828 1296 842 1296 843 1296 832 1308 844 1308 828 1308 828 1309 844 1309 845 1309 828 1310 845 1310 846 1310 846 1296 847 1296 828 1296 828 1311 847 1311 848 1311 828 1312 848 1312 849 1312 849 1296 850 1296 828 1296 828 1313 850 1313 851 1313 828 1314 851 1314 852 1314 852 1296 853 1296 828 1296 828 1315 853 1315 854 1315 828 1316 854 1316 855 1316 843 1317 856 1317 828 1317 828 1318 856 1318 857 1318 828 1296 857 1296 858 1296 858 1319 859 1319 828 1319 828 1296 859 1296 860 1296 828 1320 860 1320 830 1320 861 1296 862 1296 855 1296 855 1296 862 1296 863 1296 855 1321 863 1321 828 1321 861 1296 864 1296 862 1296 862 1322 864 1322 865 1322 862 1323 865 1323 866 1323 475 1324 867 1324 863 1324 863 1325 867 1325 828 1325 867 1326 868 1326 828 1326 828 1327 868 1327 869 1327 828 1328 869 1328 834 1328 834 1329 869 1329 870 1329 834 1330 870 1330 835 1330 835 1331 870 1331 871 1331 835 1332 871 1332 872 1332 873 1333 836 1333 874 1333 874 1334 836 1334 835 1334 874 1335 835 1335 875 1335 875 1336 835 1336 872 1336 873 1337 876 1337 836 1337 836 1338 876 1338 877 1338 836 1339 877 1339 837 1339 877 1340 878 1340 837 1340 837 1341 878 1341 879 1341 837 1342 879 1342 838 1342 880 1343 839 1343 881 1343 881 1344 839 1344 838 1344 881 1345 838 1345 882 1345 882 1346 838 1346 879 1346 880 1347 883 1347 839 1347 839 1348 883 1348 884 1348 839 1349 884 1349 823 1349 885 1350 824 1350 886 1350 886 1351 824 1351 823 1351 886 1352 823 1352 887 1352 887 1353 823 1353 884 1353 885 1354 888 1354 824 1354 824 1355 888 1355 889 1355 824 1356 889 1356 825 1356 889 1357 890 1357 825 1357 825 1358 890 1358 891 1358 825 1359 891 1359 840 1359 891 1360 892 1360 840 1360 840 1361 892 1361 893 1361 840 1362 893 1362 833 1362 893 1363 894 1363 833 1363 833 1364 894 1364 895 1364 833 1365 895 1365 826 1365 826 1366 895 1366 896 1366 826 1367 896 1367 827 1367 827 1368 896 1368 897 1368 827 1369 897 1369 898 1369 899 1370 829 1370 900 1370 900 1371 829 1371 827 1371 900 1372 827 1372 901 1372 901 1373 827 1373 898 1373 899 1374 902 1374 829 1374 829 1375 902 1375 903 1375 829 1376 903 1376 841 1376 903 1377 904 1377 841 1377 841 1378 904 1378 905 1378 841 1379 905 1379 842 1379 906 1380 843 1380 907 1380 907 1381 843 1381 842 1381 907 1382 842 1382 908 1382 908 1383 842 1383 905 1383 906 1384 909 1384 843 1384 843 1385 909 1385 910 1385 843 1386 910 1386 856 1386 911 1387 857 1387 912 1387 912 1388 857 1388 856 1388 912 1389 856 1389 913 1389 913 1390 856 1390 910 1390 911 1391 914 1391 857 1391 857 1392 914 1392 915 1392 857 1393 915 1393 858 1393 553 1394 859 1394 916 1394 916 1395 859 1395 858 1395 916 1396 858 1396 917 1396 917 1397 858 1397 915 1397 918 40 919 40 920 40 920 1398 919 1398 921 1398 920 40 921 40 922 40 922 1399 921 1399 923 1399 922 40 923 40 924 40 924 1400 923 1400 925 1400 924 40 925 40 926 40 104 40 927 40 105 40 105 1401 927 1401 928 1401 105 40 928 40 106 40 106 1402 928 1402 929 1402 106 40 929 40 107 40 107 1403 929 1403 930 1403 107 40 930 40 108 40 925 40 931 40 926 40 926 40 931 40 932 40 926 40 932 40 933 40 933 40 932 40 934 40 933 40 934 40 92 40 92 40 934 40 935 40 92 40 935 40 93 40 936 1404 937 1404 938 1404 938 1405 937 1405 939 1405 938 40 939 40 940 40 940 1406 939 1406 941 1406 940 1407 941 1407 942 1407 941 40 943 40 942 40 942 40 943 40 944 40 942 1408 944 1408 945 1408 945 1409 944 1409 946 1409 945 40 946 40 947 40 947 1410 946 1410 948 1410 947 40 948 40 949 40 949 1411 948 1411 950 1411 949 40 950 40 918 40 918 1412 950 1412 951 1412 918 40 951 40 919 40 100 1413 952 1413 101 1413 101 1414 952 1414 953 1414 101 40 953 40 102 40 102 1415 953 1415 954 1415 102 40 954 40 103 40 103 1416 954 1416 955 1416 103 40 955 40 104 40 104 1417 955 1417 956 1417 104 40 956 40 927 40 930 40 957 40 108 40 108 40 957 40 958 40 108 40 958 40 109 40 109 40 958 40 959 40 109 40 959 40 110 40 110 40 959 40 960 40 110 40 960 40 961 40 97 1418 962 1418 98 1418 98 1419 962 1419 963 1419 98 40 963 40 99 40 99 1420 963 1420 964 1420 99 1421 964 1421 100 1421 100 1422 964 1422 965 1422 100 40 965 40 952 40 935 40 966 40 93 40 93 40 966 40 967 40 93 40 967 40 94 40 94 40 967 40 968 40 94 1423 968 1423 95 1423 95 1424 968 1424 969 1424 95 40 969 40 96 40 96 1425 969 1425 970 1425 96 40 970 40 97 40 97 1426 970 1426 971 1426 97 1427 971 1427 962 1427 960 40 972 40 961 40 961 40 972 40 973 40 961 40 973 40 974 40 974 40 973 40 975 40 974 1428 975 1428 976 1428 976 1429 975 1429 977 1429 976 40 977 40 978 40 978 1430 977 1430 979 1430 978 40 979 40 936 40 936 1431 979 1431 980 1431 936 1432 980 1432 937 1432 806 1296 981 1296 807 1296 807 1296 981 1296 982 1296 807 1296 982 1296 808 1296 808 1296 982 1296 983 1296 808 1296 983 1296 809 1296 809 1296 983 1296 984 1296 809 1296 984 1296 810 1296 810 1296 984 1296 985 1296 810 1296 985 1296 811 1296 811 1433 985 1433 986 1433 811 1434 986 1434 812 1434 812 1296 986 1296 987 1296 812 1296 987 1296 813 1296 813 1296 987 1296 988 1296 813 1296 988 1296 814 1296 814 1296 988 1296 989 1296 814 1296 989 1296 815 1296 815 1435 989 1435 990 1435 815 1296 990 1296 816 1296 816 1296 990 1296 991 1296 816 1296 991 1296 817 1296 817 1296 991 1296 992 1296 817 1296 992 1296 818 1296 818 1296 992 1296 993 1296 818 1296 993 1296 819 1296 819 1296 993 1296 994 1296 819 1296 994 1296 820 1296 820 1436 994 1436 995 1436 820 1437 995 1437 821 1437 821 1296 995 1296 996 1296 821 1296 996 1296 822 1296 822 1296 996 1296 463 1296 822 1296 463 1296 997 1296 997 1296 463 1296 462 1296 997 1296 462 1296 998 1296 998 1296 462 1296 217 1296 998 1438 217 1438 999 1438 999 1296 217 1296 216 1296 999 1296 216 1296 1000 1296 1000 1439 216 1439 450 1439 1000 1440 450 1440 1001 1440 1001 1296 450 1296 433 1296 1001 1441 433 1441 1002 1441 1002 1442 433 1442 425 1442 1002 1296 425 1296 1003 1296 1003 1296 425 1296 424 1296 1003 1296 424 1296 1004 1296 1004 1443 424 1443 407 1443 1004 1444 407 1444 1005 1444 1005 1445 407 1445 399 1445 1005 1296 399 1296 1006 1296 1006 1296 399 1296 398 1296 1006 1446 398 1446 1007 1446 1007 1296 398 1296 388 1296 1007 1296 388 1296 1008 1296 1008 1296 388 1296 200 1296 1008 1296 200 1296 1009 1296 1009 1296 200 1296 199 1296 1009 1296 199 1296 1010 1296 1010 1296 199 1296 378 1296 1010 1296 378 1296 1011 1296 1011 1296 378 1296 361 1296 1011 1296 361 1296 1012 1296 361 1296 353 1296 1012 1296 1012 1296 353 1296 352 1296 1012 1296 352 1296 1013 1296 1013 1296 352 1296 335 1296 1013 1296 335 1296 1014 1296 1014 1296 335 1296 327 1296 1014 1296 327 1296 1015 1296 1015 1296 327 1296 326 1296 1015 1296 326 1296 1016 1296 1016 1296 326 1296 309 1296 1016 1296 309 1296 1017 1296 1017 1447 309 1447 183 1447 1017 1448 183 1448 1018 1448 1018 1296 183 1296 182 1296 1018 1296 182 1296 1019 1296 1019 1296 182 1296 306 1296 1019 1296 306 1296 1020 1296 1020 1296 306 1296 166 1296 1020 1296 166 1296 1021 1296 1021 1449 166 1449 165 1449 1021 1296 165 1296 1022 1296 1022 1296 165 1296 294 1296 1022 1296 294 1296 1023 1296 1023 1296 294 1296 277 1296 1023 1296 277 1296 1024 1296 1024 1296 277 1296 269 1296 1024 1296 269 1296 1025 1296 1025 1296 269 1296 268 1296 1025 1296 268 1296 1026 1296 1026 1450 268 1450 251 1450 1026 1451 251 1451 1027 1451 1027 1296 251 1296 234 1296 1027 1296 234 1296 790 1296 790 1296 234 1296 233 1296 790 1296 233 1296 791 1296 791 1296 233 1296 1028 1296 791 1296 1028 1296 792 1296 792 1296 1028 1296 1029 1296 792 1452 1029 1452 793 1452 793 1296 1029 1296 1030 1296 793 1296 1030 1296 794 1296 794 1453 1030 1453 1031 1453 794 1454 1031 1454 795 1454 795 1296 1031 1296 1032 1296 795 1455 1032 1455 796 1455 796 1456 1032 1456 1033 1456 796 1296 1033 1296 797 1296 797 1296 1033 1296 1034 1296 797 1296 1034 1296 798 1296 798 1457 1034 1457 1035 1457 798 1458 1035 1458 799 1458 799 1459 1035 1459 1036 1459 799 1296 1036 1296 800 1296 800 1296 1036 1296 1037 1296 800 1460 1037 1460 801 1460 801 1296 1037 1296 1038 1296 801 1296 1038 1296 802 1296 802 1296 1038 1296 1039 1296 802 1296 1039 1296 803 1296 803 1296 1039 1296 1040 1296 803 1296 1040 1296 804 1296 804 1296 1040 1296 1041 1296 804 1296 1041 1296 805 1296 805 1296 1041 1296 1042 1296 805 1296 1042 1296 806 1296 806 1296 1042 1296 1043 1296 806 1296 1043 1296 981 1296 472 1461 935 1461 453 1461 453 1462 935 1462 934 1462 932 1463 112 1463 934 1463 934 1464 112 1464 111 1464 934 1465 111 1465 453 1465 114 1466 441 1466 931 1466 931 1467 441 1467 451 1467 931 1468 451 1468 932 1468 932 1469 451 1469 452 1469 932 1470 452 1470 112 1470 114 1471 931 1471 115 1471 115 1472 931 1472 925 1472 115 1473 925 1473 117 1473 117 1474 925 1474 118 1474 118 1475 925 1475 923 1475 118 1476 923 1476 415 1476 921 1477 121 1477 923 1477 923 1478 121 1478 120 1478 923 1479 120 1479 415 1479 389 1480 124 1480 921 1480 921 1481 124 1481 123 1481 921 1482 123 1482 121 1482 389 1483 921 1483 126 1483 126 1484 921 1484 919 1484 126 1485 919 1485 127 1485 127 1486 919 1486 951 1486 127 1487 951 1487 129 1487 129 1488 951 1488 130 1488 130 1489 951 1489 950 1489 130 1490 950 1490 380 1490 380 1491 950 1491 379 1491 379 1492 950 1492 948 1492 379 1493 948 1493 369 1493 946 1494 133 1494 948 1494 948 1495 133 1495 132 1495 948 1496 132 1496 369 1496 138 1497 343 1497 944 1497 944 1498 343 1498 136 1498 944 1499 136 1499 946 1499 946 1500 136 1500 135 1500 946 1501 135 1501 133 1501 138 1502 944 1502 139 1502 139 1503 944 1503 943 1503 139 1504 943 1504 141 1504 141 1505 943 1505 142 1505 142 1506 943 1506 941 1506 142 1507 941 1507 317 1507 939 1508 145 1508 941 1508 941 1509 145 1509 144 1509 941 1510 144 1510 317 1510 937 1511 148 1511 939 1511 939 1512 148 1512 147 1512 939 1513 147 1513 145 1513 150 1514 297 1514 980 1514 980 1515 297 1515 307 1515 980 1516 307 1516 937 1516 937 1517 307 1517 308 1517 937 1518 308 1518 148 1518 150 1519 980 1519 151 1519 151 1520 980 1520 979 1520 151 1521 979 1521 296 1521 296 1522 979 1522 295 1522 295 1523 979 1523 977 1523 295 1524 977 1524 285 1524 975 1525 154 1525 977 1525 977 1526 154 1526 153 1526 977 1527 153 1527 285 1527 159 1528 259 1528 973 1528 973 1529 259 1529 157 1529 973 1530 157 1530 975 1530 975 1531 157 1531 156 1531 975 1532 156 1532 154 1532 159 1533 973 1533 160 1533 160 1534 973 1534 972 1534 160 1535 972 1535 162 1535 162 1536 972 1536 163 1536 163 1537 972 1537 960 1537 163 1538 960 1538 250 1538 250 1539 960 1539 1044 1539 1044 1540 960 1540 959 1540 958 1541 1045 1541 959 1541 959 1542 1045 1542 1046 1542 959 1543 1046 1543 1044 1543 1047 1544 1048 1544 957 1544 957 1545 1048 1545 1049 1545 957 1546 1049 1546 958 1546 958 1547 1049 1547 1050 1547 958 1548 1050 1548 1045 1548 1047 1549 957 1549 1051 1549 1051 1550 957 1550 930 1550 1051 1551 930 1551 1052 1551 1052 1552 930 1552 1053 1552 1053 1553 930 1553 929 1553 1053 1554 929 1554 1054 1554 928 1555 1055 1555 929 1555 929 1556 1055 1556 1056 1556 929 1557 1056 1557 1054 1557 1057 1558 1058 1558 928 1558 928 1559 1058 1559 1059 1559 928 1560 1059 1560 1055 1560 1057 1561 928 1561 1060 1561 1060 1562 928 1562 927 1562 1060 1563 927 1563 1061 1563 1061 1564 927 1564 956 1564 1061 1565 956 1565 1062 1565 1062 1566 956 1566 1063 1566 1063 1567 956 1567 955 1567 1063 1568 955 1568 1064 1568 1064 1569 955 1569 1065 1569 1065 1570 955 1570 954 1570 1065 1571 954 1571 1066 1571 953 1572 1067 1572 954 1572 954 1573 1067 1573 1068 1573 954 1574 1068 1574 1066 1574 1069 1575 1070 1575 952 1575 952 1576 1070 1576 1071 1576 952 1577 1071 1577 953 1577 953 1578 1071 1578 1072 1578 953 1579 1072 1579 1067 1579 1069 1580 952 1580 1073 1580 1073 1581 952 1581 965 1581 1073 1582 965 1582 1074 1582 1074 1583 965 1583 1075 1583 1075 1584 965 1584 964 1584 1075 1585 964 1585 1076 1585 963 1586 1077 1586 964 1586 964 1587 1077 1587 1078 1587 964 1588 1078 1588 1076 1588 962 1589 1079 1589 963 1589 963 1590 1079 1590 1080 1590 963 1591 1080 1591 1077 1591 1081 1592 1082 1592 971 1592 971 1593 1082 1593 1083 1593 971 1594 1083 1594 962 1594 962 1595 1083 1595 1084 1595 962 1596 1084 1596 1079 1596 1081 1597 971 1597 1085 1597 1085 1598 971 1598 970 1598 1085 1599 970 1599 1086 1599 1086 1600 970 1600 1087 1600 1087 1601 970 1601 969 1601 1087 1602 969 1602 1088 1602 968 1603 1089 1603 969 1603 969 1604 1089 1604 1090 1604 969 1605 1090 1605 1088 1605 1091 1606 1092 1606 967 1606 967 1607 1092 1607 1093 1607 967 1608 1093 1608 968 1608 968 1609 1093 1609 1094 1609 968 1610 1094 1610 1089 1610 1091 1611 967 1611 1095 1611 1095 1612 967 1612 966 1612 1095 1613 966 1613 1096 1613 1096 1614 966 1614 1097 1614 1097 1615 966 1615 935 1615 1097 1616 935 1616 472 1616 553 1617 555 1617 859 1617 859 1618 555 1618 860 1618 555 1619 557 1619 860 1619 860 1620 557 1620 558 1620 860 1621 558 1621 830 1621 830 1622 558 1622 551 1622 830 1623 551 1623 831 1623 831 1624 551 1624 550 1624 831 1625 550 1625 548 1625 543 1626 832 1626 545 1626 545 1627 832 1627 831 1627 545 1628 831 1628 546 1628 546 1629 831 1629 548 1629 543 1630 542 1630 832 1630 832 1631 542 1631 540 1631 832 1632 540 1632 844 1632 540 1633 538 1633 844 1633 844 1634 538 1634 537 1634 844 1635 537 1635 845 1635 532 1636 846 1636 534 1636 534 1637 846 1637 845 1637 534 1638 845 1638 535 1638 535 1639 845 1639 537 1639 532 1640 531 1640 846 1640 846 1641 531 1641 529 1641 846 1642 529 1642 847 1642 524 1643 848 1643 526 1643 526 1644 848 1644 847 1644 526 1645 847 1645 527 1645 527 1646 847 1646 529 1646 524 1647 523 1647 848 1647 848 1648 523 1648 521 1648 848 1649 521 1649 849 1649 521 1650 519 1650 849 1650 849 1651 519 1651 518 1651 849 1652 518 1652 850 1652 518 1653 516 1653 850 1653 850 1654 516 1654 514 1654 850 1655 514 1655 851 1655 514 1656 512 1656 851 1656 851 1657 512 1657 511 1657 851 1658 511 1658 852 1658 852 1659 511 1659 509 1659 852 1660 509 1660 853 1660 853 1661 509 1661 508 1661 853 1662 508 1662 506 1662 501 1663 854 1663 503 1663 503 1664 854 1664 853 1664 503 1665 853 1665 504 1665 504 1666 853 1666 506 1666 501 1667 500 1667 854 1667 854 1668 500 1668 498 1668 854 1669 498 1669 855 1669 498 1670 496 1670 855 1670 855 1671 496 1671 495 1671 855 1672 495 1672 861 1672 490 1673 864 1673 492 1673 492 1674 864 1674 861 1674 492 1675 861 1675 493 1675 493 1676 861 1676 495 1676 490 1677 489 1677 864 1677 864 1678 489 1678 487 1678 864 1679 487 1679 865 1679 482 1680 866 1680 484 1680 484 1681 866 1681 865 1681 484 1682 865 1682 485 1682 485 1683 865 1683 487 1683 482 1684 481 1684 866 1684 866 1685 481 1685 479 1685 866 1686 479 1686 862 1686 475 1687 863 1687 476 1687 476 1688 863 1688 862 1688 476 1689 862 1689 477 1689 477 1690 862 1690 479 1690 1098 1691 554 1691 553 1691 553 1692 916 1692 1098 1692 1098 1693 916 1693 917 1693 1098 1694 917 1694 1099 1694 1099 1695 917 1695 915 1695 1099 1696 915 1696 1100 1696 915 1697 914 1697 1100 1697 1100 1698 914 1698 911 1698 1100 1699 911 1699 1101 1699 911 1700 912 1700 1101 1700 1101 1701 912 1701 913 1701 1101 1702 913 1702 1102 1702 1102 1703 913 1703 910 1703 1102 1704 910 1704 1103 1704 910 1705 909 1705 1103 1705 1103 1706 909 1706 906 1706 1103 1707 906 1707 1104 1707 906 1708 907 1708 1104 1708 1104 1709 907 1709 908 1709 1104 1710 908 1710 1105 1710 908 1711 905 1711 1105 1711 1105 1712 905 1712 904 1712 1105 1713 904 1713 1106 1713 1106 1714 904 1714 903 1714 1106 1715 903 1715 1107 1715 903 1716 902 1716 1107 1716 1107 1717 902 1717 899 1717 1107 1718 899 1718 1108 1718 899 1719 900 1719 1108 1719 1108 1720 900 1720 901 1720 1108 1721 901 1721 1109 1721 1109 1722 901 1722 898 1722 1109 1723 898 1723 1110 1723 898 1724 897 1724 1110 1724 1110 1725 897 1725 896 1725 1110 1726 896 1726 1111 1726 896 1727 895 1727 1111 1727 1111 1728 895 1728 894 1728 1111 1729 894 1729 1112 1729 1112 1730 894 1730 893 1730 1112 1731 893 1731 1113 1731 1113 1732 893 1732 892 1732 1113 1733 892 1733 1114 1733 892 1734 891 1734 1114 1734 1114 1735 891 1735 890 1735 1114 1736 890 1736 1115 1736 1115 1737 890 1737 889 1737 1115 1738 889 1738 1116 1738 889 1739 888 1739 1116 1739 1116 1740 888 1740 885 1740 1116 1741 885 1741 1117 1741 885 1742 886 1742 1117 1742 1117 1743 886 1743 887 1743 1117 1744 887 1744 1118 1744 1118 1745 887 1745 884 1745 1118 1746 884 1746 1119 1746 884 1747 883 1747 1119 1747 1119 1748 883 1748 880 1748 1119 1749 880 1749 1120 1749 880 1750 881 1750 1120 1750 1120 1751 881 1751 882 1751 1120 1752 882 1752 1121 1752 882 1753 879 1753 1121 1753 1121 1754 879 1754 878 1754 1121 1755 878 1755 1122 1755 1122 1756 878 1756 877 1756 1122 1757 877 1757 1123 1757 877 1758 876 1758 1123 1758 1123 1759 876 1759 873 1759 1123 1760 873 1760 1124 1760 873 1761 874 1761 1124 1761 1124 1762 874 1762 875 1762 1124 1763 875 1763 1125 1763 1125 1764 875 1764 872 1764 1125 1765 872 1765 1126 1765 872 1766 871 1766 1126 1766 1126 1767 871 1767 870 1767 1126 1768 870 1768 1127 1768 475 1769 474 1769 867 1769 867 1770 474 1770 1128 1770 867 1771 1128 1771 868 1771 868 1772 1128 1772 1127 1772 868 1773 1127 1773 869 1773 869 1774 1127 1774 870 1774 474 1775 591 1775 1128 1775 1128 1776 591 1776 1129 1776 1128 1777 1129 1777 1127 1777 1127 1778 1129 1778 1130 1778 1127 1779 1130 1779 1126 1779 1126 1780 1130 1780 1131 1780 1126 1781 1131 1781 1125 1781 1125 1782 1131 1782 1132 1782 1125 1783 1132 1783 1124 1783 1124 1784 1132 1784 1133 1784 1124 1785 1133 1785 1123 1785 1123 1786 1133 1786 1134 1786 1123 1787 1134 1787 1122 1787 1122 1788 1134 1788 1135 1788 1122 1789 1135 1789 1121 1789 1121 1790 1135 1790 1136 1790 1121 1791 1136 1791 1120 1791 1120 1792 1136 1792 1137 1792 1120 1793 1137 1793 1119 1793 1119 1794 1137 1794 1138 1794 1119 1795 1138 1795 1118 1795 1118 1796 1138 1796 1139 1796 1118 1797 1139 1797 1117 1797 1117 1798 1139 1798 1140 1798 1117 1799 1140 1799 1116 1799 1116 1800 1140 1800 1141 1800 1116 1801 1141 1801 1115 1801 1115 1802 1141 1802 1142 1802 1115 1803 1142 1803 1114 1803 1114 1804 1142 1804 1143 1804 1114 1805 1143 1805 1113 1805 1113 1806 1143 1806 1144 1806 1113 1807 1144 1807 1112 1807 1112 1808 1144 1808 1145 1808 1112 1809 1145 1809 1111 1809 1111 1810 1145 1810 1146 1810 1111 1811 1146 1811 1110 1811 1110 1812 1146 1812 1147 1812 1110 1813 1147 1813 1109 1813 1109 1814 1147 1814 1148 1814 1109 1815 1148 1815 1108 1815 1108 1816 1148 1816 1149 1816 1108 1817 1149 1817 1107 1817 1107 1818 1149 1818 1150 1818 1107 1819 1150 1819 1106 1819 1106 1820 1150 1820 1151 1820 1106 1821 1151 1821 1105 1821 1105 1822 1151 1822 1152 1822 1105 1823 1152 1823 1104 1823 1104 1824 1152 1824 1153 1824 1104 1825 1153 1825 1103 1825 1103 1826 1153 1826 1154 1826 1103 1827 1154 1827 1102 1827 1102 1828 1154 1828 1155 1828 1102 1829 1155 1829 1101 1829 1101 1830 1155 1830 1156 1830 1101 1831 1156 1831 1100 1831 1100 1832 1156 1832 1157 1832 1100 1833 1157 1833 1099 1833 1099 1834 1157 1834 1158 1834 1099 1835 1158 1835 1098 1835 1098 1836 1158 1836 1159 1836 1098 1837 1159 1837 554 1837 554 1838 1159 1838 559 1838 591 1839 624 1839 1129 1839 1129 1840 624 1840 1160 1840 1129 1841 1160 1841 1130 1841 1130 1842 1160 1842 1161 1842 1130 1843 1161 1843 1131 1843 1131 1844 1161 1844 1162 1844 1131 1845 1162 1845 1132 1845 1132 1846 1162 1846 1163 1846 1132 1847 1163 1847 1133 1847 1133 1848 1163 1848 1164 1848 1133 1849 1164 1849 1134 1849 1134 1850 1164 1850 1165 1850 1134 1851 1165 1851 1135 1851 1135 1852 1165 1852 1166 1852 1135 1853 1166 1853 1136 1853 1136 1854 1166 1854 1167 1854 1136 1855 1167 1855 1137 1855 1137 1856 1167 1856 1168 1856 1137 1857 1168 1857 1138 1857 1138 1858 1168 1858 1169 1858 1138 1859 1169 1859 1139 1859 1139 1860 1169 1860 1170 1860 1139 1861 1170 1861 1140 1861 1140 1862 1170 1862 1171 1862 1140 1863 1171 1863 1141 1863 1141 1864 1171 1864 1172 1864 1141 1865 1172 1865 1142 1865 1142 1866 1172 1866 1173 1866 1142 1867 1173 1867 1143 1867 1143 1868 1173 1868 1174 1868 1143 1869 1174 1869 1144 1869 1144 1870 1174 1870 1175 1870 1144 1871 1175 1871 1145 1871 1145 1872 1175 1872 1176 1872 1145 1873 1176 1873 1146 1873 1146 1874 1176 1874 1177 1874 1146 1875 1177 1875 1147 1875 1147 1876 1177 1876 1178 1876 1147 1877 1178 1877 1148 1877 1148 1878 1178 1878 1179 1878 1148 1879 1179 1879 1149 1879 1149 1880 1179 1880 1180 1880 1149 1881 1180 1881 1150 1881 1150 1882 1180 1882 1181 1882 1150 1883 1181 1883 1151 1883 1151 1884 1181 1884 1182 1884 1151 1885 1182 1885 1152 1885 1152 1886 1182 1886 1183 1886 1152 1887 1183 1887 1153 1887 1153 1888 1183 1888 1184 1888 1153 1889 1184 1889 1154 1889 1154 1890 1184 1890 1185 1890 1154 1891 1185 1891 1155 1891 1155 1892 1185 1892 1186 1892 1155 1893 1186 1893 1156 1893 1156 1894 1186 1894 1187 1894 1156 1895 1187 1895 1157 1895 1157 1896 1187 1896 1188 1896 1157 1897 1188 1897 1158 1897 1158 1898 1188 1898 1189 1898 1158 1899 1189 1899 1159 1899 1159 1900 1189 1900 1190 1900 1159 1901 1190 1901 559 1901 559 1902 1190 1902 592 1902 624 1903 657 1903 1160 1903 1160 1904 657 1904 1191 1904 1160 1905 1191 1905 1161 1905 1161 1906 1191 1906 1192 1906 1161 1907 1192 1907 1162 1907 1162 1908 1192 1908 1193 1908 1162 1909 1193 1909 1163 1909 1163 1910 1193 1910 1194 1910 1163 1911 1194 1911 1164 1911 1164 1912 1194 1912 1195 1912 1164 1913 1195 1913 1165 1913 1165 1914 1195 1914 1196 1914 1165 1915 1196 1915 1166 1915 1166 1916 1196 1916 1197 1916 1166 1917 1197 1917 1167 1917 1167 1918 1197 1918 1198 1918 1167 1919 1198 1919 1168 1919 1168 1920 1198 1920 1199 1920 1168 1921 1199 1921 1169 1921 1169 1922 1199 1922 1200 1922 1169 1923 1200 1923 1170 1923 1170 1924 1200 1924 1201 1924 1170 1925 1201 1925 1171 1925 1171 1926 1201 1926 1202 1926 1171 1927 1202 1927 1172 1927 1172 1928 1202 1928 1203 1928 1172 1929 1203 1929 1173 1929 1173 1930 1203 1930 1204 1930 1173 1931 1204 1931 1174 1931 1174 1932 1204 1932 1205 1932 1174 1933 1205 1933 1175 1933 1175 1934 1205 1934 1206 1934 1175 1935 1206 1935 1176 1935 1176 1936 1206 1936 1207 1936 1176 1937 1207 1937 1177 1937 1177 1938 1207 1938 1208 1938 1177 1939 1208 1939 1178 1939 1178 1940 1208 1940 1209 1940 1178 1941 1209 1941 1179 1941 1179 1942 1209 1942 1210 1942 1179 1943 1210 1943 1180 1943 1180 1944 1210 1944 1211 1944 1180 1945 1211 1945 1181 1945 1181 1946 1211 1946 1212 1946 1181 1947 1212 1947 1182 1947 1182 1948 1212 1948 1213 1948 1182 1949 1213 1949 1183 1949 1183 1950 1213 1950 1214 1950 1183 1951 1214 1951 1184 1951 1184 1952 1214 1952 1215 1952 1184 1953 1215 1953 1185 1953 1185 1954 1215 1954 1216 1954 1185 1955 1216 1955 1186 1955 1186 1956 1216 1956 1217 1956 1186 1957 1217 1957 1187 1957 1187 1958 1217 1958 1218 1958 1187 1959 1218 1959 1188 1959 1188 1960 1218 1960 1219 1960 1188 1961 1219 1961 1189 1961 1189 1962 1219 1962 1220 1962 1189 1963 1220 1963 1190 1963 1190 1964 1220 1964 1221 1964 1190 1965 1221 1965 592 1965 592 1966 1221 1966 625 1966 657 1967 690 1967 1191 1967 1191 1968 690 1968 1222 1968 1191 1969 1222 1969 1192 1969 1192 1970 1222 1970 1223 1970 1192 1971 1223 1971 1193 1971 1193 1972 1223 1972 1224 1972 1193 1973 1224 1973 1194 1973 1194 1974 1224 1974 1225 1974 1194 1975 1225 1975 1195 1975 1195 1976 1225 1976 1226 1976 1195 1977 1226 1977 1196 1977 1196 1978 1226 1978 1227 1978 1196 1979 1227 1979 1197 1979 1197 1980 1227 1980 1228 1980 1197 1981 1228 1981 1198 1981 1198 1982 1228 1982 1229 1982 1198 1983 1229 1983 1199 1983 1199 1984 1229 1984 1230 1984 1199 1985 1230 1985 1200 1985 1200 1986 1230 1986 1231 1986 1200 1987 1231 1987 1201 1987 1201 1988 1231 1988 1232 1988 1201 1989 1232 1989 1202 1989 1202 1990 1232 1990 1233 1990 1202 1991 1233 1991 1203 1991 1203 1992 1233 1992 1234 1992 1203 1993 1234 1993 1204 1993 1204 1994 1234 1994 1235 1994 1204 1995 1235 1995 1205 1995 1205 1996 1235 1996 1236 1996 1205 1997 1236 1997 1206 1997 1206 1998 1236 1998 1237 1998 1206 1999 1237 1999 1207 1999 1207 2000 1237 2000 1238 2000 1207 2001 1238 2001 1208 2001 1208 2002 1238 2002 1239 2002 1208 2003 1239 2003 1209 2003 1209 2004 1239 2004 1240 2004 1209 2005 1240 2005 1210 2005 1210 2006 1240 2006 1241 2006 1210 2007 1241 2007 1211 2007 1211 2008 1241 2008 1242 2008 1211 2009 1242 2009 1212 2009 1212 2010 1242 2010 1243 2010 1212 2011 1243 2011 1213 2011 1213 2012 1243 2012 1244 2012 1213 2013 1244 2013 1214 2013 1214 2014 1244 2014 1245 2014 1214 2015 1245 2015 1215 2015 1215 2016 1245 2016 1246 2016 1215 2017 1246 2017 1216 2017 1216 2018 1246 2018 1247 2018 1216 2019 1247 2019 1217 2019 1217 2020 1247 2020 1248 2020 1217 2021 1248 2021 1218 2021 1218 2022 1248 2022 1249 2022 1218 2023 1249 2023 1219 2023 1219 2024 1249 2024 1250 2024 1219 2025 1250 2025 1220 2025 1220 2026 1250 2026 1251 2026 1220 2027 1251 2027 1221 2027 1221 2028 1251 2028 1252 2028 1221 2029 1252 2029 625 2029 625 2030 1252 2030 658 2030 690 2031 723 2031 1222 2031 1222 2032 723 2032 1253 2032 1222 2033 1253 2033 1223 2033 1223 2034 1253 2034 1254 2034 1223 2035 1254 2035 1224 2035 1224 2036 1254 2036 1255 2036 1224 2037 1255 2037 1225 2037 1225 2038 1255 2038 1256 2038 1225 2039 1256 2039 1226 2039 1226 2040 1256 2040 1257 2040 1226 2041 1257 2041 1227 2041 1227 2042 1257 2042 1258 2042 1227 2043 1258 2043 1228 2043 1228 2044 1258 2044 1259 2044 1228 2045 1259 2045 1229 2045 1229 2046 1259 2046 1260 2046 1229 2047 1260 2047 1230 2047 1230 2048 1260 2048 1261 2048 1230 2049 1261 2049 1231 2049 1231 2050 1261 2050 1262 2050 1231 2051 1262 2051 1232 2051 1232 2052 1262 2052 1263 2052 1232 2053 1263 2053 1233 2053 1233 2054 1263 2054 1264 2054 1233 2055 1264 2055 1234 2055 1234 2056 1264 2056 1265 2056 1234 2057 1265 2057 1235 2057 1235 2058 1265 2058 1266 2058 1235 2059 1266 2059 1236 2059 1236 2060 1266 2060 1267 2060 1236 2061 1267 2061 1237 2061 1237 2062 1267 2062 1268 2062 1237 2063 1268 2063 1238 2063 1238 2064 1268 2064 1269 2064 1238 2065 1269 2065 1239 2065 1239 2066 1269 2066 1270 2066 1239 2067 1270 2067 1240 2067 1240 2068 1270 2068 1271 2068 1240 2069 1271 2069 1241 2069 1241 2070 1271 2070 1272 2070 1241 2071 1272 2071 1242 2071 1242 2072 1272 2072 1273 2072 1242 2073 1273 2073 1243 2073 1243 2074 1273 2074 1274 2074 1243 2075 1274 2075 1244 2075 1244 2076 1274 2076 1275 2076 1244 2077 1275 2077 1245 2077 1245 2078 1275 2078 1276 2078 1245 2079 1276 2079 1246 2079 1246 2080 1276 2080 1277 2080 1246 2081 1277 2081 1247 2081 1247 2082 1277 2082 1278 2082 1247 2083 1278 2083 1248 2083 1248 2084 1278 2084 1279 2084 1248 2085 1279 2085 1249 2085 1249 2086 1279 2086 1280 2086 1249 2087 1280 2087 1250 2087 1250 2088 1280 2088 1281 2088 1250 2089 1281 2089 1251 2089 1251 2090 1281 2090 1282 2090 1251 2091 1282 2091 1252 2091 1252 2092 1282 2092 1283 2092 1252 2093 1283 2093 658 2093 658 2094 1283 2094 691 2094 723 2095 756 2095 1253 2095 1253 2096 756 2096 1284 2096 1253 2097 1284 2097 1254 2097 1254 2098 1284 2098 1285 2098 1254 2099 1285 2099 1255 2099 1255 2100 1285 2100 1286 2100 1255 2101 1286 2101 1256 2101 1256 2102 1286 2102 1287 2102 1256 2103 1287 2103 1257 2103 1257 2104 1287 2104 1288 2104 1257 2105 1288 2105 1258 2105 1258 2106 1288 2106 1289 2106 1258 2107 1289 2107 1259 2107 1259 2108 1289 2108 1290 2108 1259 2109 1290 2109 1260 2109 1260 2110 1290 2110 1291 2110 1260 2111 1291 2111 1261 2111 1261 2112 1291 2112 1292 2112 1261 2113 1292 2113 1262 2113 1262 2114 1292 2114 1293 2114 1262 2115 1293 2115 1263 2115 1263 2116 1293 2116 1294 2116 1263 2117 1294 2117 1264 2117 1264 2118 1294 2118 1295 2118 1264 2119 1295 2119 1265 2119 1265 2120 1295 2120 1296 2120 1265 2121 1296 2121 1266 2121 1266 2122 1296 2122 1297 2122 1266 2123 1297 2123 1267 2123 1267 2124 1297 2124 1298 2124 1267 2125 1298 2125 1268 2125 1268 2126 1298 2126 1299 2126 1268 2127 1299 2127 1269 2127 1269 2128 1299 2128 1300 2128 1269 2129 1300 2129 1270 2129 1270 2130 1300 2130 1301 2130 1270 2131 1301 2131 1271 2131 1271 2132 1301 2132 1302 2132 1271 2133 1302 2133 1272 2133 1272 2134 1302 2134 1303 2134 1272 2135 1303 2135 1273 2135 1273 2136 1303 2136 1304 2136 1273 2137 1304 2137 1274 2137 1274 2138 1304 2138 1305 2138 1274 2139 1305 2139 1275 2139 1275 2140 1305 2140 1306 2140 1275 2141 1306 2141 1276 2141 1276 2142 1306 2142 1307 2142 1276 2143 1307 2143 1277 2143 1277 2144 1307 2144 1308 2144 1277 2145 1308 2145 1278 2145 1278 2146 1308 2146 1309 2146 1278 2147 1309 2147 1279 2147 1279 2148 1309 2148 1310 2148 1279 2149 1310 2149 1280 2149 1280 2150 1310 2150 1311 2150 1280 2151 1311 2151 1281 2151 1281 2152 1311 2152 1312 2152 1281 2153 1312 2153 1282 2153 1282 2154 1312 2154 1313 2154 1282 2155 1313 2155 1283 2155 1283 2156 1313 2156 1314 2156 1283 2157 1314 2157 691 2157 691 2158 1314 2158 724 2158 756 2159 789 2159 1284 2159 1284 2160 789 2160 1315 2160 1284 2161 1315 2161 1285 2161 1285 2162 1315 2162 1316 2162 1285 2163 1316 2163 1286 2163 1286 2164 1316 2164 1317 2164 1286 2165 1317 2165 1287 2165 1287 2166 1317 2166 1318 2166 1287 2167 1318 2167 1288 2167 1288 2168 1318 2168 1319 2168 1288 2169 1319 2169 1289 2169 1289 2170 1319 2170 1320 2170 1289 2171 1320 2171 1290 2171 1290 2172 1320 2172 1321 2172 1290 2173 1321 2173 1291 2173 1291 2174 1321 2174 1322 2174 1291 2175 1322 2175 1292 2175 1292 2176 1322 2176 1323 2176 1292 2177 1323 2177 1293 2177 1293 2178 1323 2178 1324 2178 1293 2179 1324 2179 1294 2179 1294 2180 1324 2180 1325 2180 1294 2181 1325 2181 1295 2181 1295 2182 1325 2182 1326 2182 1295 2183 1326 2183 1296 2183 1296 2184 1326 2184 1327 2184 1296 2185 1327 2185 1297 2185 1297 2186 1327 2186 1328 2186 1297 2187 1328 2187 1298 2187 1298 2188 1328 2188 1329 2188 1298 2189 1329 2189 1299 2189 1299 2190 1329 2190 1330 2190 1299 2191 1330 2191 1300 2191 1300 2192 1330 2192 1331 2192 1300 2193 1331 2193 1301 2193 1301 2194 1331 2194 1332 2194 1301 2195 1332 2195 1302 2195 1302 2196 1332 2196 1333 2196 1302 2197 1333 2197 1303 2197 1303 2198 1333 2198 1334 2198 1303 2199 1334 2199 1304 2199 1304 2200 1334 2200 1335 2200 1304 2201 1335 2201 1305 2201 1305 2202 1335 2202 1336 2202 1305 2203 1336 2203 1306 2203 1306 2204 1336 2204 1337 2204 1306 2205 1337 2205 1307 2205 1307 2206 1337 2206 1338 2206 1307 2207 1338 2207 1308 2207 1308 2208 1338 2208 1339 2208 1308 2209 1339 2209 1309 2209 1309 2210 1339 2210 1340 2210 1309 2211 1340 2211 1310 2211 1310 2212 1340 2212 1341 2212 1310 2213 1341 2213 1311 2213 1311 2214 1341 2214 1342 2214 1311 2215 1342 2215 1312 2215 1312 2216 1342 2216 1343 2216 1312 2217 1343 2217 1313 2217 1313 2218 1343 2218 1344 2218 1313 2219 1344 2219 1314 2219 1314 2220 1344 2220 1345 2220 1314 2221 1345 2221 724 2221 724 2222 1345 2222 757 2222 789 2223 822 2223 1315 2223 1315 2224 822 2224 997 2224 1315 2225 997 2225 1316 2225 1316 2226 997 2226 998 2226 1316 2227 998 2227 1317 2227 1317 2228 998 2228 999 2228 1317 2229 999 2229 1318 2229 1318 2230 999 2230 1000 2230 1318 2231 1000 2231 1319 2231 1319 2232 1000 2232 1001 2232 1319 2233 1001 2233 1320 2233 1320 2234 1001 2234 1002 2234 1320 2235 1002 2235 1321 2235 1321 2236 1002 2236 1003 2236 1321 2237 1003 2237 1322 2237 1322 2238 1003 2238 1004 2238 1322 2239 1004 2239 1323 2239 1323 2240 1004 2240 1005 2240 1323 2241 1005 2241 1324 2241 1324 2242 1005 2242 1006 2242 1324 2243 1006 2243 1325 2243 1325 2244 1006 2244 1007 2244 1325 2245 1007 2245 1326 2245 1326 2246 1007 2246 1008 2246 1326 2247 1008 2247 1327 2247 1327 2248 1008 2248 1009 2248 1327 2249 1009 2249 1328 2249 1328 2250 1009 2250 1010 2250 1328 2251 1010 2251 1329 2251 1329 2252 1010 2252 1011 2252 1329 2253 1011 2253 1330 2253 1330 2254 1011 2254 1012 2254 1330 2255 1012 2255 1331 2255 1331 2256 1012 2256 1013 2256 1331 2257 1013 2257 1332 2257 1332 2258 1013 2258 1014 2258 1332 2259 1014 2259 1333 2259 1333 2260 1014 2260 1015 2260 1333 2261 1015 2261 1334 2261 1334 2262 1015 2262 1016 2262 1334 2263 1016 2263 1335 2263 1335 2264 1016 2264 1017 2264 1335 2265 1017 2265 1336 2265 1336 2266 1017 2266 1018 2266 1336 2267 1018 2267 1337 2267 1337 2268 1018 2268 1019 2268 1337 2269 1019 2269 1338 2269 1338 2270 1019 2270 1020 2270 1338 2271 1020 2271 1339 2271 1339 2272 1020 2272 1021 2272 1339 2273 1021 2273 1340 2273 1340 2274 1021 2274 1022 2274 1340 2275 1022 2275 1341 2275 1341 2276 1022 2276 1023 2276 1341 2277 1023 2277 1342 2277 1342 2278 1023 2278 1024 2278 1342 2279 1024 2279 1343 2279 1343 2280 1024 2280 1025 2280 1343 2281 1025 2281 1344 2281 1344 2282 1025 2282 1026 2282 1344 2283 1026 2283 1345 2283 1345 2284 1026 2284 1027 2284 1345 2285 1027 2285 757 2285 757 2286 1027 2286 790 2286 1046 2287 1045 2287 1346 2287 1047 2288 1051 2288 1347 2288 1052 2289 1053 2289 1348 2289 1056 2290 1055 2290 1349 2290 1059 2291 1058 2291 1350 2291 1060 2292 1061 2292 1351 2292 1062 2293 1063 2293 1352 2293 1068 2294 1067 2294 1353 2294 1072 2295 1071 2295 1354 2295 1069 2296 1073 2296 1355 2296 1074 2297 1075 2297 1356 2297 1078 2298 1077 2298 1357 2298 1080 2299 1079 2299 1358 2299 1081 2300 1085 2300 1359 2300 1090 2301 1089 2301 1360 2301 1094 2302 1093 2302 1361 2302 1091 2303 1095 2303 1362 2303 1096 2304 1097 2304 1363 2304 990 2305 989 2305 1364 2305 1364 2306 989 2306 1365 2306 1364 2307 1365 2307 1366 2307 1366 2308 1365 2308 1367 2308 1366 2309 1367 2309 1368 2309 1368 2310 1367 2310 1369 2310 1368 2311 1369 2311 1370 2311 1370 2312 1369 2312 1371 2312 1370 2313 1371 2313 1372 2313 1372 2314 1371 2314 1373 2314 1372 2315 1373 2315 1374 2315 1374 2316 1373 2316 1375 2316 1374 2317 1375 2317 1376 2317 1376 2318 1375 2318 1377 2318 1376 2319 1377 2319 1378 2319 1378 2320 1377 2320 1359 2320 987 2321 986 2321 1379 2321 1379 2322 986 2322 1380 2322 1379 2323 1380 2323 1381 2323 1381 2324 1380 2324 1382 2324 1381 2325 1382 2325 1383 2325 1383 2326 1382 2326 1384 2326 1383 2327 1384 2327 1385 2327 1385 2328 1384 2328 1386 2328 1385 2329 1386 2329 1387 2329 1387 2330 1386 2330 1388 2330 1387 2331 1388 2331 1389 2331 1389 2332 1388 2332 1390 2332 1389 2333 1390 2333 1391 2333 1391 2334 1390 2334 1392 2334 1391 2335 1392 2335 1393 2335 1393 2336 1392 2336 1358 2336 1040 2337 1039 2337 1394 2337 1394 2338 1039 2338 1395 2338 1394 2339 1395 2339 1396 2339 1396 2340 1395 2340 1397 2340 1396 2341 1397 2341 1398 2341 1398 2342 1397 2342 1399 2342 1398 2343 1399 2343 1400 2343 1400 2344 1399 2344 1401 2344 1400 2345 1401 2345 1402 2345 1402 2346 1401 2346 1403 2346 1402 2347 1403 2347 1404 2347 1404 2348 1403 2348 1405 2348 1404 2349 1405 2349 1406 2349 1406 2350 1405 2350 1407 2350 1406 2351 1407 2351 1408 2351 1408 2352 1407 2352 1352 2352 1030 2353 1029 2353 1409 2353 1409 2354 1029 2354 1410 2354 1409 2355 1410 2355 1411 2355 1411 2356 1410 2356 1412 2356 1411 2357 1412 2357 1413 2357 1413 2358 1412 2358 1414 2358 1413 2359 1414 2359 1415 2359 1415 2360 1414 2360 1416 2360 1415 2361 1416 2361 1417 2361 1417 2362 1416 2362 1418 2362 1417 2363 1418 2363 1419 2363 1419 2364 1418 2364 1420 2364 1419 2365 1420 2365 1421 2365 1421 2366 1420 2366 1422 2366 1421 2367 1422 2367 1423 2367 1423 2368 1422 2368 1346 2368 463 2369 996 2369 464 2369 464 2370 996 2370 1424 2370 464 2371 1424 2371 465 2371 465 2372 1424 2372 1425 2372 465 2373 1425 2373 466 2373 466 2374 1425 2374 1426 2374 466 2375 1426 2375 467 2375 467 2376 1426 2376 1427 2376 467 2377 1427 2377 468 2377 468 2378 1427 2378 1428 2378 468 2379 1428 2379 469 2379 469 2380 1428 2380 1429 2380 469 2381 1429 2381 470 2381 470 2382 1429 2382 1430 2382 470 2383 1430 2383 471 2383 471 2384 1430 2384 1363 2384 471 2385 1363 2385 472 2385 472 2386 1363 2386 1097 2386 996 2387 995 2387 1424 2387 1424 2388 995 2388 1431 2388 1424 2389 1431 2389 1425 2389 1425 2390 1431 2390 1432 2390 1425 2391 1432 2391 1426 2391 1426 2392 1432 2392 1433 2392 1426 2393 1433 2393 1427 2393 1427 2394 1433 2394 1434 2394 1427 2395 1434 2395 1428 2395 1428 2396 1434 2396 1435 2396 1428 2397 1435 2397 1429 2397 1429 2398 1435 2398 1436 2398 1429 2399 1436 2399 1430 2399 1430 2400 1436 2400 1437 2400 1430 2401 1437 2401 1363 2401 1363 2402 1437 2402 1362 2402 1363 2403 1362 2403 1096 2403 1096 2404 1362 2404 1095 2404 1092 2405 1091 2405 1438 2405 1438 2406 1091 2406 1362 2406 1438 2407 1362 2407 1439 2407 1439 2408 1362 2408 1437 2408 1439 2409 1437 2409 1440 2409 1440 2410 1437 2410 1436 2410 1440 2411 1436 2411 1441 2411 1441 2412 1436 2412 1435 2412 1441 2413 1435 2413 1442 2413 1442 2414 1435 2414 1434 2414 1442 2415 1434 2415 1443 2415 1443 2416 1434 2416 1433 2416 1443 2417 1433 2417 1444 2417 1444 2418 1433 2418 1432 2418 1444 2419 1432 2419 1445 2419 1445 2420 1432 2420 1431 2420 1445 2421 1431 2421 994 2421 994 2422 1431 2422 995 2422 994 2423 993 2423 1445 2423 1445 2424 993 2424 1446 2424 1445 2425 1446 2425 1444 2425 1444 2426 1446 2426 1447 2426 1444 2427 1447 2427 1443 2427 1443 2428 1447 2428 1448 2428 1443 2429 1448 2429 1442 2429 1442 2430 1448 2430 1449 2430 1442 2431 1449 2431 1441 2431 1441 2432 1449 2432 1450 2432 1441 2433 1450 2433 1440 2433 1440 2434 1450 2434 1451 2434 1440 2435 1451 2435 1439 2435 1439 2436 1451 2436 1452 2436 1439 2437 1452 2437 1438 2437 1438 2438 1452 2438 1361 2438 1438 2439 1361 2439 1092 2439 1092 2440 1361 2440 1093 2440 993 2441 992 2441 1446 2441 1446 2442 992 2442 1453 2442 1446 2443 1453 2443 1447 2443 1447 2444 1453 2444 1454 2444 1447 2445 1454 2445 1448 2445 1448 2446 1454 2446 1455 2446 1448 2447 1455 2447 1449 2447 1449 2448 1455 2448 1456 2448 1449 2449 1456 2449 1450 2449 1450 2450 1456 2450 1457 2450 1450 2451 1457 2451 1451 2451 1451 2452 1457 2452 1458 2452 1451 2453 1458 2453 1452 2453 1452 2454 1458 2454 1459 2454 1452 2455 1459 2455 1361 2455 1361 2456 1459 2456 1360 2456 1361 2457 1360 2457 1094 2457 1094 2458 1360 2458 1089 2458 1088 2459 1090 2459 1460 2459 1460 2460 1090 2460 1360 2460 1460 2461 1360 2461 1461 2461 1461 2462 1360 2462 1459 2462 1461 2463 1459 2463 1462 2463 1462 2464 1459 2464 1458 2464 1462 2465 1458 2465 1463 2465 1463 2466 1458 2466 1457 2466 1463 2467 1457 2467 1464 2467 1464 2468 1457 2468 1456 2468 1464 2469 1456 2469 1465 2469 1465 2470 1456 2470 1455 2470 1465 2471 1455 2471 1466 2471 1466 2472 1455 2472 1454 2472 1466 2473 1454 2473 1467 2473 1467 2474 1454 2474 1453 2474 1467 2475 1453 2475 991 2475 991 2476 1453 2476 992 2476 991 2477 990 2477 1467 2477 1467 2478 990 2478 1364 2478 1467 2479 1364 2479 1466 2479 1466 2480 1364 2480 1366 2480 1466 2481 1366 2481 1465 2481 1465 2482 1366 2482 1368 2482 1465 2483 1368 2483 1464 2483 1464 2484 1368 2484 1370 2484 1464 2485 1370 2485 1463 2485 1463 2486 1370 2486 1372 2486 1463 2487 1372 2487 1462 2487 1462 2488 1372 2488 1374 2488 1462 2489 1374 2489 1461 2489 1461 2490 1374 2490 1376 2490 1461 2491 1376 2491 1460 2491 1460 2492 1376 2492 1378 2492 1460 2493 1378 2493 1088 2493 1088 2494 1378 2494 1087 2494 1359 2495 1085 2495 1378 2495 1378 2496 1085 2496 1086 2496 1378 2497 1086 2497 1087 2497 1082 2498 1081 2498 1468 2498 1468 2499 1081 2499 1359 2499 1468 2500 1359 2500 1469 2500 1469 2501 1359 2501 1377 2501 1469 2502 1377 2502 1470 2502 1470 2503 1377 2503 1375 2503 1470 2504 1375 2504 1471 2504 1471 2505 1375 2505 1373 2505 1471 2506 1373 2506 1472 2506 1472 2507 1373 2507 1371 2507 1472 2508 1371 2508 1473 2508 1473 2509 1371 2509 1369 2509 1473 2510 1369 2510 1474 2510 1474 2511 1369 2511 1367 2511 1474 2512 1367 2512 1475 2512 1475 2513 1367 2513 1365 2513 1475 2514 1365 2514 988 2514 988 2515 1365 2515 989 2515 988 2516 987 2516 1475 2516 1475 2517 987 2517 1379 2517 1475 2518 1379 2518 1474 2518 1474 2519 1379 2519 1381 2519 1474 2520 1381 2520 1473 2520 1473 2521 1381 2521 1383 2521 1473 2522 1383 2522 1472 2522 1472 2523 1383 2523 1385 2523 1472 2524 1385 2524 1471 2524 1471 2525 1385 2525 1387 2525 1471 2526 1387 2526 1470 2526 1470 2527 1387 2527 1389 2527 1470 2528 1389 2528 1469 2528 1469 2529 1389 2529 1391 2529 1469 2530 1391 2530 1468 2530 1468 2531 1391 2531 1393 2531 1468 2532 1393 2532 1082 2532 1082 2533 1393 2533 1083 2533 1358 2534 1079 2534 1393 2534 1393 2535 1079 2535 1084 2535 1393 2536 1084 2536 1083 2536 986 2537 985 2537 1380 2537 1380 2538 985 2538 1476 2538 1380 2539 1476 2539 1382 2539 1382 2540 1476 2540 1477 2540 1382 2541 1477 2541 1384 2541 1384 2542 1477 2542 1478 2542 1384 2543 1478 2543 1386 2543 1386 2544 1478 2544 1479 2544 1386 2545 1479 2545 1388 2545 1388 2546 1479 2546 1480 2546 1388 2547 1480 2547 1390 2547 1390 2548 1480 2548 1481 2548 1390 2549 1481 2549 1392 2549 1392 2550 1481 2550 1482 2550 1392 2551 1482 2551 1358 2551 1358 2552 1482 2552 1357 2552 1358 2553 1357 2553 1080 2553 1080 2554 1357 2554 1077 2554 1076 2555 1078 2555 1483 2555 1483 2556 1078 2556 1357 2556 1483 2557 1357 2557 1484 2557 1484 2558 1357 2558 1482 2558 1484 2559 1482 2559 1485 2559 1485 2560 1482 2560 1481 2560 1485 2561 1481 2561 1486 2561 1486 2562 1481 2562 1480 2562 1486 2563 1480 2563 1487 2563 1487 2564 1480 2564 1479 2564 1487 2565 1479 2565 1488 2565 1488 2566 1479 2566 1478 2566 1488 2567 1478 2567 1489 2567 1489 2568 1478 2568 1477 2568 1489 2569 1477 2569 1490 2569 1490 2570 1477 2570 1476 2570 1490 2571 1476 2571 984 2571 984 2572 1476 2572 985 2572 984 2573 983 2573 1490 2573 1490 2574 983 2574 1491 2574 1490 2575 1491 2575 1489 2575 1489 2576 1491 2576 1492 2576 1489 2577 1492 2577 1488 2577 1488 2578 1492 2578 1493 2578 1488 2579 1493 2579 1487 2579 1487 2580 1493 2580 1494 2580 1487 2581 1494 2581 1486 2581 1486 2582 1494 2582 1495 2582 1486 2583 1495 2583 1485 2583 1485 2584 1495 2584 1496 2584 1485 2585 1496 2585 1484 2585 1484 2586 1496 2586 1497 2586 1484 2587 1497 2587 1483 2587 1483 2588 1497 2588 1356 2588 1483 2589 1356 2589 1076 2589 1076 2590 1356 2590 1075 2590 983 2591 982 2591 1491 2591 1491 2592 982 2592 1498 2592 1491 2593 1498 2593 1492 2593 1492 2594 1498 2594 1499 2594 1492 2595 1499 2595 1493 2595 1493 2596 1499 2596 1500 2596 1493 2597 1500 2597 1494 2597 1494 2598 1500 2598 1501 2598 1494 2599 1501 2599 1495 2599 1495 2600 1501 2600 1502 2600 1495 2601 1502 2601 1496 2601 1496 2602 1502 2602 1503 2602 1496 2603 1503 2603 1497 2603 1497 2604 1503 2604 1504 2604 1497 2605 1504 2605 1356 2605 1356 2606 1504 2606 1355 2606 1356 2607 1355 2607 1074 2607 1074 2608 1355 2608 1073 2608 1070 2609 1069 2609 1505 2609 1505 2610 1069 2610 1355 2610 1505 2611 1355 2611 1506 2611 1506 2612 1355 2612 1504 2612 1506 2613 1504 2613 1507 2613 1507 2614 1504 2614 1503 2614 1507 2615 1503 2615 1508 2615 1508 2616 1503 2616 1502 2616 1508 2617 1502 2617 1509 2617 1509 2618 1502 2618 1501 2618 1509 2619 1501 2619 1510 2619 1510 2620 1501 2620 1500 2620 1510 2621 1500 2621 1511 2621 1511 2622 1500 2622 1499 2622 1511 2623 1499 2623 1512 2623 1512 2624 1499 2624 1498 2624 1512 2625 1498 2625 981 2625 981 2626 1498 2626 982 2626 981 2627 1043 2627 1512 2627 1512 2628 1043 2628 1513 2628 1512 2629 1513 2629 1511 2629 1511 2630 1513 2630 1514 2630 1511 2631 1514 2631 1510 2631 1510 2632 1514 2632 1515 2632 1510 2633 1515 2633 1509 2633 1509 2634 1515 2634 1516 2634 1509 2635 1516 2635 1508 2635 1508 2636 1516 2636 1517 2636 1508 2637 1517 2637 1507 2637 1507 2638 1517 2638 1518 2638 1507 2639 1518 2639 1506 2639 1506 2640 1518 2640 1519 2640 1506 2641 1519 2641 1505 2641 1505 2642 1519 2642 1354 2642 1505 2643 1354 2643 1070 2643 1070 2644 1354 2644 1071 2644 1043 2645 1042 2645 1513 2645 1513 2646 1042 2646 1520 2646 1513 2647 1520 2647 1514 2647 1514 2648 1520 2648 1521 2648 1514 2649 1521 2649 1515 2649 1515 2650 1521 2650 1522 2650 1515 2651 1522 2651 1516 2651 1516 2652 1522 2652 1523 2652 1516 2653 1523 2653 1517 2653 1517 2654 1523 2654 1524 2654 1517 2655 1524 2655 1518 2655 1518 2656 1524 2656 1525 2656 1518 2657 1525 2657 1519 2657 1519 2658 1525 2658 1526 2658 1519 2659 1526 2659 1354 2659 1354 2660 1526 2660 1353 2660 1354 2661 1353 2661 1072 2661 1072 2662 1353 2662 1067 2662 1066 2663 1068 2663 1527 2663 1527 2664 1068 2664 1353 2664 1527 2665 1353 2665 1528 2665 1528 2666 1353 2666 1526 2666 1528 2667 1526 2667 1529 2667 1529 2668 1526 2668 1525 2668 1529 2669 1525 2669 1530 2669 1530 2670 1525 2670 1524 2670 1530 2671 1524 2671 1531 2671 1531 2672 1524 2672 1523 2672 1531 2673 1523 2673 1532 2673 1532 2674 1523 2674 1522 2674 1532 2675 1522 2675 1533 2675 1533 2676 1522 2676 1521 2676 1533 2677 1521 2677 1534 2677 1534 2678 1521 2678 1520 2678 1534 2679 1520 2679 1041 2679 1041 2680 1520 2680 1042 2680 1041 2681 1040 2681 1534 2681 1534 2682 1040 2682 1394 2682 1534 2683 1394 2683 1533 2683 1533 2684 1394 2684 1396 2684 1533 2685 1396 2685 1532 2685 1532 2686 1396 2686 1398 2686 1532 2687 1398 2687 1531 2687 1531 2688 1398 2688 1400 2688 1531 2689 1400 2689 1530 2689 1530 2690 1400 2690 1402 2690 1530 2691 1402 2691 1529 2691 1529 2692 1402 2692 1404 2692 1529 2693 1404 2693 1528 2693 1528 2694 1404 2694 1406 2694 1528 2695 1406 2695 1527 2695 1527 2696 1406 2696 1408 2696 1527 2697 1408 2697 1066 2697 1066 2698 1408 2698 1065 2698 1352 2699 1063 2699 1408 2699 1408 2700 1063 2700 1064 2700 1408 2701 1064 2701 1065 2701 1061 2702 1062 2702 1351 2702 1351 2703 1062 2703 1352 2703 1351 2704 1352 2704 1535 2704 1535 2705 1352 2705 1407 2705 1535 2706 1407 2706 1536 2706 1536 2707 1407 2707 1405 2707 1536 2708 1405 2708 1537 2708 1537 2709 1405 2709 1403 2709 1537 2710 1403 2710 1538 2710 1538 2711 1403 2711 1401 2711 1538 2712 1401 2712 1539 2712 1539 2713 1401 2713 1399 2713 1539 2714 1399 2714 1540 2714 1540 2715 1399 2715 1397 2715 1540 2716 1397 2716 1541 2716 1541 2717 1397 2717 1395 2717 1541 2718 1395 2718 1038 2718 1038 2719 1395 2719 1039 2719 1057 2720 1060 2720 1542 2720 1542 2721 1060 2721 1351 2721 1542 2722 1351 2722 1543 2722 1543 2723 1351 2723 1535 2723 1543 2724 1535 2724 1544 2724 1544 2725 1535 2725 1536 2725 1544 2726 1536 2726 1545 2726 1545 2727 1536 2727 1537 2727 1545 2728 1537 2728 1546 2728 1546 2729 1537 2729 1538 2729 1546 2730 1538 2730 1547 2730 1547 2731 1538 2731 1539 2731 1547 2732 1539 2732 1548 2732 1548 2733 1539 2733 1540 2733 1548 2734 1540 2734 1549 2734 1549 2735 1540 2735 1541 2735 1549 2736 1541 2736 1037 2736 1037 2737 1541 2737 1038 2737 1037 2738 1036 2738 1549 2738 1549 2739 1036 2739 1550 2739 1549 2740 1550 2740 1548 2740 1548 2741 1550 2741 1551 2741 1548 2742 1551 2742 1547 2742 1547 2743 1551 2743 1552 2743 1547 2744 1552 2744 1546 2744 1546 2745 1552 2745 1553 2745 1546 2746 1553 2746 1545 2746 1545 2747 1553 2747 1554 2747 1545 2748 1554 2748 1544 2748 1544 2749 1554 2749 1555 2749 1544 2750 1555 2750 1543 2750 1543 2751 1555 2751 1556 2751 1543 2752 1556 2752 1542 2752 1542 2753 1556 2753 1350 2753 1542 2754 1350 2754 1057 2754 1057 2755 1350 2755 1058 2755 1036 2756 1035 2756 1550 2756 1550 2757 1035 2757 1557 2757 1550 2758 1557 2758 1551 2758 1551 2759 1557 2759 1558 2759 1551 2760 1558 2760 1552 2760 1552 2761 1558 2761 1559 2761 1552 2762 1559 2762 1553 2762 1553 2763 1559 2763 1560 2763 1553 2764 1560 2764 1554 2764 1554 2765 1560 2765 1561 2765 1554 2766 1561 2766 1555 2766 1555 2767 1561 2767 1562 2767 1555 2768 1562 2768 1556 2768 1556 2769 1562 2769 1563 2769 1556 2770 1563 2770 1350 2770 1350 2771 1563 2771 1349 2771 1350 2772 1349 2772 1059 2772 1059 2773 1349 2773 1055 2773 1054 2774 1056 2774 1564 2774 1564 2775 1056 2775 1349 2775 1564 2776 1349 2776 1565 2776 1565 2777 1349 2777 1563 2777 1565 2778 1563 2778 1566 2778 1566 2779 1563 2779 1562 2779 1566 2780 1562 2780 1567 2780 1567 2781 1562 2781 1561 2781 1567 2782 1561 2782 1568 2782 1568 2783 1561 2783 1560 2783 1568 2784 1560 2784 1569 2784 1569 2785 1560 2785 1559 2785 1569 2786 1559 2786 1570 2786 1570 2787 1559 2787 1558 2787 1570 2788 1558 2788 1571 2788 1571 2789 1558 2789 1557 2789 1571 2790 1557 2790 1034 2790 1034 2791 1557 2791 1035 2791 1034 2792 1033 2792 1571 2792 1571 2793 1033 2793 1572 2793 1571 2794 1572 2794 1570 2794 1570 2795 1572 2795 1573 2795 1570 2796 1573 2796 1569 2796 1569 2797 1573 2797 1574 2797 1569 2798 1574 2798 1568 2798 1568 2799 1574 2799 1575 2799 1568 2800 1575 2800 1567 2800 1567 2801 1575 2801 1576 2801 1567 2802 1576 2802 1566 2802 1566 2803 1576 2803 1577 2803 1566 2804 1577 2804 1565 2804 1565 2805 1577 2805 1578 2805 1565 2806 1578 2806 1564 2806 1564 2807 1578 2807 1348 2807 1564 2808 1348 2808 1054 2808 1054 2809 1348 2809 1053 2809 1033 2810 1032 2810 1572 2810 1572 2811 1032 2811 1579 2811 1572 2812 1579 2812 1573 2812 1573 2813 1579 2813 1580 2813 1573 2814 1580 2814 1574 2814 1574 2815 1580 2815 1581 2815 1574 2816 1581 2816 1575 2816 1575 2817 1581 2817 1582 2817 1575 2818 1582 2818 1576 2818 1576 2819 1582 2819 1583 2819 1576 2820 1583 2820 1577 2820 1577 2821 1583 2821 1584 2821 1577 2822 1584 2822 1578 2822 1578 2823 1584 2823 1585 2823 1578 2824 1585 2824 1348 2824 1348 2825 1585 2825 1347 2825 1348 2826 1347 2826 1052 2826 1052 2827 1347 2827 1051 2827 1048 2828 1047 2828 1586 2828 1586 2829 1047 2829 1347 2829 1586 2830 1347 2830 1587 2830 1587 2831 1347 2831 1585 2831 1587 2832 1585 2832 1588 2832 1588 2833 1585 2833 1584 2833 1588 2834 1584 2834 1589 2834 1589 2835 1584 2835 1583 2835 1589 2836 1583 2836 1590 2836 1590 2837 1583 2837 1582 2837 1590 2838 1582 2838 1591 2838 1591 2839 1582 2839 1581 2839 1591 2840 1581 2840 1592 2840 1592 2841 1581 2841 1580 2841 1592 2842 1580 2842 1593 2842 1593 2843 1580 2843 1579 2843 1593 2844 1579 2844 1031 2844 1031 2845 1579 2845 1032 2845 1031 2846 1030 2846 1593 2846 1593 2847 1030 2847 1409 2847 1593 2848 1409 2848 1592 2848 1592 2849 1409 2849 1411 2849 1592 2850 1411 2850 1591 2850 1591 2851 1411 2851 1413 2851 1591 2852 1413 2852 1590 2852 1590 2853 1413 2853 1415 2853 1590 2854 1415 2854 1589 2854 1589 2855 1415 2855 1417 2855 1589 2856 1417 2856 1588 2856 1588 2857 1417 2857 1419 2857 1588 2858 1419 2858 1587 2858 1587 2859 1419 2859 1421 2859 1587 2860 1421 2860 1586 2860 1586 2861 1421 2861 1423 2861 1586 2862 1423 2862 1048 2862 1048 2863 1423 2863 1049 2863 1346 2864 1045 2864 1423 2864 1423 2865 1045 2865 1050 2865 1423 2866 1050 2866 1049 2866 1044 2867 1046 2867 1594 2867 1594 2868 1046 2868 1346 2868 1594 2869 1346 2869 1595 2869 1595 2870 1346 2870 1422 2870 1595 2871 1422 2871 1596 2871 1596 2872 1422 2872 1420 2872 1596 2873 1420 2873 1597 2873 1597 2874 1420 2874 1418 2874 1597 2875 1418 2875 1598 2875 1598 2876 1418 2876 1416 2876 1598 2877 1416 2877 1599 2877 1599 2878 1416 2878 1414 2878 1599 2879 1414 2879 1600 2879 1600 2880 1414 2880 1412 2880 1600 2881 1412 2881 1601 2881 1601 2882 1412 2882 1410 2882 1601 2883 1410 2883 1028 2883 1028 2884 1410 2884 1029 2884 1028 2885 233 2885 1601 2885 1601 2886 233 2886 235 2886 1601 2887 235 2887 1600 2887 1600 2888 235 2888 237 2888 1600 2889 237 2889 1599 2889 1599 2890 237 2890 239 2890 1599 2891 239 2891 1598 2891 1598 2892 239 2892 241 2892 1598 2893 241 2893 1597 2893 1597 2894 241 2894 243 2894 1597 2895 243 2895 1596 2895 1596 2896 243 2896 245 2896 1596 2897 245 2897 1595 2897 1595 2898 245 2898 247 2898 1595 2899 247 2899 1594 2899 1594 2900 247 2900 249 2900 1594 2901 249 2901 1044 2901 1044 2902 249 2902 250 2902 73 2903 110 2903 74 2903 74 2903 110 2903 961 2903 74 2904 961 2904 75 2904 75 2904 961 2904 974 2904 75 2905 974 2905 76 2905 76 2905 974 2905 976 2905 76 2906 976 2906 77 2906 77 2906 976 2906 978 2906 77 2907 978 2907 78 2907 78 2907 978 2907 936 2907 78 2908 936 2908 79 2908 79 2909 936 2909 938 2909 79 2910 938 2910 80 2910 80 2910 938 2910 940 2910 80 2911 940 2911 81 2911 81 2912 940 2912 942 2912 81 2913 942 2913 82 2913 82 2913 942 2913 945 2913 82 2914 945 2914 83 2914 83 2914 945 2914 947 2914 83 2915 947 2915 84 2915 84 2915 947 2915 949 2915 84 2916 949 2916 85 2916 85 2916 949 2916 918 2916 85 2917 918 2917 86 2917 86 2917 918 2917 920 2917 86 2918 920 2918 87 2918 87 2918 920 2918 922 2918 87 2919 922 2919 88 2919 88 2919 922 2919 924 2919 88 2920 924 2920 89 2920 89 2920 924 2920 926 2920 89 2921 926 2921 90 2921 90 2921 926 2921 933 2921 90 2922 933 2922 91 2922 91 2922 933 2922 92 2922 1 2923 38 2923 39 2923 1 2923 39 2923 1602 2923 1602 2924 39 2924 41 2924 1602 2924 41 2924 1603 2924 1603 2925 41 2925 43 2925 1603 2925 43 2925 1604 2925 1604 2926 43 2926 45 2926 1604 2927 45 2927 1605 2927 1605 2928 45 2928 47 2928 1605 2928 47 2928 1606 2928 1606 2929 47 2929 49 2929 1606 2929 49 2929 1607 2929 1607 2930 49 2930 51 2930 1607 2931 51 2931 1608 2931 1608 2932 51 2932 53 2932 1608 2932 53 2932 1609 2932 1609 2933 53 2933 55 2933 1609 2933 55 2933 1610 2933 1610 2934 55 2934 57 2934 1610 2934 57 2934 1611 2934 1611 2935 57 2935 59 2935 1611 2935 59 2935 1612 2935 1612 2936 59 2936 61 2936 1612 2936 61 2936 1613 2936 1613 2937 61 2937 63 2937 1613 2937 63 2937 1614 2937 1614 2938 63 2938 65 2938 1614 2938 65 2938 1615 2938 1615 2939 65 2939 67 2939 1615 2939 67 2939 1616 2939 1616 2940 67 2940 69 2940 1616 2941 69 2941 1617 2941 1617 2942 69 2942 71 2942 1617 2943 71 2943 1618 2943 1618 2944 71 2944 20 2944 1618 2944 20 2944 19 2944 1618 2945 19 2945 2 2945 1618 2946 2 2946 1617 2946 1616 2947 1617 2947 2 2947 1615 2948 1616 2948 2 2948 1614 2949 1615 2949 2 2949 1613 2950 1614 2950 2 2950 1612 2951 1613 2951 2 2951 1611 2952 1612 2952 2 2952 1610 2953 1611 2953 2 2953 1609 2954 1610 2954 2 2954 1608 2955 1609 2955 2 2955 1607 2956 1608 2956 2 2956 1606 2957 1607 2957 2 2957 1605 2958 1606 2958 2 2958 1604 2959 1605 2959 2 2959 1603 2960 1604 2960 2 2960 1602 2961 1603 2961 2 2961 1 2962 1602 2962 2 2962</p>
        </triangles>
      </mesh>
    </geometry>
  </library_geometries>
  <library_visual_scenes>
    <visual_scene id="Scene" name="Scene">
      <node id="tmp_export_BOX_PAD1_0_simple_007" name="tmp_export_BOX PAD1.0_simple.007" type="NODE">
        <matrix sid="transform">1 0 0 0 0 1 0 0 0 0 1 0 0 0 0 1</matrix>
        <instance_geometry url="#BOX_PAD1_0_simple_007-mesh" name="tmp_export_BOX PAD1.0_simple.007"/>
      </node>
    </visual_scene>
  </library_visual_scenes>
  <scene>
    <instance_visual_scene url="#Scene"/>
  </scene>
</COLLADA>